2025-11-04 17:51:47,408 - INFO - ============================================================
2025-11-04 17:51:47,408 - INFO - INICIANDO CONEXÃO COM BINANCE
2025-11-04 17:51:47,408 - INFO - ============================================================
2025-11-04 17:51:47,408 - INFO - 🧪 Modo: TESTNET (Conta Demo)
2025-11-04 17:51:49,478 - INFO - ✅ Status do sistema: normal
2025-11-04 17:51:49,746 - ERROR - ❌ Erro ao conectar: APIError(code=-1021): Timestamp for this request was 1000ms ahead of the server's time.
2025-11-04 17:51:49,746 - ERROR - Traceback (most recent call last):
  File "C:\Users\dinha\Music\IQOption_PriceAction_Bot\bot_binance.py", line 166, in conectar
    account = self.client.get_account()
              ^^^^^^^^^^^^^^^^^^^^^^^^^
  File "C:\Users\dinha\AppData\Local\Programs\Python\Python311\Lib\site-packages\binance\client.py", line 2245, in get_account
    return self._get("account", True, data=params)
           ^^^^^^^^^^^^^^^^^^^^^^^^^^^^^^^^^^^^^^^
  File "C:\Users\dinha\AppData\Local\Programs\Python\Python311\Lib\site-packages\binance\client.py", line 185, in _get
    return self._request_api("get", path, signed, version, **kwargs)
           ^^^^^^^^^^^^^^^^^^^^^^^^^^^^^^^^^^^^^^^^^^^^^^^^^^^^^^^^^
  File "C:\Users\dinha\AppData\Local\Programs\Python\Python311\Lib\site-packages\binance\client.py", line 119, in _request_api
    return self._request(method, uri, signed, **kwargs)
           ^^^^^^^^^^^^^^^^^^^^^^^^^^^^^^^^^^^^^^^^^^^^
  File "C:\Users\dinha\AppData\Local\Programs\Python\Python311\Lib\site-packages\binance\client.py", line 91, in _request
    return self._handle_response(self.response)
           ^^^^^^^^^^^^^^^^^^^^^^^^^^^^^^^^^^^^
  File "C:\Users\dinha\AppData\Local\Programs\Python\Python311\Lib\site-packages\binance\client.py", line 100, in _handle_response
    raise BinanceAPIException(response, response.status_code, response.text)
binance.exceptions.BinanceAPIException: APIError(code=-1021): Timestamp for this request was 1000ms ahead of the server's time.

2025-11-04 17:51:49,761 - ERROR - Falha na conexão. Verifique suas credenciais.
2025-11-04 17:53:45,749 - INFO - ============================================================
2025-11-04 17:53:45,749 - INFO - INICIANDO CONEXÃO COM BINANCE
2025-11-04 17:53:45,749 - INFO - ============================================================
2025-11-04 17:53:45,749 - INFO - 🧪 Modo: TESTNET (Conta Demo)
2025-11-04 17:53:46,741 - INFO - ⏰ Sincronizando relógio: offset de -9926ms
2025-11-04 17:53:47,295 - INFO - ✅ Status do sistema: normal
2025-11-04 17:53:47,573 - INFO - ------------------------------------------------------------
2025-11-04 17:53:47,573 - INFO - 💰 SALDOS DISPONÍVEIS:
2025-11-04 17:53:47,573 - INFO -    ETH: 0.00010000 (Locked: 0.00000000)
2025-11-04 17:53:47,573 - INFO -    BTC: 0.06917000 (Locked: 0.01088000)
2025-11-04 17:53:47,573 - INFO -    LTC: 4.00000000 (Locked: 0.00000000)
2025-11-04 17:53:47,573 - INFO -    BNB: 0.72400000 (Locked: 0.00000000)
2025-11-04 17:53:47,573 - INFO -    USDT: 125488.39659960 (Locked: 0.00000000)
2025-11-04 17:53:47,573 - INFO -    TRX: 1478.00000000 (Locked: 0.00000000)
2025-11-04 17:53:47,573 - INFO -    XRP: 170.00000000 (Locked: 0.00000000)
2025-11-04 17:53:47,573 - INFO -    NEO: 83.00000000 (Locked: 0.00000000)
2025-11-04 17:53:47,573 - INFO -    QTUM: 226.00000000 (Locked: 0.00000000)
2025-11-04 17:53:47,573 - INFO -    GAS: 166.00000000 (Locked: 0.00000000)
2025-11-04 17:53:47,573 - INFO -    LRC: 5634.00000000 (Locked: 0.00000000)
2025-11-04 17:53:47,573 - INFO -    ZRX: 2034.00000000 (Locked: 0.00000000)
2025-11-04 17:53:47,573 - INFO -    KNC: 1481.00000000 (Locked: 0.00000000)
2025-11-04 17:53:47,573 - INFO -    IOTA: 2888.00000000 (Locked: 0.00000000)
2025-11-04 17:53:47,573 - INFO -    LINK: 3.92000000 (Locked: 0.00000000)
2025-11-04 17:53:47,573 - INFO -    XVG: 18446.00000000 (Locked: 0.00000000)
2025-11-04 17:53:47,573 - INFO -    MTL: 772.00000000 (Locked: 0.00000000)
2025-11-04 17:53:47,573 - INFO -    ETC: 26.00000000 (Locked: 0.00000000)
2025-11-04 17:53:47,573 - INFO -    ZEC: 5.00000000 (Locked: 0.00000000)
2025-11-04 17:53:47,573 - INFO -    DASH: 19.00000000 (Locked: 0.00000000)
2025-11-04 17:53:47,573 - INFO -    REQ: 3963.00000000 (Locked: 0.00000000)
2025-11-04 17:53:47,573 - INFO -    POWR: 3433.00000000 (Locked: 0.00000000)
2025-11-04 17:53:47,573 - INFO -    ENJ: 7888.00000000 (Locked: 0.00000000)
2025-11-04 17:53:47,573 - INFO -    STORJ: 2136.00000000 (Locked: 0.00000000)
2025-11-04 17:53:47,573 - INFO -    BAT: 3430.00000000 (Locked: 0.00000000)
2025-11-04 17:53:47,573 - INFO -    LSK: 1656.00000000 (Locked: 0.00000000)
2025-11-04 17:53:47,573 - INFO -    MANA: 1657.00000000 (Locked: 0.00000000)
2025-11-04 17:53:47,573 - INFO -    ADX: 4834.00000000 (Locked: 0.00000000)
2025-11-04 17:53:47,584 - INFO -    ADA: 0.10000000 (Locked: 0.00000000)
2025-11-04 17:53:47,584 - INFO -    XLM: 1316.00000000 (Locked: 0.00000000)
2025-11-04 17:53:47,585 - INFO -    ICX: 4291.00000000 (Locked: 0.00000000)
2025-11-04 17:53:47,585 - INFO -    RLC: 471.00000000 (Locked: 0.00000000)
2025-11-04 17:53:47,585 - INFO -    PIVX: 3918.00000000 (Locked: 0.00000000)
2025-11-04 17:53:47,585 - INFO -    STEEM: 4134.00000000 (Locked: 0.00000000)
2025-11-04 17:53:47,585 - INFO -    ZIL: 18446.00000000 (Locked: 0.00000000)
2025-11-04 17:53:47,587 - INFO -    ONT: 4044.00000000 (Locked: 0.00000000)
2025-11-04 17:53:47,587 - INFO -    WAN: 5059.00000000 (Locked: 0.00000000)
2025-11-04 17:53:47,587 - INFO -    SYS: 14066.00000000 (Locked: 0.00000000)
2025-11-04 17:53:47,588 - INFO -    TUSD: 10000.00000000 (Locked: 0.00000000)
2025-11-04 17:53:47,588 - INFO -    ZEN: 56.00000000 (Locked: 0.00000000)
2025-11-04 17:53:47,589 - INFO -    THETA: 695.00000000 (Locked: 0.00000000)
2025-11-04 17:53:47,590 - INFO -    IOTX: 18446.00000000 (Locked: 0.00000000)
2025-11-04 17:53:47,590 - INFO -    DATA: 18446.00000000 (Locked: 0.00000000)
2025-11-04 17:53:47,590 - INFO -    SC: 18446.00000000 (Locked: 0.00000000)
2025-11-04 17:53:47,591 - INFO -    DENT: 18446.00000000 (Locked: 0.00000000)
2025-11-04 17:53:47,591 - INFO -    ARDR: 6267.00000000 (Locked: 0.00000000)
2025-11-04 17:53:47,591 - INFO -    HOT: 18446.00000000 (Locked: 0.00000000)
2025-11-04 17:53:47,592 - INFO -    VET: 18446.00000000 (Locked: 0.00000000)
2025-11-04 17:53:47,592 - INFO -    RVN: 18446.00000000 (Locked: 0.00000000)
2025-11-04 17:53:47,592 - INFO -    USDC: 10000.00000000 (Locked: 0.00000000)
2025-11-04 17:53:47,592 - INFO -    ONG: 3271.00000000 (Locked: 0.00000000)
2025-11-04 17:53:47,592 - INFO -    FET: 883.00000000 (Locked: 0.00000000)
2025-11-04 17:53:47,592 - INFO -    IOST: 18446.00000000 (Locked: 0.00000000)
2025-11-04 17:53:47,593 - INFO -    CELR: 18446.00000000 (Locked: 0.00000000)
2025-11-04 17:53:47,593 - INFO -    ATOM: 23.62000000 (Locked: 0.00000000)
2025-11-04 17:53:47,594 - INFO -    PHB: 972.00000000 (Locked: 0.00000000)
2025-11-04 17:53:47,594 - INFO -    TFUEL: 15910.00000000 (Locked: 0.00000000)
2025-11-04 17:53:47,594 - INFO -    ONE: 18446.00000000 (Locked: 0.00000000)
2025-11-04 17:53:47,594 - INFO -    ALGO: 2303.00000000 (Locked: 0.00000000)
2025-11-04 17:53:47,594 - INFO -    DOGE: 2061.00000000 (Locked: 0.00000000)
2025-11-04 17:53:47,594 - INFO -    DUSK: 8899.00000000 (Locked: 0.00000000)
2025-11-04 17:53:47,594 - INFO -    ANKR: 18446.00000000 (Locked: 0.00000000)
2025-11-04 17:53:47,594 - INFO -    WIN: 18446.00000000 (Locked: 0.00000000)
2025-11-04 17:53:47,596 - INFO -    COS: 18446.00000000 (Locked: 0.00000000)
2025-11-04 17:53:47,596 - INFO -    FUN: 18446.00000000 (Locked: 0.00000000)
2025-11-04 17:53:47,596 - INFO -    CVC: 5937.00000000 (Locked: 0.00000000)
2025-11-04 17:53:47,596 - INFO -    CHZ: 11259.00000000 (Locked: 0.00000000)
2025-11-04 17:53:47,596 - INFO -    BAND: 749.00000000 (Locked: 0.00000000)
2025-11-04 17:53:47,596 - INFO -    XTZ: 723.00000000 (Locked: 0.00000000)
2025-11-04 17:53:47,596 - INFO -    HBAR: 2272.00000000 (Locked: 0.00000000)
2025-11-04 17:53:47,598 - INFO -    NKN: 18446.00000000 (Locked: 0.00000000)
2025-11-04 17:53:47,598 - INFO -    STX: 845.00000000 (Locked: 0.00000000)
2025-11-04 17:53:47,598 - INFO -    KAVA: 1538.00000000 (Locked: 0.00000000)
2025-11-04 17:53:47,598 - INFO -    ARPA: 18446.00000000 (Locked: 0.00000000)
2025-11-04 17:53:47,598 - INFO -    BCH: 1.00000000 (Locked: 0.00000000)
2025-11-04 17:53:47,598 - INFO -    FTT: 529.00000000 (Locked: 0.00000000)
2025-11-04 17:53:47,598 - INFO -    TRY: 18466.00000000 (Locked: 0.00000000)
2025-11-04 17:53:47,598 - INFO -    EUR: 426.00000000 (Locked: 0.00000000)
2025-11-04 17:53:47,598 - INFO -    OGN: 8473.00000000 (Locked: 0.00000000)
2025-11-04 17:53:47,599 - INFO -    BNT: 732.00000000 (Locked: 0.00000000)
2025-11-04 17:53:47,599 - INFO -    MBL: 18446.00000000 (Locked: 0.00000000)
2025-11-04 17:53:47,599 - INFO -    COTI: 11181.00000000 (Locked: 0.00000000)
2025-11-04 17:53:47,599 - INFO -    ZAR: 18466.00000000 (Locked: 0.00000000)
2025-11-04 17:53:47,599 - INFO -    SOL: 0.36600000 (Locked: 0.00000000)
2025-11-04 17:53:47,599 - INFO -    CTSI: 6579.00000000 (Locked: 0.00000000)
2025-11-04 17:53:47,599 - INFO -    HIVE: 2711.00000000 (Locked: 0.00000000)
2025-11-04 17:53:47,599 - INFO -    CHR: 5945.00000000 (Locked: 0.00000000)
2025-11-04 17:53:47,599 - INFO -    MDT: 18446.00000000 (Locked: 0.00000000)
2025-11-04 17:53:47,601 - INFO -    UAH: 18466.00000000 (Locked: 0.00000000)
2025-11-04 17:53:47,601 - INFO -    COMP: 11.00000000 (Locked: 0.00000000)
2025-11-04 17:53:47,601 - INFO -    SXP: 3132.00000000 (Locked: 0.00000000)
2025-11-04 17:53:47,601 - INFO -    SNX: 454.00000000 (Locked: 0.00000000)
2025-11-04 17:53:47,601 - INFO -    VTHO: 18446.00000000 (Locked: 0.00000000)
2025-11-04 17:53:47,601 - INFO -    DGB: 18446.00000000 (Locked: 0.00000000)
2025-11-04 17:53:47,601 - INFO -    RUNE: 420.00000000 (Locked: 0.00000000)
2025-11-04 17:53:47,601 - INFO -    DCR: 29.00000000 (Locked: 0.00000000)
2025-11-04 17:53:47,601 - INFO -    AVA: 983.00000000 (Locked: 0.00000000)
2025-11-04 17:53:47,601 - INFO -    YFI: 1.00000000 (Locked: 0.00000000)
2025-11-04 17:53:47,601 - INFO -    DAI: 10000.00000000 (Locked: 0.00000000)
2025-11-04 17:53:47,602 - INFO -    JST: 15391.00000000 (Locked: 0.00000000)
2025-11-04 17:53:47,602 - INFO -    CRV: 690.00000000 (Locked: 0.00000000)
2025-11-04 17:53:47,602 - INFO -    SAND: 1813.00000000 (Locked: 0.00000000)
2025-11-04 17:53:47,603 - INFO -    NMR: 29.00000000 (Locked: 0.00000000)
2025-11-04 17:53:47,603 - INFO -    DOT: 0.01000000 (Locked: 0.00000000)
2025-11-04 17:53:47,603 - INFO -    LUNA: 3535.00000000 (Locked: 0.00000000)
2025-11-04 17:53:47,603 - INFO -    RSR: 18446.00000000 (Locked: 0.00000000)
2025-11-04 17:53:47,603 - INFO -    PAXG: 1.00000000 (Locked: 0.00000000)
2025-11-04 17:53:47,605 - INFO -    TRB: 15.00000000 (Locked: 0.00000000)
2025-11-04 17:53:47,605 - INFO -    WBTC: 1.00000000 (Locked: 0.00000000)
2025-11-04 17:53:47,605 - INFO -    SUSHI: 721.00000000 (Locked: 0.00000000)
2025-11-04 17:53:47,605 - INFO -    KSM: 34.00000000 (Locked: 0.00000000)
2025-11-04 17:53:47,606 - INFO -    EGLD: 37.00000000 (Locked: 0.00000000)
2025-11-04 17:53:47,606 - INFO -    DIA: 863.00000000 (Locked: 0.00000000)
2025-11-04 17:53:47,606 - INFO -    FIO: 18446.00000000 (Locked: 0.00000000)
2025-11-04 17:53:47,606 - INFO -    UMA: 409.00000000 (Locked: 0.00000000)
2025-11-04 17:53:47,607 - INFO -    BEL: 2085.00000000 (Locked: 0.00000000)
2025-11-04 17:53:47,607 - INFO -    UNI: 63.00000000 (Locked: 0.00000000)
2025-11-04 17:53:47,607 - INFO -    OXT: 10401.00000000 (Locked: 0.00000000)
2025-11-04 17:53:47,607 - INFO -    SUN: 18446.00000000 (Locked: 0.00000000)
2025-11-04 17:53:47,607 - INFO -    AVAX: 16.00000000 (Locked: 0.00000000)
2025-11-04 17:53:47,608 - INFO -    FLM: 18446.00000000 (Locked: 0.00000000)
2025-11-04 17:53:47,608 - INFO -    SCRT: 3144.00000000 (Locked: 0.00000000)
2025-11-04 17:53:47,608 - INFO -    CAKE: 192.00000000 (Locked: 0.00000000)
2025-11-04 17:53:47,608 - INFO -    UTK: 18446.00000000 (Locked: 0.00000000)
2025-11-04 17:53:47,608 - INFO -    XVS: 83.00000000 (Locked: 0.00000000)
2025-11-04 17:53:47,608 - INFO -    BRL: 97.00000000 (Locked: 0.00000000)
2025-11-04 17:53:47,609 - INFO -    AAVE: 1.00000000 (Locked: 0.00000000)
2025-11-04 17:53:47,609 - INFO -    NEAR: 178.00000000 (Locked: 0.00000000)
2025-11-04 17:53:47,609 - INFO -    FIL: 221.00000000 (Locked: 0.00000000)
2025-11-04 17:53:47,609 - INFO -    INJ: 40.00000000 (Locked: 0.00000000)
2025-11-04 17:53:47,609 - INFO -    AUDIO: 9139.00000000 (Locked: 0.00000000)
2025-11-04 17:53:47,609 - INFO -    CTK: 1481.00000000 (Locked: 0.00000000)
2025-11-04 17:53:47,609 - INFO -    AXS: 228.00000000 (Locked: 0.00000000)
2025-11-04 17:53:47,609 - INFO -    SLP: 18446.00000000 (Locked: 0.00000000)
2025-11-04 17:53:47,609 - INFO -    STRAX: 13000.00000000 (Locked: 0.00000000)
2025-11-04 17:53:47,609 - INFO -    ROSE: 18446.00000000 (Locked: 0.00000000)
2025-11-04 17:53:47,611 - INFO -    SKL: 18446.00000000 (Locked: 0.00000000)
2025-11-04 17:53:47,611 - INFO -    GLM: 2243.00000000 (Locked: 0.00000000)
2025-11-04 17:53:47,611 - INFO -    GRT: 5950.00000000 (Locked: 0.00000000)
2025-11-04 17:53:47,611 - INFO -    JUV: 456.00000000 (Locked: 0.00000000)
2025-11-04 17:53:47,611 - INFO -    PSG: 318.00000000 (Locked: 0.00000000)
2025-11-04 17:53:47,611 - INFO -    1INCH: 1916.00000000 (Locked: 0.00000000)
2025-11-04 17:53:47,611 - INFO -    OG: 31.00000000 (Locked: 0.00000000)
2025-11-04 17:53:47,611 - INFO -    ATM: 349.00000000 (Locked: 0.00000000)
2025-11-04 17:53:47,612 - INFO -    ASR: 221.00000000 (Locked: 0.00000000)
2025-11-04 17:53:47,612 - INFO -    CELO: 1956.00000000 (Locked: 0.00000000)
2025-11-04 17:53:47,612 - INFO -    RIF: 8761.00000000 (Locked: 0.00000000)
2025-11-04 17:53:47,612 - INFO -    TRU: 17544.00000000 (Locked: 0.00000000)
2025-11-04 17:53:47,612 - INFO -    CKB: 18446.00000000 (Locked: 0.00000000)
2025-11-04 17:53:47,612 - INFO -    TWT: 392.00000000 (Locked: 0.00000000)
2025-11-04 17:53:47,612 - INFO -    SFP: 990.00000000 (Locked: 0.00000000)
2025-11-04 17:53:47,612 - INFO -    DODO: 11198.00000000 (Locked: 0.00000000)
2025-11-04 17:53:47,612 - INFO -    ACM: 577.00000000 (Locked: 0.00000000)
2025-11-04 17:53:47,613 - INFO -    AUCTION: 58.00000000 (Locked: 0.00000000)
2025-11-04 17:53:47,613 - INFO -    PHA: 5268.00000000 (Locked: 0.00000000)
2025-11-04 17:53:47,613 - INFO -    FIS: 5932.00000000 (Locked: 0.00000000)
2025-11-04 17:53:47,613 - INFO -    OM: 2931.00000000 (Locked: 0.00000000)
2025-11-04 17:53:47,613 - INFO -    POND: 18446.00000000 (Locked: 0.00000000)
2025-11-04 17:53:47,613 - INFO -    DEGO: 461.00000000 (Locked: 0.00000000)
2025-11-04 17:53:47,613 - INFO -    ALICE: 1647.00000000 (Locked: 0.00000000)
2025-11-04 17:53:47,613 - INFO -    PERP: 1721.00000000 (Locked: 0.00000000)
2025-11-04 17:53:47,614 - INFO -    SUPER: 836.00000000 (Locked: 0.00000000)
2025-11-04 17:53:47,614 - INFO -    CFX: 3397.00000000 (Locked: 0.00000000)
2025-11-04 17:53:47,614 - INFO -    TKO: 2797.00000000 (Locked: 0.00000000)
2025-11-04 17:53:47,614 - INFO -    PUNDIX: 1567.00000000 (Locked: 0.00000000)
2025-11-04 17:53:47,614 - INFO -    TLM: 18446.00000000 (Locked: 0.00000000)
2025-11-04 17:53:47,614 - INFO -    BAR: 481.00000000 (Locked: 0.00000000)
2025-11-04 17:53:47,614 - INFO -    FORTH: 190.00000000 (Locked: 0.00000000)
2025-11-04 17:53:47,614 - INFO -    SHIB: 18446.00000000 (Locked: 0.00000000)
2025-11-04 17:53:47,614 - INFO -    ICP: 114.00000000 (Locked: 0.00000000)
2025-11-04 17:53:47,614 - INFO -    AR: 85.00000000 (Locked: 0.00000000)
2025-11-04 17:53:47,615 - INFO -    MASK: 397.00000000 (Locked: 0.00000000)
2025-11-04 17:53:47,615 - INFO -    LPT: 79.00000000 (Locked: 0.00000000)
2025-11-04 17:53:47,615 - INFO -    ATA: 12515.00000000 (Locked: 0.00000000)
2025-11-04 17:53:47,615 - INFO -    GTC: 1869.00000000 (Locked: 0.00000000)
2025-11-04 17:53:47,615 - INFO -    MLN: 65.00000000 (Locked: 0.00000000)
2025-11-04 17:53:47,615 - INFO -    DEXE: 53.00000000 (Locked: 0.00000000)
2025-11-04 17:53:47,616 - INFO -    C98: 10478.00000000 (Locked: 0.00000000)
2025-11-04 17:53:47,616 - INFO -    QNT: 4.00000000 (Locked: 0.00000000)
2025-11-04 17:53:47,616 - INFO -    FLOW: 1374.00000000 (Locked: 0.00000000)
2025-11-04 17:53:47,616 - INFO -    MINA: 3166.00000000 (Locked: 0.00000000)
2025-11-04 17:53:47,616 - INFO -    RAY: 178.00000000 (Locked: 0.00000000)
2025-11-04 17:53:47,616 - INFO -    FARM: 18.00000000 (Locked: 0.00000000)
2025-11-04 17:53:47,616 - INFO -    QUICK: 18446.00000000 (Locked: 0.00000000)
2025-11-04 17:53:47,616 - INFO -    MBOX: 8891.00000000 (Locked: 0.00000000)
2025-11-04 17:53:47,617 - INFO -    GHST: 1206.00000000 (Locked: 0.00000000)
2025-11-04 17:53:47,617 - INFO -    WAXP: 18446.00000000 (Locked: 0.00000000)
2025-11-04 17:53:47,617 - INFO -    GNO: 3.00000000 (Locked: 0.00000000)
2025-11-04 17:53:47,618 - INFO -    XEC: 18446.00000000 (Locked: 0.00000000)
2025-11-04 17:53:47,618 - INFO -    DYDX: 825.00000000 (Locked: 0.00000000)
2025-11-04 17:53:47,618 - INFO -    IDEX: 18446.00000000 (Locked: 0.00000000)
2025-11-04 17:53:47,618 - INFO -    USDP: 500.00000000 (Locked: 0.00000000)
2025-11-04 17:53:47,618 - INFO -    GALA: 18446.00000000 (Locked: 0.00000000)
2025-11-04 17:53:47,618 - INFO -    ILV: 37.00000000 (Locked: 0.00000000)
2025-11-04 17:53:47,618 - INFO -    YGG: 2986.00000000 (Locked: 0.00000000)
2025-11-04 17:53:47,618 - INFO -    DF: 18446.00000000 (Locked: 0.00000000)
2025-11-04 17:53:47,618 - INFO -    FIDA: 6132.00000000 (Locked: 0.00000000)
2025-11-04 17:53:47,619 - INFO -    AGLD: 900.00000000 (Locked: 0.00000000)
2025-11-04 17:53:47,619 - INFO -    RAD: 794.00000000 (Locked: 0.00000000)
2025-11-04 17:53:47,619 - INFO -    RARE: 9735.00000000 (Locked: 0.00000000)
2025-11-04 17:53:47,619 - INFO -    SSV: 64.00000000 (Locked: 0.00000000)
2025-11-04 17:53:47,619 - INFO -    LAZIO: 491.00000000 (Locked: 0.00000000)
2025-11-04 17:53:47,619 - INFO -    CHESS: 8214.00000000 (Locked: 0.00000000)
2025-11-04 17:53:47,619 - INFO -    MOVR: 90.00000000 (Locked: 0.00000000)
2025-11-04 17:53:47,619 - INFO -    CITY: 503.00000000 (Locked: 0.00000000)
2025-11-04 17:53:47,619 - INFO -    ENS: 24.00000000 (Locked: 0.00000000)
2025-11-04 17:53:47,620 - INFO -    QI: 18446.00000000 (Locked: 0.00000000)
2025-11-04 17:53:47,620 - INFO -    PORTO: 461.00000000 (Locked: 0.00000000)
2025-11-04 17:53:47,620 - INFO -    JASMY: 18446.00000000 (Locked: 0.00000000)
2025-11-04 17:53:47,620 - INFO -    AMP: 18446.00000000 (Locked: 0.00000000)
2025-11-04 17:53:47,620 - INFO -    PYR: 507.00000000 (Locked: 0.00000000)
2025-11-04 17:53:47,620 - INFO -    ALCX: 58.00000000 (Locked: 0.00000000)
2025-11-04 17:53:47,620 - INFO -    SANTOS: 251.00000000 (Locked: 0.00000000)
2025-11-04 17:53:47,620 - INFO -    BICO: 5322.00000000 (Locked: 0.00000000)
2025-11-04 17:53:47,620 - INFO -    FLUX: 2599.00000000 (Locked: 0.00000000)
2025-11-04 17:53:47,620 - INFO -    FXS: 224.00000000 (Locked: 0.00000000)
2025-11-04 17:53:47,621 - INFO -    VOXEL: 10062.00000000 (Locked: 0.00000000)
2025-11-04 17:53:47,621 - INFO -    HIGH: 1043.00000000 (Locked: 0.00000000)
2025-11-04 17:53:47,621 - INFO -    CVX: 149.00000000 (Locked: 0.00000000)
2025-11-04 17:53:47,622 - INFO -    PEOPLE: 18446.00000000 (Locked: 0.00000000)
2025-11-04 17:53:47,622 - INFO -    SPELL: 18446.00000000 (Locked: 0.00000000)
2025-11-04 17:53:47,622 - INFO -    JOE: 2983.00000000 (Locked: 0.00000000)
2025-11-04 17:53:47,622 - INFO -    ACH: 18446.00000000 (Locked: 0.00000000)
2025-11-04 17:53:47,622 - INFO -    IMX: 695.00000000 (Locked: 0.00000000)
2025-11-04 17:53:47,622 - INFO -    GLMR: 8489.00000000 (Locked: 0.00000000)
2025-11-04 17:53:47,622 - INFO -    API3: 636.00000000 (Locked: 0.00000000)
2025-11-04 17:53:47,624 - INFO -    BTTC: 18446.00000000 (Locked: 0.00000000)
2025-11-04 17:53:47,624 - INFO -    ACA: 18446.00000000 (Locked: 0.00000000)
2025-11-04 17:53:47,624 - INFO -    XNO: 610.00000000 (Locked: 0.00000000)
2025-11-04 17:53:47,624 - INFO -    WOO: 7642.00000000 (Locked: 0.00000000)
2025-11-04 17:53:47,624 - INFO -    ALPINE: 268.00000000 (Locked: 0.00000000)
2025-11-04 17:53:47,624 - INFO -    T: 18446.00000000 (Locked: 0.00000000)
2025-11-04 17:53:47,624 - INFO -    ASTR: 18446.00000000 (Locked: 0.00000000)
2025-11-04 17:53:47,624 - INFO -    GMT: 12690.00000000 (Locked: 0.00000000)
2025-11-04 17:53:47,625 - INFO -    KDA: 1364.00000000 (Locked: 0.00000000)
2025-11-04 17:53:47,625 - INFO -    APE: 913.00000000 (Locked: 0.00000000)
2025-11-04 17:53:47,625 - INFO -    BIFI: 2.00000000 (Locked: 0.00000000)
2025-11-04 17:53:47,625 - INFO -    NEXO: 400.00000000 (Locked: 0.00000000)
2025-11-04 17:53:47,625 - INFO -    REI: 18446.00000000 (Locked: 0.00000000)
2025-11-04 17:53:47,625 - INFO -    LDO: 434.00000000 (Locked: 0.00000000)
2025-11-04 17:53:47,625 - INFO -    OP: 724.00000000 (Locked: 0.00000000)
2025-11-04 17:53:47,625 - INFO -    STG: 2839.00000000 (Locked: 0.00000000)
2025-11-04 17:53:47,626 - INFO -    LUNC: 18446.00000000 (Locked: 0.00000000)
2025-11-04 17:53:47,626 - INFO -    GMX: 32.00000000 (Locked: 0.00000000)
2025-11-04 17:53:47,626 - INFO -    POLYX: 4228.00000000 (Locked: 0.00000000)
2025-11-04 17:53:47,626 - INFO -    APT: 109.00000000 (Locked: 0.00000000)
2025-11-04 17:53:47,626 - INFO -    PLN: 18466.00000000 (Locked: 0.00000000)
2025-11-04 17:53:47,626 - INFO -    OSMO: 3553.00000000 (Locked: 0.00000000)
2025-11-04 17:53:47,626 - INFO -    HFT: 6588.00000000 (Locked: 0.00000000)
2025-11-04 17:53:47,627 - INFO -    HOOK: 5356.00000000 (Locked: 0.00000000)
2025-11-04 17:53:47,627 - INFO -    MAGIC: 2830.00000000 (Locked: 0.00000000)
2025-11-04 17:53:47,627 - INFO -    RPL: 102.00000000 (Locked: 0.00000000)
2025-11-04 17:53:47,627 - INFO -    RON: 18466.00000000 (Locked: 0.00000000)
2025-11-04 17:53:47,627 - INFO -    GNS: 267.00000000 (Locked: 0.00000000)
2025-11-04 17:53:47,627 - INFO -    SYN: 4282.00000000 (Locked: 0.00000000)
2025-11-04 17:53:47,627 - INFO -    LQTY: 695.00000000 (Locked: 0.00000000)
2025-11-04 17:53:47,629 - INFO -    USTC: 18446.00000000 (Locked: 0.00000000)
2025-11-04 17:53:47,629 - INFO -    PROM: 50.00000000 (Locked: 0.00000000)
2025-11-04 17:53:47,629 - INFO -    QKC: 18446.00000000 (Locked: 0.00000000)
2025-11-04 17:53:47,629 - INFO -    ID: 3304.00000000 (Locked: 0.00000000)
2025-11-04 17:53:47,629 - INFO -    ARB: 1141.00000000 (Locked: 0.00000000)
2025-11-04 17:53:47,629 - INFO -    RDNT: 18446.00000000 (Locked: 0.00000000)
2025-11-04 17:53:47,629 - INFO -    ARS: 18466.00000000 (Locked: 0.00000000)
2025-11-04 17:53:47,629 - INFO -    EDU: 3781.00000000 (Locked: 0.00000000)
2025-11-04 17:53:47,629 - INFO -    SUI: 147.00000000 (Locked: 0.00000000)
2025-11-04 17:53:47,629 - INFO -    PEPE: 18446.00000000 (Locked: 0.00000000)
2025-11-04 17:53:47,630 - INFO -    FLOKI: 18446.00000000 (Locked: 0.00000000)
2025-11-04 17:53:47,630 - INFO -    WBETH: 1.00000000 (Locked: 0.00000000)
2025-11-04 17:53:47,630 - INFO -    MAV: 8049.00000000 (Locked: 0.00000000)
2025-11-04 17:53:47,630 - INFO -    PENDLE: 106.00000000 (Locked: 0.00000000)
2025-11-04 17:53:47,630 - INFO -    ARKM: 957.00000000 (Locked: 0.00000000)
2025-11-04 17:53:47,630 - INFO -    WLD: 384.00000000 (Locked: 0.00000000)
2025-11-04 17:53:47,630 - INFO -    FDUSD: 10000.00000000 (Locked: 0.00000000)
2025-11-04 17:53:47,630 - INFO -    SEI: 1737.00000000 (Locked: 0.00000000)
2025-11-04 17:53:47,630 - INFO -    CYBER: 319.00000000 (Locked: 0.00000000)
2025-11-04 17:53:47,630 - INFO -    ARK: 1158.00000000 (Locked: 0.00000000)
2025-11-04 17:53:47,630 - INFO -    IQ: 18446.00000000 (Locked: 0.00000000)
2025-11-04 17:53:47,630 - INFO -    NTRN: 6227.00000000 (Locked: 0.00000000)
2025-11-04 17:53:47,630 - INFO -    TIA: 349.00000000 (Locked: 0.00000000)
2025-11-04 17:53:47,630 - INFO -    MEME: 18446.00000000 (Locked: 0.00000000)
2025-11-04 17:53:47,630 - INFO -    ORDI: 61.00000000 (Locked: 0.00000000)
2025-11-04 17:53:47,630 - INFO -    BEAMX: 18446.00000000 (Locked: 0.00000000)
2025-11-04 17:53:47,630 - INFO -    VIC: 2401.00000000 (Locked: 0.00000000)
2025-11-04 17:53:47,630 - INFO -    BLUR: 6510.00000000 (Locked: 0.00000000)
2025-11-04 17:53:47,630 - INFO -    VANRY: 18446.00000000 (Locked: 0.00000000)
2025-11-04 17:53:47,630 - INFO -    AEUR: 461.00000000 (Locked: 0.00000000)
2025-11-04 17:53:47,633 - INFO -    JTO: 307.00000000 (Locked: 0.00000000)
2025-11-04 17:53:47,633 - INFO -    1000SATS: 18446.00000000 (Locked: 0.00000000)
2025-11-04 17:53:47,633 - INFO -    BONK: 18446.00000000 (Locked: 0.00000000)
2025-11-04 17:53:47,633 - INFO -    ACE: 1082.00000000 (Locked: 0.00000000)
2025-11-04 17:53:47,633 - INFO -    NFP: 8335.00000000 (Locked: 0.00000000)
2025-11-04 17:53:47,633 - INFO -    AI: 4132.00000000 (Locked: 0.00000000)
2025-11-04 17:53:47,633 - INFO -    XAI: 12078.00000000 (Locked: 0.00000000)
2025-11-04 17:53:47,634 - INFO -    MANTA: 2716.00000000 (Locked: 0.00000000)
2025-11-04 17:53:47,634 - INFO -    ALT: 18138.00000000 (Locked: 0.00000000)
2025-11-04 17:53:47,634 - INFO -    JUP: 1107.00000000 (Locked: 0.00000000)
2025-11-04 17:53:47,634 - INFO -    PYTH: 3268.00000000 (Locked: 0.00000000)
2025-11-04 17:53:47,634 - INFO -    RONIN: 1067.00000000 (Locked: 0.00000000)
2025-11-04 17:53:47,634 - INFO -    DYM: 2733.00000000 (Locked: 0.00000000)
2025-11-04 17:53:47,634 - INFO -    PIXEL: 17992.00000000 (Locked: 0.00000000)
2025-11-04 17:53:47,634 - INFO -    STRK: 3404.00000000 (Locked: 0.00000000)
2025-11-04 17:53:47,634 - INFO -    PORTAL: 13481.00000000 (Locked: 0.00000000)
2025-11-04 17:53:47,634 - INFO -    AXL: 1727.00000000 (Locked: 0.00000000)
2025-11-04 17:53:47,634 - INFO -    WIF: 669.00000000 (Locked: 0.00000000)
2025-11-04 17:53:47,634 - INFO -    METIS: 37.00000000 (Locked: 0.00000000)
2025-11-04 17:53:47,634 - INFO -    JPY: 18466.00000000 (Locked: 0.00000000)
2025-11-04 17:53:47,636 - INFO -    AEVO: 4361.00000000 (Locked: 0.00000000)
2025-11-04 17:53:47,636 - INFO -    BOME: 18446.00000000 (Locked: 0.00000000)
2025-11-04 17:53:47,636 - INFO -    ETHFI: 344.00000000 (Locked: 0.00000000)
2025-11-04 17:53:47,636 - INFO -    ENA: 846.00000000 (Locked: 0.00000000)
2025-11-04 17:53:47,636 - INFO -    W: 4762.00000000 (Locked: 0.00000000)
2025-11-04 17:53:47,636 - INFO -    TNSR: 5027.00000000 (Locked: 0.00000000)
2025-11-04 17:53:47,636 - INFO -    SAGA: 2340.00000000 (Locked: 0.00000000)
2025-11-04 17:53:47,636 - INFO -    MXN: 18466.00000000 (Locked: 0.00000000)
2025-11-04 17:53:47,636 - INFO -    TAO: 1.00000000 (Locked: 0.00000000)
2025-11-04 17:53:47,637 - INFO -    REZ: 18446.00000000 (Locked: 0.00000000)
2025-11-04 17:53:47,637 - INFO -    BB: 2648.00000000 (Locked: 0.00000000)
2025-11-04 17:53:47,637 - INFO -    NOT: 18446.00000000 (Locked: 0.00000000)
2025-11-04 17:53:47,637 - INFO -    COP: 18466.00000000 (Locked: 0.00000000)
2025-11-04 17:53:47,637 - INFO -    IO: 903.00000000 (Locked: 0.00000000)
2025-11-04 17:53:47,637 - INFO -    ZK: 9401.00000000 (Locked: 0.00000000)
2025-11-04 17:53:47,637 - INFO -    LISTA: 1728.00000000 (Locked: 0.00000000)
2025-11-04 17:53:47,637 - INFO -    ZRO: 246.00000000 (Locked: 0.00000000)
2025-11-04 17:53:47,637 - INFO -    G: 18446.00000000 (Locked: 0.00000000)
2025-11-04 17:53:47,637 - INFO -    BANANA: 30.00000000 (Locked: 0.00000000)
2025-11-04 17:53:47,638 - INFO -    RENDER: 143.00000000 (Locked: 0.00000000)
2025-11-04 17:53:47,638 - INFO -    TON: 182.00000000 (Locked: 0.00000000)
2025-11-04 17:53:47,638 - INFO -    DOGS: 18446.00000000 (Locked: 0.00000000)
2025-11-04 17:53:47,638 - INFO -    EURI: 426.00000000 (Locked: 0.00000000)
2025-11-04 17:53:47,639 - INFO -    POL: 2144.00000000 (Locked: 0.00000000)
2025-11-04 17:53:47,639 - INFO -    NEIRO: 18446.00000000 (Locked: 0.00000000)
2025-11-04 17:53:47,639 - INFO -    TURBO: 18446.00000000 (Locked: 0.00000000)
2025-11-04 17:53:47,639 - INFO -    1MBABYDOGE: 18446.00000000 (Locked: 0.00000000)
2025-11-04 17:53:47,639 - INFO -    CATI: 5903.00000000 (Locked: 0.00000000)
2025-11-04 17:53:47,639 - INFO -    HMSTR: 18446.00000000 (Locked: 0.00000000)
2025-11-04 17:53:47,640 - INFO -    EIGEN: 337.00000000 (Locked: 0.00000000)
2025-11-04 17:53:47,640 - INFO -    BNSOL: 2.00000000 (Locked: 0.00000000)
2025-11-04 17:53:47,640 - INFO -    SCR: 1752.00000000 (Locked: 0.00000000)
2025-11-04 17:53:47,640 - INFO -    LUMIA: 1718.00000000 (Locked: 0.00000000)
2025-11-04 17:53:47,641 - INFO -    KAIA: 3261.00000000 (Locked: 0.00000000)
2025-11-04 17:53:47,641 - INFO -    COW: 1851.00000000 (Locked: 0.00000000)
2025-11-04 17:53:47,641 - INFO -    CETUS: 6362.00000000 (Locked: 0.00000000)
2025-11-04 17:53:47,641 - INFO -    PNUT: 2366.00000000 (Locked: 0.00000000)
2025-11-04 17:53:47,641 - INFO -    ACT: 15239.00000000 (Locked: 0.00000000)
2025-11-04 17:53:47,641 - INFO -    USUAL: 9470.00000000 (Locked: 0.00000000)
2025-11-04 17:53:47,641 - INFO -    THE: 1181.00000000 (Locked: 0.00000000)
2025-11-04 17:53:47,641 - INFO -    ACX: 4343.00000000 (Locked: 0.00000000)
2025-11-04 17:53:47,641 - INFO -    ORCA: 251.00000000 (Locked: 0.00000000)
2025-11-04 17:53:47,641 - INFO -    MOVE: 4669.00000000 (Locked: 0.00000000)
2025-11-04 17:53:47,641 - INFO -    ME: 833.00000000 (Locked: 0.00000000)
2025-11-04 17:53:47,641 - INFO -    VELODROME: 11184.00000000 (Locked: 0.00000000)
2025-11-04 17:53:47,641 - INFO -    VANA: 129.00000000 (Locked: 0.00000000)
2025-11-04 17:53:47,641 - INFO -    1000CAT: 18446.00000000 (Locked: 0.00000000)
2025-11-04 17:53:47,641 - INFO -    PENGU: 16493.00000000 (Locked: 0.00000000)
2025-11-04 17:53:47,643 - INFO -    BIO: 3588.00000000 (Locked: 0.00000000)
2025-11-04 17:53:47,643 - INFO -    D: 16292.00000000 (Locked: 0.00000000)
2025-11-04 17:53:47,643 - INFO -    AIXBT: 5294.00000000 (Locked: 0.00000000)
2025-11-04 17:53:47,643 - INFO -    CGPT: 6228.00000000 (Locked: 0.00000000)
2025-11-04 17:53:47,643 - INFO -    COOKIE: 4552.00000000 (Locked: 0.00000000)
2025-11-04 17:53:47,643 - INFO -    S: 1782.00000000 (Locked: 0.00000000)
2025-11-04 17:53:47,643 - INFO -    SOLV: 11760.00000000 (Locked: 0.00000000)
2025-11-04 17:53:47,643 - INFO -    TRUMP: 66.00000000 (Locked: 0.00000000)
2025-11-04 17:53:47,644 - INFO -    ANIME: 18446.00000000 (Locked: 0.00000000)
2025-11-04 17:53:47,644 - INFO -    BERA: 177.00000000 (Locked: 0.00000000)
2025-11-04 17:53:47,644 - INFO -    1000CHEEMS: 18446.00000000 (Locked: 0.00000000)
2025-11-04 17:53:47,644 - INFO -    TST: 16238.00000000 (Locked: 0.00000000)
2025-11-04 17:53:47,644 - INFO -    LAYER: 1212.00000000 (Locked: 0.00000000)
2025-11-04 17:53:47,644 - INFO -    HEI: 1503.00000000 (Locked: 0.00000000)
2025-11-04 17:53:47,644 - INFO -    KAITO: 349.00000000 (Locked: 0.00000000)
2025-11-04 17:53:47,644 - INFO -    SHELL: 4269.00000000 (Locked: 0.00000000)
2025-11-04 17:53:47,644 - INFO -    RED: 1152.00000000 (Locked: 0.00000000)
2025-11-04 17:53:47,645 - INFO -    GPS: 18446.00000000 (Locked: 0.00000000)
2025-11-04 17:53:47,645 - INFO -    EPIC: 285.00000000 (Locked: 0.00000000)
2025-11-04 17:53:47,645 - INFO -    BMT: 8536.00000000 (Locked: 0.00000000)
2025-11-04 17:53:47,645 - INFO -    FORM: 482.00000000 (Locked: 0.00000000)
2025-11-04 17:53:47,645 - INFO -    XUSD: 500.00000000 (Locked: 0.00000000)
2025-11-04 17:53:47,645 - INFO -    CZK: 18466.00000000 (Locked: 0.00000000)
2025-11-04 17:53:47,645 - INFO -    NIL: 1768.00000000 (Locked: 0.00000000)
2025-11-04 17:53:47,646 - INFO -    PARTI: 4072.00000000 (Locked: 0.00000000)
2025-11-04 17:53:47,646 - INFO -    MUBARAK: 16620.00000000 (Locked: 0.00000000)
2025-11-04 17:53:47,646 - INFO -    TUT: 6008.00000000 (Locked: 0.00000000)
2025-11-04 17:53:47,646 - INFO -    BROCCOLI714: 18424.00000000 (Locked: 0.00000000)
2025-11-04 17:53:47,646 - INFO -    BANANAS31: 18446.00000000 (Locked: 0.00000000)
2025-11-04 17:53:47,646 - INFO -    GUN: 18446.00000000 (Locked: 0.00000000)
2025-11-04 17:53:47,646 - INFO -    BABY: 9815.00000000 (Locked: 0.00000000)
2025-11-04 17:53:47,647 - INFO -    ONDO: 544.00000000 (Locked: 0.00000000)
2025-11-04 17:53:47,647 - INFO -    BIGTIME: 10274.00000000 (Locked: 0.00000000)
2025-11-04 17:53:47,647 - INFO -    VIRTUAL: 459.00000000 (Locked: 0.00000000)
2025-11-04 17:53:47,647 - INFO -    KERNEL: 2590.00000000 (Locked: 0.00000000)
2025-11-04 17:53:47,647 - INFO -    WCT: 1986.00000000 (Locked: 0.00000000)
2025-11-04 17:53:47,647 - INFO -    HYPER: 1966.00000000 (Locked: 0.00000000)
2025-11-04 17:53:47,647 - INFO -    INIT: 1544.00000000 (Locked: 0.00000000)
2025-11-04 17:53:47,647 - INFO -    SIGN: 7590.00000000 (Locked: 0.00000000)
2025-11-04 17:53:47,647 - INFO -    STO: 5744.00000000 (Locked: 0.00000000)
2025-11-04 17:53:47,647 - INFO -    SYRUP: 1287.00000000 (Locked: 0.00000000)
2025-11-04 17:53:47,647 - INFO -    KMNO: 6786.00000000 (Locked: 0.00000000)
2025-11-04 17:53:47,647 - INFO -    SXT: 7299.00000000 (Locked: 0.00000000)
2025-11-04 17:53:47,647 - INFO -    NXPC: 983.00000000 (Locked: 0.00000000)
2025-11-04 17:53:47,647 - INFO -    AWE: 4136.00000000 (Locked: 0.00000000)
2025-11-04 17:53:47,647 - INFO -    HAEDAL: 3768.00000000 (Locked: 0.00000000)
2025-11-04 17:53:47,647 - INFO -    USD1: 500.00000000 (Locked: 0.00000000)
2025-11-04 17:53:47,647 - INFO -    HUMA: 14801.00000000 (Locked: 0.00000000)
2025-11-04 17:53:47,647 - INFO -    A: 1233.00000000 (Locked: 0.00000000)
2025-11-04 17:53:47,647 - INFO -    SOPH: 17673.00000000 (Locked: 0.00000000)
2025-11-04 17:53:47,647 - INFO -    RESOLV: 4689.00000000 (Locked: 0.00000000)
2025-11-04 17:53:47,647 - INFO -    HOME: 16312.00000000 (Locked: 0.00000000)
2025-11-04 17:53:47,647 - INFO -    SPK: 9828.00000000 (Locked: 0.00000000)
2025-11-04 17:53:47,647 - INFO -    NEWT: 2473.00000000 (Locked: 0.00000000)
2025-11-04 17:53:47,647 - INFO -    SAHARA: 6342.00000000 (Locked: 0.00000000)
2025-11-04 17:53:47,647 - INFO -    LA: 1389.00000000 (Locked: 0.00000000)
2025-11-04 17:53:47,647 - INFO -    ERA: 943.00000000 (Locked: 0.00000000)
2025-11-04 17:53:47,647 - INFO -    C: 2790.00000000 (Locked: 0.00000000)
2025-11-04 17:53:47,647 - INFO -    TREE: 1872.00000000 (Locked: 0.00000000)
2025-11-04 17:53:47,647 - INFO -    A2Z: 18446.00000000 (Locked: 0.00000000)
2025-11-04 17:53:47,647 - INFO -    TOWNS: 18446.00000000 (Locked: 0.00000000)
2025-11-04 17:53:47,647 - INFO -    PROVE: 719.00000000 (Locked: 0.00000000)
2025-11-04 17:53:47,647 - INFO -    BFUSD: 500.00000000 (Locked: 0.00000000)
2025-11-04 17:53:47,647 - INFO -    PLUME: 5036.00000000 (Locked: 0.00000000)
2025-11-04 17:53:47,647 - INFO -    DOLO: 4856.00000000 (Locked: 0.00000000)
2025-11-04 17:53:47,647 - INFO -    MITO: 3495.00000000 (Locked: 0.00000000)
2025-11-04 17:53:47,647 - INFO -    WLFI: 2492.00000000 (Locked: 0.00000000)
2025-11-04 17:53:47,647 - INFO -    SOMI: 596.00000000 (Locked: 0.00000000)
2025-11-04 17:53:47,647 - INFO -    OPEN: 1106.00000000 (Locked: 0.00000000)
2025-11-04 17:53:47,647 - INFO -    USDE: 499.00000000 (Locked: 0.00000000)
2025-11-04 17:53:47,647 - INFO -    LINEA: 18446.00000000 (Locked: 0.00000000)
2025-11-04 17:53:47,647 - INFO -    HOLO: 2498.00000000 (Locked: 0.00000000)
2025-11-04 17:53:47,653 - INFO -    PUMP: 18446.00000000 (Locked: 0.00000000)
2025-11-04 17:53:47,653 - INFO -    AVNT: 410.00000000 (Locked: 0.00000000)
2025-11-04 17:53:47,653 - INFO -    ZKC: 1121.00000000 (Locked: 0.00000000)
2025-11-04 17:53:47,653 - INFO -    SKY: 7156.00000000 (Locked: 0.00000000)
2025-11-04 17:53:47,653 - INFO -    BARD: 555.00000000 (Locked: 0.00000000)
2025-11-04 17:53:47,653 - INFO -    0G: 189.00000000 (Locked: 0.00000000)
2025-11-04 17:53:47,653 - INFO -    HEMI: 5467.00000000 (Locked: 0.00000000)
2025-11-04 17:53:47,653 - INFO -    XPL: 479.00000000 (Locked: 0.00000000)
2025-11-04 17:53:47,653 - INFO -    MIRA: 815.00000000 (Locked: 0.00000000)
2025-11-04 17:53:47,653 - INFO -    FF: 2549.00000000 (Locked: 0.00000000)
2025-11-04 17:53:47,653 - INFO -    EDEN: 1196.00000000 (Locked: 0.00000000)
2025-11-04 17:53:47,653 - INFO -    NOM: 11666.00000000 (Locked: 0.00000000)
2025-11-04 17:53:47,972 - INFO -    Precisão de preço: 2 casas decimais
2025-11-04 17:53:47,972 - INFO -    Precisão de quantidade: 5 casas decimais
2025-11-04 17:53:47,972 - INFO -    Valor mínimo de negociação: 10.0 USDT
2025-11-04 17:53:47,972 - INFO - ------------------------------------------------------------
2025-11-04 17:53:47,972 - INFO - 📊 Par de negociação: BTCUSDT
2025-11-04 17:53:47,972 - INFO - ⏱️ Timeframe: 5m
2025-11-04 17:53:47,972 - INFO - 💵 Valor por operação: 15.0 USDT
2025-11-04 17:53:47,972 - INFO - 🎯 Estratégia: 3
2025-11-04 17:53:47,972 - INFO - 🕒 Horário: 00:00 - 23:59
2025-11-04 17:53:47,972 - INFO - ============================================================
2025-11-04 17:53:47,972 - INFO - 🚀 Bot iniciado!
2025-11-04 17:53:48,268 - INFO - 💹 BTCUSDT: 100752.07000000 USDT
2025-11-04 17:54:18,542 - INFO - 💹 BTCUSDT: 100748.29000000 USDT
2025-11-04 17:54:48,833 - INFO - 💹 BTCUSDT: 100763.43000000 USDT
2025-11-04 17:55:19,116 - INFO - 💹 BTCUSDT: 100689.72000000 USDT
2025-11-04 17:55:49,400 - INFO - 💹 BTCUSDT: 100655.97000000 USDT
2025-11-04 17:56:19,674 - INFO - 💹 BTCUSDT: 100623.35000000 USDT
2025-11-04 17:56:49,954 - INFO - 💹 BTCUSDT: 100622.23000000 USDT
2025-11-04 17:57:20,223 - INFO - 💹 BTCUSDT: 100630.72000000 USDT
2025-11-04 17:57:50,513 - INFO - 💹 BTCUSDT: 100695.98000000 USDT
2025-11-04 17:58:20,792 - INFO - 💹 BTCUSDT: 100948.18000000 USDT
2025-11-04 17:58:51,076 - INFO - 💹 BTCUSDT: 100722.07000000 USDT
2025-11-04 17:59:21,361 - INFO - 💹 BTCUSDT: 100791.29000000 USDT
2025-11-04 17:59:51,652 - INFO - 💹 BTCUSDT: 100706.30000000 USDT
2025-11-04 18:00:21,922 - INFO - 💹 BTCUSDT: 100796.46000000 USDT
2025-11-04 18:00:52,210 - INFO - 💹 BTCUSDT: 100738.45000000 USDT
2025-11-04 18:01:22,489 - INFO - 💹 BTCUSDT: 100716.61000000 USDT
2025-11-04 18:01:52,774 - INFO - 💹 BTCUSDT: 100607.24000000 USDT
2025-11-04 18:02:23,052 - INFO - 💹 BTCUSDT: 100560.51000000 USDT
2025-11-04 18:02:53,370 - INFO - 💹 BTCUSDT: 100536.09000000 USDT
2025-11-04 18:03:23,653 - INFO - 💹 BTCUSDT: 100493.04000000 USDT
2025-11-04 18:03:53,934 - INFO - 💹 BTCUSDT: 100600.00000000 USDT
2025-11-04 18:04:24,213 - INFO - 💹 BTCUSDT: 100684.72000000 USDT
2025-11-04 18:04:54,504 - INFO - 💹 BTCUSDT: 100283.93000000 USDT
2025-11-04 18:05:24,780 - INFO - 💹 BTCUSDT: 100793.49000000 USDT
2025-11-04 18:05:55,064 - INFO - 💹 BTCUSDT: 100590.56000000 USDT
2025-11-04 18:06:25,342 - INFO - 💹 BTCUSDT: 100471.99000000 USDT
2025-11-04 18:06:55,627 - INFO - 💹 BTCUSDT: 100417.41000000 USDT
2025-11-04 18:07:25,904 - INFO - 💹 BTCUSDT: 100438.98000000 USDT
2025-11-04 18:07:56,188 - INFO - 💹 BTCUSDT: 100487.95000000 USDT
2025-11-04 18:08:26,462 - INFO - 💹 BTCUSDT: 100537.47000000 USDT
2025-11-04 18:08:56,743 - INFO - 💹 BTCUSDT: 100519.00000000 USDT
2025-11-04 18:09:27,024 - INFO - 💹 BTCUSDT: 100472.03000000 USDT
2025-11-04 18:09:57,301 - INFO - 💹 BTCUSDT: 100594.83000000 USDT
2025-11-04 18:10:27,581 - INFO - 💹 BTCUSDT: 100572.11000000 USDT
2025-11-04 18:10:57,858 - INFO - 💹 BTCUSDT: 100529.89000000 USDT
2025-11-04 18:11:28,126 - INFO - 💹 BTCUSDT: 100625.46000000 USDT
2025-11-04 18:11:58,442 - INFO - 💹 BTCUSDT: 100543.35000000 USDT
2025-11-04 18:12:28,724 - INFO - 💹 BTCUSDT: 100494.03000000 USDT
2025-11-04 18:12:59,014 - INFO - 💹 BTCUSDT: 100490.01000000 USDT
2025-11-04 18:13:29,294 - INFO - 💹 BTCUSDT: 100492.20000000 USDT
2025-11-04 18:13:59,575 - INFO - 💹 BTCUSDT: 100568.99000000 USDT
2025-11-04 18:14:29,852 - INFO - 💹 BTCUSDT: 100623.60000000 USDT
2025-11-04 18:15:00,112 - INFO - 💹 BTCUSDT: 100272.61000000 USDT
2025-11-04 18:15:30,399 - INFO - 💹 BTCUSDT: 100225.21000000 USDT
2025-11-04 18:16:00,676 - INFO - 💹 BTCUSDT: 100181.84000000 USDT
2025-11-04 18:16:30,952 - INFO - 💹 BTCUSDT: 100144.24000000 USDT
2025-11-04 18:17:01,232 - INFO - 💹 BTCUSDT: 100205.64000000 USDT
2025-11-04 18:17:31,496 - INFO - 💹 BTCUSDT: 100204.88000000 USDT
2025-11-04 18:18:01,789 - INFO - 💹 BTCUSDT: 100256.01000000 USDT
2025-11-04 18:18:32,070 - INFO - 💹 BTCUSDT: 100140.84000000 USDT
2025-11-04 18:19:02,346 - INFO - 💹 BTCUSDT: 100301.43000000 USDT
2025-11-04 18:19:14,919 - INFO - ⚠️ Bot interrompido pelo usuário
2025-11-04 18:19:14,919 - INFO - ------------------------------------------------------------
2025-11-04 18:19:14,919 - INFO - 📊 ESTATÍSTICAS
2025-11-04 18:19:14,919 - INFO -    Total de trades: 0
2025-11-04 18:19:14,919 - INFO -    Trades vencedores: 0
2025-11-04 18:19:14,919 - INFO -    Win Rate: 0.0%
2025-11-04 18:19:14,919 - INFO -    Lucro diário: 0.00 USDT
2025-11-04 18:19:14,919 - INFO -    Lucro total: 0.00 USDT
2025-11-04 18:19:14,919 - INFO -    Posições abertas: 0
2025-11-04 18:19:14,919 - INFO - ------------------------------------------------------------
2025-11-04 18:19:14,919 - INFO - 🔌 Desconectado da Binance
2025-11-04 18:19:44,343 - INFO - ============================================================
2025-11-04 18:19:44,343 - INFO - INICIANDO CONEXÃO COM BINANCE
2025-11-04 18:19:44,343 - INFO - ============================================================
2025-11-04 18:19:44,343 - INFO - 🧪 Modo: TESTNET (Conta Demo)
2025-11-04 18:19:45,293 - INFO - ⏰ Sincronizando relógio: offset de -9940ms
2025-11-04 18:19:46,010 - INFO - ✅ Status do sistema: normal
2025-11-04 18:19:46,292 - INFO - ------------------------------------------------------------
2025-11-04 18:19:46,292 - INFO - 💰 SALDOS DISPONÍVEIS:
2025-11-04 18:19:46,293 - INFO -    ETH: 0.00010000 (Locked: 0.00000000)
2025-11-04 18:19:46,293 - INFO -    BTC: 0.06917000 (Locked: 0.01088000)
2025-11-04 18:19:46,293 - INFO -    LTC: 4.00000000 (Locked: 0.00000000)
2025-11-04 18:19:46,293 - INFO -    BNB: 0.72400000 (Locked: 0.00000000)
2025-11-04 18:19:46,293 - INFO -    USDT: 125488.39659960 (Locked: 0.00000000)
2025-11-04 18:19:46,293 - INFO -    TRX: 1478.00000000 (Locked: 0.00000000)
2025-11-04 18:19:46,293 - INFO -    XRP: 170.00000000 (Locked: 0.00000000)
2025-11-04 18:19:46,294 - INFO -    NEO: 83.00000000 (Locked: 0.00000000)
2025-11-04 18:19:46,294 - INFO -    QTUM: 226.00000000 (Locked: 0.00000000)
2025-11-04 18:19:46,294 - INFO -    GAS: 166.00000000 (Locked: 0.00000000)
2025-11-04 18:19:46,294 - INFO -    LRC: 5634.00000000 (Locked: 0.00000000)
2025-11-04 18:19:46,294 - INFO -    ZRX: 2034.00000000 (Locked: 0.00000000)
2025-11-04 18:19:46,295 - INFO -    KNC: 1481.00000000 (Locked: 0.00000000)
2025-11-04 18:19:46,295 - INFO -    IOTA: 2888.00000000 (Locked: 0.00000000)
2025-11-04 18:19:46,295 - INFO -    LINK: 3.92000000 (Locked: 0.00000000)
2025-11-04 18:19:46,295 - INFO -    XVG: 18446.00000000 (Locked: 0.00000000)
2025-11-04 18:19:46,295 - INFO -    MTL: 772.00000000 (Locked: 0.00000000)
2025-11-04 18:19:46,296 - INFO -    ETC: 26.00000000 (Locked: 0.00000000)
2025-11-04 18:19:46,296 - INFO -    ZEC: 5.00000000 (Locked: 0.00000000)
2025-11-04 18:19:46,296 - INFO -    DASH: 19.00000000 (Locked: 0.00000000)
2025-11-04 18:19:46,296 - INFO -    REQ: 3963.00000000 (Locked: 0.00000000)
2025-11-04 18:19:46,296 - INFO -    POWR: 3433.00000000 (Locked: 0.00000000)
2025-11-04 18:19:46,296 - INFO -    ENJ: 7888.00000000 (Locked: 0.00000000)
2025-11-04 18:19:46,297 - INFO -    STORJ: 2136.00000000 (Locked: 0.00000000)
2025-11-04 18:19:46,297 - INFO -    BAT: 3430.00000000 (Locked: 0.00000000)
2025-11-04 18:19:46,298 - INFO -    LSK: 1656.00000000 (Locked: 0.00000000)
2025-11-04 18:19:46,298 - INFO -    MANA: 1657.00000000 (Locked: 0.00000000)
2025-11-04 18:19:46,298 - INFO -    ADX: 4834.00000000 (Locked: 0.00000000)
2025-11-04 18:19:46,298 - INFO -    ADA: 0.10000000 (Locked: 0.00000000)
2025-11-04 18:19:46,298 - INFO -    XLM: 1316.00000000 (Locked: 0.00000000)
2025-11-04 18:19:46,298 - INFO -    ICX: 4291.00000000 (Locked: 0.00000000)
2025-11-04 18:19:46,299 - INFO -    RLC: 471.00000000 (Locked: 0.00000000)
2025-11-04 18:19:46,299 - INFO -    PIVX: 3918.00000000 (Locked: 0.00000000)
2025-11-04 18:19:46,299 - INFO -    STEEM: 4134.00000000 (Locked: 0.00000000)
2025-11-04 18:19:46,299 - INFO -    ZIL: 18446.00000000 (Locked: 0.00000000)
2025-11-04 18:19:46,299 - INFO -    ONT: 4044.00000000 (Locked: 0.00000000)
2025-11-04 18:19:46,299 - INFO -    WAN: 5059.00000000 (Locked: 0.00000000)
2025-11-04 18:19:46,299 - INFO -    SYS: 14066.00000000 (Locked: 0.00000000)
2025-11-04 18:19:46,299 - INFO -    TUSD: 10000.00000000 (Locked: 0.00000000)
2025-11-04 18:19:46,299 - INFO -    ZEN: 56.00000000 (Locked: 0.00000000)
2025-11-04 18:19:46,299 - INFO -    THETA: 695.00000000 (Locked: 0.00000000)
2025-11-04 18:19:46,301 - INFO -    IOTX: 18446.00000000 (Locked: 0.00000000)
2025-11-04 18:19:46,301 - INFO -    DATA: 18446.00000000 (Locked: 0.00000000)
2025-11-04 18:19:46,301 - INFO -    SC: 18446.00000000 (Locked: 0.00000000)
2025-11-04 18:19:46,301 - INFO -    DENT: 18446.00000000 (Locked: 0.00000000)
2025-11-04 18:19:46,301 - INFO -    ARDR: 6267.00000000 (Locked: 0.00000000)
2025-11-04 18:19:46,301 - INFO -    HOT: 18446.00000000 (Locked: 0.00000000)
2025-11-04 18:19:46,301 - INFO -    VET: 18446.00000000 (Locked: 0.00000000)
2025-11-04 18:19:46,301 - INFO -    RVN: 18446.00000000 (Locked: 0.00000000)
2025-11-04 18:19:46,303 - INFO -    USDC: 10000.00000000 (Locked: 0.00000000)
2025-11-04 18:19:46,303 - INFO -    ONG: 3271.00000000 (Locked: 0.00000000)
2025-11-04 18:19:46,303 - INFO -    FET: 883.00000000 (Locked: 0.00000000)
2025-11-04 18:19:46,303 - INFO -    IOST: 18446.00000000 (Locked: 0.00000000)
2025-11-04 18:19:46,303 - INFO -    CELR: 18446.00000000 (Locked: 0.00000000)
2025-11-04 18:19:46,304 - INFO -    ATOM: 23.62000000 (Locked: 0.00000000)
2025-11-04 18:19:46,304 - INFO -    PHB: 972.00000000 (Locked: 0.00000000)
2025-11-04 18:19:46,304 - INFO -    TFUEL: 15910.00000000 (Locked: 0.00000000)
2025-11-04 18:19:46,304 - INFO -    ONE: 18446.00000000 (Locked: 0.00000000)
2025-11-04 18:19:46,305 - INFO -    ALGO: 2303.00000000 (Locked: 0.00000000)
2025-11-04 18:19:46,305 - INFO -    DOGE: 2061.00000000 (Locked: 0.00000000)
2025-11-04 18:19:46,305 - INFO -    DUSK: 8899.00000000 (Locked: 0.00000000)
2025-11-04 18:19:46,305 - INFO -    ANKR: 18446.00000000 (Locked: 0.00000000)
2025-11-04 18:19:46,305 - INFO -    WIN: 18446.00000000 (Locked: 0.00000000)
2025-11-04 18:19:46,306 - INFO -    COS: 18446.00000000 (Locked: 0.00000000)
2025-11-04 18:19:46,306 - INFO -    FUN: 18446.00000000 (Locked: 0.00000000)
2025-11-04 18:19:46,306 - INFO -    CVC: 5937.00000000 (Locked: 0.00000000)
2025-11-04 18:19:46,306 - INFO -    CHZ: 11259.00000000 (Locked: 0.00000000)
2025-11-04 18:19:46,306 - INFO -    BAND: 749.00000000 (Locked: 0.00000000)
2025-11-04 18:19:46,307 - INFO -    XTZ: 723.00000000 (Locked: 0.00000000)
2025-11-04 18:19:46,307 - INFO -    HBAR: 2272.00000000 (Locked: 0.00000000)
2025-11-04 18:19:46,307 - INFO -    NKN: 18446.00000000 (Locked: 0.00000000)
2025-11-04 18:19:46,307 - INFO -    STX: 845.00000000 (Locked: 0.00000000)
2025-11-04 18:19:46,307 - INFO -    KAVA: 1538.00000000 (Locked: 0.00000000)
2025-11-04 18:19:46,308 - INFO -    ARPA: 18446.00000000 (Locked: 0.00000000)
2025-11-04 18:19:46,308 - INFO -    BCH: 1.00000000 (Locked: 0.00000000)
2025-11-04 18:19:46,308 - INFO -    FTT: 529.00000000 (Locked: 0.00000000)
2025-11-04 18:19:46,308 - INFO -    TRY: 18466.00000000 (Locked: 0.00000000)
2025-11-04 18:19:46,308 - INFO -    EUR: 426.00000000 (Locked: 0.00000000)
2025-11-04 18:19:46,308 - INFO -    OGN: 8473.00000000 (Locked: 0.00000000)
2025-11-04 18:19:46,308 - INFO -    BNT: 732.00000000 (Locked: 0.00000000)
2025-11-04 18:19:46,309 - INFO -    MBL: 18446.00000000 (Locked: 0.00000000)
2025-11-04 18:19:46,309 - INFO -    COTI: 11181.00000000 (Locked: 0.00000000)
2025-11-04 18:19:46,309 - INFO -    ZAR: 18466.00000000 (Locked: 0.00000000)
2025-11-04 18:19:46,310 - INFO -    SOL: 0.36600000 (Locked: 0.00000000)
2025-11-04 18:19:46,310 - INFO -    CTSI: 6579.00000000 (Locked: 0.00000000)
2025-11-04 18:19:46,310 - INFO -    HIVE: 2711.00000000 (Locked: 0.00000000)
2025-11-04 18:19:46,310 - INFO -    CHR: 5945.00000000 (Locked: 0.00000000)
2025-11-04 18:19:46,310 - INFO -    MDT: 18446.00000000 (Locked: 0.00000000)
2025-11-04 18:19:46,310 - INFO -    UAH: 18466.00000000 (Locked: 0.00000000)
2025-11-04 18:19:46,311 - INFO -    COMP: 11.00000000 (Locked: 0.00000000)
2025-11-04 18:19:46,311 - INFO -    SXP: 3132.00000000 (Locked: 0.00000000)
2025-11-04 18:19:46,311 - INFO -    SNX: 454.00000000 (Locked: 0.00000000)
2025-11-04 18:19:46,311 - INFO -    VTHO: 18446.00000000 (Locked: 0.00000000)
2025-11-04 18:19:46,311 - INFO -    DGB: 18446.00000000 (Locked: 0.00000000)
2025-11-04 18:19:46,312 - INFO -    RUNE: 420.00000000 (Locked: 0.00000000)
2025-11-04 18:19:46,312 - INFO -    DCR: 29.00000000 (Locked: 0.00000000)
2025-11-04 18:19:46,312 - INFO -    AVA: 983.00000000 (Locked: 0.00000000)
2025-11-04 18:19:46,312 - INFO -    YFI: 1.00000000 (Locked: 0.00000000)
2025-11-04 18:19:46,312 - INFO -    DAI: 10000.00000000 (Locked: 0.00000000)
2025-11-04 18:19:46,313 - INFO -    JST: 15391.00000000 (Locked: 0.00000000)
2025-11-04 18:19:46,313 - INFO -    CRV: 690.00000000 (Locked: 0.00000000)
2025-11-04 18:19:46,314 - INFO -    SAND: 1813.00000000 (Locked: 0.00000000)
2025-11-04 18:19:46,314 - INFO -    NMR: 29.00000000 (Locked: 0.00000000)
2025-11-04 18:19:46,314 - INFO -    DOT: 0.01000000 (Locked: 0.00000000)
2025-11-04 18:19:46,314 - INFO -    LUNA: 3535.00000000 (Locked: 0.00000000)
2025-11-04 18:19:46,314 - INFO -    RSR: 18446.00000000 (Locked: 0.00000000)
2025-11-04 18:19:46,314 - INFO -    PAXG: 1.00000000 (Locked: 0.00000000)
2025-11-04 18:19:46,314 - INFO -    TRB: 15.00000000 (Locked: 0.00000000)
2025-11-04 18:19:46,314 - INFO -    WBTC: 1.00000000 (Locked: 0.00000000)
2025-11-04 18:19:46,314 - INFO -    SUSHI: 721.00000000 (Locked: 0.00000000)
2025-11-04 18:19:46,314 - INFO -    KSM: 34.00000000 (Locked: 0.00000000)
2025-11-04 18:19:46,317 - INFO -    EGLD: 37.00000000 (Locked: 0.00000000)
2025-11-04 18:19:46,317 - INFO -    DIA: 863.00000000 (Locked: 0.00000000)
2025-11-04 18:19:46,317 - INFO -    FIO: 18446.00000000 (Locked: 0.00000000)
2025-11-04 18:19:46,317 - INFO -    UMA: 409.00000000 (Locked: 0.00000000)
2025-11-04 18:19:46,317 - INFO -    BEL: 2085.00000000 (Locked: 0.00000000)
2025-11-04 18:19:46,317 - INFO -    UNI: 63.00000000 (Locked: 0.00000000)
2025-11-04 18:19:46,317 - INFO -    OXT: 10401.00000000 (Locked: 0.00000000)
2025-11-04 18:19:46,317 - INFO -    SUN: 18446.00000000 (Locked: 0.00000000)
2025-11-04 18:19:46,318 - INFO -    AVAX: 16.00000000 (Locked: 0.00000000)
2025-11-04 18:19:46,318 - INFO -    FLM: 18446.00000000 (Locked: 0.00000000)
2025-11-04 18:19:46,318 - INFO -    SCRT: 3144.00000000 (Locked: 0.00000000)
2025-11-04 18:19:46,318 - INFO -    CAKE: 192.00000000 (Locked: 0.00000000)
2025-11-04 18:19:46,319 - INFO -    UTK: 18446.00000000 (Locked: 0.00000000)
2025-11-04 18:19:46,319 - INFO -    XVS: 83.00000000 (Locked: 0.00000000)
2025-11-04 18:19:46,319 - INFO -    BRL: 97.00000000 (Locked: 0.00000000)
2025-11-04 18:19:46,319 - INFO -    AAVE: 1.00000000 (Locked: 0.00000000)
2025-11-04 18:19:46,319 - INFO -    NEAR: 178.00000000 (Locked: 0.00000000)
2025-11-04 18:19:46,320 - INFO -    FIL: 221.00000000 (Locked: 0.00000000)
2025-11-04 18:19:46,320 - INFO -    INJ: 40.00000000 (Locked: 0.00000000)
2025-11-04 18:19:46,320 - INFO -    AUDIO: 9139.00000000 (Locked: 0.00000000)
2025-11-04 18:19:46,320 - INFO -    CTK: 1481.00000000 (Locked: 0.00000000)
2025-11-04 18:19:46,320 - INFO -    AXS: 228.00000000 (Locked: 0.00000000)
2025-11-04 18:19:46,321 - INFO -    SLP: 18446.00000000 (Locked: 0.00000000)
2025-11-04 18:19:46,321 - INFO -    STRAX: 13000.00000000 (Locked: 0.00000000)
2025-11-04 18:19:46,321 - INFO -    ROSE: 18446.00000000 (Locked: 0.00000000)
2025-11-04 18:19:46,321 - INFO -    SKL: 18446.00000000 (Locked: 0.00000000)
2025-11-04 18:19:46,321 - INFO -    GLM: 2243.00000000 (Locked: 0.00000000)
2025-11-04 18:19:46,321 - INFO -    GRT: 5950.00000000 (Locked: 0.00000000)
2025-11-04 18:19:46,321 - INFO -    JUV: 456.00000000 (Locked: 0.00000000)
2025-11-04 18:19:46,322 - INFO -    PSG: 318.00000000 (Locked: 0.00000000)
2025-11-04 18:19:46,322 - INFO -    1INCH: 1916.00000000 (Locked: 0.00000000)
2025-11-04 18:19:46,322 - INFO -    OG: 31.00000000 (Locked: 0.00000000)
2025-11-04 18:19:46,322 - INFO -    ATM: 349.00000000 (Locked: 0.00000000)
2025-11-04 18:19:46,322 - INFO -    ASR: 221.00000000 (Locked: 0.00000000)
2025-11-04 18:19:46,323 - INFO -    CELO: 1956.00000000 (Locked: 0.00000000)
2025-11-04 18:19:46,323 - INFO -    RIF: 8761.00000000 (Locked: 0.00000000)
2025-11-04 18:19:46,323 - INFO -    TRU: 17544.00000000 (Locked: 0.00000000)
2025-11-04 18:19:46,323 - INFO -    CKB: 18446.00000000 (Locked: 0.00000000)
2025-11-04 18:19:46,324 - INFO -    TWT: 392.00000000 (Locked: 0.00000000)
2025-11-04 18:19:46,324 - INFO -    SFP: 990.00000000 (Locked: 0.00000000)
2025-11-04 18:19:46,324 - INFO -    DODO: 11198.00000000 (Locked: 0.00000000)
2025-11-04 18:19:46,325 - INFO -    ACM: 577.00000000 (Locked: 0.00000000)
2025-11-04 18:19:46,325 - INFO -    AUCTION: 58.00000000 (Locked: 0.00000000)
2025-11-04 18:19:46,325 - INFO -    PHA: 5268.00000000 (Locked: 0.00000000)
2025-11-04 18:19:46,325 - INFO -    FIS: 5932.00000000 (Locked: 0.00000000)
2025-11-04 18:19:46,325 - INFO -    OM: 2931.00000000 (Locked: 0.00000000)
2025-11-04 18:19:46,326 - INFO -    POND: 18446.00000000 (Locked: 0.00000000)
2025-11-04 18:19:46,326 - INFO -    DEGO: 461.00000000 (Locked: 0.00000000)
2025-11-04 18:19:46,327 - INFO -    ALICE: 1647.00000000 (Locked: 0.00000000)
2025-11-04 18:19:46,327 - INFO -    PERP: 1721.00000000 (Locked: 0.00000000)
2025-11-04 18:19:46,327 - INFO -    SUPER: 836.00000000 (Locked: 0.00000000)
2025-11-04 18:19:46,327 - INFO -    CFX: 3397.00000000 (Locked: 0.00000000)
2025-11-04 18:19:46,327 - INFO -    TKO: 2797.00000000 (Locked: 0.00000000)
2025-11-04 18:19:46,327 - INFO -    PUNDIX: 1567.00000000 (Locked: 0.00000000)
2025-11-04 18:19:46,327 - INFO -    TLM: 18446.00000000 (Locked: 0.00000000)
2025-11-04 18:19:46,327 - INFO -    BAR: 481.00000000 (Locked: 0.00000000)
2025-11-04 18:19:46,327 - INFO -    FORTH: 190.00000000 (Locked: 0.00000000)
2025-11-04 18:19:46,327 - INFO -    SHIB: 18446.00000000 (Locked: 0.00000000)
2025-11-04 18:19:46,327 - INFO -    ICP: 114.00000000 (Locked: 0.00000000)
2025-11-04 18:19:46,327 - INFO -    AR: 85.00000000 (Locked: 0.00000000)
2025-11-04 18:19:46,327 - INFO -    MASK: 397.00000000 (Locked: 0.00000000)
2025-11-04 18:19:46,327 - INFO -    LPT: 79.00000000 (Locked: 0.00000000)
2025-11-04 18:19:46,327 - INFO -    ATA: 12515.00000000 (Locked: 0.00000000)
2025-11-04 18:19:46,327 - INFO -    GTC: 1869.00000000 (Locked: 0.00000000)
2025-11-04 18:19:46,327 - INFO -    MLN: 65.00000000 (Locked: 0.00000000)
2025-11-04 18:19:46,327 - INFO -    DEXE: 53.00000000 (Locked: 0.00000000)
2025-11-04 18:19:46,327 - INFO -    C98: 10478.00000000 (Locked: 0.00000000)
2025-11-04 18:19:46,327 - INFO -    QNT: 4.00000000 (Locked: 0.00000000)
2025-11-04 18:19:46,327 - INFO -    FLOW: 1374.00000000 (Locked: 0.00000000)
2025-11-04 18:19:46,327 - INFO -    MINA: 3166.00000000 (Locked: 0.00000000)
2025-11-04 18:19:46,327 - INFO -    RAY: 178.00000000 (Locked: 0.00000000)
2025-11-04 18:19:46,327 - INFO -    FARM: 18.00000000 (Locked: 0.00000000)
2025-11-04 18:19:46,327 - INFO -    QUICK: 18446.00000000 (Locked: 0.00000000)
2025-11-04 18:19:46,327 - INFO -    MBOX: 8891.00000000 (Locked: 0.00000000)
2025-11-04 18:19:46,327 - INFO -    GHST: 1206.00000000 (Locked: 0.00000000)
2025-11-04 18:19:46,327 - INFO -    WAXP: 18446.00000000 (Locked: 0.00000000)
2025-11-04 18:19:46,327 - INFO -    GNO: 3.00000000 (Locked: 0.00000000)
2025-11-04 18:19:46,327 - INFO -    XEC: 18446.00000000 (Locked: 0.00000000)
2025-11-04 18:19:46,327 - INFO -    DYDX: 825.00000000 (Locked: 0.00000000)
2025-11-04 18:19:46,327 - INFO -    IDEX: 18446.00000000 (Locked: 0.00000000)
2025-11-04 18:19:46,327 - INFO -    USDP: 500.00000000 (Locked: 0.00000000)
2025-11-04 18:19:46,327 - INFO -    GALA: 18446.00000000 (Locked: 0.00000000)
2025-11-04 18:19:46,327 - INFO -    ILV: 37.00000000 (Locked: 0.00000000)
2025-11-04 18:19:46,334 - INFO -    YGG: 2986.00000000 (Locked: 0.00000000)
2025-11-04 18:19:46,334 - INFO -    DF: 18446.00000000 (Locked: 0.00000000)
2025-11-04 18:19:46,334 - INFO -    FIDA: 6132.00000000 (Locked: 0.00000000)
2025-11-04 18:19:46,335 - INFO -    AGLD: 900.00000000 (Locked: 0.00000000)
2025-11-04 18:19:46,335 - INFO -    RAD: 794.00000000 (Locked: 0.00000000)
2025-11-04 18:19:46,335 - INFO -    RARE: 9735.00000000 (Locked: 0.00000000)
2025-11-04 18:19:46,335 - INFO -    SSV: 64.00000000 (Locked: 0.00000000)
2025-11-04 18:19:46,336 - INFO -    LAZIO: 491.00000000 (Locked: 0.00000000)
2025-11-04 18:19:46,336 - INFO -    CHESS: 8214.00000000 (Locked: 0.00000000)
2025-11-04 18:19:46,336 - INFO -    MOVR: 90.00000000 (Locked: 0.00000000)
2025-11-04 18:19:46,337 - INFO -    CITY: 503.00000000 (Locked: 0.00000000)
2025-11-04 18:19:46,337 - INFO -    ENS: 24.00000000 (Locked: 0.00000000)
2025-11-04 18:19:46,337 - INFO -    QI: 18446.00000000 (Locked: 0.00000000)
2025-11-04 18:19:46,338 - INFO -    PORTO: 461.00000000 (Locked: 0.00000000)
2025-11-04 18:19:46,338 - INFO -    JASMY: 18446.00000000 (Locked: 0.00000000)
2025-11-04 18:19:46,338 - INFO -    AMP: 18446.00000000 (Locked: 0.00000000)
2025-11-04 18:19:46,338 - INFO -    PYR: 507.00000000 (Locked: 0.00000000)
2025-11-04 18:19:46,338 - INFO -    ALCX: 58.00000000 (Locked: 0.00000000)
2025-11-04 18:19:46,338 - INFO -    SANTOS: 251.00000000 (Locked: 0.00000000)
2025-11-04 18:19:46,338 - INFO -    BICO: 5322.00000000 (Locked: 0.00000000)
2025-11-04 18:19:46,338 - INFO -    FLUX: 2599.00000000 (Locked: 0.00000000)
2025-11-04 18:19:46,338 - INFO -    FXS: 224.00000000 (Locked: 0.00000000)
2025-11-04 18:19:46,338 - INFO -    VOXEL: 10062.00000000 (Locked: 0.00000000)
2025-11-04 18:19:46,338 - INFO -    HIGH: 1043.00000000 (Locked: 0.00000000)
2025-11-04 18:19:46,338 - INFO -    CVX: 149.00000000 (Locked: 0.00000000)
2025-11-04 18:19:46,341 - INFO -    PEOPLE: 18446.00000000 (Locked: 0.00000000)
2025-11-04 18:19:46,341 - INFO -    SPELL: 18446.00000000 (Locked: 0.00000000)
2025-11-04 18:19:46,342 - INFO -    JOE: 2983.00000000 (Locked: 0.00000000)
2025-11-04 18:19:46,342 - INFO -    ACH: 18446.00000000 (Locked: 0.00000000)
2025-11-04 18:19:46,342 - INFO -    IMX: 695.00000000 (Locked: 0.00000000)
2025-11-04 18:19:46,342 - INFO -    GLMR: 8489.00000000 (Locked: 0.00000000)
2025-11-04 18:19:46,343 - INFO -    API3: 636.00000000 (Locked: 0.00000000)
2025-11-04 18:19:46,343 - INFO -    BTTC: 18446.00000000 (Locked: 0.00000000)
2025-11-04 18:19:46,343 - INFO -    ACA: 18446.00000000 (Locked: 0.00000000)
2025-11-04 18:19:46,344 - INFO -    XNO: 610.00000000 (Locked: 0.00000000)
2025-11-04 18:19:46,344 - INFO -    WOO: 7642.00000000 (Locked: 0.00000000)
2025-11-04 18:19:46,344 - INFO -    ALPINE: 268.00000000 (Locked: 0.00000000)
2025-11-04 18:19:46,345 - INFO -    T: 18446.00000000 (Locked: 0.00000000)
2025-11-04 18:19:46,345 - INFO -    ASTR: 18446.00000000 (Locked: 0.00000000)
2025-11-04 18:19:46,346 - INFO -    GMT: 12690.00000000 (Locked: 0.00000000)
2025-11-04 18:19:46,346 - INFO -    KDA: 1364.00000000 (Locked: 0.00000000)
2025-11-04 18:19:46,346 - INFO -    APE: 913.00000000 (Locked: 0.00000000)
2025-11-04 18:19:46,346 - INFO -    BIFI: 2.00000000 (Locked: 0.00000000)
2025-11-04 18:19:46,347 - INFO -    NEXO: 400.00000000 (Locked: 0.00000000)
2025-11-04 18:19:46,347 - INFO -    REI: 18446.00000000 (Locked: 0.00000000)
2025-11-04 18:19:46,347 - INFO -    LDO: 434.00000000 (Locked: 0.00000000)
2025-11-04 18:19:46,348 - INFO -    OP: 724.00000000 (Locked: 0.00000000)
2025-11-04 18:19:46,348 - INFO -    STG: 2839.00000000 (Locked: 0.00000000)
2025-11-04 18:19:46,348 - INFO -    LUNC: 18446.00000000 (Locked: 0.00000000)
2025-11-04 18:19:46,348 - INFO -    GMX: 32.00000000 (Locked: 0.00000000)
2025-11-04 18:19:46,348 - INFO -    POLYX: 4228.00000000 (Locked: 0.00000000)
2025-11-04 18:19:46,349 - INFO -    APT: 109.00000000 (Locked: 0.00000000)
2025-11-04 18:19:46,349 - INFO -    PLN: 18466.00000000 (Locked: 0.00000000)
2025-11-04 18:19:46,349 - INFO -    OSMO: 3553.00000000 (Locked: 0.00000000)
2025-11-04 18:19:46,349 - INFO -    HFT: 6588.00000000 (Locked: 0.00000000)
2025-11-04 18:19:46,350 - INFO -    HOOK: 5356.00000000 (Locked: 0.00000000)
2025-11-04 18:19:46,350 - INFO -    MAGIC: 2830.00000000 (Locked: 0.00000000)
2025-11-04 18:19:46,350 - INFO -    RPL: 102.00000000 (Locked: 0.00000000)
2025-11-04 18:19:46,350 - INFO -    RON: 18466.00000000 (Locked: 0.00000000)
2025-11-04 18:19:46,350 - INFO -    GNS: 267.00000000 (Locked: 0.00000000)
2025-11-04 18:19:46,351 - INFO -    SYN: 4282.00000000 (Locked: 0.00000000)
2025-11-04 18:19:46,351 - INFO -    LQTY: 695.00000000 (Locked: 0.00000000)
2025-11-04 18:19:46,351 - INFO -    USTC: 18446.00000000 (Locked: 0.00000000)
2025-11-04 18:19:46,351 - INFO -    PROM: 50.00000000 (Locked: 0.00000000)
2025-11-04 18:19:46,351 - INFO -    QKC: 18446.00000000 (Locked: 0.00000000)
2025-11-04 18:19:46,351 - INFO -    ID: 3304.00000000 (Locked: 0.00000000)
2025-11-04 18:19:46,351 - INFO -    ARB: 1141.00000000 (Locked: 0.00000000)
2025-11-04 18:19:46,351 - INFO -    RDNT: 18446.00000000 (Locked: 0.00000000)
2025-11-04 18:19:46,351 - INFO -    ARS: 18466.00000000 (Locked: 0.00000000)
2025-11-04 18:19:46,351 - INFO -    EDU: 3781.00000000 (Locked: 0.00000000)
2025-11-04 18:19:46,353 - INFO -    SUI: 147.00000000 (Locked: 0.00000000)
2025-11-04 18:19:46,353 - INFO -    PEPE: 18446.00000000 (Locked: 0.00000000)
2025-11-04 18:19:46,353 - INFO -    FLOKI: 18446.00000000 (Locked: 0.00000000)
2025-11-04 18:19:46,353 - INFO -    WBETH: 1.00000000 (Locked: 0.00000000)
2025-11-04 18:19:46,354 - INFO -    MAV: 8049.00000000 (Locked: 0.00000000)
2025-11-04 18:19:46,354 - INFO -    PENDLE: 106.00000000 (Locked: 0.00000000)
2025-11-04 18:19:46,354 - INFO -    ARKM: 957.00000000 (Locked: 0.00000000)
2025-11-04 18:19:46,354 - INFO -    WLD: 384.00000000 (Locked: 0.00000000)
2025-11-04 18:19:46,354 - INFO -    FDUSD: 10000.00000000 (Locked: 0.00000000)
2025-11-04 18:19:46,354 - INFO -    SEI: 1737.00000000 (Locked: 0.00000000)
2025-11-04 18:19:46,355 - INFO -    CYBER: 319.00000000 (Locked: 0.00000000)
2025-11-04 18:19:46,355 - INFO -    ARK: 1158.00000000 (Locked: 0.00000000)
2025-11-04 18:19:46,355 - INFO -    IQ: 18446.00000000 (Locked: 0.00000000)
2025-11-04 18:19:46,355 - INFO -    NTRN: 6227.00000000 (Locked: 0.00000000)
2025-11-04 18:19:46,355 - INFO -    TIA: 349.00000000 (Locked: 0.00000000)
2025-11-04 18:19:46,355 - INFO -    MEME: 18446.00000000 (Locked: 0.00000000)
2025-11-04 18:19:46,355 - INFO -    ORDI: 61.00000000 (Locked: 0.00000000)
2025-11-04 18:19:46,356 - INFO -    BEAMX: 18446.00000000 (Locked: 0.00000000)
2025-11-04 18:19:46,356 - INFO -    VIC: 2401.00000000 (Locked: 0.00000000)
2025-11-04 18:19:46,356 - INFO -    BLUR: 6510.00000000 (Locked: 0.00000000)
2025-11-04 18:19:46,356 - INFO -    VANRY: 18446.00000000 (Locked: 0.00000000)
2025-11-04 18:19:46,357 - INFO -    AEUR: 461.00000000 (Locked: 0.00000000)
2025-11-04 18:19:46,357 - INFO -    JTO: 307.00000000 (Locked: 0.00000000)
2025-11-04 18:19:46,357 - INFO -    1000SATS: 18446.00000000 (Locked: 0.00000000)
2025-11-04 18:19:46,357 - INFO -    BONK: 18446.00000000 (Locked: 0.00000000)
2025-11-04 18:19:46,357 - INFO -    ACE: 1082.00000000 (Locked: 0.00000000)
2025-11-04 18:19:46,357 - INFO -    NFP: 8335.00000000 (Locked: 0.00000000)
2025-11-04 18:19:46,359 - INFO -    AI: 4132.00000000 (Locked: 0.00000000)
2025-11-04 18:19:46,359 - INFO -    XAI: 12078.00000000 (Locked: 0.00000000)
2025-11-04 18:19:46,359 - INFO -    MANTA: 2716.00000000 (Locked: 0.00000000)
2025-11-04 18:19:46,359 - INFO -    ALT: 18138.00000000 (Locked: 0.00000000)
2025-11-04 18:19:46,360 - INFO -    JUP: 1107.00000000 (Locked: 0.00000000)
2025-11-04 18:19:46,360 - INFO -    PYTH: 3268.00000000 (Locked: 0.00000000)
2025-11-04 18:19:46,360 - INFO -    RONIN: 1067.00000000 (Locked: 0.00000000)
2025-11-04 18:19:46,361 - INFO -    DYM: 2733.00000000 (Locked: 0.00000000)
2025-11-04 18:19:46,361 - INFO -    PIXEL: 17992.00000000 (Locked: 0.00000000)
2025-11-04 18:19:46,361 - INFO -    STRK: 3404.00000000 (Locked: 0.00000000)
2025-11-04 18:19:46,361 - INFO -    PORTAL: 13481.00000000 (Locked: 0.00000000)
2025-11-04 18:19:46,361 - INFO -    AXL: 1727.00000000 (Locked: 0.00000000)
2025-11-04 18:19:46,361 - INFO -    WIF: 669.00000000 (Locked: 0.00000000)
2025-11-04 18:19:46,361 - INFO -    METIS: 37.00000000 (Locked: 0.00000000)
2025-11-04 18:19:46,361 - INFO -    JPY: 18466.00000000 (Locked: 0.00000000)
2025-11-04 18:19:46,361 - INFO -    AEVO: 4361.00000000 (Locked: 0.00000000)
2025-11-04 18:19:46,363 - INFO -    BOME: 18446.00000000 (Locked: 0.00000000)
2025-11-04 18:19:46,363 - INFO -    ETHFI: 344.00000000 (Locked: 0.00000000)
2025-11-04 18:19:46,363 - INFO -    ENA: 846.00000000 (Locked: 0.00000000)
2025-11-04 18:19:46,363 - INFO -    W: 4762.00000000 (Locked: 0.00000000)
2025-11-04 18:19:46,364 - INFO -    TNSR: 5027.00000000 (Locked: 0.00000000)
2025-11-04 18:19:46,364 - INFO -    SAGA: 2340.00000000 (Locked: 0.00000000)
2025-11-04 18:19:46,364 - INFO -    MXN: 18466.00000000 (Locked: 0.00000000)
2025-11-04 18:19:46,364 - INFO -    TAO: 1.00000000 (Locked: 0.00000000)
2025-11-04 18:19:46,364 - INFO -    REZ: 18446.00000000 (Locked: 0.00000000)
2025-11-04 18:19:46,365 - INFO -    BB: 2648.00000000 (Locked: 0.00000000)
2025-11-04 18:19:46,365 - INFO -    NOT: 18446.00000000 (Locked: 0.00000000)
2025-11-04 18:19:46,365 - INFO -    COP: 18466.00000000 (Locked: 0.00000000)
2025-11-04 18:19:46,365 - INFO -    IO: 903.00000000 (Locked: 0.00000000)
2025-11-04 18:19:46,365 - INFO -    ZK: 9401.00000000 (Locked: 0.00000000)
2025-11-04 18:19:46,365 - INFO -    LISTA: 1728.00000000 (Locked: 0.00000000)
2025-11-04 18:19:46,365 - INFO -    ZRO: 246.00000000 (Locked: 0.00000000)
2025-11-04 18:19:46,367 - INFO -    G: 18446.00000000 (Locked: 0.00000000)
2025-11-04 18:19:46,367 - INFO -    BANANA: 30.00000000 (Locked: 0.00000000)
2025-11-04 18:19:46,367 - INFO -    RENDER: 143.00000000 (Locked: 0.00000000)
2025-11-04 18:19:46,367 - INFO -    TON: 182.00000000 (Locked: 0.00000000)
2025-11-04 18:19:46,367 - INFO -    DOGS: 18446.00000000 (Locked: 0.00000000)
2025-11-04 18:19:46,367 - INFO -    EURI: 426.00000000 (Locked: 0.00000000)
2025-11-04 18:19:46,368 - INFO -    POL: 2144.00000000 (Locked: 0.00000000)
2025-11-04 18:19:46,368 - INFO -    NEIRO: 18446.00000000 (Locked: 0.00000000)
2025-11-04 18:19:46,368 - INFO -    TURBO: 18446.00000000 (Locked: 0.00000000)
2025-11-04 18:19:46,368 - INFO -    1MBABYDOGE: 18446.00000000 (Locked: 0.00000000)
2025-11-04 18:19:46,368 - INFO -    CATI: 5903.00000000 (Locked: 0.00000000)
2025-11-04 18:19:46,368 - INFO -    HMSTR: 18446.00000000 (Locked: 0.00000000)
2025-11-04 18:19:46,368 - INFO -    EIGEN: 337.00000000 (Locked: 0.00000000)
2025-11-04 18:19:46,368 - INFO -    BNSOL: 2.00000000 (Locked: 0.00000000)
2025-11-04 18:19:46,368 - INFO -    SCR: 1752.00000000 (Locked: 0.00000000)
2025-11-04 18:19:46,368 - INFO -    LUMIA: 1718.00000000 (Locked: 0.00000000)
2025-11-04 18:19:46,368 - INFO -    KAIA: 3261.00000000 (Locked: 0.00000000)
2025-11-04 18:19:46,368 - INFO -    COW: 1851.00000000 (Locked: 0.00000000)
2025-11-04 18:19:46,368 - INFO -    CETUS: 6362.00000000 (Locked: 0.00000000)
2025-11-04 18:19:46,368 - INFO -    PNUT: 2366.00000000 (Locked: 0.00000000)
2025-11-04 18:19:46,368 - INFO -    ACT: 15239.00000000 (Locked: 0.00000000)
2025-11-04 18:19:46,368 - INFO -    USUAL: 9470.00000000 (Locked: 0.00000000)
2025-11-04 18:19:46,368 - INFO -    THE: 1181.00000000 (Locked: 0.00000000)
2025-11-04 18:19:46,368 - INFO -    ACX: 4343.00000000 (Locked: 0.00000000)
2025-11-04 18:19:46,368 - INFO -    ORCA: 251.00000000 (Locked: 0.00000000)
2025-11-04 18:19:46,368 - INFO -    MOVE: 4669.00000000 (Locked: 0.00000000)
2025-11-04 18:19:46,368 - INFO -    ME: 833.00000000 (Locked: 0.00000000)
2025-11-04 18:19:46,368 - INFO -    VELODROME: 11184.00000000 (Locked: 0.00000000)
2025-11-04 18:19:46,368 - INFO -    VANA: 129.00000000 (Locked: 0.00000000)
2025-11-04 18:19:46,373 - INFO -    1000CAT: 18446.00000000 (Locked: 0.00000000)
2025-11-04 18:19:46,373 - INFO -    PENGU: 16493.00000000 (Locked: 0.00000000)
2025-11-04 18:19:46,373 - INFO -    BIO: 3588.00000000 (Locked: 0.00000000)
2025-11-04 18:19:46,373 - INFO -    D: 16292.00000000 (Locked: 0.00000000)
2025-11-04 18:19:46,374 - INFO -    AIXBT: 5294.00000000 (Locked: 0.00000000)
2025-11-04 18:19:46,374 - INFO -    CGPT: 6228.00000000 (Locked: 0.00000000)
2025-11-04 18:19:46,374 - INFO -    COOKIE: 4552.00000000 (Locked: 0.00000000)
2025-11-04 18:19:46,374 - INFO -    S: 1782.00000000 (Locked: 0.00000000)
2025-11-04 18:19:46,375 - INFO -    SOLV: 11760.00000000 (Locked: 0.00000000)
2025-11-04 18:19:46,375 - INFO -    TRUMP: 66.00000000 (Locked: 0.00000000)
2025-11-04 18:19:46,375 - INFO -    ANIME: 18446.00000000 (Locked: 0.00000000)
2025-11-04 18:19:46,375 - INFO -    BERA: 177.00000000 (Locked: 0.00000000)
2025-11-04 18:19:46,376 - INFO -    1000CHEEMS: 18446.00000000 (Locked: 0.00000000)
2025-11-04 18:19:46,376 - INFO -    TST: 16238.00000000 (Locked: 0.00000000)
2025-11-04 18:19:46,376 - INFO -    LAYER: 1212.00000000 (Locked: 0.00000000)
2025-11-04 18:19:46,377 - INFO -    HEI: 1503.00000000 (Locked: 0.00000000)
2025-11-04 18:19:46,377 - INFO -    KAITO: 349.00000000 (Locked: 0.00000000)
2025-11-04 18:19:46,377 - INFO -    SHELL: 4269.00000000 (Locked: 0.00000000)
2025-11-04 18:19:46,377 - INFO -    RED: 1152.00000000 (Locked: 0.00000000)
2025-11-04 18:19:46,377 - INFO -    GPS: 18446.00000000 (Locked: 0.00000000)
2025-11-04 18:19:46,377 - INFO -    EPIC: 285.00000000 (Locked: 0.00000000)
2025-11-04 18:19:46,377 - INFO -    BMT: 8536.00000000 (Locked: 0.00000000)
2025-11-04 18:19:46,377 - INFO -    FORM: 482.00000000 (Locked: 0.00000000)
2025-11-04 18:19:46,377 - INFO -    XUSD: 500.00000000 (Locked: 0.00000000)
2025-11-04 18:19:46,377 - INFO -    CZK: 18466.00000000 (Locked: 0.00000000)
2025-11-04 18:19:46,377 - INFO -    NIL: 1768.00000000 (Locked: 0.00000000)
2025-11-04 18:19:46,377 - INFO -    PARTI: 4072.00000000 (Locked: 0.00000000)
2025-11-04 18:19:46,377 - INFO -    MUBARAK: 16620.00000000 (Locked: 0.00000000)
2025-11-04 18:19:46,377 - INFO -    TUT: 6008.00000000 (Locked: 0.00000000)
2025-11-04 18:19:46,377 - INFO -    BROCCOLI714: 18424.00000000 (Locked: 0.00000000)
2025-11-04 18:19:46,377 - INFO -    BANANAS31: 18446.00000000 (Locked: 0.00000000)
2025-11-04 18:19:46,377 - INFO -    GUN: 18446.00000000 (Locked: 0.00000000)
2025-11-04 18:19:46,377 - INFO -    BABY: 9815.00000000 (Locked: 0.00000000)
2025-11-04 18:19:46,377 - INFO -    ONDO: 544.00000000 (Locked: 0.00000000)
2025-11-04 18:19:46,377 - INFO -    BIGTIME: 10274.00000000 (Locked: 0.00000000)
2025-11-04 18:19:46,377 - INFO -    VIRTUAL: 459.00000000 (Locked: 0.00000000)
2025-11-04 18:19:46,377 - INFO -    KERNEL: 2590.00000000 (Locked: 0.00000000)
2025-11-04 18:19:46,377 - INFO -    WCT: 1986.00000000 (Locked: 0.00000000)
2025-11-04 18:19:46,382 - INFO -    HYPER: 1966.00000000 (Locked: 0.00000000)
2025-11-04 18:19:46,382 - INFO -    INIT: 1544.00000000 (Locked: 0.00000000)
2025-11-04 18:19:46,382 - INFO -    SIGN: 7590.00000000 (Locked: 0.00000000)
2025-11-04 18:19:46,382 - INFO -    STO: 5744.00000000 (Locked: 0.00000000)
2025-11-04 18:19:46,384 - INFO -    SYRUP: 1287.00000000 (Locked: 0.00000000)
2025-11-04 18:19:46,384 - INFO -    KMNO: 6786.00000000 (Locked: 0.00000000)
2025-11-04 18:19:46,384 - INFO -    SXT: 7299.00000000 (Locked: 0.00000000)
2025-11-04 18:19:46,384 - INFO -    NXPC: 983.00000000 (Locked: 0.00000000)
2025-11-04 18:19:46,384 - INFO -    AWE: 4136.00000000 (Locked: 0.00000000)
2025-11-04 18:19:46,384 - INFO -    HAEDAL: 3768.00000000 (Locked: 0.00000000)
2025-11-04 18:19:46,384 - INFO -    USD1: 500.00000000 (Locked: 0.00000000)
2025-11-04 18:19:46,385 - INFO -    HUMA: 14801.00000000 (Locked: 0.00000000)
2025-11-04 18:19:46,385 - INFO -    A: 1233.00000000 (Locked: 0.00000000)
2025-11-04 18:19:46,385 - INFO -    SOPH: 17673.00000000 (Locked: 0.00000000)
2025-11-04 18:19:46,385 - INFO -    RESOLV: 4689.00000000 (Locked: 0.00000000)
2025-11-04 18:19:46,385 - INFO -    HOME: 16312.00000000 (Locked: 0.00000000)
2025-11-04 18:19:46,386 - INFO -    SPK: 9828.00000000 (Locked: 0.00000000)
2025-11-04 18:19:46,386 - INFO -    NEWT: 2473.00000000 (Locked: 0.00000000)
2025-11-04 18:19:46,386 - INFO -    SAHARA: 6342.00000000 (Locked: 0.00000000)
2025-11-04 18:19:46,386 - INFO -    LA: 1389.00000000 (Locked: 0.00000000)
2025-11-04 18:19:46,386 - INFO -    ERA: 943.00000000 (Locked: 0.00000000)
2025-11-04 18:19:46,387 - INFO -    C: 2790.00000000 (Locked: 0.00000000)
2025-11-04 18:19:46,387 - INFO -    TREE: 1872.00000000 (Locked: 0.00000000)
2025-11-04 18:19:46,387 - INFO -    A2Z: 18446.00000000 (Locked: 0.00000000)
2025-11-04 18:19:46,388 - INFO -    TOWNS: 18446.00000000 (Locked: 0.00000000)
2025-11-04 18:19:46,388 - INFO -    PROVE: 719.00000000 (Locked: 0.00000000)
2025-11-04 18:19:46,388 - INFO -    BFUSD: 500.00000000 (Locked: 0.00000000)
2025-11-04 18:19:46,388 - INFO -    PLUME: 5036.00000000 (Locked: 0.00000000)
2025-11-04 18:19:46,389 - INFO -    DOLO: 4856.00000000 (Locked: 0.00000000)
2025-11-04 18:19:46,389 - INFO -    MITO: 3495.00000000 (Locked: 0.00000000)
2025-11-04 18:19:46,389 - INFO -    WLFI: 2492.00000000 (Locked: 0.00000000)
2025-11-04 18:19:46,389 - INFO -    SOMI: 596.00000000 (Locked: 0.00000000)
2025-11-04 18:19:46,389 - INFO -    OPEN: 1106.00000000 (Locked: 0.00000000)
2025-11-04 18:19:46,389 - INFO -    USDE: 499.00000000 (Locked: 0.00000000)
2025-11-04 18:19:46,389 - INFO -    LINEA: 18446.00000000 (Locked: 0.00000000)
2025-11-04 18:19:46,389 - INFO -    HOLO: 2498.00000000 (Locked: 0.00000000)
2025-11-04 18:19:46,389 - INFO -    PUMP: 18446.00000000 (Locked: 0.00000000)
2025-11-04 18:19:46,391 - INFO -    AVNT: 410.00000000 (Locked: 0.00000000)
2025-11-04 18:19:46,391 - INFO -    ZKC: 1121.00000000 (Locked: 0.00000000)
2025-11-04 18:19:46,391 - INFO -    SKY: 7156.00000000 (Locked: 0.00000000)
2025-11-04 18:19:46,391 - INFO -    BARD: 555.00000000 (Locked: 0.00000000)
2025-11-04 18:19:46,392 - INFO -    0G: 189.00000000 (Locked: 0.00000000)
2025-11-04 18:19:46,392 - INFO -    HEMI: 5467.00000000 (Locked: 0.00000000)
2025-11-04 18:19:46,392 - INFO -    XPL: 479.00000000 (Locked: 0.00000000)
2025-11-04 18:19:46,392 - INFO -    MIRA: 815.00000000 (Locked: 0.00000000)
2025-11-04 18:19:46,393 - INFO -    FF: 2549.00000000 (Locked: 0.00000000)
2025-11-04 18:19:46,393 - INFO -    EDEN: 1196.00000000 (Locked: 0.00000000)
2025-11-04 18:19:46,394 - INFO -    NOM: 11666.00000000 (Locked: 0.00000000)
2025-11-04 18:19:46,744 - INFO -    Precisão de preço: 2 casas decimais
2025-11-04 18:19:46,745 - INFO -    Precisão de quantidade: 5 casas decimais
2025-11-04 18:19:46,745 - INFO -    Valor mínimo de negociação: 10.0 USDT
2025-11-04 18:19:46,745 - INFO - ------------------------------------------------------------
2025-11-04 18:19:46,745 - INFO - 📊 Par de negociação: BTCUSDT
2025-11-04 18:19:46,746 - INFO - ⏱️ Timeframe: 5m
2025-11-04 18:19:46,746 - INFO - 💵 Valor por operação: 15.0 USDT
2025-11-04 18:19:46,746 - INFO - 🎯 Estratégia: 4
2025-11-04 18:19:46,747 - INFO - 🕒 Horário: 00:00 - 23:59
2025-11-04 18:19:46,747 - INFO - ============================================================
2025-11-04 18:19:46,747 - INFO - 🚀 Bot iniciado!
2025-11-04 18:19:47,026 - INFO - 💹 BTCUSDT: 100243.42000000 USDT
2025-11-04 18:20:17,309 - INFO - 💹 BTCUSDT: 100115.30000000 USDT
2025-11-04 18:20:47,594 - INFO - 💹 BTCUSDT: 100163.72000000 USDT
2025-11-04 18:21:17,875 - INFO - 💹 BTCUSDT: 100049.67000000 USDT
2025-11-04 18:21:48,154 - INFO - 💹 BTCUSDT: 100024.01000000 USDT
2025-11-04 18:22:18,443 - INFO - 💹 BTCUSDT: 99973.96000000 USDT
2025-11-04 18:22:48,735 - INFO - 💹 BTCUSDT: 100107.81000000 USDT
2025-11-04 18:23:06,983 - INFO - ⚠️ Bot interrompido pelo usuário
2025-11-04 18:23:06,983 - INFO - ------------------------------------------------------------
2025-11-04 18:23:06,983 - INFO - 📊 ESTATÍSTICAS
2025-11-04 18:23:06,983 - INFO -    Total de trades: 0
2025-11-04 18:23:06,983 - INFO -    Trades vencedores: 0
2025-11-04 18:23:06,983 - INFO -    Win Rate: 0.0%
2025-11-04 18:23:06,983 - INFO -    Lucro diário: 0.00 USDT
2025-11-04 18:23:06,983 - INFO -    Lucro total: 0.00 USDT
2025-11-04 18:23:06,983 - INFO -    Posições abertas: 0
2025-11-04 18:23:06,983 - INFO - ------------------------------------------------------------
2025-11-04 18:23:06,983 - INFO - 🔌 Desconectado da Binance
2025-11-04 18:23:16,112 - INFO - ============================================================
2025-11-04 18:23:16,112 - INFO - INICIANDO CONEXÃO COM BINANCE
2025-11-04 18:23:16,112 - INFO - ============================================================
2025-11-04 18:23:16,112 - INFO - 🧪 Modo: TESTNET (Conta Demo)
2025-11-04 18:23:17,047 - INFO - ⏰ Sincronizando relógio: offset de -9926ms
2025-11-04 18:23:17,659 - INFO - ✅ Status do sistema: normal
2025-11-04 18:23:17,923 - INFO - ------------------------------------------------------------
2025-11-04 18:23:17,923 - INFO - 💰 SALDOS DISPONÍVEIS:
2025-11-04 18:23:17,923 - INFO -    ETH: 0.00010000 (Locked: 0.00000000)
2025-11-04 18:23:17,923 - INFO -    BTC: 0.06917000 (Locked: 0.01088000)
2025-11-04 18:23:17,923 - INFO -    LTC: 4.00000000 (Locked: 0.00000000)
2025-11-04 18:23:17,923 - INFO -    BNB: 0.72400000 (Locked: 0.00000000)
2025-11-04 18:23:17,923 - INFO -    USDT: 125488.39659960 (Locked: 0.00000000)
2025-11-04 18:23:17,923 - INFO -    TRX: 1478.00000000 (Locked: 0.00000000)
2025-11-04 18:23:17,923 - INFO -    XRP: 170.00000000 (Locked: 0.00000000)
2025-11-04 18:23:17,923 - INFO -    NEO: 83.00000000 (Locked: 0.00000000)
2025-11-04 18:23:17,923 - INFO -    QTUM: 226.00000000 (Locked: 0.00000000)
2025-11-04 18:23:17,923 - INFO -    GAS: 166.00000000 (Locked: 0.00000000)
2025-11-04 18:23:17,923 - INFO -    LRC: 5634.00000000 (Locked: 0.00000000)
2025-11-04 18:23:17,923 - INFO -    ZRX: 2034.00000000 (Locked: 0.00000000)
2025-11-04 18:23:17,923 - INFO -    KNC: 1481.00000000 (Locked: 0.00000000)
2025-11-04 18:23:17,923 - INFO -    IOTA: 2888.00000000 (Locked: 0.00000000)
2025-11-04 18:23:17,923 - INFO -    LINK: 3.92000000 (Locked: 0.00000000)
2025-11-04 18:23:17,923 - INFO -    XVG: 18446.00000000 (Locked: 0.00000000)
2025-11-04 18:23:17,923 - INFO -    MTL: 772.00000000 (Locked: 0.00000000)
2025-11-04 18:23:17,923 - INFO -    ETC: 26.00000000 (Locked: 0.00000000)
2025-11-04 18:23:17,923 - INFO -    ZEC: 5.00000000 (Locked: 0.00000000)
2025-11-04 18:23:17,923 - INFO -    DASH: 19.00000000 (Locked: 0.00000000)
2025-11-04 18:23:17,923 - INFO -    REQ: 3963.00000000 (Locked: 0.00000000)
2025-11-04 18:23:17,923 - INFO -    POWR: 3433.00000000 (Locked: 0.00000000)
2025-11-04 18:23:17,923 - INFO -    ENJ: 7888.00000000 (Locked: 0.00000000)
2025-11-04 18:23:17,923 - INFO -    STORJ: 2136.00000000 (Locked: 0.00000000)
2025-11-04 18:23:17,923 - INFO -    BAT: 3430.00000000 (Locked: 0.00000000)
2025-11-04 18:23:17,923 - INFO -    LSK: 1656.00000000 (Locked: 0.00000000)
2025-11-04 18:23:17,923 - INFO -    MANA: 1657.00000000 (Locked: 0.00000000)
2025-11-04 18:23:17,923 - INFO -    ADX: 4834.00000000 (Locked: 0.00000000)
2025-11-04 18:23:17,923 - INFO -    ADA: 0.10000000 (Locked: 0.00000000)
2025-11-04 18:23:17,923 - INFO -    XLM: 1316.00000000 (Locked: 0.00000000)
2025-11-04 18:23:17,923 - INFO -    ICX: 4291.00000000 (Locked: 0.00000000)
2025-11-04 18:23:17,923 - INFO -    RLC: 471.00000000 (Locked: 0.00000000)
2025-11-04 18:23:17,923 - INFO -    PIVX: 3918.00000000 (Locked: 0.00000000)
2025-11-04 18:23:17,923 - INFO -    STEEM: 4134.00000000 (Locked: 0.00000000)
2025-11-04 18:23:17,923 - INFO -    ZIL: 18446.00000000 (Locked: 0.00000000)
2025-11-04 18:23:17,923 - INFO -    ONT: 4044.00000000 (Locked: 0.00000000)
2025-11-04 18:23:17,923 - INFO -    WAN: 5059.00000000 (Locked: 0.00000000)
2025-11-04 18:23:17,923 - INFO -    SYS: 14066.00000000 (Locked: 0.00000000)
2025-11-04 18:23:17,923 - INFO -    TUSD: 10000.00000000 (Locked: 0.00000000)
2025-11-04 18:23:17,923 - INFO -    ZEN: 56.00000000 (Locked: 0.00000000)
2025-11-04 18:23:17,923 - INFO -    THETA: 695.00000000 (Locked: 0.00000000)
2025-11-04 18:23:17,923 - INFO -    IOTX: 18446.00000000 (Locked: 0.00000000)
2025-11-04 18:23:17,923 - INFO -    DATA: 18446.00000000 (Locked: 0.00000000)
2025-11-04 18:23:17,923 - INFO -    SC: 18446.00000000 (Locked: 0.00000000)
2025-11-04 18:23:17,923 - INFO -    DENT: 18446.00000000 (Locked: 0.00000000)
2025-11-04 18:23:17,923 - INFO -    ARDR: 6267.00000000 (Locked: 0.00000000)
2025-11-04 18:23:17,939 - INFO -    HOT: 18446.00000000 (Locked: 0.00000000)
2025-11-04 18:23:17,939 - INFO -    VET: 18446.00000000 (Locked: 0.00000000)
2025-11-04 18:23:17,939 - INFO -    RVN: 18446.00000000 (Locked: 0.00000000)
2025-11-04 18:23:17,939 - INFO -    USDC: 10000.00000000 (Locked: 0.00000000)
2025-11-04 18:23:17,939 - INFO -    ONG: 3271.00000000 (Locked: 0.00000000)
2025-11-04 18:23:17,939 - INFO -    FET: 883.00000000 (Locked: 0.00000000)
2025-11-04 18:23:17,939 - INFO -    IOST: 18446.00000000 (Locked: 0.00000000)
2025-11-04 18:23:17,939 - INFO -    CELR: 18446.00000000 (Locked: 0.00000000)
2025-11-04 18:23:17,940 - INFO -    ATOM: 23.62000000 (Locked: 0.00000000)
2025-11-04 18:23:17,940 - INFO -    PHB: 972.00000000 (Locked: 0.00000000)
2025-11-04 18:23:17,940 - INFO -    TFUEL: 15910.00000000 (Locked: 0.00000000)
2025-11-04 18:23:17,940 - INFO -    ONE: 18446.00000000 (Locked: 0.00000000)
2025-11-04 18:23:17,940 - INFO -    ALGO: 2303.00000000 (Locked: 0.00000000)
2025-11-04 18:23:17,940 - INFO -    DOGE: 2061.00000000 (Locked: 0.00000000)
2025-11-04 18:23:17,940 - INFO -    DUSK: 8899.00000000 (Locked: 0.00000000)
2025-11-04 18:23:17,940 - INFO -    ANKR: 18446.00000000 (Locked: 0.00000000)
2025-11-04 18:23:17,940 - INFO -    WIN: 18446.00000000 (Locked: 0.00000000)
2025-11-04 18:23:17,940 - INFO -    COS: 18446.00000000 (Locked: 0.00000000)
2025-11-04 18:23:17,940 - INFO -    FUN: 18446.00000000 (Locked: 0.00000000)
2025-11-04 18:23:17,941 - INFO -    CVC: 5937.00000000 (Locked: 0.00000000)
2025-11-04 18:23:17,941 - INFO -    CHZ: 11259.00000000 (Locked: 0.00000000)
2025-11-04 18:23:17,941 - INFO -    BAND: 749.00000000 (Locked: 0.00000000)
2025-11-04 18:23:17,941 - INFO -    XTZ: 723.00000000 (Locked: 0.00000000)
2025-11-04 18:23:17,941 - INFO -    HBAR: 2272.00000000 (Locked: 0.00000000)
2025-11-04 18:23:17,941 - INFO -    NKN: 18446.00000000 (Locked: 0.00000000)
2025-11-04 18:23:17,941 - INFO -    STX: 845.00000000 (Locked: 0.00000000)
2025-11-04 18:23:17,941 - INFO -    KAVA: 1538.00000000 (Locked: 0.00000000)
2025-11-04 18:23:17,941 - INFO -    ARPA: 18446.00000000 (Locked: 0.00000000)
2025-11-04 18:23:17,941 - INFO -    BCH: 1.00000000 (Locked: 0.00000000)
2025-11-04 18:23:17,941 - INFO -    FTT: 529.00000000 (Locked: 0.00000000)
2025-11-04 18:23:17,942 - INFO -    TRY: 18466.00000000 (Locked: 0.00000000)
2025-11-04 18:23:17,942 - INFO -    EUR: 426.00000000 (Locked: 0.00000000)
2025-11-04 18:23:17,942 - INFO -    OGN: 8473.00000000 (Locked: 0.00000000)
2025-11-04 18:23:17,943 - INFO -    BNT: 732.00000000 (Locked: 0.00000000)
2025-11-04 18:23:17,943 - INFO -    MBL: 18446.00000000 (Locked: 0.00000000)
2025-11-04 18:23:17,943 - INFO -    COTI: 11181.00000000 (Locked: 0.00000000)
2025-11-04 18:23:17,943 - INFO -    ZAR: 18466.00000000 (Locked: 0.00000000)
2025-11-04 18:23:17,943 - INFO -    SOL: 0.36600000 (Locked: 0.00000000)
2025-11-04 18:23:17,943 - INFO -    CTSI: 6579.00000000 (Locked: 0.00000000)
2025-11-04 18:23:17,943 - INFO -    HIVE: 2711.00000000 (Locked: 0.00000000)
2025-11-04 18:23:17,943 - INFO -    CHR: 5945.00000000 (Locked: 0.00000000)
2025-11-04 18:23:17,943 - INFO -    MDT: 18446.00000000 (Locked: 0.00000000)
2025-11-04 18:23:17,944 - INFO -    UAH: 18466.00000000 (Locked: 0.00000000)
2025-11-04 18:23:17,944 - INFO -    COMP: 11.00000000 (Locked: 0.00000000)
2025-11-04 18:23:17,944 - INFO -    SXP: 3132.00000000 (Locked: 0.00000000)
2025-11-04 18:23:17,944 - INFO -    SNX: 454.00000000 (Locked: 0.00000000)
2025-11-04 18:23:17,944 - INFO -    VTHO: 18446.00000000 (Locked: 0.00000000)
2025-11-04 18:23:17,944 - INFO -    DGB: 18446.00000000 (Locked: 0.00000000)
2025-11-04 18:23:17,944 - INFO -    RUNE: 420.00000000 (Locked: 0.00000000)
2025-11-04 18:23:17,944 - INFO -    DCR: 29.00000000 (Locked: 0.00000000)
2025-11-04 18:23:17,944 - INFO -    AVA: 983.00000000 (Locked: 0.00000000)
2025-11-04 18:23:17,944 - INFO -    YFI: 1.00000000 (Locked: 0.00000000)
2025-11-04 18:23:17,944 - INFO -    DAI: 10000.00000000 (Locked: 0.00000000)
2025-11-04 18:23:17,944 - INFO -    JST: 15391.00000000 (Locked: 0.00000000)
2025-11-04 18:23:17,945 - INFO -    CRV: 690.00000000 (Locked: 0.00000000)
2025-11-04 18:23:17,945 - INFO -    SAND: 1813.00000000 (Locked: 0.00000000)
2025-11-04 18:23:17,946 - INFO -    NMR: 29.00000000 (Locked: 0.00000000)
2025-11-04 18:23:17,946 - INFO -    DOT: 0.01000000 (Locked: 0.00000000)
2025-11-04 18:23:17,946 - INFO -    LUNA: 3535.00000000 (Locked: 0.00000000)
2025-11-04 18:23:17,946 - INFO -    RSR: 18446.00000000 (Locked: 0.00000000)
2025-11-04 18:23:17,946 - INFO -    PAXG: 1.00000000 (Locked: 0.00000000)
2025-11-04 18:23:17,946 - INFO -    TRB: 15.00000000 (Locked: 0.00000000)
2025-11-04 18:23:17,946 - INFO -    WBTC: 1.00000000 (Locked: 0.00000000)
2025-11-04 18:23:17,946 - INFO -    SUSHI: 721.00000000 (Locked: 0.00000000)
2025-11-04 18:23:17,946 - INFO -    KSM: 34.00000000 (Locked: 0.00000000)
2025-11-04 18:23:17,947 - INFO -    EGLD: 37.00000000 (Locked: 0.00000000)
2025-11-04 18:23:17,947 - INFO -    DIA: 863.00000000 (Locked: 0.00000000)
2025-11-04 18:23:17,947 - INFO -    FIO: 18446.00000000 (Locked: 0.00000000)
2025-11-04 18:23:17,947 - INFO -    UMA: 409.00000000 (Locked: 0.00000000)
2025-11-04 18:23:17,947 - INFO -    BEL: 2085.00000000 (Locked: 0.00000000)
2025-11-04 18:23:17,947 - INFO -    UNI: 63.00000000 (Locked: 0.00000000)
2025-11-04 18:23:17,947 - INFO -    OXT: 10401.00000000 (Locked: 0.00000000)
2025-11-04 18:23:17,948 - INFO -    SUN: 18446.00000000 (Locked: 0.00000000)
2025-11-04 18:23:17,948 - INFO -    AVAX: 16.00000000 (Locked: 0.00000000)
2025-11-04 18:23:17,948 - INFO -    FLM: 18446.00000000 (Locked: 0.00000000)
2025-11-04 18:23:17,949 - INFO -    SCRT: 3144.00000000 (Locked: 0.00000000)
2025-11-04 18:23:17,949 - INFO -    CAKE: 192.00000000 (Locked: 0.00000000)
2025-11-04 18:23:17,949 - INFO -    UTK: 18446.00000000 (Locked: 0.00000000)
2025-11-04 18:23:17,949 - INFO -    XVS: 83.00000000 (Locked: 0.00000000)
2025-11-04 18:23:17,949 - INFO -    BRL: 97.00000000 (Locked: 0.00000000)
2025-11-04 18:23:17,949 - INFO -    AAVE: 1.00000000 (Locked: 0.00000000)
2025-11-04 18:23:17,949 - INFO -    NEAR: 178.00000000 (Locked: 0.00000000)
2025-11-04 18:23:17,949 - INFO -    FIL: 221.00000000 (Locked: 0.00000000)
2025-11-04 18:23:17,949 - INFO -    INJ: 40.00000000 (Locked: 0.00000000)
2025-11-04 18:23:17,949 - INFO -    AUDIO: 9139.00000000 (Locked: 0.00000000)
2025-11-04 18:23:17,949 - INFO -    CTK: 1481.00000000 (Locked: 0.00000000)
2025-11-04 18:23:17,949 - INFO -    AXS: 228.00000000 (Locked: 0.00000000)
2025-11-04 18:23:17,949 - INFO -    SLP: 18446.00000000 (Locked: 0.00000000)
2025-11-04 18:23:17,951 - INFO -    STRAX: 13000.00000000 (Locked: 0.00000000)
2025-11-04 18:23:17,951 - INFO -    ROSE: 18446.00000000 (Locked: 0.00000000)
2025-11-04 18:23:17,951 - INFO -    SKL: 18446.00000000 (Locked: 0.00000000)
2025-11-04 18:23:17,951 - INFO -    GLM: 2243.00000000 (Locked: 0.00000000)
2025-11-04 18:23:17,951 - INFO -    GRT: 5950.00000000 (Locked: 0.00000000)
2025-11-04 18:23:17,951 - INFO -    JUV: 456.00000000 (Locked: 0.00000000)
2025-11-04 18:23:17,952 - INFO -    PSG: 318.00000000 (Locked: 0.00000000)
2025-11-04 18:23:17,952 - INFO -    1INCH: 1916.00000000 (Locked: 0.00000000)
2025-11-04 18:23:17,952 - INFO -    OG: 31.00000000 (Locked: 0.00000000)
2025-11-04 18:23:17,952 - INFO -    ATM: 349.00000000 (Locked: 0.00000000)
2025-11-04 18:23:17,952 - INFO -    ASR: 221.00000000 (Locked: 0.00000000)
2025-11-04 18:23:17,952 - INFO -    CELO: 1956.00000000 (Locked: 0.00000000)
2025-11-04 18:23:17,952 - INFO -    RIF: 8761.00000000 (Locked: 0.00000000)
2025-11-04 18:23:17,952 - INFO -    TRU: 17544.00000000 (Locked: 0.00000000)
2025-11-04 18:23:17,953 - INFO -    CKB: 18446.00000000 (Locked: 0.00000000)
2025-11-04 18:23:17,953 - INFO -    TWT: 392.00000000 (Locked: 0.00000000)
2025-11-04 18:23:17,953 - INFO -    SFP: 990.00000000 (Locked: 0.00000000)
2025-11-04 18:23:17,953 - INFO -    DODO: 11198.00000000 (Locked: 0.00000000)
2025-11-04 18:23:17,953 - INFO -    ACM: 577.00000000 (Locked: 0.00000000)
2025-11-04 18:23:17,953 - INFO -    AUCTION: 58.00000000 (Locked: 0.00000000)
2025-11-04 18:23:17,953 - INFO -    PHA: 5268.00000000 (Locked: 0.00000000)
2025-11-04 18:23:17,953 - INFO -    FIS: 5932.00000000 (Locked: 0.00000000)
2025-11-04 18:23:17,953 - INFO -    OM: 2931.00000000 (Locked: 0.00000000)
2025-11-04 18:23:17,953 - INFO -    POND: 18446.00000000 (Locked: 0.00000000)
2025-11-04 18:23:17,953 - INFO -    DEGO: 461.00000000 (Locked: 0.00000000)
2025-11-04 18:23:17,953 - INFO -    ALICE: 1647.00000000 (Locked: 0.00000000)
2025-11-04 18:23:17,954 - INFO -    PERP: 1721.00000000 (Locked: 0.00000000)
2025-11-04 18:23:17,954 - INFO -    SUPER: 836.00000000 (Locked: 0.00000000)
2025-11-04 18:23:17,954 - INFO -    CFX: 3397.00000000 (Locked: 0.00000000)
2025-11-04 18:23:17,954 - INFO -    TKO: 2797.00000000 (Locked: 0.00000000)
2025-11-04 18:23:17,954 - INFO -    PUNDIX: 1567.00000000 (Locked: 0.00000000)
2025-11-04 18:23:17,954 - INFO -    TLM: 18446.00000000 (Locked: 0.00000000)
2025-11-04 18:23:17,954 - INFO -    BAR: 481.00000000 (Locked: 0.00000000)
2025-11-04 18:23:17,954 - INFO -    FORTH: 190.00000000 (Locked: 0.00000000)
2025-11-04 18:23:17,954 - INFO -    SHIB: 18446.00000000 (Locked: 0.00000000)
2025-11-04 18:23:17,954 - INFO -    ICP: 114.00000000 (Locked: 0.00000000)
2025-11-04 18:23:17,954 - INFO -    AR: 85.00000000 (Locked: 0.00000000)
2025-11-04 18:23:17,954 - INFO -    MASK: 397.00000000 (Locked: 0.00000000)
2025-11-04 18:23:17,955 - INFO -    LPT: 79.00000000 (Locked: 0.00000000)
2025-11-04 18:23:17,955 - INFO -    ATA: 12515.00000000 (Locked: 0.00000000)
2025-11-04 18:23:17,955 - INFO -    GTC: 1869.00000000 (Locked: 0.00000000)
2025-11-04 18:23:17,955 - INFO -    MLN: 65.00000000 (Locked: 0.00000000)
2025-11-04 18:23:17,956 - INFO -    DEXE: 53.00000000 (Locked: 0.00000000)
2025-11-04 18:23:17,956 - INFO -    C98: 10478.00000000 (Locked: 0.00000000)
2025-11-04 18:23:17,956 - INFO -    QNT: 4.00000000 (Locked: 0.00000000)
2025-11-04 18:23:17,956 - INFO -    FLOW: 1374.00000000 (Locked: 0.00000000)
2025-11-04 18:23:17,956 - INFO -    MINA: 3166.00000000 (Locked: 0.00000000)
2025-11-04 18:23:17,956 - INFO -    RAY: 178.00000000 (Locked: 0.00000000)
2025-11-04 18:23:17,956 - INFO -    FARM: 18.00000000 (Locked: 0.00000000)
2025-11-04 18:23:17,956 - INFO -    QUICK: 18446.00000000 (Locked: 0.00000000)
2025-11-04 18:23:17,956 - INFO -    MBOX: 8891.00000000 (Locked: 0.00000000)
2025-11-04 18:23:17,956 - INFO -    GHST: 1206.00000000 (Locked: 0.00000000)
2025-11-04 18:23:17,956 - INFO -    WAXP: 18446.00000000 (Locked: 0.00000000)
2025-11-04 18:23:17,956 - INFO -    GNO: 3.00000000 (Locked: 0.00000000)
2025-11-04 18:23:17,956 - INFO -    XEC: 18446.00000000 (Locked: 0.00000000)
2025-11-04 18:23:17,956 - INFO -    DYDX: 825.00000000 (Locked: 0.00000000)
2025-11-04 18:23:17,956 - INFO -    IDEX: 18446.00000000 (Locked: 0.00000000)
2025-11-04 18:23:17,956 - INFO -    USDP: 500.00000000 (Locked: 0.00000000)
2025-11-04 18:23:17,956 - INFO -    GALA: 18446.00000000 (Locked: 0.00000000)
2025-11-04 18:23:17,956 - INFO -    ILV: 37.00000000 (Locked: 0.00000000)
2025-11-04 18:23:17,956 - INFO -    YGG: 2986.00000000 (Locked: 0.00000000)
2025-11-04 18:23:17,956 - INFO -    DF: 18446.00000000 (Locked: 0.00000000)
2025-11-04 18:23:17,956 - INFO -    FIDA: 6132.00000000 (Locked: 0.00000000)
2025-11-04 18:23:17,956 - INFO -    AGLD: 900.00000000 (Locked: 0.00000000)
2025-11-04 18:23:17,956 - INFO -    RAD: 794.00000000 (Locked: 0.00000000)
2025-11-04 18:23:17,956 - INFO -    RARE: 9735.00000000 (Locked: 0.00000000)
2025-11-04 18:23:17,956 - INFO -    SSV: 64.00000000 (Locked: 0.00000000)
2025-11-04 18:23:17,956 - INFO -    LAZIO: 491.00000000 (Locked: 0.00000000)
2025-11-04 18:23:17,956 - INFO -    CHESS: 8214.00000000 (Locked: 0.00000000)
2025-11-04 18:23:17,956 - INFO -    MOVR: 90.00000000 (Locked: 0.00000000)
2025-11-04 18:23:17,956 - INFO -    CITY: 503.00000000 (Locked: 0.00000000)
2025-11-04 18:23:17,956 - INFO -    ENS: 24.00000000 (Locked: 0.00000000)
2025-11-04 18:23:17,956 - INFO -    QI: 18446.00000000 (Locked: 0.00000000)
2025-11-04 18:23:17,956 - INFO -    PORTO: 461.00000000 (Locked: 0.00000000)
2025-11-04 18:23:17,956 - INFO -    JASMY: 18446.00000000 (Locked: 0.00000000)
2025-11-04 18:23:17,956 - INFO -    AMP: 18446.00000000 (Locked: 0.00000000)
2025-11-04 18:23:17,956 - INFO -    PYR: 507.00000000 (Locked: 0.00000000)
2025-11-04 18:23:17,956 - INFO -    ALCX: 58.00000000 (Locked: 0.00000000)
2025-11-04 18:23:17,956 - INFO -    SANTOS: 251.00000000 (Locked: 0.00000000)
2025-11-04 18:23:17,956 - INFO -    BICO: 5322.00000000 (Locked: 0.00000000)
2025-11-04 18:23:17,956 - INFO -    FLUX: 2599.00000000 (Locked: 0.00000000)
2025-11-04 18:23:17,956 - INFO -    FXS: 224.00000000 (Locked: 0.00000000)
2025-11-04 18:23:17,956 - INFO -    VOXEL: 10062.00000000 (Locked: 0.00000000)
2025-11-04 18:23:17,956 - INFO -    HIGH: 1043.00000000 (Locked: 0.00000000)
2025-11-04 18:23:17,956 - INFO -    CVX: 149.00000000 (Locked: 0.00000000)
2025-11-04 18:23:17,956 - INFO -    PEOPLE: 18446.00000000 (Locked: 0.00000000)
2025-11-04 18:23:17,956 - INFO -    SPELL: 18446.00000000 (Locked: 0.00000000)
2025-11-04 18:23:17,956 - INFO -    JOE: 2983.00000000 (Locked: 0.00000000)
2025-11-04 18:23:17,956 - INFO -    ACH: 18446.00000000 (Locked: 0.00000000)
2025-11-04 18:23:17,961 - INFO -    IMX: 695.00000000 (Locked: 0.00000000)
2025-11-04 18:23:17,961 - INFO -    GLMR: 8489.00000000 (Locked: 0.00000000)
2025-11-04 18:23:17,961 - INFO -    API3: 636.00000000 (Locked: 0.00000000)
2025-11-04 18:23:17,961 - INFO -    BTTC: 18446.00000000 (Locked: 0.00000000)
2025-11-04 18:23:17,961 - INFO -    ACA: 18446.00000000 (Locked: 0.00000000)
2025-11-04 18:23:17,961 - INFO -    XNO: 610.00000000 (Locked: 0.00000000)
2025-11-04 18:23:17,961 - INFO -    WOO: 7642.00000000 (Locked: 0.00000000)
2025-11-04 18:23:17,961 - INFO -    ALPINE: 268.00000000 (Locked: 0.00000000)
2025-11-04 18:23:17,961 - INFO -    T: 18446.00000000 (Locked: 0.00000000)
2025-11-04 18:23:17,961 - INFO -    ASTR: 18446.00000000 (Locked: 0.00000000)
2025-11-04 18:23:17,961 - INFO -    GMT: 12690.00000000 (Locked: 0.00000000)
2025-11-04 18:23:17,961 - INFO -    KDA: 1364.00000000 (Locked: 0.00000000)
2025-11-04 18:23:17,962 - INFO -    APE: 913.00000000 (Locked: 0.00000000)
2025-11-04 18:23:17,962 - INFO -    BIFI: 2.00000000 (Locked: 0.00000000)
2025-11-04 18:23:17,962 - INFO -    NEXO: 400.00000000 (Locked: 0.00000000)
2025-11-04 18:23:17,962 - INFO -    REI: 18446.00000000 (Locked: 0.00000000)
2025-11-04 18:23:17,962 - INFO -    LDO: 434.00000000 (Locked: 0.00000000)
2025-11-04 18:23:17,962 - INFO -    OP: 724.00000000 (Locked: 0.00000000)
2025-11-04 18:23:17,963 - INFO -    STG: 2839.00000000 (Locked: 0.00000000)
2025-11-04 18:23:17,963 - INFO -    LUNC: 18446.00000000 (Locked: 0.00000000)
2025-11-04 18:23:17,963 - INFO -    GMX: 32.00000000 (Locked: 0.00000000)
2025-11-04 18:23:17,963 - INFO -    POLYX: 4228.00000000 (Locked: 0.00000000)
2025-11-04 18:23:17,963 - INFO -    APT: 109.00000000 (Locked: 0.00000000)
2025-11-04 18:23:17,963 - INFO -    PLN: 18466.00000000 (Locked: 0.00000000)
2025-11-04 18:23:17,965 - INFO -    OSMO: 3553.00000000 (Locked: 0.00000000)
2025-11-04 18:23:17,965 - INFO -    HFT: 6588.00000000 (Locked: 0.00000000)
2025-11-04 18:23:17,965 - INFO -    HOOK: 5356.00000000 (Locked: 0.00000000)
2025-11-04 18:23:17,965 - INFO -    MAGIC: 2830.00000000 (Locked: 0.00000000)
2025-11-04 18:23:17,965 - INFO -    RPL: 102.00000000 (Locked: 0.00000000)
2025-11-04 18:23:17,965 - INFO -    RON: 18466.00000000 (Locked: 0.00000000)
2025-11-04 18:23:17,965 - INFO -    GNS: 267.00000000 (Locked: 0.00000000)
2025-11-04 18:23:17,965 - INFO -    SYN: 4282.00000000 (Locked: 0.00000000)
2025-11-04 18:23:17,965 - INFO -    LQTY: 695.00000000 (Locked: 0.00000000)
2025-11-04 18:23:17,965 - INFO -    USTC: 18446.00000000 (Locked: 0.00000000)
2025-11-04 18:23:17,965 - INFO -    PROM: 50.00000000 (Locked: 0.00000000)
2025-11-04 18:23:17,965 - INFO -    QKC: 18446.00000000 (Locked: 0.00000000)
2025-11-04 18:23:17,965 - INFO -    ID: 3304.00000000 (Locked: 0.00000000)
2025-11-04 18:23:17,965 - INFO -    ARB: 1141.00000000 (Locked: 0.00000000)
2025-11-04 18:23:17,965 - INFO -    RDNT: 18446.00000000 (Locked: 0.00000000)
2025-11-04 18:23:17,965 - INFO -    ARS: 18466.00000000 (Locked: 0.00000000)
2025-11-04 18:23:17,965 - INFO -    EDU: 3781.00000000 (Locked: 0.00000000)
2025-11-04 18:23:17,965 - INFO -    SUI: 147.00000000 (Locked: 0.00000000)
2025-11-04 18:23:17,965 - INFO -    PEPE: 18446.00000000 (Locked: 0.00000000)
2025-11-04 18:23:17,965 - INFO -    FLOKI: 18446.00000000 (Locked: 0.00000000)
2025-11-04 18:23:17,965 - INFO -    WBETH: 1.00000000 (Locked: 0.00000000)
2025-11-04 18:23:17,965 - INFO -    MAV: 8049.00000000 (Locked: 0.00000000)
2025-11-04 18:23:17,971 - INFO -    PENDLE: 106.00000000 (Locked: 0.00000000)
2025-11-04 18:23:17,971 - INFO -    ARKM: 957.00000000 (Locked: 0.00000000)
2025-11-04 18:23:17,971 - INFO -    WLD: 384.00000000 (Locked: 0.00000000)
2025-11-04 18:23:17,971 - INFO -    FDUSD: 10000.00000000 (Locked: 0.00000000)
2025-11-04 18:23:17,971 - INFO -    SEI: 1737.00000000 (Locked: 0.00000000)
2025-11-04 18:23:17,972 - INFO -    CYBER: 319.00000000 (Locked: 0.00000000)
2025-11-04 18:23:17,972 - INFO -    ARK: 1158.00000000 (Locked: 0.00000000)
2025-11-04 18:23:17,972 - INFO -    IQ: 18446.00000000 (Locked: 0.00000000)
2025-11-04 18:23:17,972 - INFO -    NTRN: 6227.00000000 (Locked: 0.00000000)
2025-11-04 18:23:17,972 - INFO -    TIA: 349.00000000 (Locked: 0.00000000)
2025-11-04 18:23:17,973 - INFO -    MEME: 18446.00000000 (Locked: 0.00000000)
2025-11-04 18:23:17,973 - INFO -    ORDI: 61.00000000 (Locked: 0.00000000)
2025-11-04 18:23:17,973 - INFO -    BEAMX: 18446.00000000 (Locked: 0.00000000)
2025-11-04 18:23:17,973 - INFO -    VIC: 2401.00000000 (Locked: 0.00000000)
2025-11-04 18:23:17,973 - INFO -    BLUR: 6510.00000000 (Locked: 0.00000000)
2025-11-04 18:23:17,973 - INFO -    VANRY: 18446.00000000 (Locked: 0.00000000)
2025-11-04 18:23:17,974 - INFO -    AEUR: 461.00000000 (Locked: 0.00000000)
2025-11-04 18:23:17,974 - INFO -    JTO: 307.00000000 (Locked: 0.00000000)
2025-11-04 18:23:17,974 - INFO -    1000SATS: 18446.00000000 (Locked: 0.00000000)
2025-11-04 18:23:17,974 - INFO -    BONK: 18446.00000000 (Locked: 0.00000000)
2025-11-04 18:23:17,974 - INFO -    ACE: 1082.00000000 (Locked: 0.00000000)
2025-11-04 18:23:17,975 - INFO -    NFP: 8335.00000000 (Locked: 0.00000000)
2025-11-04 18:23:17,975 - INFO -    AI: 4132.00000000 (Locked: 0.00000000)
2025-11-04 18:23:17,975 - INFO -    XAI: 12078.00000000 (Locked: 0.00000000)
2025-11-04 18:23:17,975 - INFO -    MANTA: 2716.00000000 (Locked: 0.00000000)
2025-11-04 18:23:17,975 - INFO -    ALT: 18138.00000000 (Locked: 0.00000000)
2025-11-04 18:23:17,975 - INFO -    JUP: 1107.00000000 (Locked: 0.00000000)
2025-11-04 18:23:17,975 - INFO -    PYTH: 3268.00000000 (Locked: 0.00000000)
2025-11-04 18:23:17,975 - INFO -    RONIN: 1067.00000000 (Locked: 0.00000000)
2025-11-04 18:23:17,975 - INFO -    DYM: 2733.00000000 (Locked: 0.00000000)
2025-11-04 18:23:17,975 - INFO -    PIXEL: 17992.00000000 (Locked: 0.00000000)
2025-11-04 18:23:17,975 - INFO -    STRK: 3404.00000000 (Locked: 0.00000000)
2025-11-04 18:23:17,975 - INFO -    PORTAL: 13481.00000000 (Locked: 0.00000000)
2025-11-04 18:23:17,975 - INFO -    AXL: 1727.00000000 (Locked: 0.00000000)
2025-11-04 18:23:17,975 - INFO -    WIF: 669.00000000 (Locked: 0.00000000)
2025-11-04 18:23:17,975 - INFO -    METIS: 37.00000000 (Locked: 0.00000000)
2025-11-04 18:23:17,975 - INFO -    JPY: 18466.00000000 (Locked: 0.00000000)
2025-11-04 18:23:17,975 - INFO -    AEVO: 4361.00000000 (Locked: 0.00000000)
2025-11-04 18:23:17,975 - INFO -    BOME: 18446.00000000 (Locked: 0.00000000)
2025-11-04 18:23:17,975 - INFO -    ETHFI: 344.00000000 (Locked: 0.00000000)
2025-11-04 18:23:17,975 - INFO -    ENA: 846.00000000 (Locked: 0.00000000)
2025-11-04 18:23:17,975 - INFO -    W: 4762.00000000 (Locked: 0.00000000)
2025-11-04 18:23:17,975 - INFO -    TNSR: 5027.00000000 (Locked: 0.00000000)
2025-11-04 18:23:17,975 - INFO -    SAGA: 2340.00000000 (Locked: 0.00000000)
2025-11-04 18:23:17,975 - INFO -    MXN: 18466.00000000 (Locked: 0.00000000)
2025-11-04 18:23:17,975 - INFO -    TAO: 1.00000000 (Locked: 0.00000000)
2025-11-04 18:23:17,975 - INFO -    REZ: 18446.00000000 (Locked: 0.00000000)
2025-11-04 18:23:17,975 - INFO -    BB: 2648.00000000 (Locked: 0.00000000)
2025-11-04 18:23:17,975 - INFO -    NOT: 18446.00000000 (Locked: 0.00000000)
2025-11-04 18:23:17,980 - INFO -    COP: 18466.00000000 (Locked: 0.00000000)
2025-11-04 18:23:17,980 - INFO -    IO: 903.00000000 (Locked: 0.00000000)
2025-11-04 18:23:17,980 - INFO -    ZK: 9401.00000000 (Locked: 0.00000000)
2025-11-04 18:23:17,980 - INFO -    LISTA: 1728.00000000 (Locked: 0.00000000)
2025-11-04 18:23:17,980 - INFO -    ZRO: 246.00000000 (Locked: 0.00000000)
2025-11-04 18:23:17,980 - INFO -    G: 18446.00000000 (Locked: 0.00000000)
2025-11-04 18:23:17,980 - INFO -    BANANA: 30.00000000 (Locked: 0.00000000)
2025-11-04 18:23:17,980 - INFO -    RENDER: 143.00000000 (Locked: 0.00000000)
2025-11-04 18:23:17,981 - INFO -    TON: 182.00000000 (Locked: 0.00000000)
2025-11-04 18:23:17,981 - INFO -    DOGS: 18446.00000000 (Locked: 0.00000000)
2025-11-04 18:23:17,981 - INFO -    EURI: 426.00000000 (Locked: 0.00000000)
2025-11-04 18:23:17,981 - INFO -    POL: 2144.00000000 (Locked: 0.00000000)
2025-11-04 18:23:17,982 - INFO -    NEIRO: 18446.00000000 (Locked: 0.00000000)
2025-11-04 18:23:17,982 - INFO -    TURBO: 18446.00000000 (Locked: 0.00000000)
2025-11-04 18:23:17,983 - INFO -    1MBABYDOGE: 18446.00000000 (Locked: 0.00000000)
2025-11-04 18:23:17,983 - INFO -    CATI: 5903.00000000 (Locked: 0.00000000)
2025-11-04 18:23:17,983 - INFO -    HMSTR: 18446.00000000 (Locked: 0.00000000)
2025-11-04 18:23:17,983 - INFO -    EIGEN: 337.00000000 (Locked: 0.00000000)
2025-11-04 18:23:17,983 - INFO -    BNSOL: 2.00000000 (Locked: 0.00000000)
2025-11-04 18:23:17,983 - INFO -    SCR: 1752.00000000 (Locked: 0.00000000)
2025-11-04 18:23:17,984 - INFO -    LUMIA: 1718.00000000 (Locked: 0.00000000)
2025-11-04 18:23:17,984 - INFO -    KAIA: 3261.00000000 (Locked: 0.00000000)
2025-11-04 18:23:17,984 - INFO -    COW: 1851.00000000 (Locked: 0.00000000)
2025-11-04 18:23:17,984 - INFO -    CETUS: 6362.00000000 (Locked: 0.00000000)
2025-11-04 18:23:17,984 - INFO -    PNUT: 2366.00000000 (Locked: 0.00000000)
2025-11-04 18:23:17,985 - INFO -    ACT: 15239.00000000 (Locked: 0.00000000)
2025-11-04 18:23:17,985 - INFO -    USUAL: 9470.00000000 (Locked: 0.00000000)
2025-11-04 18:23:17,985 - INFO -    THE: 1181.00000000 (Locked: 0.00000000)
2025-11-04 18:23:17,985 - INFO -    ACX: 4343.00000000 (Locked: 0.00000000)
2025-11-04 18:23:17,986 - INFO -    ORCA: 251.00000000 (Locked: 0.00000000)
2025-11-04 18:23:17,986 - INFO -    MOVE: 4669.00000000 (Locked: 0.00000000)
2025-11-04 18:23:17,986 - INFO -    ME: 833.00000000 (Locked: 0.00000000)
2025-11-04 18:23:17,986 - INFO -    VELODROME: 11184.00000000 (Locked: 0.00000000)
2025-11-04 18:23:17,986 - INFO -    VANA: 129.00000000 (Locked: 0.00000000)
2025-11-04 18:23:17,987 - INFO -    1000CAT: 18446.00000000 (Locked: 0.00000000)
2025-11-04 18:23:17,987 - INFO -    PENGU: 16493.00000000 (Locked: 0.00000000)
2025-11-04 18:23:17,987 - INFO -    BIO: 3588.00000000 (Locked: 0.00000000)
2025-11-04 18:23:17,987 - INFO -    D: 16292.00000000 (Locked: 0.00000000)
2025-11-04 18:23:17,987 - INFO -    AIXBT: 5294.00000000 (Locked: 0.00000000)
2025-11-04 18:23:17,987 - INFO -    CGPT: 6228.00000000 (Locked: 0.00000000)
2025-11-04 18:23:17,987 - INFO -    COOKIE: 4552.00000000 (Locked: 0.00000000)
2025-11-04 18:23:17,988 - INFO -    S: 1782.00000000 (Locked: 0.00000000)
2025-11-04 18:23:17,988 - INFO -    SOLV: 11760.00000000 (Locked: 0.00000000)
2025-11-04 18:23:17,988 - INFO -    TRUMP: 66.00000000 (Locked: 0.00000000)
2025-11-04 18:23:17,988 - INFO -    ANIME: 18446.00000000 (Locked: 0.00000000)
2025-11-04 18:23:17,988 - INFO -    BERA: 177.00000000 (Locked: 0.00000000)
2025-11-04 18:23:17,988 - INFO -    1000CHEEMS: 18446.00000000 (Locked: 0.00000000)
2025-11-04 18:23:17,988 - INFO -    TST: 16238.00000000 (Locked: 0.00000000)
2025-11-04 18:23:17,988 - INFO -    LAYER: 1212.00000000 (Locked: 0.00000000)
2025-11-04 18:23:17,988 - INFO -    HEI: 1503.00000000 (Locked: 0.00000000)
2025-11-04 18:23:17,988 - INFO -    KAITO: 349.00000000 (Locked: 0.00000000)
2025-11-04 18:23:17,988 - INFO -    SHELL: 4269.00000000 (Locked: 0.00000000)
2025-11-04 18:23:17,988 - INFO -    RED: 1152.00000000 (Locked: 0.00000000)
2025-11-04 18:23:17,988 - INFO -    GPS: 18446.00000000 (Locked: 0.00000000)
2025-11-04 18:23:17,988 - INFO -    EPIC: 285.00000000 (Locked: 0.00000000)
2025-11-04 18:23:17,988 - INFO -    BMT: 8536.00000000 (Locked: 0.00000000)
2025-11-04 18:23:17,988 - INFO -    FORM: 482.00000000 (Locked: 0.00000000)
2025-11-04 18:23:17,988 - INFO -    XUSD: 500.00000000 (Locked: 0.00000000)
2025-11-04 18:23:17,991 - INFO -    CZK: 18466.00000000 (Locked: 0.00000000)
2025-11-04 18:23:17,991 - INFO -    NIL: 1768.00000000 (Locked: 0.00000000)
2025-11-04 18:23:17,991 - INFO -    PARTI: 4072.00000000 (Locked: 0.00000000)
2025-11-04 18:23:17,991 - INFO -    MUBARAK: 16620.00000000 (Locked: 0.00000000)
2025-11-04 18:23:17,991 - INFO -    TUT: 6008.00000000 (Locked: 0.00000000)
2025-11-04 18:23:17,992 - INFO -    BROCCOLI714: 18424.00000000 (Locked: 0.00000000)
2025-11-04 18:23:17,992 - INFO -    BANANAS31: 18446.00000000 (Locked: 0.00000000)
2025-11-04 18:23:17,992 - INFO -    GUN: 18446.00000000 (Locked: 0.00000000)
2025-11-04 18:23:17,992 - INFO -    BABY: 9815.00000000 (Locked: 0.00000000)
2025-11-04 18:23:17,992 - INFO -    ONDO: 544.00000000 (Locked: 0.00000000)
2025-11-04 18:23:17,992 - INFO -    BIGTIME: 10274.00000000 (Locked: 0.00000000)
2025-11-04 18:23:17,993 - INFO -    VIRTUAL: 459.00000000 (Locked: 0.00000000)
2025-11-04 18:23:17,993 - INFO -    KERNEL: 2590.00000000 (Locked: 0.00000000)
2025-11-04 18:23:17,993 - INFO -    WCT: 1986.00000000 (Locked: 0.00000000)
2025-11-04 18:23:17,993 - INFO -    HYPER: 1966.00000000 (Locked: 0.00000000)
2025-11-04 18:23:17,993 - INFO -    INIT: 1544.00000000 (Locked: 0.00000000)
2025-11-04 18:23:17,993 - INFO -    SIGN: 7590.00000000 (Locked: 0.00000000)
2025-11-04 18:23:17,993 - INFO -    STO: 5744.00000000 (Locked: 0.00000000)
2025-11-04 18:23:17,994 - INFO -    SYRUP: 1287.00000000 (Locked: 0.00000000)
2025-11-04 18:23:17,994 - INFO -    KMNO: 6786.00000000 (Locked: 0.00000000)
2025-11-04 18:23:17,994 - INFO -    SXT: 7299.00000000 (Locked: 0.00000000)
2025-11-04 18:23:17,994 - INFO -    NXPC: 983.00000000 (Locked: 0.00000000)
2025-11-04 18:23:17,994 - INFO -    AWE: 4136.00000000 (Locked: 0.00000000)
2025-11-04 18:23:17,994 - INFO -    HAEDAL: 3768.00000000 (Locked: 0.00000000)
2025-11-04 18:23:17,994 - INFO -    USD1: 500.00000000 (Locked: 0.00000000)
2025-11-04 18:23:17,995 - INFO -    HUMA: 14801.00000000 (Locked: 0.00000000)
2025-11-04 18:23:17,995 - INFO -    A: 1233.00000000 (Locked: 0.00000000)
2025-11-04 18:23:17,995 - INFO -    SOPH: 17673.00000000 (Locked: 0.00000000)
2025-11-04 18:23:17,995 - INFO -    RESOLV: 4689.00000000 (Locked: 0.00000000)
2025-11-04 18:23:17,995 - INFO -    HOME: 16312.00000000 (Locked: 0.00000000)
2025-11-04 18:23:17,995 - INFO -    SPK: 9828.00000000 (Locked: 0.00000000)
2025-11-04 18:23:17,995 - INFO -    NEWT: 2473.00000000 (Locked: 0.00000000)
2025-11-04 18:23:17,995 - INFO -    SAHARA: 6342.00000000 (Locked: 0.00000000)
2025-11-04 18:23:17,995 - INFO -    LA: 1389.00000000 (Locked: 0.00000000)
2025-11-04 18:23:17,995 - INFO -    ERA: 943.00000000 (Locked: 0.00000000)
2025-11-04 18:23:17,995 - INFO -    C: 2790.00000000 (Locked: 0.00000000)
2025-11-04 18:23:17,997 - INFO -    TREE: 1872.00000000 (Locked: 0.00000000)
2025-11-04 18:23:17,997 - INFO -    A2Z: 18446.00000000 (Locked: 0.00000000)
2025-11-04 18:23:17,997 - INFO -    TOWNS: 18446.00000000 (Locked: 0.00000000)
2025-11-04 18:23:17,997 - INFO -    PROVE: 719.00000000 (Locked: 0.00000000)
2025-11-04 18:23:17,998 - INFO -    BFUSD: 500.00000000 (Locked: 0.00000000)
2025-11-04 18:23:17,998 - INFO -    PLUME: 5036.00000000 (Locked: 0.00000000)
2025-11-04 18:23:17,998 - INFO -    DOLO: 4856.00000000 (Locked: 0.00000000)
2025-11-04 18:23:17,998 - INFO -    MITO: 3495.00000000 (Locked: 0.00000000)
2025-11-04 18:23:17,998 - INFO -    WLFI: 2492.00000000 (Locked: 0.00000000)
2025-11-04 18:23:17,998 - INFO -    SOMI: 596.00000000 (Locked: 0.00000000)
2025-11-04 18:23:17,998 - INFO -    OPEN: 1106.00000000 (Locked: 0.00000000)
2025-11-04 18:23:17,998 - INFO -    USDE: 499.00000000 (Locked: 0.00000000)
2025-11-04 18:23:17,998 - INFO -    LINEA: 18446.00000000 (Locked: 0.00000000)
2025-11-04 18:23:17,998 - INFO -    HOLO: 2498.00000000 (Locked: 0.00000000)
2025-11-04 18:23:17,998 - INFO -    PUMP: 18446.00000000 (Locked: 0.00000000)
2025-11-04 18:23:17,998 - INFO -    AVNT: 410.00000000 (Locked: 0.00000000)
2025-11-04 18:23:18,001 - INFO -    ZKC: 1121.00000000 (Locked: 0.00000000)
2025-11-04 18:23:18,001 - INFO -    SKY: 7156.00000000 (Locked: 0.00000000)
2025-11-04 18:23:18,001 - INFO -    BARD: 555.00000000 (Locked: 0.00000000)
2025-11-04 18:23:18,001 - INFO -    0G: 189.00000000 (Locked: 0.00000000)
2025-11-04 18:23:18,001 - INFO -    HEMI: 5467.00000000 (Locked: 0.00000000)
2025-11-04 18:23:18,001 - INFO -    XPL: 479.00000000 (Locked: 0.00000000)
2025-11-04 18:23:18,002 - INFO -    MIRA: 815.00000000 (Locked: 0.00000000)
2025-11-04 18:23:18,002 - INFO -    FF: 2549.00000000 (Locked: 0.00000000)
2025-11-04 18:23:18,002 - INFO -    EDEN: 1196.00000000 (Locked: 0.00000000)
2025-11-04 18:23:18,002 - INFO -    NOM: 11666.00000000 (Locked: 0.00000000)
2025-11-04 18:23:18,829 - INFO -    Precisão de preço: 2 casas decimais
2025-11-04 18:23:18,829 - INFO -    Precisão de quantidade: 4 casas decimais
2025-11-04 18:23:18,829 - INFO -    Valor mínimo de negociação: 10.0 USDT
2025-11-04 18:23:18,829 - INFO - ------------------------------------------------------------
2025-11-04 18:23:18,829 - INFO - 📊 Par de negociação: ETHUSDT
2025-11-04 18:23:18,829 - INFO - ⏱️ Timeframe: 1m
2025-11-04 18:23:18,829 - INFO - 💵 Valor por operação: 15.0 USDT
2025-11-04 18:23:18,829 - INFO - 🎯 Estratégia: 4
2025-11-04 18:23:18,829 - INFO - 🕒 Horário: 00:00 - 23:59
2025-11-04 18:23:18,829 - INFO - ============================================================
2025-11-04 18:23:18,829 - INFO - 🚀 Bot iniciado!
2025-11-04 18:23:19,107 - INFO - 💹 ETHUSDT: 3180.07000000 USDT
2025-11-04 18:23:49,381 - INFO - 💹 ETHUSDT: 3172.72000000 USDT
2025-11-04 18:24:19,671 - INFO - 💹 ETHUSDT: 3172.81000000 USDT
2025-11-04 18:24:49,948 - INFO - 💹 ETHUSDT: 3170.25000000 USDT
2025-11-04 18:25:20,245 - INFO - 💹 ETHUSDT: 3170.67000000 USDT
2025-11-04 18:25:50,524 - INFO - 💹 ETHUSDT: 3169.96000000 USDT
2025-11-04 18:26:20,799 - INFO - 💹 ETHUSDT: 3167.96000000 USDT
2025-11-04 18:26:51,081 - INFO - 💹 ETHUSDT: 3172.76000000 USDT
2025-11-04 18:27:21,363 - INFO - 💹 ETHUSDT: 3171.35000000 USDT
2025-11-04 18:27:23,126 - INFO - ⚠️ Bot interrompido pelo usuário
2025-11-04 18:27:23,126 - INFO - ------------------------------------------------------------
2025-11-04 18:27:23,126 - INFO - 📊 ESTATÍSTICAS
2025-11-04 18:27:23,126 - INFO -    Total de trades: 0
2025-11-04 18:27:23,126 - INFO -    Trades vencedores: 0
2025-11-04 18:27:23,126 - INFO -    Win Rate: 0.0%
2025-11-04 18:27:23,126 - INFO -    Lucro diário: 0.00 USDT
2025-11-04 18:27:23,126 - INFO -    Lucro total: 0.00 USDT
2025-11-04 18:27:23,126 - INFO -    Posições abertas: 0
2025-11-04 18:27:23,142 - INFO - ------------------------------------------------------------
2025-11-04 18:27:23,142 - INFO - 🔌 Desconectado da Binance
2025-11-04 18:27:29,685 - INFO - ============================================================
2025-11-04 18:27:29,685 - INFO - INICIANDO CONEXÃO COM BINANCE
2025-11-04 18:27:29,685 - INFO - ============================================================
2025-11-04 18:27:29,700 - INFO - 🧪 Modo: TESTNET (Conta Demo)
2025-11-04 18:27:30,834 - INFO - ⏰ Sincronizando relógio: offset de -9946ms
2025-11-04 18:27:31,452 - INFO - ✅ Status do sistema: normal
2025-11-04 18:27:31,733 - INFO - ------------------------------------------------------------
2025-11-04 18:27:31,733 - INFO - 💰 SALDOS DISPONÍVEIS:
2025-11-04 18:27:31,733 - INFO -    ETH: 0.00010000 (Locked: 0.00000000)
2025-11-04 18:27:31,734 - INFO -    BTC: 0.06917000 (Locked: 0.01088000)
2025-11-04 18:27:31,734 - INFO -    LTC: 4.00000000 (Locked: 0.00000000)
2025-11-04 18:27:31,734 - INFO -    BNB: 0.72400000 (Locked: 0.00000000)
2025-11-04 18:27:31,734 - INFO -    USDT: 125488.39659960 (Locked: 0.00000000)
2025-11-04 18:27:31,734 - INFO -    TRX: 1478.00000000 (Locked: 0.00000000)
2025-11-04 18:27:31,734 - INFO -    XRP: 170.00000000 (Locked: 0.00000000)
2025-11-04 18:27:31,734 - INFO -    NEO: 83.00000000 (Locked: 0.00000000)
2025-11-04 18:27:31,734 - INFO -    QTUM: 226.00000000 (Locked: 0.00000000)
2025-11-04 18:27:31,734 - INFO -    GAS: 166.00000000 (Locked: 0.00000000)
2025-11-04 18:27:31,734 - INFO -    LRC: 5634.00000000 (Locked: 0.00000000)
2025-11-04 18:27:31,734 - INFO -    ZRX: 2034.00000000 (Locked: 0.00000000)
2025-11-04 18:27:31,734 - INFO -    KNC: 1481.00000000 (Locked: 0.00000000)
2025-11-04 18:27:31,734 - INFO -    IOTA: 2888.00000000 (Locked: 0.00000000)
2025-11-04 18:27:31,734 - INFO -    LINK: 3.92000000 (Locked: 0.00000000)
2025-11-04 18:27:31,734 - INFO -    XVG: 18446.00000000 (Locked: 0.00000000)
2025-11-04 18:27:31,734 - INFO -    MTL: 772.00000000 (Locked: 0.00000000)
2025-11-04 18:27:31,734 - INFO -    ETC: 26.00000000 (Locked: 0.00000000)
2025-11-04 18:27:31,734 - INFO -    ZEC: 5.00000000 (Locked: 0.00000000)
2025-11-04 18:27:31,734 - INFO -    DASH: 19.00000000 (Locked: 0.00000000)
2025-11-04 18:27:31,734 - INFO -    REQ: 3963.00000000 (Locked: 0.00000000)
2025-11-04 18:27:31,734 - INFO -    POWR: 3433.00000000 (Locked: 0.00000000)
2025-11-04 18:27:31,734 - INFO -    ENJ: 7888.00000000 (Locked: 0.00000000)
2025-11-04 18:27:31,734 - INFO -    STORJ: 2136.00000000 (Locked: 0.00000000)
2025-11-04 18:27:31,734 - INFO -    BAT: 3430.00000000 (Locked: 0.00000000)
2025-11-04 18:27:31,734 - INFO -    LSK: 1656.00000000 (Locked: 0.00000000)
2025-11-04 18:27:31,734 - INFO -    MANA: 1657.00000000 (Locked: 0.00000000)
2025-11-04 18:27:31,734 - INFO -    ADX: 4834.00000000 (Locked: 0.00000000)
2025-11-04 18:27:31,734 - INFO -    ADA: 0.10000000 (Locked: 0.00000000)
2025-11-04 18:27:31,734 - INFO -    XLM: 1316.00000000 (Locked: 0.00000000)
2025-11-04 18:27:31,734 - INFO -    ICX: 4291.00000000 (Locked: 0.00000000)
2025-11-04 18:27:31,740 - INFO -    RLC: 471.00000000 (Locked: 0.00000000)
2025-11-04 18:27:31,740 - INFO -    PIVX: 3918.00000000 (Locked: 0.00000000)
2025-11-04 18:27:31,740 - INFO -    STEEM: 4134.00000000 (Locked: 0.00000000)
2025-11-04 18:27:31,740 - INFO -    ZIL: 18446.00000000 (Locked: 0.00000000)
2025-11-04 18:27:31,740 - INFO -    ONT: 4044.00000000 (Locked: 0.00000000)
2025-11-04 18:27:31,741 - INFO -    WAN: 5059.00000000 (Locked: 0.00000000)
2025-11-04 18:27:31,741 - INFO -    SYS: 14066.00000000 (Locked: 0.00000000)
2025-11-04 18:27:31,741 - INFO -    TUSD: 10000.00000000 (Locked: 0.00000000)
2025-11-04 18:27:31,741 - INFO -    ZEN: 56.00000000 (Locked: 0.00000000)
2025-11-04 18:27:31,741 - INFO -    THETA: 695.00000000 (Locked: 0.00000000)
2025-11-04 18:27:31,742 - INFO -    IOTX: 18446.00000000 (Locked: 0.00000000)
2025-11-04 18:27:31,742 - INFO -    DATA: 18446.00000000 (Locked: 0.00000000)
2025-11-04 18:27:31,742 - INFO -    SC: 18446.00000000 (Locked: 0.00000000)
2025-11-04 18:27:31,742 - INFO -    DENT: 18446.00000000 (Locked: 0.00000000)
2025-11-04 18:27:31,742 - INFO -    ARDR: 6267.00000000 (Locked: 0.00000000)
2025-11-04 18:27:31,742 - INFO -    HOT: 18446.00000000 (Locked: 0.00000000)
2025-11-04 18:27:31,743 - INFO -    VET: 18446.00000000 (Locked: 0.00000000)
2025-11-04 18:27:31,743 - INFO -    RVN: 18446.00000000 (Locked: 0.00000000)
2025-11-04 18:27:31,743 - INFO -    USDC: 10000.00000000 (Locked: 0.00000000)
2025-11-04 18:27:31,743 - INFO -    ONG: 3271.00000000 (Locked: 0.00000000)
2025-11-04 18:27:31,743 - INFO -    FET: 883.00000000 (Locked: 0.00000000)
2025-11-04 18:27:31,743 - INFO -    IOST: 18446.00000000 (Locked: 0.00000000)
2025-11-04 18:27:31,744 - INFO -    CELR: 18446.00000000 (Locked: 0.00000000)
2025-11-04 18:27:31,744 - INFO -    ATOM: 23.62000000 (Locked: 0.00000000)
2025-11-04 18:27:31,744 - INFO -    PHB: 972.00000000 (Locked: 0.00000000)
2025-11-04 18:27:31,744 - INFO -    TFUEL: 15910.00000000 (Locked: 0.00000000)
2025-11-04 18:27:31,744 - INFO -    ONE: 18446.00000000 (Locked: 0.00000000)
2025-11-04 18:27:31,744 - INFO -    ALGO: 2303.00000000 (Locked: 0.00000000)
2025-11-04 18:27:31,744 - INFO -    DOGE: 2061.00000000 (Locked: 0.00000000)
2025-11-04 18:27:31,744 - INFO -    DUSK: 8899.00000000 (Locked: 0.00000000)
2025-11-04 18:27:31,744 - INFO -    ANKR: 18446.00000000 (Locked: 0.00000000)
2025-11-04 18:27:31,744 - INFO -    WIN: 18446.00000000 (Locked: 0.00000000)
2025-11-04 18:27:31,744 - INFO -    COS: 18446.00000000 (Locked: 0.00000000)
2025-11-04 18:27:31,744 - INFO -    FUN: 18446.00000000 (Locked: 0.00000000)
2025-11-04 18:27:31,744 - INFO -    CVC: 5937.00000000 (Locked: 0.00000000)
2025-11-04 18:27:31,744 - INFO -    CHZ: 11259.00000000 (Locked: 0.00000000)
2025-11-04 18:27:31,744 - INFO -    BAND: 749.00000000 (Locked: 0.00000000)
2025-11-04 18:27:31,744 - INFO -    XTZ: 723.00000000 (Locked: 0.00000000)
2025-11-04 18:27:31,744 - INFO -    HBAR: 2272.00000000 (Locked: 0.00000000)
2025-11-04 18:27:31,744 - INFO -    NKN: 18446.00000000 (Locked: 0.00000000)
2025-11-04 18:27:31,744 - INFO -    STX: 845.00000000 (Locked: 0.00000000)
2025-11-04 18:27:31,744 - INFO -    KAVA: 1538.00000000 (Locked: 0.00000000)
2025-11-04 18:27:31,744 - INFO -    ARPA: 18446.00000000 (Locked: 0.00000000)
2025-11-04 18:27:31,744 - INFO -    BCH: 1.00000000 (Locked: 0.00000000)
2025-11-04 18:27:31,744 - INFO -    FTT: 529.00000000 (Locked: 0.00000000)
2025-11-04 18:27:31,744 - INFO -    TRY: 18466.00000000 (Locked: 0.00000000)
2025-11-04 18:27:31,744 - INFO -    EUR: 426.00000000 (Locked: 0.00000000)
2025-11-04 18:27:31,744 - INFO -    OGN: 8473.00000000 (Locked: 0.00000000)
2025-11-04 18:27:31,744 - INFO -    BNT: 732.00000000 (Locked: 0.00000000)
2025-11-04 18:27:31,744 - INFO -    MBL: 18446.00000000 (Locked: 0.00000000)
2025-11-04 18:27:31,744 - INFO -    COTI: 11181.00000000 (Locked: 0.00000000)
2025-11-04 18:27:31,744 - INFO -    ZAR: 18466.00000000 (Locked: 0.00000000)
2025-11-04 18:27:31,744 - INFO -    SOL: 0.36600000 (Locked: 0.00000000)
2025-11-04 18:27:31,744 - INFO -    CTSI: 6579.00000000 (Locked: 0.00000000)
2025-11-04 18:27:31,744 - INFO -    HIVE: 2711.00000000 (Locked: 0.00000000)
2025-11-04 18:27:31,744 - INFO -    CHR: 5945.00000000 (Locked: 0.00000000)
2025-11-04 18:27:31,744 - INFO -    MDT: 18446.00000000 (Locked: 0.00000000)
2025-11-04 18:27:31,744 - INFO -    UAH: 18466.00000000 (Locked: 0.00000000)
2025-11-04 18:27:31,744 - INFO -    COMP: 11.00000000 (Locked: 0.00000000)
2025-11-04 18:27:31,744 - INFO -    SXP: 3132.00000000 (Locked: 0.00000000)
2025-11-04 18:27:31,744 - INFO -    SNX: 454.00000000 (Locked: 0.00000000)
2025-11-04 18:27:31,744 - INFO -    VTHO: 18446.00000000 (Locked: 0.00000000)
2025-11-04 18:27:31,750 - INFO -    DGB: 18446.00000000 (Locked: 0.00000000)
2025-11-04 18:27:31,750 - INFO -    RUNE: 420.00000000 (Locked: 0.00000000)
2025-11-04 18:27:31,750 - INFO -    DCR: 29.00000000 (Locked: 0.00000000)
2025-11-04 18:27:31,750 - INFO -    AVA: 983.00000000 (Locked: 0.00000000)
2025-11-04 18:27:31,750 - INFO -    YFI: 1.00000000 (Locked: 0.00000000)
2025-11-04 18:27:31,750 - INFO -    DAI: 10000.00000000 (Locked: 0.00000000)
2025-11-04 18:27:31,752 - INFO -    JST: 15391.00000000 (Locked: 0.00000000)
2025-11-04 18:27:31,752 - INFO -    CRV: 690.00000000 (Locked: 0.00000000)
2025-11-04 18:27:31,752 - INFO -    SAND: 1813.00000000 (Locked: 0.00000000)
2025-11-04 18:27:31,752 - INFO -    NMR: 29.00000000 (Locked: 0.00000000)
2025-11-04 18:27:31,752 - INFO -    DOT: 0.01000000 (Locked: 0.00000000)
2025-11-04 18:27:31,752 - INFO -    LUNA: 3535.00000000 (Locked: 0.00000000)
2025-11-04 18:27:31,752 - INFO -    RSR: 18446.00000000 (Locked: 0.00000000)
2025-11-04 18:27:31,753 - INFO -    PAXG: 1.00000000 (Locked: 0.00000000)
2025-11-04 18:27:31,753 - INFO -    TRB: 15.00000000 (Locked: 0.00000000)
2025-11-04 18:27:31,753 - INFO -    WBTC: 1.00000000 (Locked: 0.00000000)
2025-11-04 18:27:31,753 - INFO -    SUSHI: 721.00000000 (Locked: 0.00000000)
2025-11-04 18:27:31,753 - INFO -    KSM: 34.00000000 (Locked: 0.00000000)
2025-11-04 18:27:31,753 - INFO -    EGLD: 37.00000000 (Locked: 0.00000000)
2025-11-04 18:27:31,753 - INFO -    DIA: 863.00000000 (Locked: 0.00000000)
2025-11-04 18:27:31,753 - INFO -    FIO: 18446.00000000 (Locked: 0.00000000)
2025-11-04 18:27:31,753 - INFO -    UMA: 409.00000000 (Locked: 0.00000000)
2025-11-04 18:27:31,753 - INFO -    BEL: 2085.00000000 (Locked: 0.00000000)
2025-11-04 18:27:31,753 - INFO -    UNI: 63.00000000 (Locked: 0.00000000)
2025-11-04 18:27:31,753 - INFO -    OXT: 10401.00000000 (Locked: 0.00000000)
2025-11-04 18:27:31,753 - INFO -    SUN: 18446.00000000 (Locked: 0.00000000)
2025-11-04 18:27:31,754 - INFO -    AVAX: 16.00000000 (Locked: 0.00000000)
2025-11-04 18:27:31,754 - INFO -    FLM: 18446.00000000 (Locked: 0.00000000)
2025-11-04 18:27:31,754 - INFO -    SCRT: 3144.00000000 (Locked: 0.00000000)
2025-11-04 18:27:31,754 - INFO -    CAKE: 192.00000000 (Locked: 0.00000000)
2025-11-04 18:27:31,754 - INFO -    UTK: 18446.00000000 (Locked: 0.00000000)
2025-11-04 18:27:31,754 - INFO -    XVS: 83.00000000 (Locked: 0.00000000)
2025-11-04 18:27:31,754 - INFO -    BRL: 97.00000000 (Locked: 0.00000000)
2025-11-04 18:27:31,754 - INFO -    AAVE: 1.00000000 (Locked: 0.00000000)
2025-11-04 18:27:31,754 - INFO -    NEAR: 178.00000000 (Locked: 0.00000000)
2025-11-04 18:27:31,754 - INFO -    FIL: 221.00000000 (Locked: 0.00000000)
2025-11-04 18:27:31,754 - INFO -    INJ: 40.00000000 (Locked: 0.00000000)
2025-11-04 18:27:31,754 - INFO -    AUDIO: 9139.00000000 (Locked: 0.00000000)
2025-11-04 18:27:31,754 - INFO -    CTK: 1481.00000000 (Locked: 0.00000000)
2025-11-04 18:27:31,754 - INFO -    AXS: 228.00000000 (Locked: 0.00000000)
2025-11-04 18:27:31,754 - INFO -    SLP: 18446.00000000 (Locked: 0.00000000)
2025-11-04 18:27:31,754 - INFO -    STRAX: 13000.00000000 (Locked: 0.00000000)
2025-11-04 18:27:31,754 - INFO -    ROSE: 18446.00000000 (Locked: 0.00000000)
2025-11-04 18:27:31,754 - INFO -    SKL: 18446.00000000 (Locked: 0.00000000)
2025-11-04 18:27:31,754 - INFO -    GLM: 2243.00000000 (Locked: 0.00000000)
2025-11-04 18:27:31,754 - INFO -    GRT: 5950.00000000 (Locked: 0.00000000)
2025-11-04 18:27:31,754 - INFO -    JUV: 456.00000000 (Locked: 0.00000000)
2025-11-04 18:27:31,754 - INFO -    PSG: 318.00000000 (Locked: 0.00000000)
2025-11-04 18:27:31,754 - INFO -    1INCH: 1916.00000000 (Locked: 0.00000000)
2025-11-04 18:27:31,754 - INFO -    OG: 31.00000000 (Locked: 0.00000000)
2025-11-04 18:27:31,754 - INFO -    ATM: 349.00000000 (Locked: 0.00000000)
2025-11-04 18:27:31,754 - INFO -    ASR: 221.00000000 (Locked: 0.00000000)
2025-11-04 18:27:31,754 - INFO -    CELO: 1956.00000000 (Locked: 0.00000000)
2025-11-04 18:27:31,754 - INFO -    RIF: 8761.00000000 (Locked: 0.00000000)
2025-11-04 18:27:31,754 - INFO -    TRU: 17544.00000000 (Locked: 0.00000000)
2025-11-04 18:27:31,754 - INFO -    CKB: 18446.00000000 (Locked: 0.00000000)
2025-11-04 18:27:31,754 - INFO -    TWT: 392.00000000 (Locked: 0.00000000)
2025-11-04 18:27:31,754 - INFO -    SFP: 990.00000000 (Locked: 0.00000000)
2025-11-04 18:27:31,760 - INFO -    DODO: 11198.00000000 (Locked: 0.00000000)
2025-11-04 18:27:31,760 - INFO -    ACM: 577.00000000 (Locked: 0.00000000)
2025-11-04 18:27:31,760 - INFO -    AUCTION: 58.00000000 (Locked: 0.00000000)
2025-11-04 18:27:31,760 - INFO -    PHA: 5268.00000000 (Locked: 0.00000000)
2025-11-04 18:27:31,761 - INFO -    FIS: 5932.00000000 (Locked: 0.00000000)
2025-11-04 18:27:31,761 - INFO -    OM: 2931.00000000 (Locked: 0.00000000)
2025-11-04 18:27:31,761 - INFO -    POND: 18446.00000000 (Locked: 0.00000000)
2025-11-04 18:27:31,761 - INFO -    DEGO: 461.00000000 (Locked: 0.00000000)
2025-11-04 18:27:31,762 - INFO -    ALICE: 1647.00000000 (Locked: 0.00000000)
2025-11-04 18:27:31,762 - INFO -    PERP: 1721.00000000 (Locked: 0.00000000)
2025-11-04 18:27:31,762 - INFO -    SUPER: 836.00000000 (Locked: 0.00000000)
2025-11-04 18:27:31,762 - INFO -    CFX: 3397.00000000 (Locked: 0.00000000)
2025-11-04 18:27:31,762 - INFO -    TKO: 2797.00000000 (Locked: 0.00000000)
2025-11-04 18:27:31,763 - INFO -    PUNDIX: 1567.00000000 (Locked: 0.00000000)
2025-11-04 18:27:31,763 - INFO -    TLM: 18446.00000000 (Locked: 0.00000000)
2025-11-04 18:27:31,763 - INFO -    BAR: 481.00000000 (Locked: 0.00000000)
2025-11-04 18:27:31,763 - INFO -    FORTH: 190.00000000 (Locked: 0.00000000)
2025-11-04 18:27:31,763 - INFO -    SHIB: 18446.00000000 (Locked: 0.00000000)
2025-11-04 18:27:31,764 - INFO -    ICP: 114.00000000 (Locked: 0.00000000)
2025-11-04 18:27:31,764 - INFO -    AR: 85.00000000 (Locked: 0.00000000)
2025-11-04 18:27:31,764 - INFO -    MASK: 397.00000000 (Locked: 0.00000000)
2025-11-04 18:27:31,765 - INFO -    LPT: 79.00000000 (Locked: 0.00000000)
2025-11-04 18:27:31,765 - INFO -    ATA: 12515.00000000 (Locked: 0.00000000)
2025-11-04 18:27:31,765 - INFO -    GTC: 1869.00000000 (Locked: 0.00000000)
2025-11-04 18:27:31,765 - INFO -    MLN: 65.00000000 (Locked: 0.00000000)
2025-11-04 18:27:31,765 - INFO -    DEXE: 53.00000000 (Locked: 0.00000000)
2025-11-04 18:27:31,765 - INFO -    C98: 10478.00000000 (Locked: 0.00000000)
2025-11-04 18:27:31,765 - INFO -    QNT: 4.00000000 (Locked: 0.00000000)
2025-11-04 18:27:31,765 - INFO -    FLOW: 1374.00000000 (Locked: 0.00000000)
2025-11-04 18:27:31,767 - INFO -    MINA: 3166.00000000 (Locked: 0.00000000)
2025-11-04 18:27:31,767 - INFO -    RAY: 178.00000000 (Locked: 0.00000000)
2025-11-04 18:27:31,767 - INFO -    FARM: 18.00000000 (Locked: 0.00000000)
2025-11-04 18:27:31,768 - INFO -    QUICK: 18446.00000000 (Locked: 0.00000000)
2025-11-04 18:27:31,768 - INFO -    MBOX: 8891.00000000 (Locked: 0.00000000)
2025-11-04 18:27:31,768 - INFO -    GHST: 1206.00000000 (Locked: 0.00000000)
2025-11-04 18:27:31,768 - INFO -    WAXP: 18446.00000000 (Locked: 0.00000000)
2025-11-04 18:27:31,769 - INFO -    GNO: 3.00000000 (Locked: 0.00000000)
2025-11-04 18:27:31,769 - INFO -    XEC: 18446.00000000 (Locked: 0.00000000)
2025-11-04 18:27:31,769 - INFO -    DYDX: 825.00000000 (Locked: 0.00000000)
2025-11-04 18:27:31,769 - INFO -    IDEX: 18446.00000000 (Locked: 0.00000000)
2025-11-04 18:27:31,769 - INFO -    USDP: 500.00000000 (Locked: 0.00000000)
2025-11-04 18:27:31,769 - INFO -    GALA: 18446.00000000 (Locked: 0.00000000)
2025-11-04 18:27:31,770 - INFO -    ILV: 37.00000000 (Locked: 0.00000000)
2025-11-04 18:27:31,770 - INFO -    YGG: 2986.00000000 (Locked: 0.00000000)
2025-11-04 18:27:31,770 - INFO -    DF: 18446.00000000 (Locked: 0.00000000)
2025-11-04 18:27:31,770 - INFO -    FIDA: 6132.00000000 (Locked: 0.00000000)
2025-11-04 18:27:31,770 - INFO -    AGLD: 900.00000000 (Locked: 0.00000000)
2025-11-04 18:27:31,771 - INFO -    RAD: 794.00000000 (Locked: 0.00000000)
2025-11-04 18:27:31,771 - INFO -    RARE: 9735.00000000 (Locked: 0.00000000)
2025-11-04 18:27:31,771 - INFO -    SSV: 64.00000000 (Locked: 0.00000000)
2025-11-04 18:27:31,771 - INFO -    LAZIO: 491.00000000 (Locked: 0.00000000)
2025-11-04 18:27:31,771 - INFO -    CHESS: 8214.00000000 (Locked: 0.00000000)
2025-11-04 18:27:31,771 - INFO -    MOVR: 90.00000000 (Locked: 0.00000000)
2025-11-04 18:27:31,772 - INFO -    CITY: 503.00000000 (Locked: 0.00000000)
2025-11-04 18:27:31,772 - INFO -    ENS: 24.00000000 (Locked: 0.00000000)
2025-11-04 18:27:31,772 - INFO -    QI: 18446.00000000 (Locked: 0.00000000)
2025-11-04 18:27:31,772 - INFO -    PORTO: 461.00000000 (Locked: 0.00000000)
2025-11-04 18:27:31,772 - INFO -    JASMY: 18446.00000000 (Locked: 0.00000000)
2025-11-04 18:27:31,772 - INFO -    AMP: 18446.00000000 (Locked: 0.00000000)
2025-11-04 18:27:31,773 - INFO -    PYR: 507.00000000 (Locked: 0.00000000)
2025-11-04 18:27:31,773 - INFO -    ALCX: 58.00000000 (Locked: 0.00000000)
2025-11-04 18:27:31,773 - INFO -    SANTOS: 251.00000000 (Locked: 0.00000000)
2025-11-04 18:27:31,773 - INFO -    BICO: 5322.00000000 (Locked: 0.00000000)
2025-11-04 18:27:31,773 - INFO -    FLUX: 2599.00000000 (Locked: 0.00000000)
2025-11-04 18:27:31,773 - INFO -    FXS: 224.00000000 (Locked: 0.00000000)
2025-11-04 18:27:31,774 - INFO -    VOXEL: 10062.00000000 (Locked: 0.00000000)
2025-11-04 18:27:31,774 - INFO -    HIGH: 1043.00000000 (Locked: 0.00000000)
2025-11-04 18:27:31,774 - INFO -    CVX: 149.00000000 (Locked: 0.00000000)
2025-11-04 18:27:31,774 - INFO -    PEOPLE: 18446.00000000 (Locked: 0.00000000)
2025-11-04 18:27:31,774 - INFO -    SPELL: 18446.00000000 (Locked: 0.00000000)
2025-11-04 18:27:31,774 - INFO -    JOE: 2983.00000000 (Locked: 0.00000000)
2025-11-04 18:27:31,774 - INFO -    ACH: 18446.00000000 (Locked: 0.00000000)
2025-11-04 18:27:31,774 - INFO -    IMX: 695.00000000 (Locked: 0.00000000)
2025-11-04 18:27:31,774 - INFO -    GLMR: 8489.00000000 (Locked: 0.00000000)
2025-11-04 18:27:31,774 - INFO -    API3: 636.00000000 (Locked: 0.00000000)
2025-11-04 18:27:31,774 - INFO -    BTTC: 18446.00000000 (Locked: 0.00000000)
2025-11-04 18:27:31,774 - INFO -    ACA: 18446.00000000 (Locked: 0.00000000)
2025-11-04 18:27:31,774 - INFO -    XNO: 610.00000000 (Locked: 0.00000000)
2025-11-04 18:27:31,774 - INFO -    WOO: 7642.00000000 (Locked: 0.00000000)
2025-11-04 18:27:31,774 - INFO -    ALPINE: 268.00000000 (Locked: 0.00000000)
2025-11-04 18:27:31,774 - INFO -    T: 18446.00000000 (Locked: 0.00000000)
2025-11-04 18:27:31,774 - INFO -    ASTR: 18446.00000000 (Locked: 0.00000000)
2025-11-04 18:27:31,774 - INFO -    GMT: 12690.00000000 (Locked: 0.00000000)
2025-11-04 18:27:31,774 - INFO -    KDA: 1364.00000000 (Locked: 0.00000000)
2025-11-04 18:27:31,774 - INFO -    APE: 913.00000000 (Locked: 0.00000000)
2025-11-04 18:27:31,774 - INFO -    BIFI: 2.00000000 (Locked: 0.00000000)
2025-11-04 18:27:31,774 - INFO -    NEXO: 400.00000000 (Locked: 0.00000000)
2025-11-04 18:27:31,774 - INFO -    REI: 18446.00000000 (Locked: 0.00000000)
2025-11-04 18:27:31,774 - INFO -    LDO: 434.00000000 (Locked: 0.00000000)
2025-11-04 18:27:31,774 - INFO -    OP: 724.00000000 (Locked: 0.00000000)
2025-11-04 18:27:31,774 - INFO -    STG: 2839.00000000 (Locked: 0.00000000)
2025-11-04 18:27:31,774 - INFO -    LUNC: 18446.00000000 (Locked: 0.00000000)
2025-11-04 18:27:31,774 - INFO -    GMX: 32.00000000 (Locked: 0.00000000)
2025-11-04 18:27:31,774 - INFO -    POLYX: 4228.00000000 (Locked: 0.00000000)
2025-11-04 18:27:31,780 - INFO -    APT: 109.00000000 (Locked: 0.00000000)
2025-11-04 18:27:31,780 - INFO -    PLN: 18466.00000000 (Locked: 0.00000000)
2025-11-04 18:27:31,780 - INFO -    OSMO: 3553.00000000 (Locked: 0.00000000)
2025-11-04 18:27:31,780 - INFO -    HFT: 6588.00000000 (Locked: 0.00000000)
2025-11-04 18:27:31,780 - INFO -    HOOK: 5356.00000000 (Locked: 0.00000000)
2025-11-04 18:27:31,780 - INFO -    MAGIC: 2830.00000000 (Locked: 0.00000000)
2025-11-04 18:27:31,780 - INFO -    RPL: 102.00000000 (Locked: 0.00000000)
2025-11-04 18:27:31,780 - INFO -    RON: 18466.00000000 (Locked: 0.00000000)
2025-11-04 18:27:31,780 - INFO -    GNS: 267.00000000 (Locked: 0.00000000)
2025-11-04 18:27:31,782 - INFO -    SYN: 4282.00000000 (Locked: 0.00000000)
2025-11-04 18:27:31,782 - INFO -    LQTY: 695.00000000 (Locked: 0.00000000)
2025-11-04 18:27:31,782 - INFO -    USTC: 18446.00000000 (Locked: 0.00000000)
2025-11-04 18:27:31,782 - INFO -    PROM: 50.00000000 (Locked: 0.00000000)
2025-11-04 18:27:31,782 - INFO -    QKC: 18446.00000000 (Locked: 0.00000000)
2025-11-04 18:27:31,782 - INFO -    ID: 3304.00000000 (Locked: 0.00000000)
2025-11-04 18:27:31,783 - INFO -    ARB: 1141.00000000 (Locked: 0.00000000)
2025-11-04 18:27:31,783 - INFO -    RDNT: 18446.00000000 (Locked: 0.00000000)
2025-11-04 18:27:31,783 - INFO -    ARS: 18466.00000000 (Locked: 0.00000000)
2025-11-04 18:27:31,783 - INFO -    EDU: 3781.00000000 (Locked: 0.00000000)
2025-11-04 18:27:31,784 - INFO -    SUI: 147.00000000 (Locked: 0.00000000)
2025-11-04 18:27:31,784 - INFO -    PEPE: 18446.00000000 (Locked: 0.00000000)
2025-11-04 18:27:31,784 - INFO -    FLOKI: 18446.00000000 (Locked: 0.00000000)
2025-11-04 18:27:31,784 - INFO -    WBETH: 1.00000000 (Locked: 0.00000000)
2025-11-04 18:27:31,785 - INFO -    MAV: 8049.00000000 (Locked: 0.00000000)
2025-11-04 18:27:31,785 - INFO -    PENDLE: 106.00000000 (Locked: 0.00000000)
2025-11-04 18:27:31,785 - INFO -    ARKM: 957.00000000 (Locked: 0.00000000)
2025-11-04 18:27:31,785 - INFO -    WLD: 384.00000000 (Locked: 0.00000000)
2025-11-04 18:27:31,786 - INFO -    FDUSD: 10000.00000000 (Locked: 0.00000000)
2025-11-04 18:27:31,786 - INFO -    SEI: 1737.00000000 (Locked: 0.00000000)
2025-11-04 18:27:31,786 - INFO -    CYBER: 319.00000000 (Locked: 0.00000000)
2025-11-04 18:27:31,786 - INFO -    ARK: 1158.00000000 (Locked: 0.00000000)
2025-11-04 18:27:31,786 - INFO -    IQ: 18446.00000000 (Locked: 0.00000000)
2025-11-04 18:27:31,786 - INFO -    NTRN: 6227.00000000 (Locked: 0.00000000)
2025-11-04 18:27:31,786 - INFO -    TIA: 349.00000000 (Locked: 0.00000000)
2025-11-04 18:27:31,786 - INFO -    MEME: 18446.00000000 (Locked: 0.00000000)
2025-11-04 18:27:31,788 - INFO -    ORDI: 61.00000000 (Locked: 0.00000000)
2025-11-04 18:27:31,788 - INFO -    BEAMX: 18446.00000000 (Locked: 0.00000000)
2025-11-04 18:27:31,788 - INFO -    VIC: 2401.00000000 (Locked: 0.00000000)
2025-11-04 18:27:31,788 - INFO -    BLUR: 6510.00000000 (Locked: 0.00000000)
2025-11-04 18:27:31,789 - INFO -    VANRY: 18446.00000000 (Locked: 0.00000000)
2025-11-04 18:27:31,789 - INFO -    AEUR: 461.00000000 (Locked: 0.00000000)
2025-11-04 18:27:31,789 - INFO -    JTO: 307.00000000 (Locked: 0.00000000)
2025-11-04 18:27:31,789 - INFO -    1000SATS: 18446.00000000 (Locked: 0.00000000)
2025-11-04 18:27:31,789 - INFO -    BONK: 18446.00000000 (Locked: 0.00000000)
2025-11-04 18:27:31,789 - INFO -    ACE: 1082.00000000 (Locked: 0.00000000)
2025-11-04 18:27:31,789 - INFO -    NFP: 8335.00000000 (Locked: 0.00000000)
2025-11-04 18:27:31,790 - INFO -    AI: 4132.00000000 (Locked: 0.00000000)
2025-11-04 18:27:31,790 - INFO -    XAI: 12078.00000000 (Locked: 0.00000000)
2025-11-04 18:27:31,790 - INFO -    MANTA: 2716.00000000 (Locked: 0.00000000)
2025-11-04 18:27:31,790 - INFO -    ALT: 18138.00000000 (Locked: 0.00000000)
2025-11-04 18:27:31,790 - INFO -    JUP: 1107.00000000 (Locked: 0.00000000)
2025-11-04 18:27:31,791 - INFO -    PYTH: 3268.00000000 (Locked: 0.00000000)
2025-11-04 18:27:31,791 - INFO -    RONIN: 1067.00000000 (Locked: 0.00000000)
2025-11-04 18:27:31,791 - INFO -    DYM: 2733.00000000 (Locked: 0.00000000)
2025-11-04 18:27:31,791 - INFO -    PIXEL: 17992.00000000 (Locked: 0.00000000)
2025-11-04 18:27:31,791 - INFO -    STRK: 3404.00000000 (Locked: 0.00000000)
2025-11-04 18:27:31,791 - INFO -    PORTAL: 13481.00000000 (Locked: 0.00000000)
2025-11-04 18:27:31,791 - INFO -    AXL: 1727.00000000 (Locked: 0.00000000)
2025-11-04 18:27:31,791 - INFO -    WIF: 669.00000000 (Locked: 0.00000000)
2025-11-04 18:27:31,791 - INFO -    METIS: 37.00000000 (Locked: 0.00000000)
2025-11-04 18:27:31,791 - INFO -    JPY: 18466.00000000 (Locked: 0.00000000)
2025-11-04 18:27:31,791 - INFO -    AEVO: 4361.00000000 (Locked: 0.00000000)
2025-11-04 18:27:31,791 - INFO -    BOME: 18446.00000000 (Locked: 0.00000000)
2025-11-04 18:27:31,791 - INFO -    ETHFI: 344.00000000 (Locked: 0.00000000)
2025-11-04 18:27:31,791 - INFO -    ENA: 846.00000000 (Locked: 0.00000000)
2025-11-04 18:27:31,791 - INFO -    W: 4762.00000000 (Locked: 0.00000000)
2025-11-04 18:27:31,791 - INFO -    TNSR: 5027.00000000 (Locked: 0.00000000)
2025-11-04 18:27:31,791 - INFO -    SAGA: 2340.00000000 (Locked: 0.00000000)
2025-11-04 18:27:31,791 - INFO -    MXN: 18466.00000000 (Locked: 0.00000000)
2025-11-04 18:27:31,795 - INFO -    TAO: 1.00000000 (Locked: 0.00000000)
2025-11-04 18:27:31,795 - INFO -    REZ: 18446.00000000 (Locked: 0.00000000)
2025-11-04 18:27:31,795 - INFO -    BB: 2648.00000000 (Locked: 0.00000000)
2025-11-04 18:27:31,795 - INFO -    NOT: 18446.00000000 (Locked: 0.00000000)
2025-11-04 18:27:31,795 - INFO -    COP: 18466.00000000 (Locked: 0.00000000)
2025-11-04 18:27:31,795 - INFO -    IO: 903.00000000 (Locked: 0.00000000)
2025-11-04 18:27:31,795 - INFO -    ZK: 9401.00000000 (Locked: 0.00000000)
2025-11-04 18:27:31,795 - INFO -    LISTA: 1728.00000000 (Locked: 0.00000000)
2025-11-04 18:27:31,796 - INFO -    ZRO: 246.00000000 (Locked: 0.00000000)
2025-11-04 18:27:31,796 - INFO -    G: 18446.00000000 (Locked: 0.00000000)
2025-11-04 18:27:31,796 - INFO -    BANANA: 30.00000000 (Locked: 0.00000000)
2025-11-04 18:27:31,796 - INFO -    RENDER: 143.00000000 (Locked: 0.00000000)
2025-11-04 18:27:31,796 - INFO -    TON: 182.00000000 (Locked: 0.00000000)
2025-11-04 18:27:31,796 - INFO -    DOGS: 18446.00000000 (Locked: 0.00000000)
2025-11-04 18:27:31,797 - INFO -    EURI: 426.00000000 (Locked: 0.00000000)
2025-11-04 18:27:31,797 - INFO -    POL: 2144.00000000 (Locked: 0.00000000)
2025-11-04 18:27:31,797 - INFO -    NEIRO: 18446.00000000 (Locked: 0.00000000)
2025-11-04 18:27:31,797 - INFO -    TURBO: 18446.00000000 (Locked: 0.00000000)
2025-11-04 18:27:31,797 - INFO -    1MBABYDOGE: 18446.00000000 (Locked: 0.00000000)
2025-11-04 18:27:31,798 - INFO -    CATI: 5903.00000000 (Locked: 0.00000000)
2025-11-04 18:27:31,798 - INFO -    HMSTR: 18446.00000000 (Locked: 0.00000000)
2025-11-04 18:27:31,798 - INFO -    EIGEN: 337.00000000 (Locked: 0.00000000)
2025-11-04 18:27:31,798 - INFO -    BNSOL: 2.00000000 (Locked: 0.00000000)
2025-11-04 18:27:31,799 - INFO -    SCR: 1752.00000000 (Locked: 0.00000000)
2025-11-04 18:27:31,799 - INFO -    LUMIA: 1718.00000000 (Locked: 0.00000000)
2025-11-04 18:27:31,799 - INFO -    KAIA: 3261.00000000 (Locked: 0.00000000)
2025-11-04 18:27:31,800 - INFO -    COW: 1851.00000000 (Locked: 0.00000000)
2025-11-04 18:27:31,800 - INFO -    CETUS: 6362.00000000 (Locked: 0.00000000)
2025-11-04 18:27:31,800 - INFO -    PNUT: 2366.00000000 (Locked: 0.00000000)
2025-11-04 18:27:31,800 - INFO -    ACT: 15239.00000000 (Locked: 0.00000000)
2025-11-04 18:27:31,801 - INFO -    USUAL: 9470.00000000 (Locked: 0.00000000)
2025-11-04 18:27:31,801 - INFO -    THE: 1181.00000000 (Locked: 0.00000000)
2025-11-04 18:27:31,801 - INFO -    ACX: 4343.00000000 (Locked: 0.00000000)
2025-11-04 18:27:31,802 - INFO -    ORCA: 251.00000000 (Locked: 0.00000000)
2025-11-04 18:27:31,802 - INFO -    MOVE: 4669.00000000 (Locked: 0.00000000)
2025-11-04 18:27:31,802 - INFO -    ME: 833.00000000 (Locked: 0.00000000)
2025-11-04 18:27:31,802 - INFO -    VELODROME: 11184.00000000 (Locked: 0.00000000)
2025-11-04 18:27:31,802 - INFO -    VANA: 129.00000000 (Locked: 0.00000000)
2025-11-04 18:27:31,802 - INFO -    1000CAT: 18446.00000000 (Locked: 0.00000000)
2025-11-04 18:27:31,802 - INFO -    PENGU: 16493.00000000 (Locked: 0.00000000)
2025-11-04 18:27:31,802 - INFO -    BIO: 3588.00000000 (Locked: 0.00000000)
2025-11-04 18:27:31,802 - INFO -    D: 16292.00000000 (Locked: 0.00000000)
2025-11-04 18:27:31,802 - INFO -    AIXBT: 5294.00000000 (Locked: 0.00000000)
2025-11-04 18:27:31,802 - INFO -    CGPT: 6228.00000000 (Locked: 0.00000000)
2025-11-04 18:27:31,802 - INFO -    COOKIE: 4552.00000000 (Locked: 0.00000000)
2025-11-04 18:27:31,805 - INFO -    S: 1782.00000000 (Locked: 0.00000000)
2025-11-04 18:27:31,805 - INFO -    SOLV: 11760.00000000 (Locked: 0.00000000)
2025-11-04 18:27:31,805 - INFO -    TRUMP: 66.00000000 (Locked: 0.00000000)
2025-11-04 18:27:31,805 - INFO -    ANIME: 18446.00000000 (Locked: 0.00000000)
2025-11-04 18:27:31,805 - INFO -    BERA: 177.00000000 (Locked: 0.00000000)
2025-11-04 18:27:31,805 - INFO -    1000CHEEMS: 18446.00000000 (Locked: 0.00000000)
2025-11-04 18:27:31,807 - INFO -    TST: 16238.00000000 (Locked: 0.00000000)
2025-11-04 18:27:31,807 - INFO -    LAYER: 1212.00000000 (Locked: 0.00000000)
2025-11-04 18:27:31,807 - INFO -    HEI: 1503.00000000 (Locked: 0.00000000)
2025-11-04 18:27:31,807 - INFO -    KAITO: 349.00000000 (Locked: 0.00000000)
2025-11-04 18:27:31,808 - INFO -    SHELL: 4269.00000000 (Locked: 0.00000000)
2025-11-04 18:27:31,808 - INFO -    RED: 1152.00000000 (Locked: 0.00000000)
2025-11-04 18:27:31,808 - INFO -    GPS: 18446.00000000 (Locked: 0.00000000)
2025-11-04 18:27:31,808 - INFO -    EPIC: 285.00000000 (Locked: 0.00000000)
2025-11-04 18:27:31,808 - INFO -    BMT: 8536.00000000 (Locked: 0.00000000)
2025-11-04 18:27:31,808 - INFO -    FORM: 482.00000000 (Locked: 0.00000000)
2025-11-04 18:27:31,809 - INFO -    XUSD: 500.00000000 (Locked: 0.00000000)
2025-11-04 18:27:31,809 - INFO -    CZK: 18466.00000000 (Locked: 0.00000000)
2025-11-04 18:27:31,809 - INFO -    NIL: 1768.00000000 (Locked: 0.00000000)
2025-11-04 18:27:31,809 - INFO -    PARTI: 4072.00000000 (Locked: 0.00000000)
2025-11-04 18:27:31,809 - INFO -    MUBARAK: 16620.00000000 (Locked: 0.00000000)
2025-11-04 18:27:31,809 - INFO -    TUT: 6008.00000000 (Locked: 0.00000000)
2025-11-04 18:27:31,809 - INFO -    BROCCOLI714: 18424.00000000 (Locked: 0.00000000)
2025-11-04 18:27:31,809 - INFO -    BANANAS31: 18446.00000000 (Locked: 0.00000000)
2025-11-04 18:27:31,809 - INFO -    GUN: 18446.00000000 (Locked: 0.00000000)
2025-11-04 18:27:31,809 - INFO -    BABY: 9815.00000000 (Locked: 0.00000000)
2025-11-04 18:27:31,809 - INFO -    ONDO: 544.00000000 (Locked: 0.00000000)
2025-11-04 18:27:31,809 - INFO -    BIGTIME: 10274.00000000 (Locked: 0.00000000)
2025-11-04 18:27:31,809 - INFO -    VIRTUAL: 459.00000000 (Locked: 0.00000000)
2025-11-04 18:27:31,809 - INFO -    KERNEL: 2590.00000000 (Locked: 0.00000000)
2025-11-04 18:27:31,809 - INFO -    WCT: 1986.00000000 (Locked: 0.00000000)
2025-11-04 18:27:31,809 - INFO -    HYPER: 1966.00000000 (Locked: 0.00000000)
2025-11-04 18:27:31,809 - INFO -    INIT: 1544.00000000 (Locked: 0.00000000)
2025-11-04 18:27:31,809 - INFO -    SIGN: 7590.00000000 (Locked: 0.00000000)
2025-11-04 18:27:31,809 - INFO -    STO: 5744.00000000 (Locked: 0.00000000)
2025-11-04 18:27:31,809 - INFO -    SYRUP: 1287.00000000 (Locked: 0.00000000)
2025-11-04 18:27:31,809 - INFO -    KMNO: 6786.00000000 (Locked: 0.00000000)
2025-11-04 18:27:31,809 - INFO -    SXT: 7299.00000000 (Locked: 0.00000000)
2025-11-04 18:27:31,809 - INFO -    NXPC: 983.00000000 (Locked: 0.00000000)
2025-11-04 18:27:31,809 - INFO -    AWE: 4136.00000000 (Locked: 0.00000000)
2025-11-04 18:27:31,809 - INFO -    HAEDAL: 3768.00000000 (Locked: 0.00000000)
2025-11-04 18:27:31,809 - INFO -    USD1: 500.00000000 (Locked: 0.00000000)
2025-11-04 18:27:31,809 - INFO -    HUMA: 14801.00000000 (Locked: 0.00000000)
2025-11-04 18:27:31,809 - INFO -    A: 1233.00000000 (Locked: 0.00000000)
2025-11-04 18:27:31,809 - INFO -    SOPH: 17673.00000000 (Locked: 0.00000000)
2025-11-04 18:27:31,809 - INFO -    RESOLV: 4689.00000000 (Locked: 0.00000000)
2025-11-04 18:27:31,809 - INFO -    HOME: 16312.00000000 (Locked: 0.00000000)
2025-11-04 18:27:31,809 - INFO -    SPK: 9828.00000000 (Locked: 0.00000000)
2025-11-04 18:27:31,809 - INFO -    NEWT: 2473.00000000 (Locked: 0.00000000)
2025-11-04 18:27:31,815 - INFO -    SAHARA: 6342.00000000 (Locked: 0.00000000)
2025-11-04 18:27:31,815 - INFO -    LA: 1389.00000000 (Locked: 0.00000000)
2025-11-04 18:27:31,815 - INFO -    ERA: 943.00000000 (Locked: 0.00000000)
2025-11-04 18:27:31,815 - INFO -    C: 2790.00000000 (Locked: 0.00000000)
2025-11-04 18:27:31,816 - INFO -    TREE: 1872.00000000 (Locked: 0.00000000)
2025-11-04 18:27:31,816 - INFO -    A2Z: 18446.00000000 (Locked: 0.00000000)
2025-11-04 18:27:31,816 - INFO -    TOWNS: 18446.00000000 (Locked: 0.00000000)
2025-11-04 18:27:31,816 - INFO -    PROVE: 719.00000000 (Locked: 0.00000000)
2025-11-04 18:27:31,817 - INFO -    BFUSD: 500.00000000 (Locked: 0.00000000)
2025-11-04 18:27:31,817 - INFO -    PLUME: 5036.00000000 (Locked: 0.00000000)
2025-11-04 18:27:31,817 - INFO -    DOLO: 4856.00000000 (Locked: 0.00000000)
2025-11-04 18:27:31,817 - INFO -    MITO: 3495.00000000 (Locked: 0.00000000)
2025-11-04 18:27:31,818 - INFO -    WLFI: 2492.00000000 (Locked: 0.00000000)
2025-11-04 18:27:31,818 - INFO -    SOMI: 596.00000000 (Locked: 0.00000000)
2025-11-04 18:27:31,818 - INFO -    OPEN: 1106.00000000 (Locked: 0.00000000)
2025-11-04 18:27:31,818 - INFO -    USDE: 499.00000000 (Locked: 0.00000000)
2025-11-04 18:27:31,819 - INFO -    LINEA: 18446.00000000 (Locked: 0.00000000)
2025-11-04 18:27:31,819 - INFO -    HOLO: 2498.00000000 (Locked: 0.00000000)
2025-11-04 18:27:31,820 - INFO -    PUMP: 18446.00000000 (Locked: 0.00000000)
2025-11-04 18:27:31,820 - INFO -    AVNT: 410.00000000 (Locked: 0.00000000)
2025-11-04 18:27:31,820 - INFO -    ZKC: 1121.00000000 (Locked: 0.00000000)
2025-11-04 18:27:31,820 - INFO -    SKY: 7156.00000000 (Locked: 0.00000000)
2025-11-04 18:27:31,820 - INFO -    BARD: 555.00000000 (Locked: 0.00000000)
2025-11-04 18:27:31,820 - INFO -    0G: 189.00000000 (Locked: 0.00000000)
2025-11-04 18:27:31,820 - INFO -    HEMI: 5467.00000000 (Locked: 0.00000000)
2025-11-04 18:27:31,820 - INFO -    XPL: 479.00000000 (Locked: 0.00000000)
2025-11-04 18:27:31,820 - INFO -    MIRA: 815.00000000 (Locked: 0.00000000)
2025-11-04 18:27:31,820 - INFO -    FF: 2549.00000000 (Locked: 0.00000000)
2025-11-04 18:27:31,820 - INFO -    EDEN: 1196.00000000 (Locked: 0.00000000)
2025-11-04 18:27:31,820 - INFO -    NOM: 11666.00000000 (Locked: 0.00000000)
2025-11-04 18:27:32,156 - INFO -    Precisão de preço: 2 casas decimais
2025-11-04 18:27:32,156 - INFO -    Precisão de quantidade: 4 casas decimais
2025-11-04 18:27:32,156 - INFO -    Valor mínimo de negociação: 10.0 USDT
2025-11-04 18:27:32,164 - INFO - ------------------------------------------------------------
2025-11-04 18:27:32,164 - INFO - 📊 Par de negociação: ETHUSDT
2025-11-04 18:27:32,164 - INFO - ⏱️ Timeframe: 1m
2025-11-04 18:27:32,164 - INFO - 💵 Valor por operação: 15.0 USDT
2025-11-04 18:27:32,164 - INFO - 🎯 Estratégia: 4
2025-11-04 18:27:32,164 - INFO - 🕒 Horário: 00:00 - 23:59
2025-11-04 18:27:32,164 - INFO - ============================================================
2025-11-04 18:27:32,164 - INFO - 🚀 Bot iniciado!
2025-11-04 18:27:32,435 - INFO - 💹 ETHUSDT: 3166.01000000 USDT
2025-11-04 18:28:02,719 - INFO - 💹 ETHUSDT: 3163.33000000 USDT
2025-11-04 18:28:33,002 - INFO - 💹 ETHUSDT: 3170.99000000 USDT
2025-11-04 18:29:03,281 - INFO - 💹 ETHUSDT: 3172.80000000 USDT
2025-11-04 18:29:33,568 - INFO - 💹 ETHUSDT: 3164.16000000 USDT
2025-11-04 18:30:03,850 - INFO - 💹 ETHUSDT: 3167.31000000 USDT
2025-11-04 18:30:34,131 - INFO - 💹 ETHUSDT: 3163.16000000 USDT
2025-11-04 18:31:04,401 - INFO - 💹 ETHUSDT: 3152.19000000 USDT
2025-11-04 18:31:34,670 - INFO - 💹 ETHUSDT: 3155.14000000 USDT
2025-11-04 18:32:04,957 - INFO - 💹 ETHUSDT: 3145.64000000 USDT
2025-11-04 18:32:35,232 - INFO - 💹 ETHUSDT: 3137.99000000 USDT
2025-11-04 18:33:05,513 - INFO - 💹 ETHUSDT: 3129.21000000 USDT
2025-11-04 18:33:35,798 - INFO - 💹 ETHUSDT: 3123.93000000 USDT
2025-11-04 18:34:06,085 - INFO - 💹 ETHUSDT: 3123.03000000 USDT
2025-11-04 18:34:36,360 - INFO - 💹 ETHUSDT: 3117.69000000 USDT
2025-11-04 18:35:06,655 - INFO - 💹 ETHUSDT: 3105.32000000 USDT
2025-11-04 18:35:36,946 - INFO - 💹 ETHUSDT: 3518.96000000 USDT
2025-11-04 18:36:07,221 - INFO - 💹 ETHUSDT: 3082.77000000 USDT
2025-11-04 18:36:37,499 - INFO - 💹 ETHUSDT: 2966.14000000 USDT
2025-11-04 18:37:07,780 - INFO - 💹 ETHUSDT: 3096.69000000 USDT
2025-11-04 18:37:38,063 - INFO - 💹 ETHUSDT: 7349.66000000 USDT
2025-11-04 18:38:08,339 - INFO - 💹 ETHUSDT: 3090.74000000 USDT
2025-11-04 18:38:38,629 - INFO - 💹 ETHUSDT: 3086.36000000 USDT
2025-11-04 18:39:08,908 - INFO - 💹 ETHUSDT: 3078.75000000 USDT
2025-11-04 18:39:39,192 - INFO - 💹 ETHUSDT: 3087.97000000 USDT
2025-11-04 18:40:09,454 - INFO - 💹 ETHUSDT: 3100.81000000 USDT
2025-11-04 18:40:39,743 - INFO - 💹 ETHUSDT: 3117.96000000 USDT
2025-11-04 18:41:10,015 - INFO - 💹 ETHUSDT: 3124.06000000 USDT
2025-11-04 18:41:40,815 - INFO - 💹 ETHUSDT: 3109.72000000 USDT
2025-11-04 18:42:11,096 - INFO - 💹 ETHUSDT: 3102.62000000 USDT
2025-11-04 18:42:41,380 - INFO - 💹 ETHUSDT: 3100.09000000 USDT
2025-11-04 18:43:11,666 - INFO - 💹 ETHUSDT: 3093.72000000 USDT
2025-11-04 18:43:41,947 - INFO - 💹 ETHUSDT: 3099.39000000 USDT
2025-11-04 18:44:12,226 - INFO - 💹 ETHUSDT: 3106.35000000 USDT
2025-11-04 18:44:42,494 - INFO - 💹 ETHUSDT: 3108.49000000 USDT
2025-11-04 18:45:12,781 - INFO - 💹 ETHUSDT: 3107.55000000 USDT
2025-11-04 18:45:43,044 - INFO - 💹 ETHUSDT: 3115.94000000 USDT
2025-11-04 18:46:13,331 - INFO - 💹 ETHUSDT: 3135.76000000 USDT
2025-11-04 18:46:13,331 - INFO - 🟢 Sinal COMPRA - Preço acima MA21, RSI 54.11
2025-11-04 18:46:13,331 - INFO - 📈 Abrindo posição COMPRA
2025-11-04 18:46:13,331 - INFO -    Preço: 3135.76000000
2025-11-04 18:46:13,331 - INFO -    Quantidade: 0.00480000
2025-11-04 18:46:13,331 - INFO -    Valor: 15.0 USDT
2025-11-04 18:46:13,608 - INFO - ✅ Ordem executada: 12039585
2025-11-04 18:46:43,891 - INFO - 💹 ETHUSDT: 3155.40000000 USDT
2025-11-04 18:47:14,175 - INFO - 💹 ETHUSDT: 3144.30000000 USDT
2025-11-04 18:47:44,459 - INFO - 💹 ETHUSDT: 3133.39000000 USDT
2025-11-04 18:48:14,744 - INFO - 💹 ETHUSDT: 3134.78000000 USDT
2025-11-04 18:48:45,022 - INFO - 💹 ETHUSDT: 3141.73000000 USDT
2025-11-04 18:49:15,302 - INFO - 💹 ETHUSDT: 3144.43000000 USDT
2025-11-04 18:49:45,576 - INFO - 💹 ETHUSDT: 3137.38000000 USDT
2025-11-04 18:50:15,862 - INFO - 💹 ETHUSDT: 3134.85000000 USDT
2025-11-04 18:50:46,147 - INFO - 💹 ETHUSDT: 3143.82000000 USDT
2025-11-04 18:51:16,429 - INFO - 💹 ETHUSDT: 3144.80000000 USDT
2025-11-04 18:51:46,723 - INFO - 💹 ETHUSDT: 3140.71000000 USDT
2025-11-04 18:52:17,008 - INFO - 💹 ETHUSDT: 2802.54000000 USDT
2025-11-04 18:52:17,008 - INFO - 🛑 Stop Loss atingido! Preço: 2802.54000000
2025-11-04 18:52:17,008 - INFO - 🔄 Fechando posição COMPRA
2025-11-04 18:52:17,279 - INFO - ❌ Prejuízo: -1.60 USDT
2025-11-04 18:52:17,279 - INFO - ------------------------------------------------------------
2025-11-04 18:52:17,279 - INFO - 📊 ESTATÍSTICAS
2025-11-04 18:52:17,279 - INFO -    Total de trades: 1
2025-11-04 18:52:17,279 - INFO -    Trades vencedores: 0
2025-11-04 18:52:17,279 - INFO -    Win Rate: 0.0%
2025-11-04 18:52:17,279 - INFO -    Lucro diário: -1.60 USDT
2025-11-04 18:52:17,279 - INFO -    Lucro total: -1.60 USDT
2025-11-04 18:52:17,279 - INFO -    Posições abertas: 0
2025-11-04 18:52:17,279 - INFO - ------------------------------------------------------------
2025-11-04 18:52:47,567 - INFO - 💹 ETHUSDT: 3158.36000000 USDT
2025-11-04 18:52:47,567 - INFO - 🟢 Sinal COMPRA - Preço acima MA21, RSI 54.45
2025-11-04 18:52:47,567 - INFO - 📈 Abrindo posição COMPRA
2025-11-04 18:52:47,567 - INFO -    Preço: 3158.36000000
2025-11-04 18:52:47,567 - INFO -    Quantidade: 0.00470000
2025-11-04 18:52:47,567 - INFO -    Valor: 15.0 USDT
2025-11-04 18:52:47,840 - INFO - ✅ Ordem executada: 12045076
2025-11-04 18:53:18,126 - INFO - 💹 ETHUSDT: 3135.57000000 USDT
2025-11-04 18:53:48,409 - INFO - 💹 ETHUSDT: 3123.49000000 USDT
2025-11-04 18:54:18,677 - INFO - 💹 ETHUSDT: 3138.89000000 USDT
2025-11-04 18:54:48,961 - INFO - 💹 ETHUSDT: 3137.38000000 USDT
2025-11-04 18:55:19,241 - INFO - 💹 ETHUSDT: 3140.92000000 USDT
2025-11-04 18:55:49,528 - INFO - 💹 ETHUSDT: 3183.10000000 USDT
2025-11-04 18:56:19,808 - INFO - 💹 ETHUSDT: 3188.64000000 USDT
2025-11-04 18:56:50,106 - INFO - 💹 ETHUSDT: 3182.19000000 USDT
2025-11-04 18:57:20,379 - INFO - 💹 ETHUSDT: 3207.70000000 USDT
2025-11-04 18:57:20,379 - INFO - 🎯 Take Profit atingido! Preço: 3207.70000000
2025-11-04 18:57:20,379 - INFO - 🔄 Fechando posição COMPRA
2025-11-04 18:57:20,657 - INFO - ✅ Lucro: 0.23 USDT
2025-11-04 18:57:20,657 - INFO - ------------------------------------------------------------
2025-11-04 18:57:20,658 - INFO - 📊 ESTATÍSTICAS
2025-11-04 18:57:20,658 - INFO -    Total de trades: 2
2025-11-04 18:57:20,658 - INFO -    Trades vencedores: 1
2025-11-04 18:57:20,658 - INFO -    Win Rate: 50.0%
2025-11-04 18:57:20,658 - INFO -    Lucro diário: -1.37 USDT
2025-11-04 18:57:20,658 - INFO -    Lucro total: -1.37 USDT
2025-11-04 18:57:20,658 - INFO -    Posições abertas: 0
2025-11-04 18:57:20,658 - INFO - ------------------------------------------------------------
2025-11-04 18:57:50,921 - INFO - 💹 ETHUSDT: 3195.70000000 USDT
2025-11-04 18:57:50,921 - INFO - 🟢 Sinal COMPRA - Preço acima MA21, RSI 55.03
2025-11-04 18:57:50,937 - INFO - 📈 Abrindo posição COMPRA
2025-11-04 18:57:50,937 - INFO -    Preço: 3195.70000000
2025-11-04 18:57:50,937 - INFO -    Quantidade: 0.00470000
2025-11-04 18:57:50,937 - INFO -    Valor: 15.0 USDT
2025-11-04 18:57:51,208 - INFO - ✅ Ordem executada: 12048989
2025-11-04 18:58:21,491 - INFO - 💹 ETHUSDT: 3193.82000000 USDT
2025-11-04 18:58:51,772 - INFO - 💹 ETHUSDT: 3197.92000000 USDT
2025-11-04 18:59:22,061 - INFO - 💹 ETHUSDT: 3206.35000000 USDT
2025-11-04 18:59:52,352 - INFO - 💹 ETHUSDT: 3205.74000000 USDT
2025-11-04 19:00:22,638 - INFO - 💹 ETHUSDT: 3209.47000000 USDT
2025-11-04 19:00:52,924 - INFO - 💹 ETHUSDT: 3198.86000000 USDT
2025-11-04 19:01:23,204 - INFO - 💹 ETHUSDT: 3209.11000000 USDT
2025-11-04 19:01:54,014 - INFO - 💹 ETHUSDT: 3221.63000000 USDT
2025-11-04 19:02:24,303 - INFO - 💹 ETHUSDT: 3210.50000000 USDT
2025-11-04 19:02:54,579 - INFO - 💹 ETHUSDT: 3215.60000000 USDT
2025-11-04 19:03:24,878 - INFO - 💹 ETHUSDT: 3213.86000000 USDT
2025-11-04 19:03:55,161 - INFO - 💹 ETHUSDT: 3237.60000000 USDT
2025-11-04 19:03:55,161 - INFO - 🎯 Take Profit atingido! Preço: 3237.60000000
2025-11-04 19:03:55,161 - INFO - 🔄 Fechando posição COMPRA
2025-11-04 19:03:55,442 - INFO - ✅ Lucro: 0.20 USDT
2025-11-04 19:03:55,442 - INFO - ------------------------------------------------------------
2025-11-04 19:03:55,443 - INFO - 📊 ESTATÍSTICAS
2025-11-04 19:03:55,443 - INFO -    Total de trades: 3
2025-11-04 19:03:55,443 - INFO -    Trades vencedores: 2
2025-11-04 19:03:55,443 - INFO -    Win Rate: 66.7%
2025-11-04 19:03:55,443 - INFO -    Lucro diário: -1.17 USDT
2025-11-04 19:03:55,443 - INFO -    Lucro total: -1.17 USDT
2025-11-04 19:03:55,443 - INFO -    Posições abertas: 0
2025-11-04 19:03:55,443 - INFO - ------------------------------------------------------------
2025-11-04 19:04:25,726 - INFO - 💹 ETHUSDT: 3227.65000000 USDT
2025-11-04 19:04:25,726 - INFO - 🟢 Sinal COMPRA - Preço acima MA21, RSI 55.83
2025-11-04 19:04:25,726 - INFO - 📈 Abrindo posição COMPRA
2025-11-04 19:04:25,726 - INFO -    Preço: 3227.65000000
2025-11-04 19:04:25,726 - INFO -    Quantidade: 0.00460000
2025-11-04 19:04:25,726 - INFO -    Valor: 15.0 USDT
2025-11-04 19:04:26,001 - INFO - ✅ Ordem executada: 12057162
2025-11-04 19:04:56,294 - INFO - 💹 ETHUSDT: 3229.58000000 USDT
2025-11-04 19:05:26,582 - INFO - 💹 ETHUSDT: 3232.52000000 USDT
2025-11-04 19:05:56,872 - INFO - 💹 ETHUSDT: 3232.28000000 USDT
2025-11-04 19:06:27,142 - INFO - 💹 ETHUSDT: 3245.26000000 USDT
2025-11-04 19:06:57,450 - INFO - 💹 ETHUSDT: 3212.97000000 USDT
2025-11-04 19:07:27,753 - INFO - 💹 ETHUSDT: 3238.92000000 USDT
2025-11-04 19:07:58,064 - INFO - 💹 ETHUSDT: 3240.97000000 USDT
2025-11-04 19:08:28,343 - INFO - 💹 ETHUSDT: 3246.54000000 USDT
2025-11-04 19:08:58,641 - INFO - 💹 ETHUSDT: 3252.60000000 USDT
2025-11-04 19:09:28,935 - INFO - 💹 ETHUSDT: 3251.33000000 USDT
2025-11-04 19:09:59,227 - INFO - 💹 ETHUSDT: 3257.74000000 USDT
2025-11-04 19:10:29,511 - INFO - 💹 ETHUSDT: 3257.09000000 USDT
2025-11-04 19:10:59,835 - INFO - 💹 ETHUSDT: 3266.50000000 USDT
2025-11-04 19:10:59,835 - INFO - 🎯 Take Profit atingido! Preço: 3266.50000000
2025-11-04 19:10:59,835 - INFO - 🔄 Fechando posição COMPRA
2025-11-04 19:11:00,100 - INFO - ✅ Lucro: 0.18 USDT
2025-11-04 19:11:00,100 - INFO - ------------------------------------------------------------
2025-11-04 19:11:00,100 - INFO - 📊 ESTATÍSTICAS
2025-11-04 19:11:00,100 - INFO -    Total de trades: 4
2025-11-04 19:11:00,100 - INFO -    Trades vencedores: 3
2025-11-04 19:11:00,100 - INFO -    Win Rate: 75.0%
2025-11-04 19:11:00,100 - INFO -    Lucro diário: -0.99 USDT
2025-11-04 19:11:00,100 - INFO -    Lucro total: -0.99 USDT
2025-11-04 19:11:00,100 - INFO -    Posições abertas: 0
2025-11-04 19:11:00,100 - INFO - ------------------------------------------------------------
2025-11-04 19:11:30,405 - INFO - 💹 ETHUSDT: 3265.92000000 USDT
2025-11-04 19:12:00,688 - INFO - 💹 ETHUSDT: 3258.01000000 USDT
2025-11-04 19:12:30,979 - INFO - 💹 ETHUSDT: 3260.50000000 USDT
2025-11-04 19:13:01,259 - INFO - 💹 ETHUSDT: 3267.58000000 USDT
2025-11-04 19:13:31,538 - INFO - 💹 ETHUSDT: 3254.30000000 USDT
2025-11-04 19:14:01,821 - INFO - 💹 ETHUSDT: 3262.21000000 USDT
2025-11-04 19:14:32,104 - INFO - 💹 ETHUSDT: 3265.77000000 USDT
2025-11-04 19:15:02,380 - INFO - 💹 ETHUSDT: 3268.12000000 USDT
2025-11-04 19:15:32,660 - INFO - 💹 ETHUSDT: 3265.02000000 USDT
2025-11-04 19:16:02,949 - INFO - 💹 ETHUSDT: 3262.12000000 USDT
2025-11-04 19:16:33,226 - INFO - 💹 ETHUSDT: 3264.89000000 USDT
2025-11-04 19:16:33,226 - INFO - 🟢 Sinal COMPRA - Preço acima MA21, RSI 61.48
2025-11-04 19:16:33,226 - INFO - 📈 Abrindo posição COMPRA
2025-11-04 19:16:33,226 - INFO -    Preço: 3264.89000000
2025-11-04 19:16:33,226 - INFO -    Quantidade: 0.00460000
2025-11-04 19:16:33,226 - INFO -    Valor: 15.0 USDT
2025-11-04 19:16:33,499 - INFO - ✅ Ordem executada: 12071663
2025-11-04 19:17:03,789 - INFO - 💹 ETHUSDT: 3257.86000000 USDT
2025-11-04 19:17:27,560 - INFO - ⚠️ Bot interrompido pelo usuário
2025-11-04 19:17:27,560 - INFO - 🔄 Fechando todas as posições abertas...
2025-11-04 19:17:27,846 - INFO - 🔄 Fechando posição COMPRA
2025-11-04 19:17:28,123 - INFO - ❌ Prejuízo: -0.02 USDT
2025-11-04 19:17:28,123 - INFO - ------------------------------------------------------------
2025-11-04 19:17:28,123 - INFO - 📊 ESTATÍSTICAS
2025-11-04 19:17:28,123 - INFO -    Total de trades: 5
2025-11-04 19:17:28,123 - INFO -    Trades vencedores: 3
2025-11-04 19:17:28,123 - INFO -    Win Rate: 60.0%
2025-11-04 19:17:28,123 - INFO -    Lucro diário: -1.01 USDT
2025-11-04 19:17:28,123 - INFO -    Lucro total: -1.01 USDT
2025-11-04 19:17:28,123 - INFO -    Posições abertas: 0
2025-11-04 19:17:28,123 - INFO - ------------------------------------------------------------
2025-11-04 19:17:28,123 - INFO - ------------------------------------------------------------
2025-11-04 19:17:28,123 - INFO - 📊 ESTATÍSTICAS
2025-11-04 19:17:28,123 - INFO -    Total de trades: 5
2025-11-04 19:17:28,123 - INFO -    Trades vencedores: 3
2025-11-04 19:17:28,123 - INFO -    Win Rate: 60.0%
2025-11-04 19:17:28,123 - INFO -    Lucro diário: -1.01 USDT
2025-11-04 19:17:28,123 - INFO -    Lucro total: -1.01 USDT
2025-11-04 19:17:28,123 - INFO -    Posições abertas: 0
2025-11-04 19:17:28,123 - INFO - ------------------------------------------------------------
2025-11-04 19:17:28,123 - INFO - 🔌 Desconectado da Binance
2025-11-04 19:17:36,793 - INFO - ============================================================
2025-11-04 19:17:36,793 - INFO - INICIANDO CONEXÃO COM BINANCE
2025-11-04 19:17:36,793 - INFO - ============================================================
2025-11-04 19:17:36,793 - INFO - 🧪 Modo: TESTNET (Conta Demo)
2025-11-04 19:17:38,965 - INFO - ⏰ Sincronizando relógio: offset de -9447ms
2025-11-04 19:17:39,535 - INFO - ✅ Status do sistema: normal
2025-11-04 19:17:39,811 - INFO - ------------------------------------------------------------
2025-11-04 19:17:39,811 - INFO - 💰 SALDOS DISPONÍVEIS:
2025-11-04 19:17:39,811 - INFO -    ETH: 0.00010000 (Locked: 0.00000000)
2025-11-04 19:17:39,826 - INFO -    BTC: 0.06917000 (Locked: 0.01088000)
2025-11-04 19:17:39,826 - INFO -    LTC: 4.00000000 (Locked: 0.00000000)
2025-11-04 19:17:39,826 - INFO -    BNB: 0.72400000 (Locked: 0.00000000)
2025-11-04 19:17:39,826 - INFO -    USDT: 125486.71968360 (Locked: 0.00000000)
2025-11-04 19:17:39,826 - INFO -    TRX: 1478.00000000 (Locked: 0.00000000)
2025-11-04 19:17:39,826 - INFO -    XRP: 170.00000000 (Locked: 0.00000000)
2025-11-04 19:17:39,826 - INFO -    NEO: 83.00000000 (Locked: 0.00000000)
2025-11-04 19:17:39,826 - INFO -    QTUM: 226.00000000 (Locked: 0.00000000)
2025-11-04 19:17:39,826 - INFO -    GAS: 166.00000000 (Locked: 0.00000000)
2025-11-04 19:17:39,826 - INFO -    LRC: 5634.00000000 (Locked: 0.00000000)
2025-11-04 19:17:39,826 - INFO -    ZRX: 2034.00000000 (Locked: 0.00000000)
2025-11-04 19:17:39,826 - INFO -    KNC: 1481.00000000 (Locked: 0.00000000)
2025-11-04 19:17:39,826 - INFO -    IOTA: 2888.00000000 (Locked: 0.00000000)
2025-11-04 19:17:39,826 - INFO -    LINK: 3.92000000 (Locked: 0.00000000)
2025-11-04 19:17:39,826 - INFO -    XVG: 18446.00000000 (Locked: 0.00000000)
2025-11-04 19:17:39,826 - INFO -    MTL: 772.00000000 (Locked: 0.00000000)
2025-11-04 19:17:39,826 - INFO -    ETC: 26.00000000 (Locked: 0.00000000)
2025-11-04 19:17:39,826 - INFO -    ZEC: 5.00000000 (Locked: 0.00000000)
2025-11-04 19:17:39,826 - INFO -    DASH: 19.00000000 (Locked: 0.00000000)
2025-11-04 19:17:39,826 - INFO -    REQ: 3963.00000000 (Locked: 0.00000000)
2025-11-04 19:17:39,826 - INFO -    POWR: 3433.00000000 (Locked: 0.00000000)
2025-11-04 19:17:39,826 - INFO -    ENJ: 7888.00000000 (Locked: 0.00000000)
2025-11-04 19:17:39,826 - INFO -    STORJ: 2136.00000000 (Locked: 0.00000000)
2025-11-04 19:17:39,826 - INFO -    BAT: 3430.00000000 (Locked: 0.00000000)
2025-11-04 19:17:39,826 - INFO -    LSK: 1656.00000000 (Locked: 0.00000000)
2025-11-04 19:17:39,826 - INFO -    MANA: 1657.00000000 (Locked: 0.00000000)
2025-11-04 19:17:39,826 - INFO -    ADX: 4834.00000000 (Locked: 0.00000000)
2025-11-04 19:17:39,826 - INFO -    ADA: 0.10000000 (Locked: 0.00000000)
2025-11-04 19:17:39,826 - INFO -    XLM: 1316.00000000 (Locked: 0.00000000)
2025-11-04 19:17:39,826 - INFO -    ICX: 4291.00000000 (Locked: 0.00000000)
2025-11-04 19:17:39,826 - INFO -    RLC: 471.00000000 (Locked: 0.00000000)
2025-11-04 19:17:39,826 - INFO -    PIVX: 3918.00000000 (Locked: 0.00000000)
2025-11-04 19:17:39,826 - INFO -    STEEM: 4134.00000000 (Locked: 0.00000000)
2025-11-04 19:17:39,826 - INFO -    ZIL: 18446.00000000 (Locked: 0.00000000)
2025-11-04 19:17:39,826 - INFO -    ONT: 4044.00000000 (Locked: 0.00000000)
2025-11-04 19:17:39,826 - INFO -    WAN: 5059.00000000 (Locked: 0.00000000)
2025-11-04 19:17:39,826 - INFO -    SYS: 14066.00000000 (Locked: 0.00000000)
2025-11-04 19:17:39,826 - INFO -    TUSD: 10000.00000000 (Locked: 0.00000000)
2025-11-04 19:17:39,826 - INFO -    ZEN: 56.00000000 (Locked: 0.00000000)
2025-11-04 19:17:39,826 - INFO -    THETA: 695.00000000 (Locked: 0.00000000)
2025-11-04 19:17:39,832 - INFO -    IOTX: 18446.00000000 (Locked: 0.00000000)
2025-11-04 19:17:39,832 - INFO -    DATA: 18446.00000000 (Locked: 0.00000000)
2025-11-04 19:17:39,832 - INFO -    SC: 18446.00000000 (Locked: 0.00000000)
2025-11-04 19:17:39,832 - INFO -    DENT: 18446.00000000 (Locked: 0.00000000)
2025-11-04 19:17:39,832 - INFO -    ARDR: 6267.00000000 (Locked: 0.00000000)
2025-11-04 19:17:39,832 - INFO -    HOT: 18446.00000000 (Locked: 0.00000000)
2025-11-04 19:17:39,832 - INFO -    VET: 18446.00000000 (Locked: 0.00000000)
2025-11-04 19:17:39,833 - INFO -    RVN: 18446.00000000 (Locked: 0.00000000)
2025-11-04 19:17:39,833 - INFO -    USDC: 10000.00000000 (Locked: 0.00000000)
2025-11-04 19:17:39,833 - INFO -    ONG: 3271.00000000 (Locked: 0.00000000)
2025-11-04 19:17:39,833 - INFO -    FET: 883.00000000 (Locked: 0.00000000)
2025-11-04 19:17:39,833 - INFO -    IOST: 18446.00000000 (Locked: 0.00000000)
2025-11-04 19:17:39,833 - INFO -    CELR: 18446.00000000 (Locked: 0.00000000)
2025-11-04 19:17:39,833 - INFO -    ATOM: 23.62000000 (Locked: 0.00000000)
2025-11-04 19:17:39,834 - INFO -    PHB: 972.00000000 (Locked: 0.00000000)
2025-11-04 19:17:39,834 - INFO -    TFUEL: 15910.00000000 (Locked: 0.00000000)
2025-11-04 19:17:39,835 - INFO -    ONE: 18446.00000000 (Locked: 0.00000000)
2025-11-04 19:17:39,835 - INFO -    ALGO: 2303.00000000 (Locked: 0.00000000)
2025-11-04 19:17:39,835 - INFO -    DOGE: 2061.00000000 (Locked: 0.00000000)
2025-11-04 19:17:39,835 - INFO -    DUSK: 8899.00000000 (Locked: 0.00000000)
2025-11-04 19:17:39,835 - INFO -    ANKR: 18446.00000000 (Locked: 0.00000000)
2025-11-04 19:17:39,836 - INFO -    WIN: 18446.00000000 (Locked: 0.00000000)
2025-11-04 19:17:39,836 - INFO -    COS: 18446.00000000 (Locked: 0.00000000)
2025-11-04 19:17:39,836 - INFO -    FUN: 18446.00000000 (Locked: 0.00000000)
2025-11-04 19:17:39,837 - INFO -    CVC: 5937.00000000 (Locked: 0.00000000)
2025-11-04 19:17:39,837 - INFO -    CHZ: 11259.00000000 (Locked: 0.00000000)
2025-11-04 19:17:39,837 - INFO -    BAND: 749.00000000 (Locked: 0.00000000)
2025-11-04 19:17:39,837 - INFO -    XTZ: 723.00000000 (Locked: 0.00000000)
2025-11-04 19:17:39,837 - INFO -    HBAR: 2272.00000000 (Locked: 0.00000000)
2025-11-04 19:17:39,838 - INFO -    NKN: 18446.00000000 (Locked: 0.00000000)
2025-11-04 19:17:39,838 - INFO -    STX: 845.00000000 (Locked: 0.00000000)
2025-11-04 19:17:39,838 - INFO -    KAVA: 1538.00000000 (Locked: 0.00000000)
2025-11-04 19:17:39,838 - INFO -    ARPA: 18446.00000000 (Locked: 0.00000000)
2025-11-04 19:17:39,838 - INFO -    BCH: 1.00000000 (Locked: 0.00000000)
2025-11-04 19:17:39,838 - INFO -    FTT: 529.00000000 (Locked: 0.00000000)
2025-11-04 19:17:39,839 - INFO -    TRY: 18466.00000000 (Locked: 0.00000000)
2025-11-04 19:17:39,839 - INFO -    EUR: 426.00000000 (Locked: 0.00000000)
2025-11-04 19:17:39,839 - INFO -    OGN: 8473.00000000 (Locked: 0.00000000)
2025-11-04 19:17:39,839 - INFO -    BNT: 732.00000000 (Locked: 0.00000000)
2025-11-04 19:17:39,839 - INFO -    MBL: 18446.00000000 (Locked: 0.00000000)
2025-11-04 19:17:39,840 - INFO -    COTI: 11181.00000000 (Locked: 0.00000000)
2025-11-04 19:17:39,840 - INFO -    ZAR: 18466.00000000 (Locked: 0.00000000)
2025-11-04 19:17:39,840 - INFO -    SOL: 0.36600000 (Locked: 0.00000000)
2025-11-04 19:17:39,840 - INFO -    CTSI: 6579.00000000 (Locked: 0.00000000)
2025-11-04 19:17:39,840 - INFO -    HIVE: 2711.00000000 (Locked: 0.00000000)
2025-11-04 19:17:39,840 - INFO -    CHR: 5945.00000000 (Locked: 0.00000000)
2025-11-04 19:17:39,840 - INFO -    MDT: 18446.00000000 (Locked: 0.00000000)
2025-11-04 19:17:39,840 - INFO -    UAH: 18466.00000000 (Locked: 0.00000000)
2025-11-04 19:17:39,841 - INFO -    COMP: 11.00000000 (Locked: 0.00000000)
2025-11-04 19:17:39,841 - INFO -    SXP: 3132.00000000 (Locked: 0.00000000)
2025-11-04 19:17:39,841 - INFO -    SNX: 454.00000000 (Locked: 0.00000000)
2025-11-04 19:17:39,841 - INFO -    VTHO: 18446.00000000 (Locked: 0.00000000)
2025-11-04 19:17:39,841 - INFO -    DGB: 18446.00000000 (Locked: 0.00000000)
2025-11-04 19:17:39,841 - INFO -    RUNE: 420.00000000 (Locked: 0.00000000)
2025-11-04 19:17:39,842 - INFO -    DCR: 29.00000000 (Locked: 0.00000000)
2025-11-04 19:17:39,842 - INFO -    AVA: 983.00000000 (Locked: 0.00000000)
2025-11-04 19:17:39,842 - INFO -    YFI: 1.00000000 (Locked: 0.00000000)
2025-11-04 19:17:39,842 - INFO -    DAI: 10000.00000000 (Locked: 0.00000000)
2025-11-04 19:17:39,842 - INFO -    JST: 15391.00000000 (Locked: 0.00000000)
2025-11-04 19:17:39,842 - INFO -    CRV: 690.00000000 (Locked: 0.00000000)
2025-11-04 19:17:39,843 - INFO -    SAND: 1813.00000000 (Locked: 0.00000000)
2025-11-04 19:17:39,843 - INFO -    NMR: 29.00000000 (Locked: 0.00000000)
2025-11-04 19:17:39,843 - INFO -    DOT: 0.01000000 (Locked: 0.00000000)
2025-11-04 19:17:39,843 - INFO -    LUNA: 3535.00000000 (Locked: 0.00000000)
2025-11-04 19:17:39,843 - INFO -    RSR: 18446.00000000 (Locked: 0.00000000)
2025-11-04 19:17:39,843 - INFO -    PAXG: 1.00000000 (Locked: 0.00000000)
2025-11-04 19:17:39,844 - INFO -    TRB: 15.00000000 (Locked: 0.00000000)
2025-11-04 19:17:39,844 - INFO -    WBTC: 1.00000000 (Locked: 0.00000000)
2025-11-04 19:17:39,844 - INFO -    SUSHI: 721.00000000 (Locked: 0.00000000)
2025-11-04 19:17:39,844 - INFO -    KSM: 34.00000000 (Locked: 0.00000000)
2025-11-04 19:17:39,844 - INFO -    EGLD: 37.00000000 (Locked: 0.00000000)
2025-11-04 19:17:39,844 - INFO -    DIA: 863.00000000 (Locked: 0.00000000)
2025-11-04 19:17:39,844 - INFO -    FIO: 18446.00000000 (Locked: 0.00000000)
2025-11-04 19:17:39,845 - INFO -    UMA: 409.00000000 (Locked: 0.00000000)
2025-11-04 19:17:39,845 - INFO -    BEL: 2085.00000000 (Locked: 0.00000000)
2025-11-04 19:17:39,845 - INFO -    UNI: 63.00000000 (Locked: 0.00000000)
2025-11-04 19:17:39,845 - INFO -    OXT: 10401.00000000 (Locked: 0.00000000)
2025-11-04 19:17:39,845 - INFO -    SUN: 18446.00000000 (Locked: 0.00000000)
2025-11-04 19:17:39,845 - INFO -    AVAX: 16.00000000 (Locked: 0.00000000)
2025-11-04 19:17:39,845 - INFO -    FLM: 18446.00000000 (Locked: 0.00000000)
2025-11-04 19:17:39,845 - INFO -    SCRT: 3144.00000000 (Locked: 0.00000000)
2025-11-04 19:17:39,845 - INFO -    CAKE: 192.00000000 (Locked: 0.00000000)
2025-11-04 19:17:39,845 - INFO -    UTK: 18446.00000000 (Locked: 0.00000000)
2025-11-04 19:17:39,845 - INFO -    XVS: 83.00000000 (Locked: 0.00000000)
2025-11-04 19:17:39,845 - INFO -    BRL: 97.00000000 (Locked: 0.00000000)
2025-11-04 19:17:39,845 - INFO -    AAVE: 1.00000000 (Locked: 0.00000000)
2025-11-04 19:17:39,847 - INFO -    NEAR: 178.00000000 (Locked: 0.00000000)
2025-11-04 19:17:39,847 - INFO -    FIL: 221.00000000 (Locked: 0.00000000)
2025-11-04 19:17:39,847 - INFO -    INJ: 40.00000000 (Locked: 0.00000000)
2025-11-04 19:17:39,847 - INFO -    AUDIO: 9139.00000000 (Locked: 0.00000000)
2025-11-04 19:17:39,847 - INFO -    CTK: 1481.00000000 (Locked: 0.00000000)
2025-11-04 19:17:39,847 - INFO -    AXS: 228.00000000 (Locked: 0.00000000)
2025-11-04 19:17:39,847 - INFO -    SLP: 18446.00000000 (Locked: 0.00000000)
2025-11-04 19:17:39,847 - INFO -    STRAX: 13000.00000000 (Locked: 0.00000000)
2025-11-04 19:17:39,847 - INFO -    ROSE: 18446.00000000 (Locked: 0.00000000)
2025-11-04 19:17:39,849 - INFO -    SKL: 18446.00000000 (Locked: 0.00000000)
2025-11-04 19:17:39,849 - INFO -    GLM: 2243.00000000 (Locked: 0.00000000)
2025-11-04 19:17:39,849 - INFO -    GRT: 5950.00000000 (Locked: 0.00000000)
2025-11-04 19:17:39,849 - INFO -    JUV: 456.00000000 (Locked: 0.00000000)
2025-11-04 19:17:39,849 - INFO -    PSG: 318.00000000 (Locked: 0.00000000)
2025-11-04 19:17:39,849 - INFO -    1INCH: 1916.00000000 (Locked: 0.00000000)
2025-11-04 19:17:39,850 - INFO -    OG: 31.00000000 (Locked: 0.00000000)
2025-11-04 19:17:39,850 - INFO -    ATM: 349.00000000 (Locked: 0.00000000)
2025-11-04 19:17:39,850 - INFO -    ASR: 221.00000000 (Locked: 0.00000000)
2025-11-04 19:17:39,850 - INFO -    CELO: 1956.00000000 (Locked: 0.00000000)
2025-11-04 19:17:39,850 - INFO -    RIF: 8761.00000000 (Locked: 0.00000000)
2025-11-04 19:17:39,850 - INFO -    TRU: 17544.00000000 (Locked: 0.00000000)
2025-11-04 19:17:39,851 - INFO -    CKB: 18446.00000000 (Locked: 0.00000000)
2025-11-04 19:17:39,851 - INFO -    TWT: 392.00000000 (Locked: 0.00000000)
2025-11-04 19:17:39,851 - INFO -    SFP: 990.00000000 (Locked: 0.00000000)
2025-11-04 19:17:39,851 - INFO -    DODO: 11198.00000000 (Locked: 0.00000000)
2025-11-04 19:17:39,851 - INFO -    ACM: 577.00000000 (Locked: 0.00000000)
2025-11-04 19:17:39,851 - INFO -    AUCTION: 58.00000000 (Locked: 0.00000000)
2025-11-04 19:17:39,851 - INFO -    PHA: 5268.00000000 (Locked: 0.00000000)
2025-11-04 19:17:39,852 - INFO -    FIS: 5932.00000000 (Locked: 0.00000000)
2025-11-04 19:17:39,852 - INFO -    OM: 2931.00000000 (Locked: 0.00000000)
2025-11-04 19:17:39,852 - INFO -    POND: 18446.00000000 (Locked: 0.00000000)
2025-11-04 19:17:39,852 - INFO -    DEGO: 461.00000000 (Locked: 0.00000000)
2025-11-04 19:17:39,853 - INFO -    ALICE: 1647.00000000 (Locked: 0.00000000)
2025-11-04 19:17:39,853 - INFO -    PERP: 1721.00000000 (Locked: 0.00000000)
2025-11-04 19:17:39,853 - INFO -    SUPER: 836.00000000 (Locked: 0.00000000)
2025-11-04 19:17:39,853 - INFO -    CFX: 3397.00000000 (Locked: 0.00000000)
2025-11-04 19:17:39,854 - INFO -    TKO: 2797.00000000 (Locked: 0.00000000)
2025-11-04 19:17:39,854 - INFO -    PUNDIX: 1567.00000000 (Locked: 0.00000000)
2025-11-04 19:17:39,854 - INFO -    TLM: 18446.00000000 (Locked: 0.00000000)
2025-11-04 19:17:39,854 - INFO -    BAR: 481.00000000 (Locked: 0.00000000)
2025-11-04 19:17:39,854 - INFO -    FORTH: 190.00000000 (Locked: 0.00000000)
2025-11-04 19:17:39,855 - INFO -    SHIB: 18446.00000000 (Locked: 0.00000000)
2025-11-04 19:17:39,855 - INFO -    ICP: 114.00000000 (Locked: 0.00000000)
2025-11-04 19:17:39,855 - INFO -    AR: 85.00000000 (Locked: 0.00000000)
2025-11-04 19:17:39,856 - INFO -    MASK: 397.00000000 (Locked: 0.00000000)
2025-11-04 19:17:39,856 - INFO -    LPT: 79.00000000 (Locked: 0.00000000)
2025-11-04 19:17:39,856 - INFO -    ATA: 12515.00000000 (Locked: 0.00000000)
2025-11-04 19:17:39,856 - INFO -    GTC: 1869.00000000 (Locked: 0.00000000)
2025-11-04 19:17:39,856 - INFO -    MLN: 65.00000000 (Locked: 0.00000000)
2025-11-04 19:17:39,856 - INFO -    DEXE: 53.00000000 (Locked: 0.00000000)
2025-11-04 19:17:39,856 - INFO -    C98: 10478.00000000 (Locked: 0.00000000)
2025-11-04 19:17:39,856 - INFO -    QNT: 4.00000000 (Locked: 0.00000000)
2025-11-04 19:17:39,856 - INFO -    FLOW: 1374.00000000 (Locked: 0.00000000)
2025-11-04 19:17:39,856 - INFO -    MINA: 3166.00000000 (Locked: 0.00000000)
2025-11-04 19:17:39,858 - INFO -    RAY: 178.00000000 (Locked: 0.00000000)
2025-11-04 19:17:39,858 - INFO -    FARM: 18.00000000 (Locked: 0.00000000)
2025-11-04 19:17:39,858 - INFO -    QUICK: 18446.00000000 (Locked: 0.00000000)
2025-11-04 19:17:39,858 - INFO -    MBOX: 8891.00000000 (Locked: 0.00000000)
2025-11-04 19:17:39,858 - INFO -    GHST: 1206.00000000 (Locked: 0.00000000)
2025-11-04 19:17:39,858 - INFO -    WAXP: 18446.00000000 (Locked: 0.00000000)
2025-11-04 19:17:39,858 - INFO -    GNO: 3.00000000 (Locked: 0.00000000)
2025-11-04 19:17:39,858 - INFO -    XEC: 18446.00000000 (Locked: 0.00000000)
2025-11-04 19:17:39,859 - INFO -    DYDX: 825.00000000 (Locked: 0.00000000)
2025-11-04 19:17:39,859 - INFO -    IDEX: 18446.00000000 (Locked: 0.00000000)
2025-11-04 19:17:39,859 - INFO -    USDP: 500.00000000 (Locked: 0.00000000)
2025-11-04 19:17:39,859 - INFO -    GALA: 18446.00000000 (Locked: 0.00000000)
2025-11-04 19:17:39,859 - INFO -    ILV: 37.00000000 (Locked: 0.00000000)
2025-11-04 19:17:39,859 - INFO -    YGG: 2986.00000000 (Locked: 0.00000000)
2025-11-04 19:17:39,859 - INFO -    DF: 18446.00000000 (Locked: 0.00000000)
2025-11-04 19:17:39,860 - INFO -    FIDA: 6132.00000000 (Locked: 0.00000000)
2025-11-04 19:17:39,860 - INFO -    AGLD: 900.00000000 (Locked: 0.00000000)
2025-11-04 19:17:39,860 - INFO -    RAD: 794.00000000 (Locked: 0.00000000)
2025-11-04 19:17:39,860 - INFO -    RARE: 9735.00000000 (Locked: 0.00000000)
2025-11-04 19:17:39,860 - INFO -    SSV: 64.00000000 (Locked: 0.00000000)
2025-11-04 19:17:39,860 - INFO -    LAZIO: 491.00000000 (Locked: 0.00000000)
2025-11-04 19:17:39,860 - INFO -    CHESS: 8214.00000000 (Locked: 0.00000000)
2025-11-04 19:17:39,861 - INFO -    MOVR: 90.00000000 (Locked: 0.00000000)
2025-11-04 19:17:39,861 - INFO -    CITY: 503.00000000 (Locked: 0.00000000)
2025-11-04 19:17:39,861 - INFO -    ENS: 24.00000000 (Locked: 0.00000000)
2025-11-04 19:17:39,861 - INFO -    QI: 18446.00000000 (Locked: 0.00000000)
2025-11-04 19:17:39,861 - INFO -    PORTO: 461.00000000 (Locked: 0.00000000)
2025-11-04 19:17:39,861 - INFO -    JASMY: 18446.00000000 (Locked: 0.00000000)
2025-11-04 19:17:39,862 - INFO -    AMP: 18446.00000000 (Locked: 0.00000000)
2025-11-04 19:17:39,862 - INFO -    PYR: 507.00000000 (Locked: 0.00000000)
2025-11-04 19:17:39,862 - INFO -    ALCX: 58.00000000 (Locked: 0.00000000)
2025-11-04 19:17:39,862 - INFO -    SANTOS: 251.00000000 (Locked: 0.00000000)
2025-11-04 19:17:39,862 - INFO -    BICO: 5322.00000000 (Locked: 0.00000000)
2025-11-04 19:17:39,862 - INFO -    FLUX: 2599.00000000 (Locked: 0.00000000)
2025-11-04 19:17:39,862 - INFO -    FXS: 224.00000000 (Locked: 0.00000000)
2025-11-04 19:17:39,863 - INFO -    VOXEL: 10062.00000000 (Locked: 0.00000000)
2025-11-04 19:17:39,863 - INFO -    HIGH: 1043.00000000 (Locked: 0.00000000)
2025-11-04 19:17:39,863 - INFO -    CVX: 149.00000000 (Locked: 0.00000000)
2025-11-04 19:17:39,863 - INFO -    PEOPLE: 18446.00000000 (Locked: 0.00000000)
2025-11-04 19:17:39,863 - INFO -    SPELL: 18446.00000000 (Locked: 0.00000000)
2025-11-04 19:17:39,863 - INFO -    JOE: 2983.00000000 (Locked: 0.00000000)
2025-11-04 19:17:39,863 - INFO -    ACH: 18446.00000000 (Locked: 0.00000000)
2025-11-04 19:17:39,863 - INFO -    IMX: 695.00000000 (Locked: 0.00000000)
2025-11-04 19:17:39,863 - INFO -    GLMR: 8489.00000000 (Locked: 0.00000000)
2025-11-04 19:17:39,863 - INFO -    API3: 636.00000000 (Locked: 0.00000000)
2025-11-04 19:17:39,863 - INFO -    BTTC: 18446.00000000 (Locked: 0.00000000)
2025-11-04 19:17:39,863 - INFO -    ACA: 18446.00000000 (Locked: 0.00000000)
2025-11-04 19:17:39,863 - INFO -    XNO: 610.00000000 (Locked: 0.00000000)
2025-11-04 19:17:39,863 - INFO -    WOO: 7642.00000000 (Locked: 0.00000000)
2025-11-04 19:17:39,863 - INFO -    ALPINE: 268.00000000 (Locked: 0.00000000)
2025-11-04 19:17:39,863 - INFO -    T: 18446.00000000 (Locked: 0.00000000)
2025-11-04 19:17:39,863 - INFO -    ASTR: 18446.00000000 (Locked: 0.00000000)
2025-11-04 19:17:39,863 - INFO -    GMT: 12690.00000000 (Locked: 0.00000000)
2025-11-04 19:17:39,863 - INFO -    KDA: 1364.00000000 (Locked: 0.00000000)
2025-11-04 19:17:39,863 - INFO -    APE: 913.00000000 (Locked: 0.00000000)
2025-11-04 19:17:39,863 - INFO -    BIFI: 2.00000000 (Locked: 0.00000000)
2025-11-04 19:17:39,863 - INFO -    NEXO: 400.00000000 (Locked: 0.00000000)
2025-11-04 19:17:39,863 - INFO -    REI: 18446.00000000 (Locked: 0.00000000)
2025-11-04 19:17:39,863 - INFO -    LDO: 434.00000000 (Locked: 0.00000000)
2025-11-04 19:17:39,863 - INFO -    OP: 724.00000000 (Locked: 0.00000000)
2025-11-04 19:17:39,863 - INFO -    STG: 2839.00000000 (Locked: 0.00000000)
2025-11-04 19:17:39,867 - INFO -    LUNC: 18446.00000000 (Locked: 0.00000000)
2025-11-04 19:17:39,867 - INFO -    GMX: 32.00000000 (Locked: 0.00000000)
2025-11-04 19:17:39,867 - INFO -    POLYX: 4228.00000000 (Locked: 0.00000000)
2025-11-04 19:17:39,867 - INFO -    APT: 109.00000000 (Locked: 0.00000000)
2025-11-04 19:17:39,867 - INFO -    PLN: 18466.00000000 (Locked: 0.00000000)
2025-11-04 19:17:39,868 - INFO -    OSMO: 3553.00000000 (Locked: 0.00000000)
2025-11-04 19:17:39,868 - INFO -    HFT: 6588.00000000 (Locked: 0.00000000)
2025-11-04 19:17:39,869 - INFO -    HOOK: 5356.00000000 (Locked: 0.00000000)
2025-11-04 19:17:39,869 - INFO -    MAGIC: 2830.00000000 (Locked: 0.00000000)
2025-11-04 19:17:39,869 - INFO -    RPL: 102.00000000 (Locked: 0.00000000)
2025-11-04 19:17:39,869 - INFO -    RON: 18466.00000000 (Locked: 0.00000000)
2025-11-04 19:17:39,870 - INFO -    GNS: 267.00000000 (Locked: 0.00000000)
2025-11-04 19:17:39,870 - INFO -    SYN: 4282.00000000 (Locked: 0.00000000)
2025-11-04 19:17:39,870 - INFO -    LQTY: 695.00000000 (Locked: 0.00000000)
2025-11-04 19:17:39,870 - INFO -    USTC: 18446.00000000 (Locked: 0.00000000)
2025-11-04 19:17:39,871 - INFO -    PROM: 50.00000000 (Locked: 0.00000000)
2025-11-04 19:17:39,871 - INFO -    QKC: 18446.00000000 (Locked: 0.00000000)
2025-11-04 19:17:39,871 - INFO -    ID: 3304.00000000 (Locked: 0.00000000)
2025-11-04 19:17:39,871 - INFO -    ARB: 1141.00000000 (Locked: 0.00000000)
2025-11-04 19:17:39,871 - INFO -    RDNT: 18446.00000000 (Locked: 0.00000000)
2025-11-04 19:17:39,871 - INFO -    ARS: 18466.00000000 (Locked: 0.00000000)
2025-11-04 19:17:39,871 - INFO -    EDU: 3781.00000000 (Locked: 0.00000000)
2025-11-04 19:17:39,872 - INFO -    SUI: 147.00000000 (Locked: 0.00000000)
2025-11-04 19:17:39,872 - INFO -    PEPE: 18446.00000000 (Locked: 0.00000000)
2025-11-04 19:17:39,872 - INFO -    FLOKI: 18446.00000000 (Locked: 0.00000000)
2025-11-04 19:17:39,872 - INFO -    WBETH: 1.00000000 (Locked: 0.00000000)
2025-11-04 19:17:39,872 - INFO -    MAV: 8049.00000000 (Locked: 0.00000000)
2025-11-04 19:17:39,872 - INFO -    PENDLE: 106.00000000 (Locked: 0.00000000)
2025-11-04 19:17:39,873 - INFO -    ARKM: 957.00000000 (Locked: 0.00000000)
2025-11-04 19:17:39,873 - INFO -    WLD: 384.00000000 (Locked: 0.00000000)
2025-11-04 19:17:39,873 - INFO -    FDUSD: 10000.00000000 (Locked: 0.00000000)
2025-11-04 19:17:39,873 - INFO -    SEI: 1737.00000000 (Locked: 0.00000000)
2025-11-04 19:17:39,873 - INFO -    CYBER: 319.00000000 (Locked: 0.00000000)
2025-11-04 19:17:39,873 - INFO -    ARK: 1158.00000000 (Locked: 0.00000000)
2025-11-04 19:17:39,873 - INFO -    IQ: 18446.00000000 (Locked: 0.00000000)
2025-11-04 19:17:39,873 - INFO -    NTRN: 6227.00000000 (Locked: 0.00000000)
2025-11-04 19:17:39,873 - INFO -    TIA: 349.00000000 (Locked: 0.00000000)
2025-11-04 19:17:39,873 - INFO -    MEME: 18446.00000000 (Locked: 0.00000000)
2025-11-04 19:17:39,873 - INFO -    ORDI: 61.00000000 (Locked: 0.00000000)
2025-11-04 19:17:39,873 - INFO -    BEAMX: 18446.00000000 (Locked: 0.00000000)
2025-11-04 19:17:39,873 - INFO -    VIC: 2401.00000000 (Locked: 0.00000000)
2025-11-04 19:17:39,873 - INFO -    BLUR: 6510.00000000 (Locked: 0.00000000)
2025-11-04 19:17:39,873 - INFO -    VANRY: 18446.00000000 (Locked: 0.00000000)
2025-11-04 19:17:39,873 - INFO -    AEUR: 461.00000000 (Locked: 0.00000000)
2025-11-04 19:17:39,873 - INFO -    JTO: 307.00000000 (Locked: 0.00000000)
2025-11-04 19:17:39,873 - INFO -    1000SATS: 18446.00000000 (Locked: 0.00000000)
2025-11-04 19:17:39,873 - INFO -    BONK: 18446.00000000 (Locked: 0.00000000)
2025-11-04 19:17:39,873 - INFO -    ACE: 1082.00000000 (Locked: 0.00000000)
2025-11-04 19:17:39,873 - INFO -    NFP: 8335.00000000 (Locked: 0.00000000)
2025-11-04 19:17:39,873 - INFO -    AI: 4132.00000000 (Locked: 0.00000000)
2025-11-04 19:17:39,877 - INFO -    XAI: 12078.00000000 (Locked: 0.00000000)
2025-11-04 19:17:39,877 - INFO -    MANTA: 2716.00000000 (Locked: 0.00000000)
2025-11-04 19:17:39,877 - INFO -    ALT: 18138.00000000 (Locked: 0.00000000)
2025-11-04 19:17:39,877 - INFO -    JUP: 1107.00000000 (Locked: 0.00000000)
2025-11-04 19:17:39,877 - INFO -    PYTH: 3268.00000000 (Locked: 0.00000000)
2025-11-04 19:17:39,877 - INFO -    RONIN: 1067.00000000 (Locked: 0.00000000)
2025-11-04 19:17:39,877 - INFO -    DYM: 2733.00000000 (Locked: 0.00000000)
2025-11-04 19:17:39,877 - INFO -    PIXEL: 17992.00000000 (Locked: 0.00000000)
2025-11-04 19:17:39,877 - INFO -    STRK: 3404.00000000 (Locked: 0.00000000)
2025-11-04 19:17:39,878 - INFO -    PORTAL: 13481.00000000 (Locked: 0.00000000)
2025-11-04 19:17:39,878 - INFO -    AXL: 1727.00000000 (Locked: 0.00000000)
2025-11-04 19:17:39,878 - INFO -    WIF: 669.00000000 (Locked: 0.00000000)
2025-11-04 19:17:39,878 - INFO -    METIS: 37.00000000 (Locked: 0.00000000)
2025-11-04 19:17:39,878 - INFO -    JPY: 18466.00000000 (Locked: 0.00000000)
2025-11-04 19:17:39,878 - INFO -    AEVO: 4361.00000000 (Locked: 0.00000000)
2025-11-04 19:17:39,879 - INFO -    BOME: 18446.00000000 (Locked: 0.00000000)
2025-11-04 19:17:39,879 - INFO -    ETHFI: 344.00000000 (Locked: 0.00000000)
2025-11-04 19:17:39,879 - INFO -    ENA: 846.00000000 (Locked: 0.00000000)
2025-11-04 19:17:39,879 - INFO -    W: 4762.00000000 (Locked: 0.00000000)
2025-11-04 19:17:39,879 - INFO -    TNSR: 5027.00000000 (Locked: 0.00000000)
2025-11-04 19:17:39,879 - INFO -    SAGA: 2340.00000000 (Locked: 0.00000000)
2025-11-04 19:17:39,879 - INFO -    MXN: 18466.00000000 (Locked: 0.00000000)
2025-11-04 19:17:39,880 - INFO -    TAO: 1.00000000 (Locked: 0.00000000)
2025-11-04 19:17:39,880 - INFO -    REZ: 18446.00000000 (Locked: 0.00000000)
2025-11-04 19:17:39,880 - INFO -    BB: 2648.00000000 (Locked: 0.00000000)
2025-11-04 19:17:39,880 - INFO -    NOT: 18446.00000000 (Locked: 0.00000000)
2025-11-04 19:17:39,880 - INFO -    COP: 18466.00000000 (Locked: 0.00000000)
2025-11-04 19:17:39,880 - INFO -    IO: 903.00000000 (Locked: 0.00000000)
2025-11-04 19:17:39,881 - INFO -    ZK: 9401.00000000 (Locked: 0.00000000)
2025-11-04 19:17:39,881 - INFO -    LISTA: 1728.00000000 (Locked: 0.00000000)
2025-11-04 19:17:39,881 - INFO -    ZRO: 246.00000000 (Locked: 0.00000000)
2025-11-04 19:17:39,881 - INFO -    G: 18446.00000000 (Locked: 0.00000000)
2025-11-04 19:17:39,881 - INFO -    BANANA: 30.00000000 (Locked: 0.00000000)
2025-11-04 19:17:39,881 - INFO -    RENDER: 143.00000000 (Locked: 0.00000000)
2025-11-04 19:17:39,881 - INFO -    TON: 182.00000000 (Locked: 0.00000000)
2025-11-04 19:17:39,881 - INFO -    DOGS: 18446.00000000 (Locked: 0.00000000)
2025-11-04 19:17:39,881 - INFO -    EURI: 426.00000000 (Locked: 0.00000000)
2025-11-04 19:17:39,881 - INFO -    POL: 2144.00000000 (Locked: 0.00000000)
2025-11-04 19:17:39,881 - INFO -    NEIRO: 18446.00000000 (Locked: 0.00000000)
2025-11-04 19:17:39,881 - INFO -    TURBO: 18446.00000000 (Locked: 0.00000000)
2025-11-04 19:17:39,881 - INFO -    1MBABYDOGE: 18446.00000000 (Locked: 0.00000000)
2025-11-04 19:17:39,881 - INFO -    CATI: 5903.00000000 (Locked: 0.00000000)
2025-11-04 19:17:39,881 - INFO -    HMSTR: 18446.00000000 (Locked: 0.00000000)
2025-11-04 19:17:39,881 - INFO -    EIGEN: 337.00000000 (Locked: 0.00000000)
2025-11-04 19:17:39,881 - INFO -    BNSOL: 2.00000000 (Locked: 0.00000000)
2025-11-04 19:17:39,881 - INFO -    SCR: 1752.00000000 (Locked: 0.00000000)
2025-11-04 19:17:39,881 - INFO -    LUMIA: 1718.00000000 (Locked: 0.00000000)
2025-11-04 19:17:39,885 - INFO -    KAIA: 3261.00000000 (Locked: 0.00000000)
2025-11-04 19:17:39,885 - INFO -    COW: 1851.00000000 (Locked: 0.00000000)
2025-11-04 19:17:39,885 - INFO -    CETUS: 6362.00000000 (Locked: 0.00000000)
2025-11-04 19:17:39,885 - INFO -    PNUT: 2366.00000000 (Locked: 0.00000000)
2025-11-04 19:17:39,885 - INFO -    ACT: 15239.00000000 (Locked: 0.00000000)
2025-11-04 19:17:39,886 - INFO -    USUAL: 9470.00000000 (Locked: 0.00000000)
2025-11-04 19:17:39,887 - INFO -    THE: 1181.00000000 (Locked: 0.00000000)
2025-11-04 19:17:39,887 - INFO -    ACX: 4343.00000000 (Locked: 0.00000000)
2025-11-04 19:17:39,887 - INFO -    ORCA: 251.00000000 (Locked: 0.00000000)
2025-11-04 19:17:39,887 - INFO -    MOVE: 4669.00000000 (Locked: 0.00000000)
2025-11-04 19:17:39,887 - INFO -    ME: 833.00000000 (Locked: 0.00000000)
2025-11-04 19:17:39,887 - INFO -    VELODROME: 11184.00000000 (Locked: 0.00000000)
2025-11-04 19:17:39,888 - INFO -    VANA: 129.00000000 (Locked: 0.00000000)
2025-11-04 19:17:39,888 - INFO -    1000CAT: 18446.00000000 (Locked: 0.00000000)
2025-11-04 19:17:39,888 - INFO -    PENGU: 16493.00000000 (Locked: 0.00000000)
2025-11-04 19:17:39,888 - INFO -    BIO: 3588.00000000 (Locked: 0.00000000)
2025-11-04 19:17:39,888 - INFO -    D: 16292.00000000 (Locked: 0.00000000)
2025-11-04 19:17:39,888 - INFO -    AIXBT: 5294.00000000 (Locked: 0.00000000)
2025-11-04 19:17:39,888 - INFO -    CGPT: 6228.00000000 (Locked: 0.00000000)
2025-11-04 19:17:39,889 - INFO -    COOKIE: 4552.00000000 (Locked: 0.00000000)
2025-11-04 19:17:39,889 - INFO -    S: 1782.00000000 (Locked: 0.00000000)
2025-11-04 19:17:39,889 - INFO -    SOLV: 11760.00000000 (Locked: 0.00000000)
2025-11-04 19:17:39,889 - INFO -    TRUMP: 66.00000000 (Locked: 0.00000000)
2025-11-04 19:17:39,889 - INFO -    ANIME: 18446.00000000 (Locked: 0.00000000)
2025-11-04 19:17:39,889 - INFO -    BERA: 177.00000000 (Locked: 0.00000000)
2025-11-04 19:17:39,890 - INFO -    1000CHEEMS: 18446.00000000 (Locked: 0.00000000)
2025-11-04 19:17:39,890 - INFO -    TST: 16238.00000000 (Locked: 0.00000000)
2025-11-04 19:17:39,890 - INFO -    LAYER: 1212.00000000 (Locked: 0.00000000)
2025-11-04 19:17:39,890 - INFO -    HEI: 1503.00000000 (Locked: 0.00000000)
2025-11-04 19:17:39,890 - INFO -    KAITO: 349.00000000 (Locked: 0.00000000)
2025-11-04 19:17:39,890 - INFO -    SHELL: 4269.00000000 (Locked: 0.00000000)
2025-11-04 19:17:39,891 - INFO -    RED: 1152.00000000 (Locked: 0.00000000)
2025-11-04 19:17:39,891 - INFO -    GPS: 18446.00000000 (Locked: 0.00000000)
2025-11-04 19:17:39,891 - INFO -    EPIC: 285.00000000 (Locked: 0.00000000)
2025-11-04 19:17:39,891 - INFO -    BMT: 8536.00000000 (Locked: 0.00000000)
2025-11-04 19:17:39,891 - INFO -    FORM: 482.00000000 (Locked: 0.00000000)
2025-11-04 19:17:39,892 - INFO -    XUSD: 500.00000000 (Locked: 0.00000000)
2025-11-04 19:17:39,892 - INFO -    CZK: 18466.00000000 (Locked: 0.00000000)
2025-11-04 19:17:39,892 - INFO -    NIL: 1768.00000000 (Locked: 0.00000000)
2025-11-04 19:17:39,892 - INFO -    PARTI: 4072.00000000 (Locked: 0.00000000)
2025-11-04 19:17:39,892 - INFO -    MUBARAK: 16620.00000000 (Locked: 0.00000000)
2025-11-04 19:17:39,892 - INFO -    TUT: 6008.00000000 (Locked: 0.00000000)
2025-11-04 19:17:39,893 - INFO -    BROCCOLI714: 18424.00000000 (Locked: 0.00000000)
2025-11-04 19:17:39,893 - INFO -    BANANAS31: 18446.00000000 (Locked: 0.00000000)
2025-11-04 19:17:39,893 - INFO -    GUN: 18446.00000000 (Locked: 0.00000000)
2025-11-04 19:17:39,893 - INFO -    BABY: 9815.00000000 (Locked: 0.00000000)
2025-11-04 19:17:39,893 - INFO -    ONDO: 544.00000000 (Locked: 0.00000000)
2025-11-04 19:17:39,893 - INFO -    BIGTIME: 10274.00000000 (Locked: 0.00000000)
2025-11-04 19:17:39,893 - INFO -    VIRTUAL: 459.00000000 (Locked: 0.00000000)
2025-11-04 19:17:39,893 - INFO -    KERNEL: 2590.00000000 (Locked: 0.00000000)
2025-11-04 19:17:39,893 - INFO -    WCT: 1986.00000000 (Locked: 0.00000000)
2025-11-04 19:17:39,893 - INFO -    HYPER: 1966.00000000 (Locked: 0.00000000)
2025-11-04 19:17:39,893 - INFO -    INIT: 1544.00000000 (Locked: 0.00000000)
2025-11-04 19:17:39,893 - INFO -    SIGN: 7590.00000000 (Locked: 0.00000000)
2025-11-04 19:17:39,893 - INFO -    STO: 5744.00000000 (Locked: 0.00000000)
2025-11-04 19:17:39,893 - INFO -    SYRUP: 1287.00000000 (Locked: 0.00000000)
2025-11-04 19:17:39,893 - INFO -    KMNO: 6786.00000000 (Locked: 0.00000000)
2025-11-04 19:17:39,893 - INFO -    SXT: 7299.00000000 (Locked: 0.00000000)
2025-11-04 19:17:39,893 - INFO -    NXPC: 983.00000000 (Locked: 0.00000000)
2025-11-04 19:17:39,893 - INFO -    AWE: 4136.00000000 (Locked: 0.00000000)
2025-11-04 19:17:39,893 - INFO -    HAEDAL: 3768.00000000 (Locked: 0.00000000)
2025-11-04 19:17:39,893 - INFO -    USD1: 500.00000000 (Locked: 0.00000000)
2025-11-04 19:17:39,893 - INFO -    HUMA: 14801.00000000 (Locked: 0.00000000)
2025-11-04 19:17:39,897 - INFO -    A: 1233.00000000 (Locked: 0.00000000)
2025-11-04 19:17:39,897 - INFO -    SOPH: 17673.00000000 (Locked: 0.00000000)
2025-11-04 19:17:39,897 - INFO -    RESOLV: 4689.00000000 (Locked: 0.00000000)
2025-11-04 19:17:39,897 - INFO -    HOME: 16312.00000000 (Locked: 0.00000000)
2025-11-04 19:17:39,897 - INFO -    SPK: 9828.00000000 (Locked: 0.00000000)
2025-11-04 19:17:39,898 - INFO -    NEWT: 2473.00000000 (Locked: 0.00000000)
2025-11-04 19:17:39,898 - INFO -    SAHARA: 6342.00000000 (Locked: 0.00000000)
2025-11-04 19:17:39,898 - INFO -    LA: 1389.00000000 (Locked: 0.00000000)
2025-11-04 19:17:39,898 - INFO -    ERA: 943.00000000 (Locked: 0.00000000)
2025-11-04 19:17:39,898 - INFO -    C: 2790.00000000 (Locked: 0.00000000)
2025-11-04 19:17:39,898 - INFO -    TREE: 1872.00000000 (Locked: 0.00000000)
2025-11-04 19:17:39,898 - INFO -    A2Z: 18446.00000000 (Locked: 0.00000000)
2025-11-04 19:17:39,899 - INFO -    TOWNS: 18446.00000000 (Locked: 0.00000000)
2025-11-04 19:17:39,899 - INFO -    PROVE: 719.00000000 (Locked: 0.00000000)
2025-11-04 19:17:39,899 - INFO -    BFUSD: 500.00000000 (Locked: 0.00000000)
2025-11-04 19:17:39,899 - INFO -    PLUME: 5036.00000000 (Locked: 0.00000000)
2025-11-04 19:17:39,899 - INFO -    DOLO: 4856.00000000 (Locked: 0.00000000)
2025-11-04 19:17:39,899 - INFO -    MITO: 3495.00000000 (Locked: 0.00000000)
2025-11-04 19:17:39,900 - INFO -    WLFI: 2492.00000000 (Locked: 0.00000000)
2025-11-04 19:17:39,900 - INFO -    SOMI: 596.00000000 (Locked: 0.00000000)
2025-11-04 19:17:39,900 - INFO -    OPEN: 1106.00000000 (Locked: 0.00000000)
2025-11-04 19:17:39,900 - INFO -    USDE: 499.00000000 (Locked: 0.00000000)
2025-11-04 19:17:39,900 - INFO -    LINEA: 18446.00000000 (Locked: 0.00000000)
2025-11-04 19:17:39,900 - INFO -    HOLO: 2498.00000000 (Locked: 0.00000000)
2025-11-04 19:17:39,901 - INFO -    PUMP: 18446.00000000 (Locked: 0.00000000)
2025-11-04 19:17:39,901 - INFO -    AVNT: 410.00000000 (Locked: 0.00000000)
2025-11-04 19:17:39,901 - INFO -    ZKC: 1121.00000000 (Locked: 0.00000000)
2025-11-04 19:17:39,901 - INFO -    SKY: 7156.00000000 (Locked: 0.00000000)
2025-11-04 19:17:39,902 - INFO -    BARD: 555.00000000 (Locked: 0.00000000)
2025-11-04 19:17:39,902 - INFO -    0G: 189.00000000 (Locked: 0.00000000)
2025-11-04 19:17:39,902 - INFO -    HEMI: 5467.00000000 (Locked: 0.00000000)
2025-11-04 19:17:39,902 - INFO -    XPL: 479.00000000 (Locked: 0.00000000)
2025-11-04 19:17:39,903 - INFO -    MIRA: 815.00000000 (Locked: 0.00000000)
2025-11-04 19:17:39,903 - INFO -    FF: 2549.00000000 (Locked: 0.00000000)
2025-11-04 19:17:39,904 - INFO -    EDEN: 1196.00000000 (Locked: 0.00000000)
2025-11-04 19:17:39,904 - INFO -    NOM: 11666.00000000 (Locked: 0.00000000)
2025-11-04 19:17:40,767 - INFO -    Precisão de preço: 2 casas decimais
2025-11-04 19:17:40,767 - INFO -    Precisão de quantidade: 4 casas decimais
2025-11-04 19:17:40,767 - INFO -    Valor mínimo de negociação: 10.0 USDT
2025-11-04 19:17:40,767 - INFO - ------------------------------------------------------------
2025-11-04 19:17:40,767 - INFO - 📊 Par de negociação: ETHUSDT
2025-11-04 19:17:40,767 - INFO - ⏱️ Timeframe: 1m
2025-11-04 19:17:40,783 - INFO - 💵 Valor por operação: 15.0 USDT
2025-11-04 19:17:40,783 - INFO - 🎯 Estratégia: 4
2025-11-04 19:17:40,783 - INFO - 🕒 Horário: 00:00 - 23:59
2025-11-04 19:17:40,783 - INFO - ============================================================
2025-11-04 19:17:40,783 - INFO - 🚀 Bot iniciado!
2025-11-04 19:17:41,075 - INFO - 💹 ETHUSDT: 3259.86000000 USDT
2025-11-04 19:17:41,075 - INFO - 📊 Análise Est.4:
2025-11-04 19:17:41,075 - INFO -    Preço: 3259.86 | MA21: 3235.83 | RSI: 56.25
2025-11-04 19:17:41,075 - INFO -    Preço > MA21? ✅ SIM
2025-11-04 19:17:41,075 - INFO -    RSI < 70.0? ✅ SIM
2025-11-04 19:17:41,075 - INFO -    Sem posições? ✅ SIM
2025-11-04 19:17:41,075 - INFO - 🟢 TODAS AS CONDIÇÕES ATENDIDAS - ABRINDO COMPRA!
2025-11-04 19:17:41,075 - INFO - 📈 Abrindo posição COMPRA
2025-11-04 19:17:41,075 - INFO -    Preço: 3259.86000000
2025-11-04 19:17:41,075 - INFO -    Quantidade: 0.00460000
2025-11-04 19:17:41,075 - INFO -    Valor: 15.0 USDT
2025-11-04 19:17:41,357 - INFO - ✅ Ordem executada: 12073983
2025-11-04 19:18:12,176 - INFO - 💹 ETHUSDT: 3262.07000000 USDT
2025-11-04 19:18:12,176 - INFO - 📊 Análise Est.4:
2025-11-04 19:18:12,176 - INFO -    Preço: 3262.07 | MA21: 3239.22 | RSI: 58.22
2025-11-04 19:18:12,176 - INFO -    Preço > MA21? ✅ SIM
2025-11-04 19:18:12,176 - INFO -    RSI < 70.0? ✅ SIM
2025-11-04 19:18:12,176 - INFO -    Sem posições? ❌ NÃO
2025-11-04 19:18:42,978 - INFO - 💹 ETHUSDT: 3261.71000000 USDT
2025-11-04 19:18:42,978 - INFO - 📊 Análise Est.4:
2025-11-04 19:18:42,978 - INFO -    Preço: 3261.71 | MA21: 3239.21 | RSI: 58.15
2025-11-04 19:18:42,978 - INFO -    Preço > MA21? ✅ SIM
2025-11-04 19:18:42,978 - INFO -    RSI < 70.0? ✅ SIM
2025-11-04 19:18:42,978 - INFO -    Sem posições? ❌ NÃO
2025-11-04 19:19:13,798 - INFO - 💹 ETHUSDT: 3259.84000000 USDT
2025-11-04 19:19:13,798 - INFO - 📊 Análise Est.4:
2025-11-04 19:19:13,798 - INFO -    Preço: 3259.84 | MA21: 3241.66 | RSI: 57.98
2025-11-04 19:19:13,798 - INFO -    Preço > MA21? ✅ SIM
2025-11-04 19:19:13,798 - INFO -    RSI < 70.0? ✅ SIM
2025-11-04 19:19:13,798 - INFO -    Sem posições? ❌ NÃO
2025-11-04 19:19:44,650 - INFO - 💹 ETHUSDT: 3258.61000000 USDT
2025-11-04 19:19:44,650 - INFO - 📊 Análise Est.4:
2025-11-04 19:19:44,650 - INFO -    Preço: 3258.61 | MA21: 3241.61 | RSI: 57.62
2025-11-04 19:19:44,650 - INFO -    Preço > MA21? ✅ SIM
2025-11-04 19:19:44,650 - INFO -    RSI < 70.0? ✅ SIM
2025-11-04 19:19:44,650 - INFO -    Sem posições? ❌ NÃO
2025-11-04 19:20:14,945 - INFO - 💹 ETHUSDT: 3259.84000000 USDT
2025-11-04 19:20:14,946 - INFO - 📊 Análise Est.4:
2025-11-04 19:20:14,946 - INFO -    Preço: 3259.84 | MA21: 3243.90 | RSI: 55.49
2025-11-04 19:20:14,946 - INFO -    Preço > MA21? ✅ SIM
2025-11-04 19:20:14,947 - INFO -    RSI < 70.0? ✅ SIM
2025-11-04 19:20:14,947 - INFO -    Sem posições? ❌ NÃO
2025-11-04 19:20:45,241 - INFO - 💹 ETHUSDT: 3259.76000000 USDT
2025-11-04 19:20:45,241 - INFO - 📊 Análise Est.4:
2025-11-04 19:20:45,241 - INFO -    Preço: 3259.76 | MA21: 3243.89 | RSI: 55.47
2025-11-04 19:20:45,241 - INFO -    Preço > MA21? ✅ SIM
2025-11-04 19:20:45,241 - INFO -    RSI < 70.0? ✅ SIM
2025-11-04 19:20:45,241 - INFO -    Sem posições? ❌ NÃO
2025-11-04 19:21:15,535 - INFO - 💹 ETHUSDT: 3262.49000000 USDT
2025-11-04 19:21:15,535 - INFO - 📊 Análise Est.4:
2025-11-04 19:21:15,535 - INFO -    Preço: 3262.49 | MA21: 3246.72 | RSI: 55.76
2025-11-04 19:21:15,535 - INFO -    Preço > MA21? ✅ SIM
2025-11-04 19:21:15,535 - INFO -    RSI < 70.0? ✅ SIM
2025-11-04 19:21:15,535 - INFO -    Sem posições? ❌ NÃO
2025-11-04 19:21:46,373 - INFO - 💹 ETHUSDT: 3263.81000000 USDT
2025-11-04 19:21:46,374 - INFO - 📊 Análise Est.4:
2025-11-04 19:21:46,374 - INFO -    Preço: 3263.81 | MA21: 3246.78 | RSI: 56.07
2025-11-04 19:21:46,374 - INFO -    Preço > MA21? ✅ SIM
2025-11-04 19:21:46,374 - INFO -    RSI < 70.0? ✅ SIM
2025-11-04 19:21:46,374 - INFO -    Sem posições? ❌ NÃO
2025-11-04 19:22:16,668 - INFO - 💹 ETHUSDT: 3265.41000000 USDT
2025-11-04 19:22:16,668 - INFO - 📊 Análise Est.4:
2025-11-04 19:22:16,668 - INFO -    Preço: 3265.41 | MA21: 3249.41 | RSI: 54.04
2025-11-04 19:22:16,668 - INFO -    Preço > MA21? ✅ SIM
2025-11-04 19:22:16,668 - INFO -    RSI < 70.0? ✅ SIM
2025-11-04 19:22:16,668 - INFO -    Sem posições? ❌ NÃO
2025-11-04 19:22:46,967 - INFO - 💹 ETHUSDT: 3266.10000000 USDT
2025-11-04 19:22:46,967 - INFO - 📊 Análise Est.4:
2025-11-04 19:22:46,967 - INFO -    Preço: 3266.10 | MA21: 3249.45 | RSI: 54.22
2025-11-04 19:22:46,967 - INFO -    Preço > MA21? ✅ SIM
2025-11-04 19:22:46,967 - INFO -    RSI < 70.0? ✅ SIM
2025-11-04 19:22:46,967 - INFO -    Sem posições? ❌ NÃO
2025-11-04 19:23:17,254 - INFO - 💹 ETHUSDT: 3262.33000000 USDT
2025-11-04 19:23:17,254 - INFO - 📊 Análise Est.4:
2025-11-04 19:23:17,254 - INFO -    Preço: 3262.33 | MA21: 3252.14 | RSI: 50.86
2025-11-04 19:23:17,254 - INFO -    Preço > MA21? ✅ SIM
2025-11-04 19:23:17,254 - INFO -    RSI < 70.0? ✅ SIM
2025-11-04 19:23:17,254 - INFO -    Sem posições? ❌ NÃO
2025-11-04 19:23:47,548 - INFO - 💹 ETHUSDT: 3255.63000000 USDT
2025-11-04 19:23:47,548 - INFO - 📊 Análise Est.4:
2025-11-04 19:23:47,548 - INFO -    Preço: 3255.63 | MA21: 3251.82 | RSI: 49.15
2025-11-04 19:23:47,548 - INFO -    Preço > MA21? ✅ SIM
2025-11-04 19:23:47,548 - INFO -    RSI < 70.0? ✅ SIM
2025-11-04 19:23:47,548 - INFO -    Sem posições? ❌ NÃO
2025-11-04 19:24:18,369 - INFO - 💹 ETHUSDT: 3258.22000000 USDT
2025-11-04 19:24:18,370 - INFO - 📊 Análise Est.4:
2025-11-04 19:24:18,370 - INFO -    Preço: 3258.22 | MA21: 3253.08 | RSI: 48.03
2025-11-04 19:24:18,370 - INFO -    Preço > MA21? ✅ SIM
2025-11-04 19:24:18,371 - INFO -    RSI < 70.0? ✅ SIM
2025-11-04 19:24:18,371 - INFO -    Sem posições? ❌ NÃO
2025-11-04 19:24:48,654 - INFO - 💹 ETHUSDT: 3258.15000000 USDT
2025-11-04 19:24:48,657 - INFO - 📊 Análise Est.4:
2025-11-04 19:24:48,657 - INFO -    Preço: 3258.15 | MA21: 3253.07 | RSI: 48.01
2025-11-04 19:24:48,657 - INFO -    Preço > MA21? ✅ SIM
2025-11-04 19:24:48,657 - INFO -    RSI < 70.0? ✅ SIM
2025-11-04 19:24:48,657 - INFO -    Sem posições? ❌ NÃO
2025-11-04 19:25:18,949 - INFO - 💹 ETHUSDT: 3261.35000000 USDT
2025-11-04 19:25:18,949 - INFO - 📊 Análise Est.4:
2025-11-04 19:25:18,949 - INFO -    Preço: 3261.35 | MA21: 3254.74 | RSI: 50.90
2025-11-04 19:25:18,949 - INFO -    Preço > MA21? ✅ SIM
2025-11-04 19:25:18,949 - INFO -    RSI < 70.0? ✅ SIM
2025-11-04 19:25:18,949 - INFO -    Sem posições? ❌ NÃO
2025-11-04 19:25:49,245 - INFO - 💹 ETHUSDT: 3252.33000000 USDT
2025-11-04 19:25:49,245 - INFO - 📊 Análise Est.4:
2025-11-04 19:25:49,247 - INFO -    Preço: 3252.33 | MA21: 3254.31 | RSI: 48.55
2025-11-04 19:25:49,247 - INFO -    Preço > MA21? ❌ NÃO
2025-11-04 19:25:49,247 - INFO -    RSI < 70.0? ✅ SIM
2025-11-04 19:25:49,247 - INFO -    Sem posições? ❌ NÃO
2025-11-04 19:26:20,083 - INFO - 💹 ETHUSDT: 3244.96000000 USDT
2025-11-04 19:26:20,083 - INFO - 📊 Análise Est.4:
2025-11-04 19:26:20,083 - INFO -    Preço: 3244.96 | MA21: 3255.06 | RSI: 46.03
2025-11-04 19:26:20,083 - INFO -    Preço > MA21? ❌ NÃO
2025-11-04 19:26:20,083 - INFO -    RSI < 70.0? ✅ SIM
2025-11-04 19:26:20,083 - INFO -    Sem posições? ❌ NÃO
2025-11-04 19:26:50,913 - INFO - 💹 ETHUSDT: 3250.72000000 USDT
2025-11-04 19:26:50,913 - INFO - 📊 Análise Est.4:
2025-11-04 19:26:50,913 - INFO -    Preço: 3250.72 | MA21: 3255.34 | RSI: 47.40
2025-11-04 19:26:50,913 - INFO -    Preço > MA21? ❌ NÃO
2025-11-04 19:26:50,913 - INFO -    RSI < 70.0? ✅ SIM
2025-11-04 19:26:50,915 - INFO -    Sem posições? ❌ NÃO
2025-11-04 19:27:21,200 - INFO - 💹 ETHUSDT: 3251.14000000 USDT
2025-11-04 19:27:21,202 - INFO - 📊 Análise Est.4:
2025-11-04 19:27:21,202 - INFO -    Preço: 3251.14 | MA21: 3255.92 | RSI: 47.12
2025-11-04 19:27:21,202 - INFO -    Preço > MA21? ❌ NÃO
2025-11-04 19:27:21,202 - INFO -    RSI < 70.0? ✅ SIM
2025-11-04 19:27:21,202 - INFO -    Sem posições? ❌ NÃO
2025-11-04 19:27:51,495 - INFO - 💹 ETHUSDT: 3241.57000000 USDT
2025-11-04 19:27:51,495 - INFO - 📊 Análise Est.4:
2025-11-04 19:27:51,495 - INFO -    Preço: 3241.57 | MA21: 3255.47 | RSI: 44.88
2025-11-04 19:27:51,495 - INFO -    Preço > MA21? ❌ NÃO
2025-11-04 19:27:51,495 - INFO -    RSI < 70.0? ✅ SIM
2025-11-04 19:27:51,495 - INFO -    Sem posições? ❌ NÃO
2025-11-04 19:28:21,789 - INFO - 💹 ETHUSDT: 3258.26000000 USDT
2025-11-04 19:28:21,789 - INFO - 📊 Análise Est.4:
2025-11-04 19:28:21,789 - INFO -    Preço: 3258.26 | MA21: 3257.06 | RSI: 48.10
2025-11-04 19:28:21,789 - INFO -    Preço > MA21? ✅ SIM
2025-11-04 19:28:21,789 - INFO -    RSI < 70.0? ✅ SIM
2025-11-04 19:28:21,789 - INFO -    Sem posições? ❌ NÃO
2025-11-04 19:28:52,594 - INFO - 💹 ETHUSDT: 3254.49000000 USDT
2025-11-04 19:28:52,594 - INFO - 📊 Análise Est.4:
2025-11-04 19:28:52,594 - INFO -    Preço: 3254.49 | MA21: 3256.88 | RSI: 47.17
2025-11-04 19:28:52,594 - INFO -    Preço > MA21? ❌ NÃO
2025-11-04 19:28:52,594 - INFO -    RSI < 70.0? ✅ SIM
2025-11-04 19:28:52,594 - INFO -    Sem posições? ❌ NÃO
2025-11-04 19:29:22,893 - INFO - 💹 ETHUSDT: 3256.13000000 USDT
2025-11-04 19:29:22,893 - INFO - 📊 Análise Est.4:
2025-11-04 19:29:22,895 - INFO -    Preço: 3256.13 | MA21: 3257.17 | RSI: 74.49
2025-11-04 19:29:22,895 - INFO -    Preço > MA21? ❌ NÃO
2025-11-04 19:29:22,895 - INFO -    RSI < 70.0? ❌ NÃO
2025-11-04 19:29:22,895 - INFO -    Sem posições? ❌ NÃO
2025-11-04 19:29:53,183 - INFO - 💹 ETHUSDT: 3257.02000000 USDT
2025-11-04 19:29:53,183 - INFO - 📊 Análise Est.4:
2025-11-04 19:29:53,183 - INFO -    Preço: 3257.02 | MA21: 3257.21 | RSI: 74.67
2025-11-04 19:29:53,183 - INFO -    Preço > MA21? ❌ NÃO
2025-11-04 19:29:53,183 - INFO -    RSI < 70.0? ❌ NÃO
2025-11-04 19:29:53,183 - INFO -    Sem posições? ❌ NÃO
2025-11-04 19:30:23,466 - INFO - 💹 ETHUSDT: 3259.44000000 USDT
2025-11-04 19:30:23,466 - INFO - 📊 Análise Est.4:
2025-11-04 19:30:23,466 - INFO -    Preço: 3259.44 | MA21: 3257.35 | RSI: 46.71
2025-11-04 19:30:23,466 - INFO -    Preço > MA21? ✅ SIM
2025-11-04 19:30:23,466 - INFO -    RSI < 70.0? ✅ SIM
2025-11-04 19:30:23,466 - INFO -    Sem posições? ❌ NÃO
2025-11-04 19:30:53,771 - INFO - 💹 ETHUSDT: 3262.36000000 USDT
2025-11-04 19:30:53,771 - INFO - 📊 Análise Est.4:
2025-11-04 19:30:53,771 - INFO -    Preço: 3262.36 | MA21: 3257.48 | RSI: 49.15
2025-11-04 19:30:53,771 - INFO -    Preço > MA21? ✅ SIM
2025-11-04 19:30:53,771 - INFO -    RSI < 70.0? ✅ SIM
2025-11-04 19:30:53,771 - INFO -    Sem posições? ❌ NÃO
2025-11-04 19:31:24,060 - INFO - 💹 ETHUSDT: 3254.70000000 USDT
2025-11-04 19:31:24,060 - INFO - 📊 Análise Est.4:
2025-11-04 19:31:24,060 - INFO -    Preço: 3254.70 | MA21: 3256.99 | RSI: 45.05
2025-11-04 19:31:24,060 - INFO -    Preço > MA21? ❌ NÃO
2025-11-04 19:31:24,060 - INFO -    RSI < 70.0? ✅ SIM
2025-11-04 19:31:24,060 - INFO -    Sem posições? ❌ NÃO
2025-11-04 19:31:54,894 - INFO - 💹 ETHUSDT: 3263.02000000 USDT
2025-11-04 19:31:54,894 - INFO - 📊 Análise Est.4:
2025-11-04 19:31:54,894 - INFO -    Preço: 3263.02 | MA21: 3257.39 | RSI: 51.03
2025-11-04 19:31:54,894 - INFO -    Preço > MA21? ✅ SIM
2025-11-04 19:31:54,894 - INFO -    RSI < 70.0? ✅ SIM
2025-11-04 19:31:54,894 - INFO -    Sem posições? ❌ NÃO
2025-11-04 19:32:25,204 - INFO - 💹 ETHUSDT: 3262.87000000 USDT
2025-11-04 19:32:25,204 - INFO - 📊 Análise Est.4:
2025-11-04 19:32:25,204 - INFO -    Preço: 3262.87 | MA21: 3257.61 | RSI: 52.49
2025-11-04 19:32:25,204 - INFO -    Preço > MA21? ✅ SIM
2025-11-04 19:32:25,204 - INFO -    RSI < 70.0? ✅ SIM
2025-11-04 19:32:25,204 - INFO -    Sem posições? ❌ NÃO
2025-11-04 19:32:56,036 - INFO - 💹 ETHUSDT: 3261.35000000 USDT
2025-11-04 19:32:56,036 - INFO - 📊 Análise Est.4:
2025-11-04 19:32:56,036 - INFO -    Preço: 3261.35 | MA21: 3257.54 | RSI: 51.21
2025-11-04 19:32:56,036 - INFO -    Preço > MA21? ✅ SIM
2025-11-04 19:32:56,036 - INFO -    RSI < 70.0? ✅ SIM
2025-11-04 19:32:56,036 - INFO -    Sem posições? ❌ NÃO
2025-11-04 19:33:26,327 - INFO - 💹 ETHUSDT: 3262.87000000 USDT
2025-11-04 19:33:26,327 - INFO - 📊 Análise Est.4:
2025-11-04 19:33:26,327 - INFO -    Preço: 3262.87 | MA21: 3257.67 | RSI: 52.43
2025-11-04 19:33:26,327 - INFO -    Preço > MA21? ✅ SIM
2025-11-04 19:33:26,327 - INFO -    RSI < 70.0? ✅ SIM
2025-11-04 19:33:26,327 - INFO -    Sem posições? ❌ NÃO
2025-11-04 19:33:56,627 - INFO - 💹 ETHUSDT: 3265.58000000 USDT
2025-11-04 19:33:56,627 - INFO - 📊 Análise Est.4:
2025-11-04 19:33:56,627 - INFO -    Preço: 3265.58 | MA21: 3257.80 | RSI: 54.40
2025-11-04 19:33:56,627 - INFO -    Preço > MA21? ✅ SIM
2025-11-04 19:33:56,627 - INFO -    RSI < 70.0? ✅ SIM
2025-11-04 19:33:56,627 - INFO -    Sem posições? ❌ NÃO
2025-11-04 19:34:26,909 - INFO - 💹 ETHUSDT: 3267.10000000 USDT
2025-11-04 19:34:26,909 - INFO - 📊 Análise Est.4:
2025-11-04 19:34:26,909 - INFO -    Preço: 3267.10 | MA21: 3258.11 | RSI: 53.59
2025-11-04 19:34:26,909 - INFO -    Preço > MA21? ✅ SIM
2025-11-04 19:34:26,909 - INFO -    RSI < 70.0? ✅ SIM
2025-11-04 19:34:26,909 - INFO -    Sem posições? ❌ NÃO
2025-11-04 19:34:57,198 - INFO - 💹 ETHUSDT: 3277.63000000 USDT
2025-11-04 19:34:57,198 - INFO - 📊 Análise Est.4:
2025-11-04 19:34:57,198 - INFO -    Preço: 3277.63 | MA21: 3258.61 | RSI: 60.14
2025-11-04 19:34:57,198 - INFO -    Preço > MA21? ✅ SIM
2025-11-04 19:34:57,198 - INFO -    RSI < 70.0? ✅ SIM
2025-11-04 19:34:57,198 - INFO -    Sem posições? ❌ NÃO
2025-11-04 19:35:28,022 - INFO - 💹 ETHUSDT: 3277.30000000 USDT
2025-11-04 19:35:28,022 - INFO - 📊 Análise Est.4:
2025-11-04 19:35:28,022 - INFO -    Preço: 3277.30 | MA21: 3259.00 | RSI: 59.95
2025-11-04 19:35:28,022 - INFO -    Preço > MA21? ✅ SIM
2025-11-04 19:35:28,022 - INFO -    RSI < 70.0? ✅ SIM
2025-11-04 19:35:28,022 - INFO -    Sem posições? ❌ NÃO
2025-11-04 19:35:58,324 - INFO - 💹 ETHUSDT: 3282.69000000 USDT
2025-11-04 19:35:58,326 - INFO - 📊 Análise Est.4:
2025-11-04 19:35:58,326 - INFO -    Preço: 3282.69 | MA21: 3259.25 | RSI: 62.66
2025-11-04 19:35:58,326 - INFO -    Preço > MA21? ✅ SIM
2025-11-04 19:35:58,326 - INFO -    RSI < 70.0? ✅ SIM
2025-11-04 19:35:58,326 - INFO -    Sem posições? ❌ NÃO
2025-11-04 19:36:29,147 - INFO - 💹 ETHUSDT: 3279.72000000 USDT
2025-11-04 19:36:29,147 - INFO - 📊 Análise Est.4:
2025-11-04 19:36:29,147 - INFO -    Preço: 3279.72 | MA21: 3261.38 | RSI: 52.14
2025-11-04 19:36:29,147 - INFO -    Preço > MA21? ✅ SIM
2025-11-04 19:36:29,147 - INFO -    RSI < 70.0? ✅ SIM
2025-11-04 19:36:29,147 - INFO -    Sem posições? ❌ NÃO
2025-11-04 19:36:59,990 - INFO - 💹 ETHUSDT: 3278.08000000 USDT
2025-11-04 19:36:59,992 - INFO - 📊 Análise Est.4:
2025-11-04 19:36:59,992 - INFO -    Preço: 3278.08 | MA21: 3261.30 | RSI: 51.53
2025-11-04 19:36:59,992 - INFO -    Preço > MA21? ✅ SIM
2025-11-04 19:36:59,992 - INFO -    RSI < 70.0? ✅ SIM
2025-11-04 19:36:59,992 - INFO -    Sem posições? ❌ NÃO
2025-11-04 19:37:30,287 - INFO - 💹 ETHUSDT: 3269.15000000 USDT
2025-11-04 19:37:30,287 - INFO - 📊 Análise Est.4:
2025-11-04 19:37:30,287 - INFO -    Preço: 3269.15 | MA21: 3261.52 | RSI: 54.58
2025-11-04 19:37:30,287 - INFO -    Preço > MA21? ✅ SIM
2025-11-04 19:37:30,287 - INFO -    RSI < 70.0? ✅ SIM
2025-11-04 19:37:30,287 - INFO -    Sem posições? ❌ NÃO
2025-11-04 19:38:00,585 - INFO - 💹 ETHUSDT: 3262.51000000 USDT
2025-11-04 19:38:00,587 - INFO - 📊 Análise Est.4:
2025-11-04 19:38:00,587 - INFO -    Preço: 3262.51 | MA21: 3261.20 | RSI: 51.70
2025-11-04 19:38:00,587 - INFO -    Preço > MA21? ✅ SIM
2025-11-04 19:38:00,587 - INFO -    RSI < 70.0? ✅ SIM
2025-11-04 19:38:00,587 - INFO -    Sem posições? ❌ NÃO
2025-11-04 19:38:30,877 - INFO - 💹 ETHUSDT: 3263.76000000 USDT
2025-11-04 19:38:30,879 - INFO - 📊 Análise Est.4:
2025-11-04 19:38:30,879 - INFO -    Preço: 3263.76 | MA21: 3261.30 | RSI: 50.97
2025-11-04 19:38:30,879 - INFO -    Preço > MA21? ✅ SIM
2025-11-04 19:38:30,879 - INFO -    RSI < 70.0? ✅ SIM
2025-11-04 19:38:30,879 - INFO -    Sem posições? ❌ NÃO
2025-11-04 19:39:01,170 - INFO - 💹 ETHUSDT: 3263.60000000 USDT
2025-11-04 19:39:01,172 - INFO - 📊 Análise Est.4:
2025-11-04 19:39:01,172 - INFO -    Preço: 3263.60 | MA21: 3261.29 | RSI: 50.91
2025-11-04 19:39:01,172 - INFO -    Preço > MA21? ✅ SIM
2025-11-04 19:39:01,172 - INFO -    RSI < 70.0? ✅ SIM
2025-11-04 19:39:01,172 - INFO -    Sem posições? ❌ NÃO
2025-11-04 19:39:31,982 - INFO - 💹 ETHUSDT: 3265.04000000 USDT
2025-11-04 19:39:31,982 - INFO - 📊 Análise Est.4:
2025-11-04 19:39:31,982 - INFO -    Preço: 3265.04 | MA21: 3261.63 | RSI: 55.80
2025-11-04 19:39:31,982 - INFO -    Preço > MA21? ✅ SIM
2025-11-04 19:39:31,982 - INFO -    RSI < 70.0? ✅ SIM
2025-11-04 19:39:31,982 - INFO -    Sem posições? ❌ NÃO
2025-11-04 19:40:02,296 - INFO - 💹 ETHUSDT: 3262.02000000 USDT
2025-11-04 19:40:02,296 - INFO - 📊 Análise Est.4:
2025-11-04 19:40:02,296 - INFO -    Preço: 3262.02 | MA21: 3261.49 | RSI: 54.39
2025-11-04 19:40:02,296 - INFO -    Preço > MA21? ✅ SIM
2025-11-04 19:40:02,296 - INFO -    RSI < 70.0? ✅ SIM
2025-11-04 19:40:02,296 - INFO -    Sem posições? ❌ NÃO
2025-11-04 19:40:33,119 - INFO - 💹 ETHUSDT: 3256.54000000 USDT
2025-11-04 19:40:33,119 - INFO - 📊 Análise Est.4:
2025-11-04 19:40:33,119 - INFO -    Preço: 3256.54 | MA21: 3261.33 | RSI: 52.16
2025-11-04 19:40:33,119 - INFO -    Preço > MA21? ❌ NÃO
2025-11-04 19:40:33,119 - INFO -    RSI < 70.0? ✅ SIM
2025-11-04 19:40:33,119 - INFO -    Sem posições? ❌ NÃO
2025-11-04 19:41:03,414 - INFO - 💹 ETHUSDT: 3258.00000000 USDT
2025-11-04 19:41:03,414 - INFO - 📊 Análise Est.4:
2025-11-04 19:41:03,414 - INFO -    Preço: 3258.00 | MA21: 3261.40 | RSI: 52.78
2025-11-04 19:41:03,414 - INFO -    Preço > MA21? ❌ NÃO
2025-11-04 19:41:03,414 - INFO -    RSI < 70.0? ✅ SIM
2025-11-04 19:41:03,414 - INFO -    Sem posições? ❌ NÃO
2025-11-04 19:41:33,708 - INFO - 💹 ETHUSDT: 3254.16000000 USDT
2025-11-04 19:41:33,709 - INFO - 📊 Análise Est.4:
2025-11-04 19:41:33,710 - INFO -    Preço: 3254.16 | MA21: 3260.97 | RSI: 48.52
2025-11-04 19:41:33,710 - INFO -    Preço > MA21? ❌ NÃO
2025-11-04 19:41:33,710 - INFO -    RSI < 70.0? ✅ SIM
2025-11-04 19:41:33,710 - INFO -    Sem posições? ❌ NÃO
2025-11-04 19:42:04,524 - INFO - 💹 ETHUSDT: 3257.21000000 USDT
2025-11-04 19:42:04,524 - INFO - 📊 Análise Est.4:
2025-11-04 19:42:04,524 - INFO -    Preço: 3257.21 | MA21: 3261.11 | RSI: 49.77
2025-11-04 19:42:04,524 - INFO -    Preço > MA21? ❌ NÃO
2025-11-04 19:42:04,524 - INFO -    RSI < 70.0? ✅ SIM
2025-11-04 19:42:04,524 - INFO -    Sem posições? ❌ NÃO
2025-11-04 19:42:35,337 - INFO - 💹 ETHUSDT: 3261.99000000 USDT
2025-11-04 19:42:35,337 - INFO - 📊 Análise Est.4:
2025-11-04 19:42:35,337 - INFO -    Preço: 3261.99 | MA21: 3261.15 | RSI: 52.89
2025-11-04 19:42:35,337 - INFO -    Preço > MA21? ✅ SIM
2025-11-04 19:42:35,337 - INFO -    RSI < 70.0? ✅ SIM
2025-11-04 19:42:35,337 - INFO -    Sem posições? ❌ NÃO
2025-11-04 19:43:05,643 - INFO - 💹 ETHUSDT: 3259.38000000 USDT
2025-11-04 19:43:05,643 - INFO - 📊 Análise Est.4:
2025-11-04 19:43:05,643 - INFO -    Preço: 3259.38 | MA21: 3261.02 | RSI: 51.84
2025-11-04 19:43:05,643 - INFO -    Preço > MA21? ❌ NÃO
2025-11-04 19:43:05,643 - INFO -    RSI < 70.0? ✅ SIM
2025-11-04 19:43:05,643 - INFO -    Sem posições? ❌ NÃO
2025-11-04 19:43:35,940 - INFO - 💹 ETHUSDT: 3253.35000000 USDT
2025-11-04 19:43:35,940 - INFO - 📊 Análise Est.4:
2025-11-04 19:43:35,940 - INFO -    Preço: 3253.35 | MA21: 3259.88 | RSI: 47.40
2025-11-04 19:43:35,940 - INFO -    Preço > MA21? ❌ NÃO
2025-11-04 19:43:35,940 - INFO -    RSI < 70.0? ✅ SIM
2025-11-04 19:43:35,940 - INFO -    Sem posições? ❌ NÃO
2025-11-04 19:44:06,234 - INFO - 💹 ETHUSDT: 3251.35000000 USDT
2025-11-04 19:44:06,234 - INFO - 📊 Análise Est.4:
2025-11-04 19:44:06,234 - INFO -    Preço: 3251.35 | MA21: 3259.79 | RSI: 46.60
2025-11-04 19:44:06,234 - INFO -    Preço > MA21? ❌ NÃO
2025-11-04 19:44:06,234 - INFO -    RSI < 70.0? ✅ SIM
2025-11-04 19:44:06,234 - INFO -    Sem posições? ❌ NÃO
2025-11-04 19:44:36,528 - INFO - 💹 ETHUSDT: 3245.74000000 USDT
2025-11-04 19:44:36,528 - INFO - 📊 Análise Est.4:
2025-11-04 19:44:36,528 - INFO -    Preço: 3245.74 | MA21: 3259.16 | RSI: 42.86
2025-11-04 19:44:36,528 - INFO -    Preço > MA21? ❌ NÃO
2025-11-04 19:44:36,528 - INFO -    RSI < 70.0? ✅ SIM
2025-11-04 19:44:36,528 - INFO -    Sem posições? ❌ NÃO
2025-11-04 19:45:06,822 - INFO - 💹 ETHUSDT: 3248.28000000 USDT
2025-11-04 19:45:06,822 - INFO - 📊 Análise Est.4:
2025-11-04 19:45:06,822 - INFO -    Preço: 3248.28 | MA21: 3259.28 | RSI: 43.78
2025-11-04 19:45:06,822 - INFO -    Preço > MA21? ❌ NÃO
2025-11-04 19:45:06,822 - INFO -    RSI < 70.0? ✅ SIM
2025-11-04 19:45:06,822 - INFO -    Sem posições? ❌ NÃO
2025-11-04 19:45:37,103 - INFO - 💹 ETHUSDT: 3254.36000000 USDT
2025-11-04 19:45:37,103 - INFO - 📊 Análise Est.4:
2025-11-04 19:45:37,103 - INFO -    Preço: 3254.36 | MA21: 3258.65 | RSI: 46.90
2025-11-04 19:45:37,103 - INFO -    Preço > MA21? ❌ NÃO
2025-11-04 19:45:37,103 - INFO -    RSI < 70.0? ✅ SIM
2025-11-04 19:45:37,103 - INFO -    Sem posições? ❌ NÃO
2025-11-04 19:46:07,419 - INFO - 💹 ETHUSDT: 3255.21000000 USDT
2025-11-04 19:46:07,419 - INFO - 📊 Análise Est.4:
2025-11-04 19:46:07,419 - INFO -    Preço: 3255.21 | MA21: 3258.69 | RSI: 47.22
2025-11-04 19:46:07,419 - INFO -    Preço > MA21? ❌ NÃO
2025-11-04 19:46:07,419 - INFO -    RSI < 70.0? ✅ SIM
2025-11-04 19:46:07,419 - INFO -    Sem posições? ❌ NÃO
2025-11-04 19:46:37,714 - INFO - 💹 ETHUSDT: 3259.44000000 USDT
2025-11-04 19:46:37,714 - INFO - 📊 Análise Est.4:
2025-11-04 19:46:37,714 - INFO -    Preço: 3259.44 | MA21: 3259.07 | RSI: 49.09
2025-11-04 19:46:37,714 - INFO -    Preço > MA21? ✅ SIM
2025-11-04 19:46:37,714 - INFO -    RSI < 70.0? ✅ SIM
2025-11-04 19:46:37,714 - INFO -    Sem posições? ❌ NÃO
2025-11-04 19:47:08,529 - INFO - 💹 ETHUSDT: 3256.17000000 USDT
2025-11-04 19:47:08,529 - INFO - 📊 Análise Est.4:
2025-11-04 19:47:08,544 - INFO -    Preço: 3256.17 | MA21: 3258.91 | RSI: 47.88
2025-11-04 19:47:08,544 - INFO -    Preço > MA21? ❌ NÃO
2025-11-04 19:47:08,544 - INFO -    RSI < 70.0? ✅ SIM
2025-11-04 19:47:08,544 - INFO -    Sem posições? ❌ NÃO
2025-11-04 19:47:39,363 - INFO - 💹 ETHUSDT: 3252.47000000 USDT
2025-11-04 19:47:39,363 - INFO - 📊 Análise Est.4:
2025-11-04 19:47:39,363 - INFO -    Preço: 3252.47 | MA21: 3258.97 | RSI: 44.62
2025-11-04 19:47:39,363 - INFO -    Preço > MA21? ❌ NÃO
2025-11-04 19:47:39,363 - INFO -    RSI < 70.0? ✅ SIM
2025-11-04 19:47:39,363 - INFO -    Sem posições? ❌ NÃO
2025-11-04 19:48:09,653 - INFO - 💹 ETHUSDT: 3252.97000000 USDT
2025-11-04 19:48:09,653 - INFO - 📊 Análise Est.4:
2025-11-04 19:48:09,653 - INFO -    Preço: 3252.97 | MA21: 3259.00 | RSI: 44.78
2025-11-04 19:48:09,653 - INFO -    Preço > MA21? ❌ NÃO
2025-11-04 19:48:09,653 - INFO -    RSI < 70.0? ✅ SIM
2025-11-04 19:48:09,653 - INFO -    Sem posições? ❌ NÃO
2025-11-04 19:48:39,946 - INFO - 💹 ETHUSDT: 3251.65000000 USDT
2025-11-04 19:48:39,946 - INFO - 📊 Análise Est.4:
2025-11-04 19:48:39,946 - INFO -    Preço: 3251.65 | MA21: 3258.71 | RSI: 41.33
2025-11-04 19:48:39,946 - INFO -    Preço > MA21? ❌ NÃO
2025-11-04 19:48:39,946 - INFO -    RSI < 70.0? ✅ SIM
2025-11-04 19:48:39,946 - INFO -    Sem posições? ❌ NÃO
2025-11-04 19:49:10,249 - INFO - 💹 ETHUSDT: 3249.03000000 USDT
2025-11-04 19:49:10,249 - INFO - 📊 Análise Est.4:
2025-11-04 19:49:10,249 - INFO -    Preço: 3249.03 | MA21: 3258.58 | RSI: 40.52
2025-11-04 19:49:10,249 - INFO -    Preço > MA21? ❌ NÃO
2025-11-04 19:49:10,249 - INFO -    RSI < 70.0? ✅ SIM
2025-11-04 19:49:10,249 - INFO -    Sem posições? ❌ NÃO
2025-11-04 19:49:40,557 - INFO - 💹 ETHUSDT: 3248.60000000 USDT
2025-11-04 19:49:40,557 - INFO - 📊 Análise Est.4:
2025-11-04 19:49:40,557 - INFO -    Preço: 3248.60 | MA21: 3258.27 | RSI: 53.50
2025-11-04 19:49:40,559 - INFO -    Preço > MA21? ❌ NÃO
2025-11-04 19:49:40,559 - INFO -    RSI < 70.0? ✅ SIM
2025-11-04 19:49:40,559 - INFO -    Sem posições? ❌ NÃO
2025-11-04 19:50:10,859 - INFO - 💹 ETHUSDT: 3245.61000000 USDT
2025-11-04 19:50:10,859 - INFO - 📊 Análise Est.4:
2025-11-04 19:50:10,859 - INFO -    Preço: 3245.61 | MA21: 3258.13 | RSI: 51.95
2025-11-04 19:50:10,859 - INFO -    Preço > MA21? ❌ NÃO
2025-11-04 19:50:10,859 - INFO -    RSI < 70.0? ✅ SIM
2025-11-04 19:50:10,859 - INFO -    Sem posições? ❌ NÃO
2025-11-04 19:50:41,147 - INFO - 💹 ETHUSDT: 3241.96000000 USDT
2025-11-04 19:50:41,147 - INFO - 📊 Análise Est.4:
2025-11-04 19:50:41,147 - INFO -    Preço: 3241.96 | MA21: 3257.22 | RSI: 25.72
2025-11-04 19:50:41,147 - INFO -    Preço > MA21? ❌ NÃO
2025-11-04 19:50:41,147 - INFO -    RSI < 70.0? ✅ SIM
2025-11-04 19:50:41,147 - INFO -    Sem posições? ❌ NÃO
2025-11-04 19:51:11,442 - INFO - 💹 ETHUSDT: 3235.40000000 USDT
2025-11-04 19:51:11,442 - INFO - 📊 Análise Est.4:
2025-11-04 19:51:11,442 - INFO -    Preço: 3235.40 | MA21: 3256.91 | RSI: 23.57
2025-11-04 19:51:11,442 - INFO -    Preço > MA21? ❌ NÃO
2025-11-04 19:51:11,442 - INFO -    RSI < 70.0? ✅ SIM
2025-11-04 19:51:11,442 - INFO -    Sem posições? ❌ NÃO
2025-11-04 19:51:41,791 - INFO - 💹 ETHUSDT: 3234.65000000 USDT
2025-11-04 19:51:41,791 - INFO - 📊 Análise Est.4:
2025-11-04 19:51:41,793 - INFO -    Preço: 3234.65 | MA21: 3255.56 | RSI: 28.52
2025-11-04 19:51:41,793 - INFO -    Preço > MA21? ❌ NÃO
2025-11-04 19:51:41,793 - INFO -    RSI < 70.0? ✅ SIM
2025-11-04 19:51:41,793 - INFO -    Sem posições? ❌ NÃO
2025-11-04 19:52:12,086 - INFO - 💹 ETHUSDT: 3235.15000000 USDT
2025-11-04 19:52:12,086 - INFO - 📊 Análise Est.4:
2025-11-04 19:52:12,086 - INFO -    Preço: 3235.15 | MA21: 3254.26 | RSI: 25.17
2025-11-04 19:52:12,086 - INFO -    Preço > MA21? ❌ NÃO
2025-11-04 19:52:12,086 - INFO -    RSI < 70.0? ✅ SIM
2025-11-04 19:52:12,086 - INFO -    Sem posições? ❌ NÃO
2025-11-04 19:52:42,364 - INFO - 💹 ETHUSDT: 3234.08000000 USDT
2025-11-04 19:52:42,364 - INFO - 📊 Análise Est.4:
2025-11-04 19:52:42,364 - INFO -    Preço: 3234.08 | MA21: 3254.21 | RSI: 24.74
2025-11-04 19:52:42,364 - INFO -    Preço > MA21? ❌ NÃO
2025-11-04 19:52:42,364 - INFO -    RSI < 70.0? ✅ SIM
2025-11-04 19:52:42,364 - INFO -    Sem posições? ❌ NÃO
2025-11-04 19:53:12,675 - INFO - 💹 ETHUSDT: 3234.26000000 USDT
2025-11-04 19:53:12,675 - INFO - 📊 Análise Est.4:
2025-11-04 19:53:12,675 - INFO -    Preço: 3234.26 | MA21: 3254.22 | RSI: 24.81
2025-11-04 19:53:12,675 - INFO -    Preço > MA21? ❌ NÃO
2025-11-04 19:53:12,675 - INFO -    RSI < 70.0? ✅ SIM
2025-11-04 19:53:12,675 - INFO -    Sem posições? ❌ NÃO
2025-11-04 19:53:43,498 - INFO - 💹 ETHUSDT: 3236.68000000 USDT
2025-11-04 19:53:43,498 - INFO - 📊 Análise Est.4:
2025-11-04 19:53:43,498 - INFO -    Preço: 3236.68 | MA21: 3253.01 | RSI: 29.24
2025-11-04 19:53:43,498 - INFO -    Preço > MA21? ❌ NÃO
2025-11-04 19:53:43,498 - INFO -    RSI < 70.0? ✅ SIM
2025-11-04 19:53:43,498 - INFO -    Sem posições? ❌ NÃO
2025-11-04 19:54:14,349 - INFO - 💹 ETHUSDT: 3236.92000000 USDT
2025-11-04 19:54:14,349 - INFO - 📊 Análise Est.4:
2025-11-04 19:54:14,349 - INFO -    Preço: 3236.92 | MA21: 3251.58 | RSI: 32.05
2025-11-04 19:54:14,349 - INFO -    Preço > MA21? ❌ NÃO
2025-11-04 19:54:14,349 - INFO -    RSI < 70.0? ✅ SIM
2025-11-04 19:54:14,349 - INFO -    Sem posições? ❌ NÃO
2025-11-04 19:54:45,168 - INFO - 💹 ETHUSDT: 3229.84000000 USDT
2025-11-04 19:54:45,168 - INFO - 📊 Análise Est.4:
2025-11-04 19:54:45,168 - INFO -    Preço: 3229.84 | MA21: 3251.25 | RSI: 28.48
2025-11-04 19:54:45,168 - INFO -    Preço > MA21? ❌ NÃO
2025-11-04 19:54:45,168 - INFO -    RSI < 70.0? ✅ SIM
2025-11-04 19:54:45,172 - INFO -    Sem posições? ❌ NÃO
2025-11-04 19:55:15,460 - INFO - 💹 ETHUSDT: 3229.45000000 USDT
2025-11-04 19:55:15,460 - INFO - 📊 Análise Est.4:
2025-11-04 19:55:15,460 - INFO -    Preço: 3229.45 | MA21: 3249.10 | RSI: 26.84
2025-11-04 19:55:15,460 - INFO -    Preço > MA21? ❌ NÃO
2025-11-04 19:55:15,460 - INFO -    RSI < 70.0? ✅ SIM
2025-11-04 19:55:15,460 - INFO -    Sem posições? ❌ NÃO
2025-11-04 19:55:45,753 - INFO - 💹 ETHUSDT: 3229.88000000 USDT
2025-11-04 19:55:45,753 - INFO - 📊 Análise Est.4:
2025-11-04 19:55:45,753 - INFO -    Preço: 3229.88 | MA21: 3249.12 | RSI: 27.34
2025-11-04 19:55:45,753 - INFO -    Preço > MA21? ❌ NÃO
2025-11-04 19:55:45,753 - INFO -    RSI < 70.0? ✅ SIM
2025-11-04 19:55:45,753 - INFO -    Sem posições? ❌ NÃO
2025-11-04 19:56:16,050 - INFO - 💹 ETHUSDT: 3236.95000000 USDT
2025-11-04 19:56:16,050 - INFO - 📊 Análise Est.4:
2025-11-04 19:56:16,050 - INFO -    Preço: 3236.95 | MA21: 3249.04 | RSI: 35.80
2025-11-04 19:56:16,050 - INFO -    Preço > MA21? ❌ NÃO
2025-11-04 19:56:16,050 - INFO -    RSI < 70.0? ✅ SIM
2025-11-04 19:56:16,050 - INFO -    Sem posições? ❌ NÃO
2025-11-04 19:56:46,874 - INFO - 💹 ETHUSDT: 3237.19000000 USDT
2025-11-04 19:56:46,876 - INFO - 📊 Análise Est.4:
2025-11-04 19:56:46,876 - INFO -    Preço: 3237.19 | MA21: 3249.06 | RSI: 36.02
2025-11-04 19:56:46,876 - INFO -    Preço > MA21? ❌ NÃO
2025-11-04 19:56:46,876 - INFO -    RSI < 70.0? ✅ SIM
2025-11-04 19:56:46,876 - INFO -    Sem posições? ❌ NÃO
2025-11-04 19:57:17,175 - INFO - 💹 ETHUSDT: 3236.00000000 USDT
2025-11-04 19:57:17,175 - INFO - 📊 Análise Est.4:
2025-11-04 19:57:17,175 - INFO -    Preço: 3236.00 | MA21: 3247.05 | RSI: 38.08
2025-11-04 19:57:17,175 - INFO -    Preço > MA21? ❌ NÃO
2025-11-04 19:57:17,175 - INFO -    RSI < 70.0? ✅ SIM
2025-11-04 19:57:17,175 - INFO -    Sem posições? ❌ NÃO
2025-11-04 19:57:47,994 - INFO - 💹 ETHUSDT: 3234.57000000 USDT
2025-11-04 19:57:47,994 - INFO - 📊 Análise Est.4:
2025-11-04 19:57:47,994 - INFO -    Preço: 3234.57 | MA21: 3246.98 | RSI: 37.21
2025-11-04 19:57:47,994 - INFO -    Preço > MA21? ❌ NÃO
2025-11-04 19:57:47,994 - INFO -    RSI < 70.0? ✅ SIM
2025-11-04 19:57:47,994 - INFO -    Sem posições? ❌ NÃO
2025-11-04 19:58:18,822 - INFO - 💹 ETHUSDT: 3233.61000000 USDT
2025-11-04 19:58:18,822 - INFO - 📊 Análise Est.4:
2025-11-04 19:58:18,822 - INFO -    Preço: 3233.61 | MA21: 3233.25 | RSI: 49.26
2025-11-04 19:58:18,822 - INFO -    Preço > MA21? ✅ SIM
2025-11-04 19:58:18,822 - INFO -    RSI < 70.0? ✅ SIM
2025-11-04 19:58:18,822 - INFO -    Sem posições? ❌ NÃO
2025-11-04 19:58:49,123 - INFO - 💹 ETHUSDT: 3229.16000000 USDT
2025-11-04 19:58:49,123 - INFO - 📊 Análise Est.4:
2025-11-04 19:58:49,123 - INFO -    Preço: 3229.16 | MA21: 3233.04 | RSI: 48.87
2025-11-04 19:58:49,125 - INFO -    Preço > MA21? ❌ NÃO
2025-11-04 19:58:49,125 - INFO -    RSI < 70.0? ✅ SIM
2025-11-04 19:58:49,125 - INFO -    Sem posições? ❌ NÃO
2025-11-04 19:59:19,430 - INFO - 💹 ETHUSDT: 3230.44000000 USDT
2025-11-04 19:59:19,430 - INFO - 📊 Análise Est.4:
2025-11-04 19:59:19,430 - INFO -    Preço: 3230.44 | MA21: 3231.43 | RSI: 47.77
2025-11-04 19:59:19,430 - INFO -    Preço > MA21? ❌ NÃO
2025-11-04 19:59:19,430 - INFO -    RSI < 70.0? ✅ SIM
2025-11-04 19:59:19,430 - INFO -    Sem posições? ❌ NÃO
2025-11-04 19:59:50,250 - INFO - 💹 ETHUSDT: 3237.26000000 USDT
2025-11-04 19:59:50,252 - INFO - 📊 Análise Est.4:
2025-11-04 19:59:50,252 - INFO -    Preço: 3237.26 | MA21: 3231.75 | RSI: 48.40
2025-11-04 19:59:50,252 - INFO -    Preço > MA21? ✅ SIM
2025-11-04 19:59:50,252 - INFO -    RSI < 70.0? ✅ SIM
2025-11-04 19:59:50,252 - INFO -    Sem posições? ❌ NÃO
2025-11-04 20:00:21,058 - INFO - 💹 ETHUSDT: 3246.29000000 USDT
2025-11-04 20:00:21,058 - INFO - 📊 Análise Est.4:
2025-11-04 20:00:21,058 - INFO -    Preço: 3246.29 | MA21: 3231.43 | RSI: 49.13
2025-11-04 20:00:21,058 - INFO -    Preço > MA21? ✅ SIM
2025-11-04 20:00:21,058 - INFO -    RSI < 70.0? ✅ SIM
2025-11-04 20:00:21,058 - INFO -    Sem posições? ❌ NÃO
2025-11-04 20:00:51,361 - INFO - 💹 ETHUSDT: 3244.53000000 USDT
2025-11-04 20:00:51,361 - INFO - 📊 Análise Est.4:
2025-11-04 20:00:51,361 - INFO -    Preço: 3244.53 | MA21: 3231.35 | RSI: 48.98
2025-11-04 20:00:51,361 - INFO -    Preço > MA21? ✅ SIM
2025-11-04 20:00:51,361 - INFO -    RSI < 70.0? ✅ SIM
2025-11-04 20:00:51,361 - INFO -    Sem posições? ❌ NÃO
2025-11-04 20:01:21,650 - INFO - 💹 ETHUSDT: 3242.26000000 USDT
2025-11-04 20:01:21,650 - INFO - 📊 Análise Est.4:
2025-11-04 20:01:21,650 - INFO -    Preço: 3242.26 | MA21: 3230.72 | RSI: 49.06
2025-11-04 20:01:21,650 - INFO -    Preço > MA21? ✅ SIM
2025-11-04 20:01:21,650 - INFO -    RSI < 70.0? ✅ SIM
2025-11-04 20:01:21,650 - INFO -    Sem posições? ❌ NÃO
2025-11-04 20:01:52,473 - INFO - 💹 ETHUSDT: 3247.75000000 USDT
2025-11-04 20:01:52,473 - INFO - 📊 Análise Est.4:
2025-11-04 20:01:52,473 - INFO -    Preço: 3247.75 | MA21: 3230.98 | RSI: 49.54
2025-11-04 20:01:52,473 - INFO -    Preço > MA21? ✅ SIM
2025-11-04 20:01:52,473 - INFO -    RSI < 70.0? ✅ SIM
2025-11-04 20:01:52,473 - INFO -    Sem posições? ❌ NÃO
2025-11-04 20:02:22,775 - INFO - 💹 ETHUSDT: 3265.67000000 USDT
2025-11-04 20:02:22,776 - INFO - 📊 Análise Est.4:
2025-11-04 20:02:22,776 - INFO -    Preço: 3265.67 | MA21: 3232.17 | RSI: 51.43
2025-11-04 20:02:22,776 - INFO -    Preço > MA21? ✅ SIM
2025-11-04 20:02:22,776 - INFO -    RSI < 70.0? ✅ SIM
2025-11-04 20:02:22,776 - INFO -    Sem posições? ❌ NÃO
2025-11-04 20:02:53,672 - INFO - 💹 ETHUSDT: 3264.69000000 USDT
2025-11-04 20:02:53,672 - INFO - 📊 Análise Est.4:
2025-11-04 20:02:53,672 - INFO -    Preço: 3264.69 | MA21: 3232.13 | RSI: 51.34
2025-11-04 20:02:53,672 - INFO -    Preço > MA21? ✅ SIM
2025-11-04 20:02:53,672 - INFO -    RSI < 70.0? ✅ SIM
2025-11-04 20:02:53,672 - INFO -    Sem posições? ❌ NÃO
2025-11-04 20:03:23,954 - INFO - 💹 ETHUSDT: 3262.47000000 USDT
2025-11-04 20:03:23,954 - INFO - 📊 Análise Est.4:
2025-11-04 20:03:23,954 - INFO -    Preço: 3262.47 | MA21: 3232.32 | RSI: 51.59
2025-11-04 20:03:23,954 - INFO -    Preço > MA21? ✅ SIM
2025-11-04 20:03:23,954 - INFO -    RSI < 70.0? ✅ SIM
2025-11-04 20:03:23,954 - INFO -    Sem posições? ❌ NÃO
2025-11-04 20:03:54,783 - INFO - 💹 ETHUSDT: 3268.38000000 USDT
2025-11-04 20:03:54,783 - INFO - 📊 Análise Est.4:
2025-11-04 20:03:54,783 - INFO -    Preço: 3268.38 | MA21: 3232.60 | RSI: 52.08
2025-11-04 20:03:54,783 - INFO -    Preço > MA21? ✅ SIM
2025-11-04 20:03:54,783 - INFO -    RSI < 70.0? ✅ SIM
2025-11-04 20:03:54,783 - INFO -    Sem posições? ❌ NÃO
2025-11-04 20:04:25,079 - INFO - 💹 ETHUSDT: 3282.51000000 USDT
2025-11-04 20:04:25,079 - INFO - 📊 Análise Est.4:
2025-11-04 20:04:25,081 - INFO -    Preço: 3282.51 | MA21: 3234.48 | RSI: 53.97
2025-11-04 20:04:25,081 - INFO -    Preço > MA21? ✅ SIM
2025-11-04 20:04:25,081 - INFO -    RSI < 70.0? ✅ SIM
2025-11-04 20:04:25,081 - INFO -    Sem posições? ❌ NÃO
2025-11-04 20:04:55,370 - INFO - 💹 ETHUSDT: 3281.30000000 USDT
2025-11-04 20:04:55,372 - INFO - 📊 Análise Est.4:
2025-11-04 20:04:55,372 - INFO -    Preço: 3281.30 | MA21: 3234.42 | RSI: 53.88
2025-11-04 20:04:55,372 - INFO -    Preço > MA21? ✅ SIM
2025-11-04 20:04:55,374 - INFO -    RSI < 70.0? ✅ SIM
2025-11-04 20:04:55,374 - INFO -    Sem posições? ❌ NÃO
2025-11-04 20:05:26,202 - INFO - 💹 ETHUSDT: 3284.95000000 USDT
2025-11-04 20:05:26,202 - INFO - 📊 Análise Est.4:
2025-11-04 20:05:26,202 - INFO -    Preço: 3284.95 | MA21: 3236.35 | RSI: 54.18
2025-11-04 20:05:26,202 - INFO -    Preço > MA21? ✅ SIM
2025-11-04 20:05:26,202 - INFO -    RSI < 70.0? ✅ SIM
2025-11-04 20:05:26,202 - INFO -    Sem posições? ❌ NÃO
2025-11-04 20:05:56,501 - INFO - 💹 ETHUSDT: 3297.13000000 USDT
2025-11-04 20:05:56,501 - INFO - 📊 Análise Est.4:
2025-11-04 20:05:56,501 - INFO -    Preço: 3297.13 | MA21: 3236.93 | RSI: 55.10
2025-11-04 20:05:56,501 - INFO -    Preço > MA21? ✅ SIM
2025-11-04 20:05:56,501 - INFO -    RSI < 70.0? ✅ SIM
2025-11-04 20:05:56,501 - INFO -    Sem posições? ❌ NÃO
2025-11-04 20:05:56,501 - INFO - 🎯 Take Profit atingido! Preço: 3297.13000000
2025-11-04 20:05:56,501 - INFO - 🔄 Fechando posição COMPRA
2025-11-04 20:05:56,879 - INFO - ✅ Lucro: 0.17 USDT
2025-11-04 20:05:56,879 - INFO - ------------------------------------------------------------
2025-11-04 20:05:56,879 - INFO - 📊 ESTATÍSTICAS
2025-11-04 20:05:56,879 - INFO -    Total de trades: 1
2025-11-04 20:05:56,879 - INFO -    Trades vencedores: 1
2025-11-04 20:05:56,879 - INFO -    Win Rate: 100.0%
2025-11-04 20:05:56,879 - INFO -    Lucro diário: 0.17 USDT
2025-11-04 20:05:56,879 - INFO -    Lucro total: 0.17 USDT
2025-11-04 20:05:56,879 - INFO -    Posições abertas: 0
2025-11-04 20:05:56,879 - INFO - ------------------------------------------------------------
2025-11-04 20:06:27,176 - INFO - 💹 ETHUSDT: 3295.31000000 USDT
2025-11-04 20:06:27,176 - INFO - 📊 Análise Est.4:
2025-11-04 20:06:27,176 - INFO -    Preço: 3295.31 | MA21: 3239.09 | RSI: 54.94
2025-11-04 20:06:27,176 - INFO -    Preço > MA21? ✅ SIM
2025-11-04 20:06:27,176 - INFO -    RSI < 70.0? ✅ SIM
2025-11-04 20:06:27,176 - INFO -    Sem posições? ✅ SIM
2025-11-04 20:06:27,176 - INFO - 🟢 TODAS AS CONDIÇÕES ATENDIDAS - ABRINDO COMPRA!
2025-11-04 20:06:27,176 - INFO - 📈 Abrindo posição COMPRA
2025-11-04 20:06:27,176 - INFO -    Preço: 3295.31000000
2025-11-04 20:06:27,176 - INFO -    Quantidade: 0.00460000
2025-11-04 20:06:27,176 - INFO -    Valor: 15.0 USDT
2025-11-04 20:06:27,469 - INFO - ✅ Ordem executada: 12099884
2025-11-04 20:06:57,766 - INFO - 💹 ETHUSDT: 3284.91000000 USDT
2025-11-04 20:06:57,766 - INFO - 📊 Análise Est.4:
2025-11-04 20:06:57,767 - INFO -    Preço: 3284.91 | MA21: 3238.60 | RSI: 54.03
2025-11-04 20:06:57,767 - INFO -    Preço > MA21? ✅ SIM
2025-11-04 20:06:57,767 - INFO -    RSI < 70.0? ✅ SIM
2025-11-04 20:06:57,767 - INFO -    Sem posições? ❌ NÃO
2025-11-04 20:07:28,587 - INFO - 💹 ETHUSDT: 3280.91000000 USDT
2025-11-04 20:07:28,588 - INFO - 📊 Análise Est.4:
2025-11-04 20:07:28,588 - INFO -    Preço: 3280.91 | MA21: 3239.58 | RSI: 53.49
2025-11-04 20:07:28,588 - INFO -    Preço > MA21? ✅ SIM
2025-11-04 20:07:28,588 - INFO -    RSI < 70.0? ✅ SIM
2025-11-04 20:07:28,588 - INFO -    Sem posições? ❌ NÃO
2025-11-04 20:07:58,876 - INFO - 💹 ETHUSDT: 3278.13000000 USDT
2025-11-04 20:07:58,876 - INFO - 📊 Análise Est.4:
2025-11-04 20:07:58,876 - INFO -    Preço: 3278.13 | MA21: 3239.45 | RSI: 53.25
2025-11-04 20:07:58,876 - INFO -    Preço > MA21? ✅ SIM
2025-11-04 20:07:58,876 - INFO -    RSI < 70.0? ✅ SIM
2025-11-04 20:07:58,876 - INFO -    Sem posições? ❌ NÃO
2025-11-04 20:08:29,166 - INFO - 💹 ETHUSDT: 3274.64000000 USDT
2025-11-04 20:08:29,166 - INFO - 📊 Análise Est.4:
2025-11-04 20:08:29,166 - INFO -    Preço: 3274.64 | MA21: 3240.43 | RSI: 53.59
2025-11-04 20:08:29,166 - INFO -    Preço > MA21? ✅ SIM
2025-11-04 20:08:29,166 - INFO -    RSI < 70.0? ✅ SIM
2025-11-04 20:08:29,166 - INFO -    Sem posições? ❌ NÃO
2025-11-04 20:08:59,996 - INFO - 💹 ETHUSDT: 3278.80000000 USDT
2025-11-04 20:08:59,996 - INFO - 📊 Análise Est.4:
2025-11-04 20:08:59,996 - INFO -    Preço: 3278.80 | MA21: 3240.63 | RSI: 53.93
2025-11-04 20:08:59,996 - INFO -    Preço > MA21? ✅ SIM
2025-11-04 20:08:59,996 - INFO -    RSI < 70.0? ✅ SIM
2025-11-04 20:08:59,996 - INFO -    Sem posições? ❌ NÃO
2025-11-04 20:09:30,819 - INFO - 💹 ETHUSDT: 3273.07000000 USDT
2025-11-04 20:09:30,819 - INFO - 📊 Análise Est.4:
2025-11-04 20:09:30,819 - INFO -    Preço: 3273.07 | MA21: 3241.70 | RSI: 53.19
2025-11-04 20:09:30,819 - INFO -    Preço > MA21? ✅ SIM
2025-11-04 20:09:30,819 - INFO -    RSI < 70.0? ✅ SIM
2025-11-04 20:09:30,819 - INFO -    Sem posições? ❌ NÃO
2025-11-04 20:10:01,096 - INFO - 💹 ETHUSDT: 3270.00000000 USDT
2025-11-04 20:10:01,096 - INFO - 📊 Análise Est.4:
2025-11-04 20:10:01,096 - INFO -    Preço: 3270.00 | MA21: 3241.56 | RSI: 52.93
2025-11-04 20:10:01,096 - INFO -    Preço > MA21? ✅ SIM
2025-11-04 20:10:01,096 - INFO -    RSI < 70.0? ✅ SIM
2025-11-04 20:10:01,096 - INFO -    Sem posições? ❌ NÃO
2025-11-04 20:10:31,925 - INFO - 💹 ETHUSDT: 3267.36000000 USDT
2025-11-04 20:10:31,925 - INFO - 📊 Análise Est.4:
2025-11-04 20:10:31,925 - INFO -    Preço: 3267.36 | MA21: 3242.67 | RSI: 52.49
2025-11-04 20:10:31,925 - INFO -    Preço > MA21? ✅ SIM
2025-11-04 20:10:31,925 - INFO -    RSI < 70.0? ✅ SIM
2025-11-04 20:10:31,925 - INFO -    Sem posições? ❌ NÃO
2025-11-04 20:11:02,226 - INFO - 💹 ETHUSDT: 3137.32000000 USDT
2025-11-04 20:11:02,226 - INFO - 📊 Análise Est.4:
2025-11-04 20:11:02,226 - INFO -    Preço: 3137.32 | MA21: 3236.48 | RSI: 43.51
2025-11-04 20:11:02,226 - INFO -    Preço > MA21? ❌ NÃO
2025-11-04 20:11:02,226 - INFO -    RSI < 70.0? ✅ SIM
2025-11-04 20:11:02,226 - INFO -    Sem posições? ❌ NÃO
2025-11-04 20:11:02,226 - INFO - 🛑 Stop Loss atingido! Preço: 3137.32000000
2025-11-04 20:11:02,226 - INFO - 🔄 Fechando posição COMPRA
2025-11-04 20:11:02,514 - INFO - ❌ Prejuízo: -0.73 USDT
2025-11-04 20:11:02,514 - INFO - ------------------------------------------------------------
2025-11-04 20:11:02,514 - INFO - 📊 ESTATÍSTICAS
2025-11-04 20:11:02,514 - INFO -    Total de trades: 2
2025-11-04 20:11:02,514 - INFO -    Trades vencedores: 1
2025-11-04 20:11:02,514 - INFO -    Win Rate: 50.0%
2025-11-04 20:11:02,514 - INFO -    Lucro diário: -0.56 USDT
2025-11-04 20:11:02,514 - INFO -    Lucro total: -0.56 USDT
2025-11-04 20:11:02,514 - INFO -    Posições abertas: 0
2025-11-04 20:11:02,514 - INFO - ------------------------------------------------------------
2025-11-04 20:11:32,803 - INFO - 💹 ETHUSDT: 3271.02000000 USDT
2025-11-04 20:11:32,805 - INFO - 📊 Análise Est.4:
2025-11-04 20:11:32,805 - INFO -    Preço: 3271.02 | MA21: 3244.30 | RSI: 89.35
2025-11-04 20:11:32,805 - INFO -    Preço > MA21? ✅ SIM
2025-11-04 20:11:32,805 - INFO -    RSI < 70.0? ❌ NÃO
2025-11-04 20:11:32,805 - INFO -    Sem posições? ✅ SIM
2025-11-04 20:12:03,099 - INFO - 💹 ETHUSDT: 3276.49000000 USDT
2025-11-04 20:12:03,099 - INFO - 📊 Análise Est.4:
2025-11-04 20:12:03,099 - INFO -    Preço: 3276.49 | MA21: 3244.56 | RSI: 89.50
2025-11-04 20:12:03,099 - INFO -    Preço > MA21? ✅ SIM
2025-11-04 20:12:03,099 - INFO -    RSI < 70.0? ❌ NÃO
2025-11-04 20:12:03,099 - INFO -    Sem posições? ✅ SIM
2025-11-04 20:12:33,385 - INFO - 💹 ETHUSDT: 3265.36000000 USDT
2025-11-04 20:12:33,385 - INFO - 📊 Análise Est.4:
2025-11-04 20:12:33,385 - INFO -    Preço: 3265.36 | MA21: 3246.00 | RSI: 62.72
2025-11-04 20:12:33,385 - INFO -    Preço > MA21? ✅ SIM
2025-11-04 20:12:33,385 - INFO -    RSI < 70.0? ✅ SIM
2025-11-04 20:12:33,385 - INFO -    Sem posições? ✅ SIM
2025-11-04 20:12:33,385 - INFO - 🟢 TODAS AS CONDIÇÕES ATENDIDAS - ABRINDO COMPRA!
2025-11-04 20:12:33,385 - INFO - 📈 Abrindo posição COMPRA
2025-11-04 20:12:33,385 - INFO -    Preço: 3265.36000000
2025-11-04 20:12:33,385 - INFO -    Quantidade: 0.00460000
2025-11-04 20:12:33,385 - INFO -    Valor: 15.0 USDT
2025-11-04 20:12:33,667 - INFO - ✅ Ordem executada: 12103762
2025-11-04 20:13:03,967 - INFO - 💹 ETHUSDT: 3265.76000000 USDT
2025-11-04 20:13:03,967 - INFO - 📊 Análise Est.4:
2025-11-04 20:13:03,968 - INFO -    Preço: 3265.76 | MA21: 3246.02 | RSI: 62.90
2025-11-04 20:13:03,968 - INFO -    Preço > MA21? ✅ SIM
2025-11-04 20:13:03,968 - INFO -    RSI < 70.0? ✅ SIM
2025-11-04 20:13:03,968 - INFO -    Sem posições? ❌ NÃO
2025-11-04 20:13:34,262 - INFO - 💹 ETHUSDT: 3264.45000000 USDT
2025-11-04 20:13:34,262 - INFO - 📊 Análise Est.4:
2025-11-04 20:13:34,262 - INFO -    Preço: 3264.45 | MA21: 3247.45 | RSI: 57.42
2025-11-04 20:13:34,262 - INFO -    Preço > MA21? ✅ SIM
2025-11-04 20:13:34,262 - INFO -    RSI < 70.0? ✅ SIM
2025-11-04 20:13:34,262 - INFO -    Sem posições? ❌ NÃO
2025-11-04 20:14:04,551 - INFO - 💹 ETHUSDT: 3265.04000000 USDT
2025-11-04 20:14:04,551 - INFO - 📊 Análise Est.4:
2025-11-04 20:14:04,551 - INFO -    Preço: 3265.04 | MA21: 3247.48 | RSI: 57.70
2025-11-04 20:14:04,551 - INFO -    Preço > MA21? ✅ SIM
2025-11-04 20:14:04,551 - INFO -    RSI < 70.0? ✅ SIM
2025-11-04 20:14:04,551 - INFO -    Sem posições? ❌ NÃO
2025-11-04 20:14:34,846 - INFO - 💹 ETHUSDT: 3270.44000000 USDT
2025-11-04 20:14:34,846 - INFO - 📊 Análise Est.4:
2025-11-04 20:14:34,848 - INFO -    Preço: 3270.44 | MA21: 3249.08 | RSI: 59.56
2025-11-04 20:14:34,848 - INFO -    Preço > MA21? ✅ SIM
2025-11-04 20:14:34,848 - INFO -    RSI < 70.0? ✅ SIM
2025-11-04 20:14:34,848 - INFO -    Sem posições? ❌ NÃO
2025-11-04 20:15:05,141 - INFO - 💹 ETHUSDT: 3268.00000000 USDT
2025-11-04 20:15:05,141 - INFO - 📊 Análise Est.4:
2025-11-04 20:15:05,141 - INFO -    Preço: 3268.00 | MA21: 3248.96 | RSI: 58.76
2025-11-04 20:15:05,141 - INFO -    Preço > MA21? ✅ SIM
2025-11-04 20:15:05,141 - INFO -    RSI < 70.0? ✅ SIM
2025-11-04 20:15:05,141 - INFO -    Sem posições? ❌ NÃO
2025-11-04 20:15:35,430 - INFO - 💹 ETHUSDT: 3275.08000000 USDT
2025-11-04 20:15:35,430 - INFO - 📊 Análise Est.4:
2025-11-04 20:15:35,430 - INFO -    Preço: 3275.08 | MA21: 3251.29 | RSI: 54.20
2025-11-04 20:15:35,430 - INFO -    Preço > MA21? ✅ SIM
2025-11-04 20:15:35,430 - INFO -    RSI < 70.0? ✅ SIM
2025-11-04 20:15:35,430 - INFO -    Sem posições? ❌ NÃO
2025-11-04 20:16:05,710 - INFO - 💹 ETHUSDT: 3276.64000000 USDT
2025-11-04 20:16:05,726 - INFO - 📊 Análise Est.4:
2025-11-04 20:16:05,726 - INFO -    Preço: 3276.64 | MA21: 3251.36 | RSI: 54.83
2025-11-04 20:16:05,726 - INFO -    Preço > MA21? ✅ SIM
2025-11-04 20:16:05,726 - INFO -    RSI < 70.0? ✅ SIM
2025-11-04 20:16:05,726 - INFO -    Sem posições? ❌ NÃO
2025-11-04 20:16:36,015 - INFO - 💹 ETHUSDT: 3269.46000000 USDT
2025-11-04 20:16:36,015 - INFO - 📊 Análise Est.4:
2025-11-04 20:16:36,015 - INFO -    Preço: 3269.46 | MA21: 3253.09 | RSI: 52.98
2025-11-04 20:16:36,015 - INFO -    Preço > MA21? ✅ SIM
2025-11-04 20:16:36,015 - INFO -    RSI < 70.0? ✅ SIM
2025-11-04 20:16:36,015 - INFO -    Sem posições? ❌ NÃO
2025-11-04 20:17:06,317 - INFO - 💹 ETHUSDT: 3269.66000000 USDT
2025-11-04 20:17:06,317 - INFO - 📊 Análise Est.4:
2025-11-04 20:17:06,317 - INFO -    Preço: 3269.66 | MA21: 3253.10 | RSI: 53.07
2025-11-04 20:17:06,317 - INFO -    Preço > MA21? ✅ SIM
2025-11-04 20:17:06,319 - INFO -    RSI < 70.0? ✅ SIM
2025-11-04 20:17:06,319 - INFO -    Sem posições? ❌ NÃO
2025-11-04 20:17:37,132 - INFO - 💹 ETHUSDT: 3267.88000000 USDT
2025-11-04 20:17:37,132 - INFO - 📊 Análise Est.4:
2025-11-04 20:17:37,132 - INFO -    Preço: 3267.88 | MA21: 3254.62 | RSI: 46.22
2025-11-04 20:17:37,132 - INFO -    Preço > MA21? ✅ SIM
2025-11-04 20:17:37,132 - INFO -    RSI < 70.0? ✅ SIM
2025-11-04 20:17:37,132 - INFO -    Sem posições? ❌ NÃO
2025-11-04 20:18:07,422 - INFO - 💹 ETHUSDT: 3265.77000000 USDT
2025-11-04 20:18:07,422 - INFO - 📊 Análise Est.4:
2025-11-04 20:18:07,422 - INFO -    Preço: 3265.77 | MA21: 3254.52 | RSI: 45.32
2025-11-04 20:18:07,422 - INFO -    Preço > MA21? ✅ SIM
2025-11-04 20:18:07,422 - INFO -    RSI < 70.0? ✅ SIM
2025-11-04 20:18:07,422 - INFO -    Sem posições? ❌ NÃO
2025-11-04 20:18:37,717 - INFO - 💹 ETHUSDT: 3264.61000000 USDT
2025-11-04 20:18:37,717 - INFO - 📊 Análise Est.4:
2025-11-04 20:18:37,717 - INFO -    Preço: 3264.61 | MA21: 3268.30 | RSI: 43.17
2025-11-04 20:18:37,717 - INFO -    Preço > MA21? ❌ NÃO
2025-11-04 20:18:37,717 - INFO -    RSI < 70.0? ✅ SIM
2025-11-04 20:18:37,717 - INFO -    Sem posições? ❌ NÃO
2025-11-04 20:19:08,544 - INFO - 💹 ETHUSDT: 3268.21000000 USDT
2025-11-04 20:19:08,544 - INFO - 📊 Análise Est.4:
2025-11-04 20:19:08,544 - INFO -    Preço: 3268.21 | MA21: 3268.48 | RSI: 44.94
2025-11-04 20:19:08,544 - INFO -    Preço > MA21? ❌ NÃO
2025-11-04 20:19:08,544 - INFO -    RSI < 70.0? ✅ SIM
2025-11-04 20:19:08,544 - INFO -    Sem posições? ❌ NÃO
2025-11-04 20:19:38,829 - INFO - 💹 ETHUSDT: 3266.11000000 USDT
2025-11-04 20:19:38,829 - INFO - 📊 Análise Est.4:
2025-11-04 20:19:38,829 - INFO -    Preço: 3266.11 | MA21: 3270.17 | RSI: 28.87
2025-11-04 20:19:38,829 - INFO -    Preço > MA21? ❌ NÃO
2025-11-04 20:19:38,829 - INFO -    RSI < 70.0? ✅ SIM
2025-11-04 20:19:38,829 - INFO -    Sem posições? ❌ NÃO
2025-11-04 20:20:09,678 - INFO - 💹 ETHUSDT: 3267.00000000 USDT
2025-11-04 20:20:09,678 - INFO - 📊 Análise Est.4:
2025-11-04 20:20:09,678 - INFO -    Preço: 3267.00 | MA21: 3270.22 | RSI: 29.17
2025-11-04 20:20:09,678 - INFO -    Preço > MA21? ❌ NÃO
2025-11-04 20:20:09,678 - INFO -    RSI < 70.0? ✅ SIM
2025-11-04 20:20:09,678 - INFO -    Sem posições? ❌ NÃO
2025-11-04 20:20:39,974 - INFO - 💹 ETHUSDT: 3263.11000000 USDT
2025-11-04 20:20:39,974 - INFO - 📊 Análise Est.4:
2025-11-04 20:20:39,974 - INFO -    Preço: 3263.11 | MA21: 3270.93 | RSI: 36.77
2025-11-04 20:20:39,974 - INFO -    Preço > MA21? ❌ NÃO
2025-11-04 20:20:39,974 - INFO -    RSI < 70.0? ✅ SIM
2025-11-04 20:20:39,974 - INFO -    Sem posições? ❌ NÃO
2025-11-04 20:21:10,785 - INFO - 💹 ETHUSDT: 3261.39000000 USDT
2025-11-04 20:21:10,785 - INFO - 📊 Análise Est.4:
2025-11-04 20:21:10,785 - INFO -    Preço: 3261.39 | MA21: 3270.85 | RSI: 35.85
2025-11-04 20:21:10,785 - INFO -    Preço > MA21? ❌ NÃO
2025-11-04 20:21:10,785 - INFO -    RSI < 70.0? ✅ SIM
2025-11-04 20:21:10,785 - INFO -    Sem posições? ❌ NÃO
2025-11-04 20:21:41,086 - INFO - 💹 ETHUSDT: 3263.46000000 USDT
2025-11-04 20:21:41,086 - INFO - 📊 Análise Est.4:
2025-11-04 20:21:41,086 - INFO -    Preço: 3263.46 | MA21: 3271.68 | RSI: 39.91
2025-11-04 20:21:41,086 - INFO -    Preço > MA21? ❌ NÃO
2025-11-04 20:21:41,086 - INFO -    RSI < 70.0? ✅ SIM
2025-11-04 20:21:41,086 - INFO -    Sem posições? ❌ NÃO
2025-11-04 20:22:11,369 - INFO - 💹 ETHUSDT: 3265.07000000 USDT
2025-11-04 20:22:11,369 - INFO - 📊 Análise Est.4:
2025-11-04 20:22:11,369 - INFO -    Preço: 3265.07 | MA21: 3271.73 | RSI: 41.05
2025-11-04 20:22:11,369 - INFO -    Preço > MA21? ❌ NÃO
2025-11-04 20:22:11,369 - INFO -    RSI < 70.0? ✅ SIM
2025-11-04 20:22:11,369 - INFO -    Sem posições? ❌ NÃO
2025-11-04 20:22:41,677 - INFO - 💹 ETHUSDT: 3266.04000000 USDT
2025-11-04 20:22:41,677 - INFO - 📊 Análise Est.4:
2025-11-04 20:22:41,677 - INFO -    Preço: 3266.04 | MA21: 3271.77 | RSI: 41.87
2025-11-04 20:22:41,677 - INFO -    Preço > MA21? ❌ NÃO
2025-11-04 20:22:41,677 - INFO -    RSI < 70.0? ✅ SIM
2025-11-04 20:22:41,677 - INFO -    Sem posições? ❌ NÃO
2025-11-04 20:23:11,969 - INFO - 💹 ETHUSDT: 3266.81000000 USDT
2025-11-04 20:23:11,969 - INFO - 📊 Análise Est.4:
2025-11-04 20:23:11,969 - INFO -    Preço: 3266.81 | MA21: 3271.81 | RSI: 42.51
2025-11-04 20:23:11,969 - INFO -    Preço > MA21? ❌ NÃO
2025-11-04 20:23:11,969 - INFO -    RSI < 70.0? ✅ SIM
2025-11-04 20:23:11,969 - INFO -    Sem posições? ❌ NÃO
2025-11-04 20:23:42,259 - INFO - 💹 ETHUSDT: 3271.73000000 USDT
2025-11-04 20:23:42,259 - INFO - 📊 Análise Est.4:
2025-11-04 20:23:42,259 - INFO -    Preço: 3271.73 | MA21: 3272.25 | RSI: 51.28
2025-11-04 20:23:42,259 - INFO -    Preço > MA21? ❌ NÃO
2025-11-04 20:23:42,259 - INFO -    RSI < 70.0? ✅ SIM
2025-11-04 20:23:42,259 - INFO -    Sem posições? ❌ NÃO
2025-11-04 20:24:12,554 - INFO - 💹 ETHUSDT: 3270.28000000 USDT
2025-11-04 20:24:12,554 - INFO - 📊 Análise Est.4:
2025-11-04 20:24:12,554 - INFO -    Preço: 3270.28 | MA21: 3271.91 | RSI: 53.51
2025-11-04 20:24:12,554 - INFO -    Preço > MA21? ❌ NÃO
2025-11-04 20:24:12,554 - INFO -    RSI < 70.0? ✅ SIM
2025-11-04 20:24:12,554 - INFO -    Sem posições? ❌ NÃO
2025-11-04 20:24:42,848 - INFO - 💹 ETHUSDT: 3271.04000000 USDT
2025-11-04 20:24:42,848 - INFO - 📊 Análise Est.4:
2025-11-04 20:24:42,848 - INFO -    Preço: 3271.04 | MA21: 3271.95 | RSI: 54.07
2025-11-04 20:24:42,848 - INFO -    Preço > MA21? ❌ NÃO
2025-11-04 20:24:42,848 - INFO -    RSI < 70.0? ✅ SIM
2025-11-04 20:24:42,848 - INFO -    Sem posições? ❌ NÃO
2025-11-04 20:25:13,141 - INFO - 💹 ETHUSDT: 3271.70000000 USDT
2025-11-04 20:25:13,141 - INFO - 📊 Análise Est.4:
2025-11-04 20:25:13,141 - INFO -    Preço: 3271.70 | MA21: 3271.63 | RSI: 45.49
2025-11-04 20:25:13,141 - INFO -    Preço > MA21? ✅ SIM
2025-11-04 20:25:13,141 - INFO -    RSI < 70.0? ✅ SIM
2025-11-04 20:25:13,141 - INFO -    Sem posições? ❌ NÃO
2025-11-04 20:25:43,444 - INFO - 💹 ETHUSDT: 3268.80000000 USDT
2025-11-04 20:25:43,444 - INFO - 📊 Análise Est.4:
2025-11-04 20:25:43,444 - INFO -    Preço: 3268.80 | MA21: 3271.50 | RSI: 43.13
2025-11-04 20:25:43,444 - INFO -    Preço > MA21? ❌ NÃO
2025-11-04 20:25:43,444 - INFO -    RSI < 70.0? ✅ SIM
2025-11-04 20:25:43,444 - INFO -    Sem posições? ❌ NÃO
2025-11-04 20:26:13,733 - INFO - 💹 ETHUSDT: 3271.69000000 USDT
2025-11-04 20:26:13,746 - INFO - 📊 Análise Est.4:
2025-11-04 20:26:13,746 - INFO -    Preço: 3271.69 | MA21: 3270.17 | RSI: 57.00
2025-11-04 20:26:13,746 - INFO -    Preço > MA21? ✅ SIM
2025-11-04 20:26:13,746 - INFO -    RSI < 70.0? ✅ SIM
2025-11-04 20:26:13,746 - INFO -    Sem posições? ❌ NÃO
2025-11-04 20:26:44,034 - INFO - 💹 ETHUSDT: 3272.44000000 USDT
2025-11-04 20:26:44,034 - INFO - 📊 Análise Est.4:
2025-11-04 20:26:44,034 - INFO -    Preço: 3272.44 | MA21: 3270.21 | RSI: 57.75
2025-11-04 20:26:44,034 - INFO -    Preço > MA21? ✅ SIM
2025-11-04 20:26:44,034 - INFO -    RSI < 70.0? ✅ SIM
2025-11-04 20:26:44,034 - INFO -    Sem posições? ❌ NÃO
2025-11-04 20:27:14,862 - INFO - 💹 ETHUSDT: 3274.14000000 USDT
2025-11-04 20:27:14,862 - INFO - 📊 Análise Est.4:
2025-11-04 20:27:14,862 - INFO -    Preço: 3274.14 | MA21: 3269.97 | RSI: 60.32
2025-11-04 20:27:14,862 - INFO -    Preço > MA21? ✅ SIM
2025-11-04 20:27:14,862 - INFO -    RSI < 70.0? ✅ SIM
2025-11-04 20:27:14,862 - INFO -    Sem posições? ❌ NÃO
2025-11-04 20:27:45,150 - INFO - 💹 ETHUSDT: 3271.65000000 USDT
2025-11-04 20:27:45,150 - INFO - 📊 Análise Est.4:
2025-11-04 20:27:45,150 - INFO -    Preço: 3271.65 | MA21: 3269.85 | RSI: 57.09
2025-11-04 20:27:45,150 - INFO -    Preço > MA21? ✅ SIM
2025-11-04 20:27:45,150 - INFO -    RSI < 70.0? ✅ SIM
2025-11-04 20:27:45,150 - INFO -    Sem posições? ❌ NÃO
2025-11-04 20:28:15,441 - INFO - 💹 ETHUSDT: 3276.29000000 USDT
2025-11-04 20:28:15,441 - INFO - 📊 Análise Est.4:
2025-11-04 20:28:15,441 - INFO -    Preço: 3276.29 | MA21: 3270.04 | RSI: 56.30
2025-11-04 20:28:15,441 - INFO -    Preço > MA21? ✅ SIM
2025-11-04 20:28:15,441 - INFO -    RSI < 70.0? ✅ SIM
2025-11-04 20:28:15,441 - INFO -    Sem posições? ❌ NÃO
2025-11-04 20:28:45,725 - INFO - 💹 ETHUSDT: 3276.36000000 USDT
2025-11-04 20:28:45,725 - INFO - 📊 Análise Est.4:
2025-11-04 20:28:45,725 - INFO -    Preço: 3276.36 | MA21: 3270.04 | RSI: 56.38
2025-11-04 20:28:45,725 - INFO -    Preço > MA21? ✅ SIM
2025-11-04 20:28:45,725 - INFO -    RSI < 70.0? ✅ SIM
2025-11-04 20:28:45,725 - INFO -    Sem posições? ❌ NÃO
2025-11-04 20:29:16,557 - INFO - 💹 ETHUSDT: 3275.12000000 USDT
2025-11-04 20:29:16,557 - INFO - 📊 Análise Est.4:
2025-11-04 20:29:16,557 - INFO -    Preço: 3275.12 | MA21: 3269.87 | RSI: 48.18
2025-11-04 20:29:16,558 - INFO -    Preço > MA21? ✅ SIM
2025-11-04 20:29:16,558 - INFO -    RSI < 70.0? ✅ SIM
2025-11-04 20:29:16,558 - INFO -    Sem posições? ❌ NÃO
2025-11-04 20:29:46,842 - INFO - 💹 ETHUSDT: 3276.41000000 USDT
2025-11-04 20:29:46,842 - INFO - 📊 Análise Est.4:
2025-11-04 20:29:46,842 - INFO -    Preço: 3276.41 | MA21: 3269.94 | RSI: 49.97
2025-11-04 20:29:46,842 - INFO -    Preço > MA21? ✅ SIM
2025-11-04 20:29:46,842 - INFO -    RSI < 70.0? ✅ SIM
2025-11-04 20:29:46,842 - INFO -    Sem posições? ❌ NÃO
2025-11-04 20:30:17,144 - INFO - 💹 ETHUSDT: 3271.91000000 USDT
2025-11-04 20:30:17,144 - INFO - 📊 Análise Est.4:
2025-11-04 20:30:17,144 - INFO -    Preço: 3271.91 | MA21: 3269.81 | RSI: 53.46
2025-11-04 20:30:17,144 - INFO -    Preço > MA21? ✅ SIM
2025-11-04 20:30:17,144 - INFO -    RSI < 70.0? ✅ SIM
2025-11-04 20:30:17,144 - INFO -    Sem posições? ❌ NÃO
2025-11-04 20:30:47,958 - INFO - 💹 ETHUSDT: 3272.38000000 USDT
2025-11-04 20:30:47,958 - INFO - 📊 Análise Est.4:
2025-11-04 20:30:47,958 - INFO -    Preço: 3272.38 | MA21: 3269.84 | RSI: 54.13
2025-11-04 20:30:47,958 - INFO -    Preço > MA21? ✅ SIM
2025-11-04 20:30:47,958 - INFO -    RSI < 70.0? ✅ SIM
2025-11-04 20:30:47,958 - INFO -    Sem posições? ❌ NÃO
2025-11-04 20:31:18,250 - INFO - 💹 ETHUSDT: 3269.29000000 USDT
2025-11-04 20:31:18,250 - INFO - 📊 Análise Est.4:
2025-11-04 20:31:18,250 - INFO -    Preço: 3269.29 | MA21: 3269.85 | RSI: 55.66
2025-11-04 20:31:18,250 - INFO -    Preço > MA21? ❌ NÃO
2025-11-04 20:31:18,250 - INFO -    RSI < 70.0? ✅ SIM
2025-11-04 20:31:18,250 - INFO -    Sem posições? ❌ NÃO
2025-11-04 20:31:48,546 - INFO - 💹 ETHUSDT: 3275.23000000 USDT
2025-11-04 20:31:48,547 - INFO - 📊 Análise Est.4:
2025-11-04 20:31:48,547 - INFO -    Preço: 3275.23 | MA21: 3270.13 | RSI: 62.75
2025-11-04 20:31:48,547 - INFO -    Preço > MA21? ✅ SIM
2025-11-04 20:31:48,547 - INFO -    RSI < 70.0? ✅ SIM
2025-11-04 20:31:48,547 - INFO -    Sem posições? ❌ NÃO
2025-11-04 20:32:18,839 - INFO - 💹 ETHUSDT: 3274.87000000 USDT
2025-11-04 20:32:18,839 - INFO - 📊 Análise Est.4:
2025-11-04 20:32:18,839 - INFO -    Preço: 3274.87 | MA21: 3270.04 | RSI: 59.70
2025-11-04 20:32:18,839 - INFO -    Preço > MA21? ✅ SIM
2025-11-04 20:32:18,839 - INFO -    RSI < 70.0? ✅ SIM
2025-11-04 20:32:18,839 - INFO -    Sem posições? ❌ NÃO
2025-11-04 20:32:49,674 - INFO - 💹 ETHUSDT: 3275.75000000 USDT
2025-11-04 20:32:49,674 - INFO - 📊 Análise Est.4:
2025-11-04 20:32:49,674 - INFO -    Preço: 3275.75 | MA21: 3270.08 | RSI: 60.71
2025-11-04 20:32:49,677 - INFO -    Preço > MA21? ✅ SIM
2025-11-04 20:32:49,677 - INFO -    RSI < 70.0? ✅ SIM
2025-11-04 20:32:49,677 - INFO -    Sem posições? ❌ NÃO
2025-11-04 20:33:19,970 - INFO - 💹 ETHUSDT: 3276.69000000 USDT
2025-11-04 20:33:19,970 - INFO - 📊 Análise Est.4:
2025-11-04 20:33:19,970 - INFO -    Preço: 3276.69 | MA21: 3270.64 | RSI: 67.22
2025-11-04 20:33:19,970 - INFO -    Preço > MA21? ✅ SIM
2025-11-04 20:33:19,970 - INFO -    RSI < 70.0? ✅ SIM
2025-11-04 20:33:19,970 - INFO -    Sem posições? ❌ NÃO
2025-11-04 20:33:50,264 - INFO - 💹 ETHUSDT: 3274.95000000 USDT
2025-11-04 20:33:50,264 - INFO - 📊 Análise Est.4:
2025-11-04 20:33:50,264 - INFO -    Preço: 3274.95 | MA21: 3270.56 | RSI: 63.93
2025-11-04 20:33:50,264 - INFO -    Preço > MA21? ✅ SIM
2025-11-04 20:33:50,264 - INFO -    RSI < 70.0? ✅ SIM
2025-11-04 20:33:50,264 - INFO -    Sem posições? ❌ NÃO
2025-11-04 20:34:20,554 - INFO - 💹 ETHUSDT: 3269.76000000 USDT
2025-11-04 20:34:20,554 - INFO - 📊 Análise Est.4:
2025-11-04 20:34:20,554 - INFO -    Preço: 3269.76 | MA21: 3270.79 | RSI: 61.60
2025-11-04 20:34:20,554 - INFO -    Preço > MA21? ❌ NÃO
2025-11-04 20:34:20,554 - INFO -    RSI < 70.0? ✅ SIM
2025-11-04 20:34:20,554 - INFO -    Sem posições? ❌ NÃO
2025-11-04 20:34:50,837 - INFO - 💹 ETHUSDT: 3270.00000000 USDT
2025-11-04 20:34:50,837 - INFO - 📊 Análise Est.4:
2025-11-04 20:34:50,837 - INFO -    Preço: 3270.00 | MA21: 3270.80 | RSI: 62.01
2025-11-04 20:34:50,837 - INFO -    Preço > MA21? ❌ NÃO
2025-11-04 20:34:50,837 - INFO -    RSI < 70.0? ✅ SIM
2025-11-04 20:34:50,837 - INFO -    Sem posições? ❌ NÃO
2025-11-04 20:35:21,666 - INFO - 💹 ETHUSDT: 3271.54000000 USDT
2025-11-04 20:35:21,666 - INFO - 📊 Análise Est.4:
2025-11-04 20:35:21,666 - INFO -    Preço: 3271.54 | MA21: 3270.89 | RSI: 60.56
2025-11-04 20:35:21,666 - INFO -    Preço > MA21? ✅ SIM
2025-11-04 20:35:21,666 - INFO -    RSI < 70.0? ✅ SIM
2025-11-04 20:35:21,666 - INFO -    Sem posições? ❌ NÃO
2025-11-04 20:35:51,981 - INFO - 💹 ETHUSDT: 3276.28000000 USDT
2025-11-04 20:35:51,981 - INFO - 📊 Análise Est.4:
2025-11-04 20:35:51,982 - INFO -    Preço: 3276.28 | MA21: 3271.11 | RSI: 65.85
2025-11-04 20:35:51,982 - INFO -    Preço > MA21? ✅ SIM
2025-11-04 20:35:51,982 - INFO -    RSI < 70.0? ✅ SIM
2025-11-04 20:35:51,982 - INFO -    Sem posições? ❌ NÃO
2025-11-04 20:36:22,270 - INFO - 💹 ETHUSDT: 3279.62000000 USDT
2025-11-04 20:36:22,270 - INFO - 📊 Análise Est.4:
2025-11-04 20:36:22,270 - INFO -    Preço: 3279.62 | MA21: 3271.41 | RSI: 67.32
2025-11-04 20:36:22,272 - INFO -    Preço > MA21? ✅ SIM
2025-11-04 20:36:22,272 - INFO -    RSI < 70.0? ✅ SIM
2025-11-04 20:36:22,272 - INFO -    Sem posições? ❌ NÃO
2025-11-04 20:36:52,563 - INFO - 💹 ETHUSDT: 3280.63000000 USDT
2025-11-04 20:36:52,563 - INFO - 📊 Análise Est.4:
2025-11-04 20:36:52,563 - INFO -    Preço: 3280.63 | MA21: 3271.46 | RSI: 68.19
2025-11-04 20:36:52,563 - INFO -    Preço > MA21? ✅ SIM
2025-11-04 20:36:52,563 - INFO -    RSI < 70.0? ✅ SIM
2025-11-04 20:36:52,563 - INFO -    Sem posições? ❌ NÃO
2025-11-04 20:37:22,841 - INFO - 💹 ETHUSDT: 3289.36000000 USDT
2025-11-04 20:37:22,841 - INFO - 📊 Análise Est.4:
2025-11-04 20:37:22,841 - INFO -    Preço: 3289.36 | MA21: 3272.45 | RSI: 72.06
2025-11-04 20:37:22,841 - INFO -    Preço > MA21? ✅ SIM
2025-11-04 20:37:22,857 - INFO -    RSI < 70.0? ❌ NÃO
2025-11-04 20:37:22,857 - INFO -    Sem posições? ❌ NÃO
2025-11-04 20:37:53,675 - INFO - 💹 ETHUSDT: 3276.72000000 USDT
2025-11-04 20:37:53,675 - INFO - 📊 Análise Est.4:
2025-11-04 20:37:53,675 - INFO -    Preço: 3276.72 | MA21: 3271.84 | RSI: 57.93
2025-11-04 20:37:53,675 - INFO -    Preço > MA21? ✅ SIM
2025-11-04 20:37:53,675 - INFO -    RSI < 70.0? ✅ SIM
2025-11-04 20:37:53,675 - INFO -    Sem posições? ❌ NÃO
2025-11-04 20:38:23,969 - INFO - 💹 ETHUSDT: 3283.48000000 USDT
2025-11-04 20:38:23,969 - INFO - 📊 Análise Est.4:
2025-11-04 20:38:23,969 - INFO -    Preço: 3283.48 | MA21: 3272.91 | RSI: 66.15
2025-11-04 20:38:23,969 - INFO -    Preço > MA21? ✅ SIM
2025-11-04 20:38:23,969 - INFO -    RSI < 70.0? ✅ SIM
2025-11-04 20:38:23,969 - INFO -    Sem posições? ❌ NÃO
2025-11-04 20:38:54,265 - INFO - 💹 ETHUSDT: 3281.09000000 USDT
2025-11-04 20:38:54,265 - INFO - 📊 Análise Est.4:
2025-11-04 20:38:54,265 - INFO -    Preço: 3281.09 | MA21: 3272.80 | RSI: 63.49
2025-11-04 20:38:54,265 - INFO -    Preço > MA21? ✅ SIM
2025-11-04 20:38:54,265 - INFO -    RSI < 70.0? ✅ SIM
2025-11-04 20:38:54,265 - INFO -    Sem posições? ❌ NÃO
2025-11-04 20:39:24,555 - INFO - 💹 ETHUSDT: 3278.51000000 USDT
2025-11-04 20:39:24,555 - INFO - 📊 Análise Est.4:
2025-11-04 20:39:24,555 - INFO -    Preço: 3278.51 | MA21: 3273.21 | RSI: 59.12
2025-11-04 20:39:24,555 - INFO -    Preço > MA21? ✅ SIM
2025-11-04 20:39:24,555 - INFO -    RSI < 70.0? ✅ SIM
2025-11-04 20:39:24,555 - INFO -    Sem posições? ❌ NÃO
2025-11-04 20:39:55,365 - INFO - 💹 ETHUSDT: 3275.48000000 USDT
2025-11-04 20:39:55,365 - INFO - 📊 Análise Est.4:
2025-11-04 20:39:55,365 - INFO -    Preço: 3275.48 | MA21: 3273.07 | RSI: 54.69
2025-11-04 20:39:55,365 - INFO -    Preço > MA21? ✅ SIM
2025-11-04 20:39:55,365 - INFO -    RSI < 70.0? ✅ SIM
2025-11-04 20:39:55,365 - INFO -    Sem posições? ❌ NÃO
2025-11-04 20:40:25,678 - INFO - 💹 ETHUSDT: 3275.56000000 USDT
2025-11-04 20:40:25,678 - INFO - 📊 Análise Est.4:
2025-11-04 20:40:25,678 - INFO -    Preço: 3275.56 | MA21: 3273.56 | RSI: 51.87
2025-11-04 20:40:25,678 - INFO -    Preço > MA21? ✅ SIM
2025-11-04 20:40:25,678 - INFO -    RSI < 70.0? ✅ SIM
2025-11-04 20:40:25,678 - INFO -    Sem posições? ❌ NÃO
2025-11-04 20:40:56,501 - INFO - 💹 ETHUSDT: 3276.26000000 USDT
2025-11-04 20:40:56,501 - INFO - 📊 Análise Est.4:
2025-11-04 20:40:56,501 - INFO -    Preço: 3276.26 | MA21: 3273.59 | RSI: 52.74
2025-11-04 20:40:56,501 - INFO -    Preço > MA21? ✅ SIM
2025-11-04 20:40:56,501 - INFO -    RSI < 70.0? ✅ SIM
2025-11-04 20:40:56,501 - INFO -    Sem posições? ❌ NÃO
2025-11-04 20:41:26,795 - INFO - 💹 ETHUSDT: 3274.29000000 USDT
2025-11-04 20:41:26,795 - INFO - 📊 Análise Est.4:
2025-11-04 20:41:26,795 - INFO -    Preço: 3274.29 | MA21: 3274.16 | RSI: 47.30
2025-11-04 20:41:26,795 - INFO -    Preço > MA21? ✅ SIM
2025-11-04 20:41:26,795 - INFO -    RSI < 70.0? ✅ SIM
2025-11-04 20:41:26,795 - INFO -    Sem posições? ❌ NÃO
2025-11-04 20:41:57,611 - INFO - 💹 ETHUSDT: 3278.24000000 USDT
2025-11-04 20:41:57,611 - INFO - 📊 Análise Est.4:
2025-11-04 20:41:57,611 - INFO -    Preço: 3278.24 | MA21: 3274.34 | RSI: 52.49
2025-11-04 20:41:57,611 - INFO -    Preço > MA21? ✅ SIM
2025-11-04 20:41:57,611 - INFO -    RSI < 70.0? ✅ SIM
2025-11-04 20:41:57,611 - INFO -    Sem posições? ❌ NÃO
2025-11-04 20:42:27,908 - INFO - 💹 ETHUSDT: 3285.66000000 USDT
2025-11-04 20:42:27,908 - INFO - 📊 Análise Est.4:
2025-11-04 20:42:27,908 - INFO -    Preço: 3285.66 | MA21: 3275.55 | RSI: 61.62
2025-11-04 20:42:27,908 - INFO -    Preço > MA21? ✅ SIM
2025-11-04 20:42:27,908 - INFO -    RSI < 70.0? ✅ SIM
2025-11-04 20:42:27,908 - INFO -    Sem posições? ❌ NÃO
2025-11-04 20:42:58,202 - INFO - 💹 ETHUSDT: 3289.76000000 USDT
2025-11-04 20:42:58,204 - INFO - 📊 Análise Est.4:
2025-11-04 20:42:58,204 - INFO -    Preço: 3289.76 | MA21: 3275.75 | RSI: 64.81
2025-11-04 20:42:58,204 - INFO -    Preço > MA21? ✅ SIM
2025-11-04 20:42:58,204 - INFO -    RSI < 70.0? ✅ SIM
2025-11-04 20:42:58,204 - INFO -    Sem posições? ❌ NÃO
2025-11-04 20:43:28,494 - INFO - 💹 ETHUSDT: 3286.82000000 USDT
2025-11-04 20:43:28,494 - INFO - 📊 Análise Est.4:
2025-11-04 20:43:28,494 - INFO -    Preço: 3286.82 | MA21: 3275.76 | RSI: 60.80
2025-11-04 20:43:28,494 - INFO -    Preço > MA21? ✅ SIM
2025-11-04 20:43:28,494 - INFO -    RSI < 70.0? ✅ SIM
2025-11-04 20:43:28,494 - INFO -    Sem posições? ❌ NÃO
2025-11-04 20:43:58,798 - INFO - 💹 ETHUSDT: 3287.91000000 USDT
2025-11-04 20:43:58,798 - INFO - 📊 Análise Est.4:
2025-11-04 20:43:58,798 - INFO -    Preço: 3287.91 | MA21: 3275.81 | RSI: 61.41
2025-11-04 20:43:58,798 - INFO -    Preço > MA21? ✅ SIM
2025-11-04 20:43:58,798 - INFO -    RSI < 70.0? ✅ SIM
2025-11-04 20:43:58,798 - INFO -    Sem posições? ❌ NÃO
2025-11-04 20:44:29,094 - INFO - 💹 ETHUSDT: 3287.05000000 USDT
2025-11-04 20:44:29,094 - INFO - 📊 Análise Est.4:
2025-11-04 20:44:29,094 - INFO -    Preço: 3287.05 | MA21: 3276.67 | RSI: 62.57
2025-11-04 20:44:29,094 - INFO -    Preço > MA21? ✅ SIM
2025-11-04 20:44:29,094 - INFO -    RSI < 70.0? ✅ SIM
2025-11-04 20:44:29,094 - INFO -    Sem posições? ❌ NÃO
2025-11-04 20:44:59,381 - INFO - 💹 ETHUSDT: 3290.39000000 USDT
2025-11-04 20:44:59,383 - INFO - 📊 Análise Est.4:
2025-11-04 20:44:59,383 - INFO -    Preço: 3290.39 | MA21: 3276.83 | RSI: 65.07
2025-11-04 20:44:59,383 - INFO -    Preço > MA21? ✅ SIM
2025-11-04 20:44:59,383 - INFO -    RSI < 70.0? ✅ SIM
2025-11-04 20:44:59,383 - INFO -    Sem posições? ❌ NÃO
2025-11-04 20:45:30,215 - INFO - 💹 ETHUSDT: 3290.46000000 USDT
2025-11-04 20:45:30,215 - INFO - 📊 Análise Est.4:
2025-11-04 20:45:30,215 - INFO -    Preço: 3290.46 | MA21: 3277.72 | RSI: 62.09
2025-11-04 20:45:30,215 - INFO -    Preço > MA21? ✅ SIM
2025-11-04 20:45:30,215 - INFO -    RSI < 70.0? ✅ SIM
2025-11-04 20:45:30,215 - INFO -    Sem posições? ❌ NÃO
2025-11-04 20:46:00,510 - INFO - 💹 ETHUSDT: 3289.99000000 USDT
2025-11-04 20:46:00,510 - INFO - 📊 Análise Est.4:
2025-11-04 20:46:00,510 - INFO -    Preço: 3289.99 | MA21: 3277.70 | RSI: 61.66
2025-11-04 20:46:00,510 - INFO -    Preço > MA21? ✅ SIM
2025-11-04 20:46:00,510 - INFO -    RSI < 70.0? ✅ SIM
2025-11-04 20:46:00,510 - INFO -    Sem posições? ❌ NÃO
2025-11-04 20:46:30,810 - INFO - 💹 ETHUSDT: 3288.70000000 USDT
2025-11-04 20:46:30,812 - INFO - 📊 Análise Est.4:
2025-11-04 20:46:30,812 - INFO -    Preço: 3288.70 | MA21: 3278.47 | RSI: 59.39
2025-11-04 20:46:30,812 - INFO -    Preço > MA21? ✅ SIM
2025-11-04 20:46:30,812 - INFO -    RSI < 70.0? ✅ SIM
2025-11-04 20:46:30,812 - INFO -    Sem posições? ❌ NÃO
2025-11-04 20:47:01,628 - INFO - 💹 ETHUSDT: 3294.79000000 USDT
2025-11-04 20:47:01,628 - INFO - 📊 Análise Est.4:
2025-11-04 20:47:01,628 - INFO -    Preço: 3294.79 | MA21: 3278.76 | RSI: 63.09
2025-11-04 20:47:01,628 - INFO -    Preço > MA21? ✅ SIM
2025-11-04 20:47:01,628 - INFO -    RSI < 70.0? ✅ SIM
2025-11-04 20:47:01,628 - INFO -    Sem posições? ❌ NÃO
2025-11-04 20:47:31,925 - INFO - 💹 ETHUSDT: 3293.97000000 USDT
2025-11-04 20:47:31,925 - INFO - 📊 Análise Est.4:
2025-11-04 20:47:31,925 - INFO -    Preço: 3293.97 | MA21: 3279.64 | RSI: 64.12
2025-11-04 20:47:31,925 - INFO -    Preço > MA21? ✅ SIM
2025-11-04 20:47:31,925 - INFO -    RSI < 70.0? ✅ SIM
2025-11-04 20:47:31,925 - INFO -    Sem posições? ❌ NÃO
2025-11-04 20:48:02,757 - INFO - 💹 ETHUSDT: 3295.17000000 USDT
2025-11-04 20:48:02,757 - INFO - 📊 Análise Est.4:
2025-11-04 20:48:02,757 - INFO -    Preço: 3295.17 | MA21: 3279.69 | RSI: 64.75
2025-11-04 20:48:02,757 - INFO -    Preço > MA21? ✅ SIM
2025-11-04 20:48:02,757 - INFO -    RSI < 70.0? ✅ SIM
2025-11-04 20:48:02,757 - INFO -    Sem posições? ❌ NÃO
2025-11-04 20:48:33,051 - INFO - 💹 ETHUSDT: 3292.74000000 USDT
2025-11-04 20:48:33,051 - INFO - 📊 Análise Est.4:
2025-11-04 20:48:33,051 - INFO -    Preço: 3292.74 | MA21: 3280.48 | RSI: 65.77
2025-11-04 20:48:33,051 - INFO -    Preço > MA21? ✅ SIM
2025-11-04 20:48:33,051 - INFO -    RSI < 70.0? ✅ SIM
2025-11-04 20:48:33,051 - INFO -    Sem posições? ❌ NÃO
2025-11-04 20:49:03,342 - INFO - 💹 ETHUSDT: 3288.73000000 USDT
2025-11-04 20:49:03,342 - INFO - 📊 Análise Est.4:
2025-11-04 20:49:03,342 - INFO -    Preço: 3288.73 | MA21: 3280.29 | RSI: 62.07
2025-11-04 20:49:03,342 - INFO -    Preço > MA21? ✅ SIM
2025-11-04 20:49:03,342 - INFO -    RSI < 70.0? ✅ SIM
2025-11-04 20:49:03,342 - INFO -    Sem posições? ❌ NÃO
2025-11-04 20:49:34,146 - INFO - 💹 ETHUSDT: 3286.20000000 USDT
2025-11-04 20:49:34,146 - INFO - 📊 Análise Est.4:
2025-11-04 20:49:34,146 - INFO -    Preço: 3286.20 | MA21: 3280.78 | RSI: 55.21
2025-11-04 20:49:34,146 - INFO -    Preço > MA21? ✅ SIM
2025-11-04 20:49:34,146 - INFO -    RSI < 70.0? ✅ SIM
2025-11-04 20:49:34,146 - INFO -    Sem posições? ❌ NÃO
2025-11-04 20:50:04,445 - INFO - 💹 ETHUSDT: 3286.32000000 USDT
2025-11-04 20:50:04,445 - INFO - 📊 Análise Est.4:
2025-11-04 20:50:04,445 - INFO -    Preço: 3286.32 | MA21: 3280.79 | RSI: 55.31
2025-11-04 20:50:04,445 - INFO -    Preço > MA21? ✅ SIM
2025-11-04 20:50:04,445 - INFO -    RSI < 70.0? ✅ SIM
2025-11-04 20:50:04,445 - INFO -    Sem posições? ❌ NÃO
2025-11-04 20:50:35,273 - INFO - 💹 ETHUSDT: 3284.70000000 USDT
2025-11-04 20:50:35,273 - INFO - 📊 Análise Est.4:
2025-11-04 20:50:35,273 - INFO -    Preço: 3284.70 | MA21: 3281.40 | RSI: 52.29
2025-11-04 20:50:35,273 - INFO -    Preço > MA21? ✅ SIM
2025-11-04 20:50:35,273 - INFO -    RSI < 70.0? ✅ SIM
2025-11-04 20:50:35,273 - INFO -    Sem posições? ❌ NÃO
2025-11-04 20:51:05,567 - INFO - 💹 ETHUSDT: 3292.63000000 USDT
2025-11-04 20:51:05,567 - INFO - 📊 Análise Est.4:
2025-11-04 20:51:05,567 - INFO -    Preço: 3292.63 | MA21: 3281.77 | RSI: 57.82
2025-11-04 20:51:05,567 - INFO -    Preço > MA21? ✅ SIM
2025-11-04 20:51:05,569 - INFO -    RSI < 70.0? ✅ SIM
2025-11-04 20:51:05,569 - INFO -    Sem posições? ❌ NÃO
2025-11-04 20:51:35,895 - INFO - 💹 ETHUSDT: 3293.76000000 USDT
2025-11-04 20:51:35,895 - INFO - 📊 Análise Est.4:
2025-11-04 20:51:35,895 - INFO -    Preço: 3293.76 | MA21: 3283.06 | RSI: 58.36
2025-11-04 20:51:35,895 - INFO -    Preço > MA21? ✅ SIM
2025-11-04 20:51:35,895 - INFO -    RSI < 70.0? ✅ SIM
2025-11-04 20:51:35,895 - INFO -    Sem posições? ❌ NÃO
2025-11-04 20:52:06,175 - INFO - 💹 ETHUSDT: 3294.21000000 USDT
2025-11-04 20:52:06,175 - INFO - 📊 Análise Est.4:
2025-11-04 20:52:06,175 - INFO -    Preço: 3294.21 | MA21: 3283.09 | RSI: 58.71
2025-11-04 20:52:06,175 - INFO -    Preço > MA21? ✅ SIM
2025-11-04 20:52:06,175 - INFO -    RSI < 70.0? ✅ SIM
2025-11-04 20:52:06,175 - INFO -    Sem posições? ❌ NÃO
2025-11-04 20:52:36,467 - INFO - 💹 ETHUSDT: 3295.90000000 USDT
2025-11-04 20:52:36,467 - INFO - 📊 Análise Est.4:
2025-11-04 20:52:36,467 - INFO -    Preço: 3295.90 | MA21: 3284.09 | RSI: 61.33
2025-11-04 20:52:36,467 - INFO -    Preço > MA21? ✅ SIM
2025-11-04 20:52:36,467 - INFO -    RSI < 70.0? ✅ SIM
2025-11-04 20:52:36,467 - INFO -    Sem posições? ❌ NÃO
2025-11-04 20:53:06,769 - INFO - 💹 ETHUSDT: 3240.20000000 USDT
2025-11-04 20:53:06,769 - INFO - 📊 Análise Est.4:
2025-11-04 20:53:06,769 - INFO -    Preço: 3240.20 | MA21: 3281.43 | RSI: 34.33
2025-11-04 20:53:06,769 - INFO -    Preço > MA21? ❌ NÃO
2025-11-04 20:53:06,769 - INFO -    RSI < 70.0? ✅ SIM
2025-11-04 20:53:06,769 - INFO -    Sem posições? ❌ NÃO
2025-11-04 20:53:37,053 - INFO - 💹 ETHUSDT: 3295.58000000 USDT
2025-11-04 20:53:37,053 - INFO - 📊 Análise Est.4:
2025-11-04 20:53:37,053 - INFO -    Preço: 3295.58 | MA21: 3282.34 | RSI: 55.69
2025-11-04 20:53:37,053 - INFO -    Preço > MA21? ✅ SIM
2025-11-04 20:53:37,053 - INFO -    RSI < 70.0? ✅ SIM
2025-11-04 20:53:37,053 - INFO -    Sem posições? ❌ NÃO
2025-11-04 20:54:07,354 - INFO - 💹 ETHUSDT: 3296.31000000 USDT
2025-11-04 20:54:07,354 - INFO - 📊 Análise Est.4:
2025-11-04 20:54:07,354 - INFO -    Preço: 3296.31 | MA21: 3282.37 | RSI: 55.87
2025-11-04 20:54:07,354 - INFO -    Preço > MA21? ✅ SIM
2025-11-04 20:54:07,354 - INFO -    RSI < 70.0? ✅ SIM
2025-11-04 20:54:07,354 - INFO -    Sem posições? ❌ NÃO
2025-11-04 20:54:37,649 - INFO - 💹 ETHUSDT: 3298.30000000 USDT
2025-11-04 20:54:37,649 - INFO - 📊 Análise Est.4:
2025-11-04 20:54:37,649 - INFO -    Preço: 3298.30 | MA21: 3283.48 | RSI: 56.45
2025-11-04 20:54:37,649 - INFO -    Preço > MA21? ✅ SIM
2025-11-04 20:54:37,649 - INFO -    RSI < 70.0? ✅ SIM
2025-11-04 20:54:37,649 - INFO -    Sem posições? ❌ NÃO
2025-11-04 20:54:37,649 - INFO - 🎯 Take Profit atingido! Preço: 3298.30000000
2025-11-04 20:54:37,649 - INFO - 🔄 Fechando posição COMPRA
2025-11-04 20:54:37,945 - INFO - ✅ Lucro: 0.15 USDT
2025-11-04 20:54:37,945 - INFO - ------------------------------------------------------------
2025-11-04 20:54:37,945 - INFO - 📊 ESTATÍSTICAS
2025-11-04 20:54:37,945 - INFO -    Total de trades: 3
2025-11-04 20:54:37,945 - INFO -    Trades vencedores: 2
2025-11-04 20:54:37,945 - INFO -    Win Rate: 66.7%
2025-11-04 20:54:37,945 - INFO -    Lucro diário: -0.40 USDT
2025-11-04 20:54:37,945 - INFO -    Lucro total: -0.40 USDT
2025-11-04 20:54:37,945 - INFO -    Posições abertas: 0
2025-11-04 20:54:37,945 - INFO - ------------------------------------------------------------
2025-11-04 20:55:08,232 - INFO - 💹 ETHUSDT: 3294.02000000 USDT
2025-11-04 20:55:08,232 - INFO - 📊 Análise Est.4:
2025-11-04 20:55:08,232 - INFO -    Preço: 3294.02 | MA21: 3283.28 | RSI: 55.24
2025-11-04 20:55:08,232 - INFO -    Preço > MA21? ✅ SIM
2025-11-04 20:55:08,232 - INFO -    RSI < 70.0? ✅ SIM
2025-11-04 20:55:08,232 - INFO -    Sem posições? ✅ SIM
2025-11-04 20:55:08,232 - INFO - 🟢 TODAS AS CONDIÇÕES ATENDIDAS - ABRINDO COMPRA!
2025-11-04 20:55:08,232 - INFO - 📈 Abrindo posição COMPRA
2025-11-04 20:55:08,232 - INFO -    Preço: 3294.02000000
2025-11-04 20:55:08,244 - INFO -    Quantidade: 0.00460000
2025-11-04 20:55:08,244 - INFO -    Valor: 15.0 USDT
2025-11-04 20:55:08,525 - INFO - ✅ Ordem executada: 12122595
2025-11-04 20:55:38,818 - INFO - 💹 ETHUSDT: 3298.92000000 USDT
2025-11-04 20:55:38,818 - INFO - 📊 Análise Est.4:
2025-11-04 20:55:38,818 - INFO -    Preço: 3298.92 | MA21: 3286.72 | RSI: 53.16
2025-11-04 20:55:38,818 - INFO -    Preço > MA21? ✅ SIM
2025-11-04 20:55:38,818 - INFO -    RSI < 70.0? ✅ SIM
2025-11-04 20:55:38,818 - INFO -    Sem posições? ❌ NÃO
2025-11-04 20:56:09,113 - INFO - 💹 ETHUSDT: 3296.78000000 USDT
2025-11-04 20:56:09,113 - INFO - 📊 Análise Est.4:
2025-11-04 20:56:09,113 - INFO -    Preço: 3296.78 | MA21: 3286.62 | RSI: 52.72
2025-11-04 20:56:09,113 - INFO -    Preço > MA21? ✅ SIM
2025-11-04 20:56:09,113 - INFO -    RSI < 70.0? ✅ SIM
2025-11-04 20:56:09,113 - INFO -    Sem posições? ❌ NÃO
2025-11-04 20:56:39,437 - INFO - 💹 ETHUSDT: 3296.88000000 USDT
2025-11-04 20:56:39,437 - INFO - 📊 Análise Est.4:
2025-11-04 20:56:39,437 - INFO -    Preço: 3296.88 | MA21: 3287.45 | RSI: 55.55
2025-11-04 20:56:39,437 - INFO -    Preço > MA21? ✅ SIM
2025-11-04 20:56:39,437 - INFO -    RSI < 70.0? ✅ SIM
2025-11-04 20:56:39,437 - INFO -    Sem posições? ❌ NÃO
2025-11-04 20:57:09,742 - INFO - 💹 ETHUSDT: 3295.03000000 USDT
2025-11-04 20:57:09,742 - INFO - 📊 Análise Est.4:
2025-11-04 20:57:09,742 - INFO -    Preço: 3295.03 | MA21: 3287.36 | RSI: 55.13
2025-11-04 20:57:09,742 - INFO -    Preço > MA21? ✅ SIM
2025-11-04 20:57:09,742 - INFO -    RSI < 70.0? ✅ SIM
2025-11-04 20:57:09,742 - INFO -    Sem posições? ❌ NÃO
2025-11-04 20:57:40,032 - INFO - 💹 ETHUSDT: 3288.25000000 USDT
2025-11-04 20:57:40,032 - INFO - 📊 Análise Est.4:
2025-11-04 20:57:40,032 - INFO -    Preço: 3288.25 | MA21: 3287.67 | RSI: 49.83
2025-11-04 20:57:40,032 - INFO -    Preço > MA21? ✅ SIM
2025-11-04 20:57:40,032 - INFO -    RSI < 70.0? ✅ SIM
2025-11-04 20:57:40,032 - INFO -    Sem posições? ❌ NÃO
2025-11-04 20:58:10,317 - INFO - 💹 ETHUSDT: 3291.58000000 USDT
2025-11-04 20:58:10,317 - INFO - 📊 Análise Est.4:
2025-11-04 20:58:10,317 - INFO -    Preço: 3291.58 | MA21: 3287.83 | RSI: 50.56
2025-11-04 20:58:10,317 - INFO -    Preço > MA21? ✅ SIM
2025-11-04 20:58:10,317 - INFO -    RSI < 70.0? ✅ SIM
2025-11-04 20:58:10,317 - INFO -    Sem posições? ❌ NÃO
2025-11-04 20:58:40,625 - INFO - 💹 ETHUSDT: 3289.88000000 USDT
2025-11-04 20:58:40,627 - INFO - 📊 Análise Est.4:
2025-11-04 20:58:40,627 - INFO -    Preço: 3289.88 | MA21: 3288.23 | RSI: 49.88
2025-11-04 20:58:40,627 - INFO -    Preço > MA21? ✅ SIM
2025-11-04 20:58:40,627 - INFO -    RSI < 70.0? ✅ SIM
2025-11-04 20:58:40,627 - INFO -    Sem posições? ❌ NÃO
2025-11-04 20:59:10,920 - INFO - 💹 ETHUSDT: 3293.05000000 USDT
2025-11-04 20:59:10,920 - INFO - 📊 Análise Est.4:
2025-11-04 20:59:10,920 - INFO -    Preço: 3293.05 | MA21: 3288.38 | RSI: 50.58
2025-11-04 20:59:10,922 - INFO -    Preço > MA21? ✅ SIM
2025-11-04 20:59:10,922 - INFO -    RSI < 70.0? ✅ SIM
2025-11-04 20:59:10,922 - INFO -    Sem posições? ❌ NÃO
2025-11-04 20:59:41,208 - INFO - 💹 ETHUSDT: 3291.46000000 USDT
2025-11-04 20:59:41,208 - INFO - 📊 Análise Est.4:
2025-11-04 20:59:41,208 - INFO -    Preço: 3291.46 | MA21: 3288.96 | RSI: 50.49
2025-11-04 20:59:41,208 - INFO -    Preço > MA21? ✅ SIM
2025-11-04 20:59:41,208 - INFO -    RSI < 70.0? ✅ SIM
2025-11-04 20:59:41,208 - INFO -    Sem posições? ❌ NÃO
2025-11-04 21:00:11,515 - INFO - 💹 ETHUSDT: 3289.02000000 USDT
2025-11-04 21:00:11,515 - INFO - 📊 Análise Est.4:
2025-11-04 21:00:11,515 - INFO -    Preço: 3289.02 | MA21: 3288.84 | RSI: 49.96
2025-11-04 21:00:11,515 - INFO -    Preço > MA21? ✅ SIM
2025-11-04 21:00:11,515 - INFO -    RSI < 70.0? ✅ SIM
2025-11-04 21:00:11,515 - INFO -    Sem posições? ❌ NÃO
2025-11-04 21:00:41,806 - INFO - 💹 ETHUSDT: 3281.41000000 USDT
2025-11-04 21:00:41,808 - INFO - 📊 Análise Est.4:
2025-11-04 21:00:41,808 - INFO -    Preço: 3281.41 | MA21: 3289.12 | RSI: 47.45
2025-11-04 21:00:41,808 - INFO -    Preço > MA21? ❌ NÃO
2025-11-04 21:00:41,808 - INFO -    RSI < 70.0? ✅ SIM
2025-11-04 21:00:41,808 - INFO -    Sem posições? ❌ NÃO
2025-11-04 21:01:12,615 - INFO - 💹 ETHUSDT: 3283.47000000 USDT
2025-11-04 21:01:12,615 - INFO - 📊 Análise Est.4:
2025-11-04 21:01:12,615 - INFO -    Preço: 3283.47 | MA21: 3289.22 | RSI: 47.87
2025-11-04 21:01:12,615 - INFO -    Preço > MA21? ❌ NÃO
2025-11-04 21:01:12,615 - INFO -    RSI < 70.0? ✅ SIM
2025-11-04 21:01:12,615 - INFO -    Sem posições? ❌ NÃO
2025-11-04 21:01:42,912 - INFO - 💹 ETHUSDT: 3287.49000000 USDT
2025-11-04 21:01:42,912 - INFO - 📊 Análise Est.4:
2025-11-04 21:01:42,912 - INFO -    Preço: 3287.49 | MA21: 3289.81 | RSI: 48.36
2025-11-04 21:01:42,912 - INFO -    Preço > MA21? ❌ NÃO
2025-11-04 21:01:42,912 - INFO -    RSI < 70.0? ✅ SIM
2025-11-04 21:01:42,912 - INFO -    Sem posições? ❌ NÃO
2025-11-04 21:02:13,215 - INFO - 💹 ETHUSDT: 3291.45000000 USDT
2025-11-04 21:02:13,215 - INFO - 📊 Análise Est.4:
2025-11-04 21:02:13,217 - INFO -    Preço: 3291.45 | MA21: 3290.36 | RSI: 50.74
2025-11-04 21:02:13,217 - INFO -    Preço > MA21? ✅ SIM
2025-11-04 21:02:13,217 - INFO -    RSI < 70.0? ✅ SIM
2025-11-04 21:02:13,217 - INFO -    Sem posições? ❌ NÃO
2025-11-04 21:02:43,528 - INFO - 💹 ETHUSDT: 3297.38000000 USDT
2025-11-04 21:02:43,530 - INFO - 📊 Análise Est.4:
2025-11-04 21:02:43,530 - INFO -    Preço: 3297.38 | MA21: 3290.65 | RSI: 51.97
2025-11-04 21:02:43,530 - INFO -    Preço > MA21? ✅ SIM
2025-11-04 21:02:43,530 - INFO -    RSI < 70.0? ✅ SIM
2025-11-04 21:02:43,530 - INFO -    Sem posições? ❌ NÃO
2025-11-04 21:03:14,378 - INFO - 💹 ETHUSDT: 3298.49000000 USDT
2025-11-04 21:03:14,380 - INFO - 📊 Análise Est.4:
2025-11-04 21:03:14,380 - INFO -    Preço: 3298.49 | MA21: 3292.05 | RSI: 52.58
2025-11-04 21:03:14,380 - INFO -    Preço > MA21? ✅ SIM
2025-11-04 21:03:14,380 - INFO -    RSI < 70.0? ✅ SIM
2025-11-04 21:03:14,380 - INFO -    Sem posições? ❌ NÃO
2025-11-04 21:03:45,208 - INFO - 💹 ETHUSDT: 3295.54000000 USDT
2025-11-04 21:03:45,208 - INFO - 📊 Análise Est.4:
2025-11-04 21:03:45,208 - INFO -    Preço: 3295.54 | MA21: 3291.91 | RSI: 51.93
2025-11-04 21:03:45,208 - INFO -    Preço > MA21? ✅ SIM
2025-11-04 21:03:45,208 - INFO -    RSI < 70.0? ✅ SIM
2025-11-04 21:03:45,208 - INFO -    Sem posições? ❌ NÃO
2025-11-04 21:04:15,491 - INFO - 💹 ETHUSDT: 3289.62000000 USDT
2025-11-04 21:04:15,491 - INFO - 📊 Análise Est.4:
2025-11-04 21:04:15,491 - INFO -    Preço: 3289.62 | MA21: 3291.65 | RSI: 48.81
2025-11-04 21:04:15,491 - INFO -    Preço > MA21? ❌ NÃO
2025-11-04 21:04:15,491 - INFO -    RSI < 70.0? ✅ SIM
2025-11-04 21:04:15,491 - INFO -    Sem posições? ❌ NÃO
2025-11-04 21:04:46,313 - INFO - 💹 ETHUSDT: 3286.30000000 USDT
2025-11-04 21:04:46,313 - INFO - 📊 Análise Est.4:
2025-11-04 21:04:46,313 - INFO -    Preço: 3286.30 | MA21: 3291.50 | RSI: 48.13
2025-11-04 21:04:46,313 - INFO -    Preço > MA21? ❌ NÃO
2025-11-04 21:04:46,313 - INFO -    RSI < 70.0? ✅ SIM
2025-11-04 21:04:46,313 - INFO -    Sem posições? ❌ NÃO
2025-11-04 21:05:16,622 - INFO - 💹 ETHUSDT: 3283.35000000 USDT
2025-11-04 21:05:16,622 - INFO - 📊 Análise Est.4:
2025-11-04 21:05:16,622 - INFO -    Preço: 3283.35 | MA21: 3291.02 | RSI: 47.75
2025-11-04 21:05:16,622 - INFO -    Preço > MA21? ❌ NÃO
2025-11-04 21:05:16,622 - INFO -    RSI < 70.0? ✅ SIM
2025-11-04 21:05:16,622 - INFO -    Sem posições? ❌ NÃO
2025-11-04 21:05:46,919 - INFO - 💹 ETHUSDT: 3286.03000000 USDT
2025-11-04 21:05:46,919 - INFO - 📊 Análise Est.4:
2025-11-04 21:05:46,919 - INFO -    Preço: 3286.03 | MA21: 3291.15 | RSI: 48.32
2025-11-04 21:05:46,921 - INFO -    Preço > MA21? ❌ NÃO
2025-11-04 21:05:46,921 - INFO -    RSI < 70.0? ✅ SIM
2025-11-04 21:05:46,921 - INFO -    Sem posições? ❌ NÃO
2025-11-04 21:06:17,209 - INFO - 💹 ETHUSDT: 3282.31000000 USDT
2025-11-04 21:06:17,209 - INFO - 📊 Análise Est.4:
2025-11-04 21:06:17,209 - INFO -    Preço: 3282.31 | MA21: 3290.76 | RSI: 61.02
2025-11-04 21:06:17,209 - INFO -    Preço > MA21? ❌ NÃO
2025-11-04 21:06:17,209 - INFO -    RSI < 70.0? ✅ SIM
2025-11-04 21:06:17,209 - INFO -    Sem posições? ❌ NÃO
2025-11-04 21:06:47,513 - INFO - 💹 ETHUSDT: 3276.42000000 USDT
2025-11-04 21:06:47,513 - INFO - 📊 Análise Est.4:
2025-11-04 21:06:47,513 - INFO -    Preço: 3276.42 | MA21: 3290.48 | RSI: 59.20
2025-11-04 21:06:47,513 - INFO -    Preço > MA21? ❌ NÃO
2025-11-04 21:06:47,513 - INFO -    RSI < 70.0? ✅ SIM
2025-11-04 21:06:47,513 - INFO -    Sem posições? ❌ NÃO
2025-11-04 21:07:17,807 - INFO - 💹 ETHUSDT: 3273.89000000 USDT
2025-11-04 21:07:17,809 - INFO - 📊 Análise Est.4:
2025-11-04 21:07:17,809 - INFO -    Preço: 3273.89 | MA21: 3289.43 | RSI: 42.18
2025-11-04 21:07:17,809 - INFO -    Preço > MA21? ❌ NÃO
2025-11-04 21:07:17,809 - INFO -    RSI < 70.0? ✅ SIM
2025-11-04 21:07:17,809 - INFO -    Sem posições? ❌ NÃO
2025-11-04 21:07:48,086 - INFO - 💹 ETHUSDT: 3277.69000000 USDT
2025-11-04 21:07:48,102 - INFO - 📊 Análise Est.4:
2025-11-04 21:07:48,102 - INFO -    Preço: 3277.69 | MA21: 3289.61 | RSI: 43.67
2025-11-04 21:07:48,102 - INFO -    Preço > MA21? ❌ NÃO
2025-11-04 21:07:48,102 - INFO -    RSI < 70.0? ✅ SIM
2025-11-04 21:07:48,102 - INFO -    Sem posições? ❌ NÃO
2025-11-04 21:08:18,392 - INFO - 💹 ETHUSDT: 3276.50000000 USDT
2025-11-04 21:08:18,392 - INFO - 📊 Análise Est.4:
2025-11-04 21:08:18,392 - INFO -    Preço: 3276.50 | MA21: 3288.66 | RSI: 19.82
2025-11-04 21:08:18,392 - INFO -    Preço > MA21? ❌ NÃO
2025-11-04 21:08:18,392 - INFO -    RSI < 70.0? ✅ SIM
2025-11-04 21:08:18,392 - INFO -    Sem posições? ❌ NÃO
2025-11-04 21:08:48,687 - INFO - 💹 ETHUSDT: 3276.96000000 USDT
2025-11-04 21:08:48,687 - INFO - 📊 Análise Est.4:
2025-11-04 21:08:48,687 - INFO -    Preço: 3276.96 | MA21: 3288.69 | RSI: 20.17
2025-11-04 21:08:48,687 - INFO -    Preço > MA21? ❌ NÃO
2025-11-04 21:08:48,687 - INFO -    RSI < 70.0? ✅ SIM
2025-11-04 21:08:48,687 - INFO -    Sem posições? ❌ NÃO
2025-11-04 21:09:18,971 - INFO - 💹 ETHUSDT: 3276.96000000 USDT
2025-11-04 21:09:18,971 - INFO - 📊 Análise Est.4:
2025-11-04 21:09:18,971 - INFO -    Preço: 3276.96 | MA21: 3288.17 | RSI: 34.07
2025-11-04 21:09:18,971 - INFO -    Preço > MA21? ❌ NÃO
2025-11-04 21:09:18,971 - INFO -    RSI < 70.0? ✅ SIM
2025-11-04 21:09:18,971 - INFO -    Sem posições? ❌ NÃO
2025-11-04 21:09:49,797 - INFO - 💹 ETHUSDT: 3277.72000000 USDT
2025-11-04 21:09:49,797 - INFO - 📊 Análise Est.4:
2025-11-04 21:09:49,797 - INFO -    Preço: 3277.72 | MA21: 3288.21 | RSI: 34.74
2025-11-04 21:09:49,797 - INFO -    Preço > MA21? ❌ NÃO
2025-11-04 21:09:49,797 - INFO -    RSI < 70.0? ✅ SIM
2025-11-04 21:09:49,797 - INFO -    Sem posições? ❌ NÃO
2025-11-04 21:10:20,095 - INFO - 💹 ETHUSDT: 3275.03000000 USDT
2025-11-04 21:10:20,095 - INFO - 📊 Análise Est.4:
2025-11-04 21:10:20,095 - INFO -    Preço: 3275.03 | MA21: 3287.54 | RSI: 33.98
2025-11-04 21:10:20,097 - INFO -    Preço > MA21? ❌ NÃO
2025-11-04 21:10:20,097 - INFO -    RSI < 70.0? ✅ SIM
2025-11-04 21:10:20,097 - INFO -    Sem posições? ❌ NÃO
2025-11-04 21:10:50,377 - INFO - 💹 ETHUSDT: 3273.05000000 USDT
2025-11-04 21:10:50,377 - INFO - 📊 Análise Est.4:
2025-11-04 21:10:50,377 - INFO -    Preço: 3273.05 | MA21: 3287.45 | RSI: 32.93
2025-11-04 21:10:50,377 - INFO -    Preço > MA21? ❌ NÃO
2025-11-04 21:10:50,377 - INFO -    RSI < 70.0? ✅ SIM
2025-11-04 21:10:50,377 - INFO -    Sem posições? ❌ NÃO
2025-11-04 21:11:20,685 - INFO - 💹 ETHUSDT: 3273.33000000 USDT
2025-11-04 21:11:20,685 - INFO - 📊 Análise Est.4:
2025-11-04 21:11:20,685 - INFO -    Preço: 3273.33 | MA21: 3286.55 | RSI: 35.47
2025-11-04 21:11:20,685 - INFO -    Preço > MA21? ❌ NÃO
2025-11-04 21:11:20,685 - INFO -    RSI < 70.0? ✅ SIM
2025-11-04 21:11:20,685 - INFO -    Sem posições? ❌ NÃO
2025-11-04 21:11:50,971 - INFO - 💹 ETHUSDT: 3276.53000000 USDT
2025-11-04 21:11:50,971 - INFO - 📊 Análise Est.4:
2025-11-04 21:11:50,971 - INFO -    Preço: 3276.53 | MA21: 3286.70 | RSI: 37.55
2025-11-04 21:11:50,971 - INFO -    Preço > MA21? ❌ NÃO
2025-11-04 21:11:50,971 - INFO -    RSI < 70.0? ✅ SIM
2025-11-04 21:11:50,971 - INFO -    Sem posições? ❌ NÃO
2025-11-04 21:12:21,272 - INFO - 💹 ETHUSDT: 3276.17000000 USDT
2025-11-04 21:12:21,272 - INFO - 📊 Análise Est.4:
2025-11-04 21:12:21,272 - INFO -    Preço: 3276.17 | MA21: 3285.78 | RSI: 36.04
2025-11-04 21:12:21,272 - INFO -    Preço > MA21? ❌ NÃO
2025-11-04 21:12:21,272 - INFO -    RSI < 70.0? ✅ SIM
2025-11-04 21:12:21,272 - INFO -    Sem posições? ❌ NÃO
2025-11-04 21:12:51,581 - INFO - 💹 ETHUSDT: 3276.24000000 USDT
2025-11-04 21:12:51,581 - INFO - 📊 Análise Est.4:
2025-11-04 21:12:51,581 - INFO -    Preço: 3276.24 | MA21: 3285.78 | RSI: 36.12
2025-11-04 21:12:51,581 - INFO -    Preço > MA21? ❌ NÃO
2025-11-04 21:12:51,581 - INFO -    RSI < 70.0? ✅ SIM
2025-11-04 21:12:51,581 - INFO -    Sem posições? ❌ NÃO
2025-11-04 21:13:21,882 - INFO - 💹 ETHUSDT: 3277.16000000 USDT
2025-11-04 21:13:21,882 - INFO - 📊 Análise Est.4:
2025-11-04 21:13:21,882 - INFO -    Preço: 3277.16 | MA21: 3287.59 | RSI: 39.67
2025-11-04 21:13:21,883 - INFO -    Preço > MA21? ❌ NÃO
2025-11-04 21:13:21,883 - INFO -    RSI < 70.0? ✅ SIM
2025-11-04 21:13:21,883 - INFO -    Sem posições? ❌ NÃO
2025-11-04 21:13:52,173 - INFO - 💹 ETHUSDT: 3275.42000000 USDT
2025-11-04 21:13:52,175 - INFO - 📊 Análise Est.4:
2025-11-04 21:13:52,175 - INFO -    Preço: 3275.42 | MA21: 3287.50 | RSI: 38.50
2025-11-04 21:13:52,175 - INFO -    Preço > MA21? ❌ NÃO
2025-11-04 21:13:52,175 - INFO -    RSI < 70.0? ✅ SIM
2025-11-04 21:13:52,175 - INFO -    Sem posições? ❌ NÃO
2025-11-04 21:14:22,468 - INFO - 💹 ETHUSDT: 3273.46000000 USDT
2025-11-04 21:14:22,468 - INFO - 📊 Análise Est.4:
2025-11-04 21:14:22,468 - INFO -    Preço: 3273.46 | MA21: 3286.34 | RSI: 40.99
2025-11-04 21:14:22,468 - INFO -    Preço > MA21? ❌ NÃO
2025-11-04 21:14:22,468 - INFO -    RSI < 70.0? ✅ SIM
2025-11-04 21:14:22,468 - INFO -    Sem posições? ❌ NÃO
2025-11-04 21:14:53,291 - INFO - 💹 ETHUSDT: 3272.94000000 USDT
2025-11-04 21:14:53,291 - INFO - 📊 Análise Est.4:
2025-11-04 21:14:53,291 - INFO -    Preço: 3272.94 | MA21: 3286.32 | RSI: 40.61
2025-11-04 21:14:53,291 - INFO -    Preço > MA21? ❌ NÃO
2025-11-04 21:14:53,291 - INFO -    RSI < 70.0? ✅ SIM
2025-11-04 21:14:53,291 - INFO -    Sem posições? ❌ NÃO
2025-11-04 21:15:24,112 - INFO - 💹 ETHUSDT: 3274.33000000 USDT
2025-11-04 21:15:24,112 - INFO - 📊 Análise Est.4:
2025-11-04 21:15:24,114 - INFO -    Preço: 3274.33 | MA21: 3283.20 | RSI: 34.27
2025-11-04 21:15:24,114 - INFO -    Preço > MA21? ❌ NÃO
2025-11-04 21:15:24,114 - INFO -    RSI < 70.0? ✅ SIM
2025-11-04 21:15:24,114 - INFO -    Sem posições? ❌ NÃO
2025-11-04 21:15:54,410 - INFO - 💹 ETHUSDT: 3274.72000000 USDT
2025-11-04 21:15:54,410 - INFO - 📊 Análise Est.4:
2025-11-04 21:15:54,410 - INFO -    Preço: 3274.72 | MA21: 3283.21 | RSI: 34.76
2025-11-04 21:15:54,410 - INFO -    Preço > MA21? ❌ NÃO
2025-11-04 21:15:54,410 - INFO -    RSI < 70.0? ✅ SIM
2025-11-04 21:15:54,410 - INFO -    Sem posições? ❌ NÃO
2025-11-04 21:16:25,232 - INFO - 💹 ETHUSDT: 2942.58000000 USDT
2025-11-04 21:16:25,232 - INFO - 📊 Análise Est.4:
2025-11-04 21:16:25,232 - INFO -    Preço: 2942.58 | MA21: 3266.20 | RSI: 2.08
2025-11-04 21:16:25,232 - INFO -    Preço > MA21? ❌ NÃO
2025-11-04 21:16:25,232 - INFO -    RSI < 70.0? ✅ SIM
2025-11-04 21:16:25,232 - INFO -    Sem posições? ❌ NÃO
2025-11-04 21:16:25,232 - INFO - 🛑 Stop Loss atingido! Preço: 2942.58000000
2025-11-04 21:16:25,232 - INFO - 🔄 Fechando posição COMPRA
2025-11-04 21:16:25,522 - INFO - ❌ Prejuízo: -1.62 USDT
2025-11-04 21:16:25,525 - INFO - ------------------------------------------------------------
2025-11-04 21:16:25,525 - INFO - 📊 ESTATÍSTICAS
2025-11-04 21:16:25,525 - INFO -    Total de trades: 4
2025-11-04 21:16:25,525 - INFO -    Trades vencedores: 2
2025-11-04 21:16:25,525 - INFO -    Win Rate: 50.0%
2025-11-04 21:16:25,525 - INFO -    Lucro diário: -2.02 USDT
2025-11-04 21:16:25,525 - INFO -    Lucro total: -2.02 USDT
2025-11-04 21:16:25,525 - INFO -    Posições abertas: 0
2025-11-04 21:16:25,525 - INFO - ------------------------------------------------------------
2025-11-04 21:16:55,817 - INFO - 💹 ETHUSDT: 3270.50000000 USDT
2025-11-04 21:16:55,817 - INFO - 📊 Análise Est.4:
2025-11-04 21:16:55,817 - INFO -    Preço: 3270.50 | MA21: 3281.81 | RSI: 17.81
2025-11-04 21:16:55,817 - INFO -    Preço > MA21? ❌ NÃO
2025-11-04 21:16:55,819 - INFO -    RSI < 70.0? ✅ SIM
2025-11-04 21:16:55,819 - INFO -    Sem posições? ✅ SIM
2025-11-04 21:17:26,634 - INFO - 💹 ETHUSDT: 3267.92000000 USDT
2025-11-04 21:17:26,635 - INFO - 📊 Análise Est.4:
2025-11-04 21:17:26,635 - INFO -    Preço: 3267.92 | MA21: 3280.42 | RSI: 20.81
2025-11-04 21:17:26,635 - INFO -    Preço > MA21? ❌ NÃO
2025-11-04 21:17:26,635 - INFO -    RSI < 70.0? ✅ SIM
2025-11-04 21:17:26,635 - INFO -    Sem posições? ✅ SIM
2025-11-04 21:17:56,962 - INFO - 💹 ETHUSDT: 3262.89000000 USDT
2025-11-04 21:17:56,962 - INFO - 📊 Análise Est.4:
2025-11-04 21:17:56,962 - INFO -    Preço: 3262.89 | MA21: 3280.18 | RSI: 18.33
2025-11-04 21:17:56,962 - INFO -    Preço > MA21? ❌ NÃO
2025-11-04 21:17:56,962 - INFO -    RSI < 70.0? ✅ SIM
2025-11-04 21:17:56,962 - INFO -    Sem posições? ✅ SIM
2025-11-04 21:18:27,267 - INFO - 💹 ETHUSDT: 3271.00000000 USDT
2025-11-04 21:18:27,269 - INFO - 📊 Análise Est.4:
2025-11-04 21:18:27,269 - INFO -    Preço: 3271.00 | MA21: 3279.29 | RSI: 34.53
2025-11-04 21:18:27,269 - INFO -    Preço > MA21? ❌ NÃO
2025-11-04 21:18:27,269 - INFO -    RSI < 70.0? ✅ SIM
2025-11-04 21:18:27,269 - INFO -    Sem posições? ✅ SIM
2025-11-04 21:18:57,553 - INFO - 💹 ETHUSDT: 3276.02000000 USDT
2025-11-04 21:18:57,553 - INFO - 📊 Análise Est.4:
2025-11-04 21:18:57,553 - INFO -    Preço: 3276.02 | MA21: 3279.53 | RSI: 41.84
2025-11-04 21:18:57,553 - INFO -    Preço > MA21? ❌ NÃO
2025-11-04 21:18:57,553 - INFO -    RSI < 70.0? ✅ SIM
2025-11-04 21:18:57,553 - INFO -    Sem posições? ✅ SIM
2025-11-04 21:19:28,382 - INFO - 💹 ETHUSDT: 3275.90000000 USDT
2025-11-04 21:19:28,382 - INFO - 📊 Análise Est.4:
2025-11-04 21:19:28,382 - INFO -    Preço: 3275.90 | MA21: 3278.81 | RSI: 40.73
2025-11-04 21:19:28,382 - INFO -    Preço > MA21? ❌ NÃO
2025-11-04 21:19:28,382 - INFO -    RSI < 70.0? ✅ SIM
2025-11-04 21:19:28,382 - INFO -    Sem posições? ✅ SIM
2025-11-04 21:19:58,680 - INFO - 💹 ETHUSDT: 3278.70000000 USDT
2025-11-04 21:19:58,680 - INFO - 📊 Análise Est.4:
2025-11-04 21:19:58,680 - INFO -    Preço: 3278.70 | MA21: 3278.94 | RSI: 43.48
2025-11-04 21:19:58,680 - INFO -    Preço > MA21? ❌ NÃO
2025-11-04 21:19:58,680 - INFO -    RSI < 70.0? ✅ SIM
2025-11-04 21:19:58,680 - INFO -    Sem posições? ✅ SIM
2025-11-04 21:20:28,976 - INFO - 💹 ETHUSDT: 3281.77000000 USDT
2025-11-04 21:20:28,976 - INFO - 📊 Análise Est.4:
2025-11-04 21:20:28,976 - INFO -    Preço: 3281.77 | MA21: 3278.71 | RSI: 60.24
2025-11-04 21:20:28,976 - INFO -    Preço > MA21? ✅ SIM
2025-11-04 21:20:28,976 - INFO -    RSI < 70.0? ✅ SIM
2025-11-04 21:20:28,976 - INFO -    Sem posições? ✅ SIM
2025-11-04 21:20:28,976 - INFO - 🟢 TODAS AS CONDIÇÕES ATENDIDAS - ABRINDO COMPRA!
2025-11-04 21:20:28,976 - INFO - 📈 Abrindo posição COMPRA
2025-11-04 21:20:28,976 - INFO -    Preço: 3281.77000000
2025-11-04 21:20:28,976 - INFO -    Quantidade: 0.00460000
2025-11-04 21:20:28,976 - INFO -    Valor: 15.0 USDT
2025-11-04 21:20:29,802 - INFO - ✅ Ordem executada: 12134597
2025-11-04 21:21:00,095 - INFO - 💹 ETHUSDT: 3283.56000000 USDT
2025-11-04 21:21:00,095 - INFO - 📊 Análise Est.4:
2025-11-04 21:21:00,095 - INFO -    Preço: 3283.56 | MA21: 3278.79 | RSI: 62.01
2025-11-04 21:21:00,095 - INFO -    Preço > MA21? ✅ SIM
2025-11-04 21:21:00,095 - INFO -    RSI < 70.0? ✅ SIM
2025-11-04 21:21:00,095 - INFO -    Sem posições? ❌ NÃO
2025-11-04 21:21:30,388 - INFO - 💹 ETHUSDT: 3275.79000000 USDT
2025-11-04 21:21:30,388 - INFO - 📊 Análise Est.4:
2025-11-04 21:21:30,388 - INFO -    Preço: 3275.79 | MA21: 3278.43 | RSI: 49.21
2025-11-04 21:21:30,388 - INFO -    Preço > MA21? ❌ NÃO
2025-11-04 21:21:30,388 - INFO -    RSI < 70.0? ✅ SIM
2025-11-04 21:21:30,388 - INFO -    Sem posições? ❌ NÃO
2025-11-04 21:22:00,683 - INFO - 💹 ETHUSDT: 3276.10000000 USDT
2025-11-04 21:22:00,683 - INFO - 📊 Análise Est.4:
2025-11-04 21:22:00,683 - INFO -    Preço: 3276.10 | MA21: 3278.44 | RSI: 49.55
2025-11-04 21:22:00,683 - INFO -    Preço > MA21? ❌ NÃO
2025-11-04 21:22:00,683 - INFO -    RSI < 70.0? ✅ SIM
2025-11-04 21:22:00,683 - INFO -    Sem posições? ❌ NÃO
2025-11-04 21:22:30,984 - INFO - 💹 ETHUSDT: 3276.27000000 USDT
2025-11-04 21:22:30,984 - INFO - 📊 Análise Est.4:
2025-11-04 21:22:30,984 - INFO -    Preço: 3276.27 | MA21: 3277.80 | RSI: 48.93
2025-11-04 21:22:30,984 - INFO -    Preço > MA21? ❌ NÃO
2025-11-04 21:22:30,984 - INFO -    RSI < 70.0? ✅ SIM
2025-11-04 21:22:30,984 - INFO -    Sem posições? ❌ NÃO
2025-11-04 21:23:01,287 - INFO - 💹 ETHUSDT: 3279.02000000 USDT
2025-11-04 21:23:01,287 - INFO - 📊 Análise Est.4:
2025-11-04 21:23:01,287 - INFO -    Preço: 3279.02 | MA21: 3277.94 | RSI: 52.00
2025-11-04 21:23:01,287 - INFO -    Preço > MA21? ✅ SIM
2025-11-04 21:23:01,287 - INFO -    RSI < 70.0? ✅ SIM
2025-11-04 21:23:01,287 - INFO -    Sem posições? ❌ NÃO
2025-11-04 21:23:31,584 - INFO - 💹 ETHUSDT: 3279.94000000 USDT
2025-11-04 21:23:31,584 - INFO - 📊 Análise Est.4:
2025-11-04 21:23:31,584 - INFO -    Preço: 3279.94 | MA21: 3277.08 | RSI: 55.61
2025-11-04 21:23:31,584 - INFO -    Preço > MA21? ✅ SIM
2025-11-04 21:23:31,584 - INFO -    RSI < 70.0? ✅ SIM
2025-11-04 21:23:31,584 - INFO -    Sem posições? ❌ NÃO
2025-11-04 21:24:01,885 - INFO - 💹 ETHUSDT: 3277.89000000 USDT
2025-11-04 21:24:01,885 - INFO - 📊 Análise Est.4:
2025-11-04 21:24:01,885 - INFO -    Preço: 3277.89 | MA21: 3276.98 | RSI: 53.16
2025-11-04 21:24:01,885 - INFO -    Preço > MA21? ✅ SIM
2025-11-04 21:24:01,885 - INFO -    RSI < 70.0? ✅ SIM
2025-11-04 21:24:01,885 - INFO -    Sem posições? ❌ NÃO
2025-11-04 21:24:32,171 - INFO - 💹 ETHUSDT: 3274.88000000 USDT
2025-11-04 21:24:32,171 - INFO - 📊 Análise Est.4:
2025-11-04 21:24:32,171 - INFO -    Preço: 3274.88 | MA21: 3276.28 | RSI: 48.70
2025-11-04 21:24:32,171 - INFO -    Preço > MA21? ❌ NÃO
2025-11-04 21:24:32,171 - INFO -    RSI < 70.0? ✅ SIM
2025-11-04 21:24:32,171 - INFO -    Sem posições? ❌ NÃO
2025-11-04 21:25:02,474 - INFO - 💹 ETHUSDT: 3270.46000000 USDT
2025-11-04 21:25:02,474 - INFO - 📊 Análise Est.4:
2025-11-04 21:25:02,474 - INFO -    Preço: 3270.46 | MA21: 3276.07 | RSI: 44.53
2025-11-04 21:25:02,474 - INFO -    Preço > MA21? ❌ NÃO
2025-11-04 21:25:02,474 - INFO -    RSI < 70.0? ✅ SIM
2025-11-04 21:25:02,474 - INFO -    Sem posições? ❌ NÃO
2025-11-04 21:25:32,760 - INFO - 💹 ETHUSDT: 3268.25000000 USDT
2025-11-04 21:25:32,760 - INFO - 📊 Análise Est.4:
2025-11-04 21:25:32,760 - INFO -    Preço: 3268.25 | MA21: 3275.35 | RSI: 43.43
2025-11-04 21:25:32,760 - INFO -    Preço > MA21? ❌ NÃO
2025-11-04 21:25:32,760 - INFO -    RSI < 70.0? ✅ SIM
2025-11-04 21:25:32,760 - INFO -    Sem posições? ❌ NÃO
2025-11-04 21:26:03,073 - INFO - 💹 ETHUSDT: 3265.60000000 USDT
2025-11-04 21:26:03,074 - INFO - 📊 Análise Est.4:
2025-11-04 21:26:03,074 - INFO -    Preço: 3265.60 | MA21: 3275.23 | RSI: 41.36
2025-11-04 21:26:03,074 - INFO -    Preço > MA21? ❌ NÃO
2025-11-04 21:26:03,074 - INFO -    RSI < 70.0? ✅ SIM
2025-11-04 21:26:03,074 - INFO -    Sem posições? ❌ NÃO
2025-11-04 21:26:33,367 - INFO - 💹 ETHUSDT: 3260.49000000 USDT
2025-11-04 21:26:33,369 - INFO - 📊 Análise Est.4:
2025-11-04 21:26:33,369 - INFO -    Preço: 3260.49 | MA21: 3274.07 | RSI: 35.81
2025-11-04 21:26:33,369 - INFO -    Preço > MA21? ❌ NÃO
2025-11-04 21:26:33,369 - INFO -    RSI < 70.0? ✅ SIM
2025-11-04 21:26:33,369 - INFO -    Sem posições? ❌ NÃO
2025-11-04 21:27:03,653 - INFO - 💹 ETHUSDT: 3264.65000000 USDT
2025-11-04 21:27:03,653 - INFO - 📊 Análise Est.4:
2025-11-04 21:27:03,653 - INFO -    Preço: 3264.65 | MA21: 3274.27 | RSI: 38.54
2025-11-04 21:27:03,653 - INFO -    Preço > MA21? ❌ NÃO
2025-11-04 21:27:03,653 - INFO -    RSI < 70.0? ✅ SIM
2025-11-04 21:27:03,653 - INFO -    Sem posições? ❌ NÃO
2025-11-04 21:27:34,468 - INFO - 💹 ETHUSDT: 3264.12000000 USDT
2025-11-04 21:27:34,468 - INFO - 📊 Análise Est.4:
2025-11-04 21:27:34,468 - INFO -    Preço: 3264.12 | MA21: 3273.80 | RSI: 40.57
2025-11-04 21:27:34,468 - INFO -    Preço > MA21? ❌ NÃO
2025-11-04 21:27:34,468 - INFO -    RSI < 70.0? ✅ SIM
2025-11-04 21:27:34,468 - INFO -    Sem posições? ❌ NÃO
2025-11-04 21:28:04,760 - INFO - 💹 ETHUSDT: 3260.59000000 USDT
2025-11-04 21:28:04,769 - INFO - 📊 Análise Est.4:
2025-11-04 21:28:04,769 - INFO -    Preço: 3260.59 | MA21: 3273.64 | RSI: 37.99
2025-11-04 21:28:04,769 - INFO -    Preço > MA21? ❌ NÃO
2025-11-04 21:28:04,769 - INFO -    RSI < 70.0? ✅ SIM
2025-11-04 21:28:04,769 - INFO -    Sem posições? ❌ NÃO
2025-11-04 21:28:35,075 - INFO - 💹 ETHUSDT: 3256.92000000 USDT
2025-11-04 21:28:35,075 - INFO - 📊 Análise Est.4:
2025-11-04 21:28:35,075 - INFO -    Preço: 3256.92 | MA21: 3272.67 | RSI: 36.84
2025-11-04 21:28:35,075 - INFO -    Preço > MA21? ❌ NÃO
2025-11-04 21:28:35,075 - INFO -    RSI < 70.0? ✅ SIM
2025-11-04 21:28:35,075 - INFO -    Sem posições? ❌ NÃO
2025-11-04 21:29:05,368 - INFO - 💹 ETHUSDT: 3261.07000000 USDT
2025-11-04 21:29:05,368 - INFO - 📊 Análise Est.4:
2025-11-04 21:29:05,368 - INFO -    Preço: 3261.07 | MA21: 3272.87 | RSI: 40.18
2025-11-04 21:29:05,368 - INFO -    Preço > MA21? ❌ NÃO
2025-11-04 21:29:05,368 - INFO -    RSI < 70.0? ✅ SIM
2025-11-04 21:29:05,368 - INFO -    Sem posições? ❌ NÃO
2025-11-04 21:29:35,642 - INFO - 💹 ETHUSDT: 3258.34000000 USDT
2025-11-04 21:29:35,658 - INFO - 📊 Análise Est.4:
2025-11-04 21:29:35,658 - INFO -    Preço: 3258.34 | MA21: 3271.97 | RSI: 38.51
2025-11-04 21:29:35,658 - INFO -    Preço > MA21? ❌ NÃO
2025-11-04 21:29:35,658 - INFO -    RSI < 70.0? ✅ SIM
2025-11-04 21:29:35,658 - INFO -    Sem posições? ❌ NÃO
2025-11-04 21:30:05,945 - INFO - 💹 ETHUSDT: 3258.69000000 USDT
2025-11-04 21:30:05,945 - INFO - 📊 Análise Est.4:
2025-11-04 21:30:05,945 - INFO -    Preço: 3258.69 | MA21: 3271.98 | RSI: 38.75
2025-11-04 21:30:05,945 - INFO -    Preço > MA21? ❌ NÃO
2025-11-04 21:30:05,945 - INFO -    RSI < 70.0? ✅ SIM
2025-11-04 21:30:05,945 - INFO -    Sem posições? ❌ NÃO
2025-11-04 21:30:36,241 - INFO - 💹 ETHUSDT: 3255.55000000 USDT
2025-11-04 21:30:36,242 - INFO - 📊 Análise Est.4:
2025-11-04 21:30:36,242 - INFO -    Preço: 3255.55 | MA21: 3270.92 | RSI: 38.92
2025-11-04 21:30:36,242 - INFO -    Preço > MA21? ❌ NÃO
2025-11-04 21:30:36,242 - INFO -    RSI < 70.0? ✅ SIM
2025-11-04 21:30:36,242 - INFO -    Sem posições? ❌ NÃO
2025-11-04 21:31:06,533 - INFO - 💹 ETHUSDT: 3256.43000000 USDT
2025-11-04 21:31:06,533 - INFO - 📊 Análise Est.4:
2025-11-04 21:31:06,533 - INFO -    Preço: 3256.43 | MA21: 3270.96 | RSI: 39.74
2025-11-04 21:31:06,533 - INFO -    Preço > MA21? ❌ NÃO
2025-11-04 21:31:06,533 - INFO -    RSI < 70.0? ✅ SIM
2025-11-04 21:31:06,533 - INFO -    Sem posições? ❌ NÃO
2025-11-04 21:31:36,828 - INFO - 💹 ETHUSDT: 3254.56000000 USDT
2025-11-04 21:31:36,828 - INFO - 📊 Análise Est.4:
2025-11-04 21:31:36,828 - INFO -    Preço: 3254.56 | MA21: 3269.94 | RSI: 40.72
2025-11-04 21:31:36,828 - INFO -    Preço > MA21? ❌ NÃO
2025-11-04 21:31:36,828 - INFO -    RSI < 70.0? ✅ SIM
2025-11-04 21:31:36,828 - INFO -    Sem posições? ❌ NÃO
2025-11-04 21:32:07,117 - INFO - 💹 ETHUSDT: 3253.96000000 USDT
2025-11-04 21:32:07,127 - INFO - 📊 Análise Est.4:
2025-11-04 21:32:07,127 - INFO -    Preço: 3253.96 | MA21: 3269.91 | RSI: 40.29
2025-11-04 21:32:07,127 - INFO -    Preço > MA21? ❌ NÃO
2025-11-04 21:32:07,127 - INFO -    RSI < 70.0? ✅ SIM
2025-11-04 21:32:07,127 - INFO -    Sem posições? ❌ NÃO
2025-11-04 21:32:37,420 - INFO - 💹 ETHUSDT: 3251.79000000 USDT
2025-11-04 21:32:37,420 - INFO - 📊 Análise Est.4:
2025-11-04 21:32:37,420 - INFO -    Preço: 3251.79 | MA21: 3268.79 | RSI: 21.36
2025-11-04 21:32:37,420 - INFO -    Preço > MA21? ❌ NÃO
2025-11-04 21:32:37,420 - INFO -    RSI < 70.0? ✅ SIM
2025-11-04 21:32:37,420 - INFO -    Sem posições? ❌ NÃO
2025-11-04 21:33:07,712 - INFO - 💹 ETHUSDT: 3250.41000000 USDT
2025-11-04 21:33:07,712 - INFO - 📊 Análise Est.4:
2025-11-04 21:33:07,712 - INFO -    Preço: 3250.41 | MA21: 3268.73 | RSI: 20.73
2025-11-04 21:33:07,719 - INFO -    Preço > MA21? ❌ NÃO
2025-11-04 21:33:07,719 - INFO -    RSI < 70.0? ✅ SIM
2025-11-04 21:33:07,719 - INFO -    Sem posições? ❌ NÃO
2025-11-04 21:33:38,537 - INFO - 💹 ETHUSDT: 3249.85000000 USDT
2025-11-04 21:33:38,537 - INFO - 📊 Análise Est.4:
2025-11-04 21:33:38,537 - INFO -    Preço: 3249.85 | MA21: 3267.49 | RSI: 15.26
2025-11-04 21:33:38,537 - INFO -    Preço > MA21? ❌ NÃO
2025-11-04 21:33:38,537 - INFO -    RSI < 70.0? ✅ SIM
2025-11-04 21:33:38,537 - INFO -    Sem posições? ❌ NÃO
2025-11-04 21:34:08,821 - INFO - 💹 ETHUSDT: 3246.64000000 USDT
2025-11-04 21:34:08,821 - INFO - 📊 Análise Est.4:
2025-11-04 21:34:08,821 - INFO -    Preço: 3246.64 | MA21: 3267.34 | RSI: 14.24
2025-11-04 21:34:08,821 - INFO -    Preço > MA21? ❌ NÃO
2025-11-04 21:34:08,821 - INFO -    RSI < 70.0? ✅ SIM
2025-11-04 21:34:08,821 - INFO -    Sem posições? ❌ NÃO
2025-11-04 21:34:39,122 - INFO - 💹 ETHUSDT: 3246.09000000 USDT
2025-11-04 21:34:39,122 - INFO - 📊 Análise Est.4:
2025-11-04 21:34:39,122 - INFO -    Preço: 3246.09 | MA21: 3266.02 | RSI: 9.17
2025-11-04 21:34:39,124 - INFO -    Preço > MA21? ❌ NÃO
2025-11-04 21:34:39,124 - INFO -    RSI < 70.0? ✅ SIM
2025-11-04 21:34:39,124 - INFO -    Sem posições? ❌ NÃO
2025-11-04 21:35:09,414 - INFO - 💹 ETHUSDT: 3249.77000000 USDT
2025-11-04 21:35:09,414 - INFO - 📊 Análise Est.4:
2025-11-04 21:35:09,414 - INFO -    Preço: 3249.77 | MA21: 3266.19 | RSI: 15.14
2025-11-04 21:35:09,414 - INFO -    Preço > MA21? ❌ NÃO
2025-11-04 21:35:09,414 - INFO -    RSI < 70.0? ✅ SIM
2025-11-04 21:35:09,414 - INFO -    Sem posições? ❌ NÃO
2025-11-04 21:35:40,228 - INFO - 💹 ETHUSDT: 3249.10000000 USDT
2025-11-04 21:35:40,228 - INFO - 📊 Análise Est.4:
2025-11-04 21:35:40,228 - INFO -    Preço: 3249.10 | MA21: 3265.11 | RSI: 17.15
2025-11-04 21:35:40,228 - INFO -    Preço > MA21? ❌ NÃO
2025-11-04 21:35:40,228 - INFO -    RSI < 70.0? ✅ SIM
2025-11-04 21:35:40,228 - INFO -    Sem posições? ❌ NÃO
2025-11-04 21:36:10,532 - INFO - 💹 ETHUSDT: 3247.56000000 USDT
2025-11-04 21:36:10,532 - INFO - 📊 Análise Est.4:
2025-11-04 21:36:10,532 - INFO -    Preço: 3247.56 | MA21: 3265.03 | RSI: 16.55
2025-11-04 21:36:10,532 - INFO -    Preço > MA21? ❌ NÃO
2025-11-04 21:36:10,532 - INFO -    RSI < 70.0? ✅ SIM
2025-11-04 21:36:10,532 - INFO -    Sem posições? ❌ NÃO
2025-11-04 21:36:40,834 - INFO - 💹 ETHUSDT: 3241.18000000 USDT
2025-11-04 21:36:40,834 - INFO - 📊 Análise Est.4:
2025-11-04 21:36:40,834 - INFO -    Preço: 3241.18 | MA21: 3263.58 | RSI: 10.17
2025-11-04 21:36:40,834 - INFO -    Preço > MA21? ❌ NÃO
2025-11-04 21:36:40,834 - INFO -    RSI < 70.0? ✅ SIM
2025-11-04 21:36:40,834 - INFO -    Sem posições? ❌ NÃO
2025-11-04 21:37:11,131 - INFO - 💹 ETHUSDT: 3242.61000000 USDT
2025-11-04 21:37:11,131 - INFO - 📊 Análise Est.4:
2025-11-04 21:37:11,131 - INFO -    Preço: 3242.61 | MA21: 3263.65 | RSI: 10.48
2025-11-04 21:37:11,131 - INFO -    Preço > MA21? ❌ NÃO
2025-11-04 21:37:11,131 - INFO -    RSI < 70.0? ✅ SIM
2025-11-04 21:37:11,131 - INFO -    Sem posições? ❌ NÃO
2025-11-04 21:37:41,424 - INFO - 💹 ETHUSDT: 3244.54000000 USDT
2025-11-04 21:37:41,424 - INFO - 📊 Análise Est.4:
2025-11-04 21:37:41,424 - INFO -    Preço: 3244.54 | MA21: 3262.52 | RSI: 14.55
2025-11-04 21:37:41,424 - INFO -    Preço > MA21? ❌ NÃO
2025-11-04 21:37:41,424 - INFO -    RSI < 70.0? ✅ SIM
2025-11-04 21:37:41,424 - INFO -    Sem posições? ❌ NÃO
2025-11-04 21:38:11,717 - INFO - 💹 ETHUSDT: 3249.57000000 USDT
2025-11-04 21:38:11,717 - INFO - 📊 Análise Est.4:
2025-11-04 21:38:11,717 - INFO -    Preço: 3249.57 | MA21: 3262.76 | RSI: 22.80
2025-11-04 21:38:11,718 - INFO -    Preço > MA21? ❌ NÃO
2025-11-04 21:38:11,718 - INFO -    RSI < 70.0? ✅ SIM
2025-11-04 21:38:11,718 - INFO -    Sem posições? ❌ NÃO
2025-11-04 21:38:42,011 - INFO - 💹 ETHUSDT: 3255.57000000 USDT
2025-11-04 21:38:42,013 - INFO - 📊 Análise Est.4:
2025-11-04 21:38:42,013 - INFO -    Preço: 3255.57 | MA21: 3262.32 | RSI: 35.30
2025-11-04 21:38:42,013 - INFO -    Preço > MA21? ❌ NÃO
2025-11-04 21:38:42,013 - INFO -    RSI < 70.0? ✅ SIM
2025-11-04 21:38:42,013 - INFO -    Sem posições? ❌ NÃO
2025-11-04 21:39:12,305 - INFO - 💹 ETHUSDT: 3255.48000000 USDT
2025-11-04 21:39:12,305 - INFO - 📊 Análise Est.4:
2025-11-04 21:39:12,305 - INFO -    Preço: 3255.48 | MA21: 3261.24 | RSI: 38.92
2025-11-04 21:39:12,305 - INFO -    Preço > MA21? ❌ NÃO
2025-11-04 21:39:12,305 - INFO -    RSI < 70.0? ✅ SIM
2025-11-04 21:39:12,305 - INFO -    Sem posições? ❌ NÃO
2025-11-04 21:39:42,595 - INFO - 💹 ETHUSDT: 3253.18000000 USDT
2025-11-04 21:39:42,595 - INFO - 📊 Análise Est.4:
2025-11-04 21:39:42,595 - INFO -    Preço: 3253.18 | MA21: 3261.13 | RSI: 37.06
2025-11-04 21:39:42,595 - INFO -    Preço > MA21? ❌ NÃO
2025-11-04 21:39:42,595 - INFO -    RSI < 70.0? ✅ SIM
2025-11-04 21:39:42,595 - INFO -    Sem posições? ❌ NÃO
2025-11-04 21:40:12,889 - INFO - 💹 ETHUSDT: 3249.34000000 USDT
2025-11-04 21:40:12,889 - INFO - 📊 Análise Est.4:
2025-11-04 21:40:12,889 - INFO -    Preço: 3249.34 | MA21: 3259.44 | RSI: 34.96
2025-11-04 21:40:12,889 - INFO -    Preço > MA21? ❌ NÃO
2025-11-04 21:40:12,889 - INFO -    RSI < 70.0? ✅ SIM
2025-11-04 21:40:12,889 - INFO -    Sem posições? ❌ NÃO
2025-11-04 21:40:43,181 - INFO - 💹 ETHUSDT: 3250.03000000 USDT
2025-11-04 21:40:43,181 - INFO - 📊 Análise Est.4:
2025-11-04 21:40:43,181 - INFO -    Preço: 3250.03 | MA21: 3259.48 | RSI: 35.83
2025-11-04 21:40:43,181 - INFO -    Preço > MA21? ❌ NÃO
2025-11-04 21:40:43,181 - INFO -    RSI < 70.0? ✅ SIM
2025-11-04 21:40:43,181 - INFO -    Sem posições? ❌ NÃO
2025-11-04 21:41:13,467 - INFO - 💹 ETHUSDT: 3246.52000000 USDT
2025-11-04 21:41:13,467 - INFO - 📊 Análise Est.4:
2025-11-04 21:41:13,467 - INFO -    Preço: 3246.52 | MA21: 3257.54 | RSI: 36.35
2025-11-04 21:41:13,467 - INFO -    Preço > MA21? ❌ NÃO
2025-11-04 21:41:13,467 - INFO -    RSI < 70.0? ✅ SIM
2025-11-04 21:41:13,467 - INFO -    Sem posições? ❌ NÃO
2025-11-04 21:41:43,772 - INFO - 💹 ETHUSDT: 3259.41000000 USDT
2025-11-04 21:41:43,772 - INFO - 📊 Análise Est.4:
2025-11-04 21:41:43,774 - INFO -    Preço: 3259.41 | MA21: 3258.16 | RSI: 49.63
2025-11-04 21:41:43,774 - INFO -    Preço > MA21? ✅ SIM
2025-11-04 21:41:43,774 - INFO -    RSI < 70.0? ✅ SIM
2025-11-04 21:41:43,774 - INFO -    Sem posições? ❌ NÃO
2025-11-04 21:42:14,584 - INFO - 💹 ETHUSDT: 3239.22000000 USDT
2025-11-04 21:42:14,584 - INFO - 📊 Análise Est.4:
2025-11-04 21:42:14,584 - INFO -    Preço: 3239.22 | MA21: 3255.39 | RSI: 30.14
2025-11-04 21:42:14,584 - INFO -    Preço > MA21? ❌ NÃO
2025-11-04 21:42:14,584 - INFO -    RSI < 70.0? ✅ SIM
2025-11-04 21:42:14,584 - INFO -    Sem posições? ❌ NÃO
2025-11-04 21:42:44,886 - INFO - 💹 ETHUSDT: 3239.59000000 USDT
2025-11-04 21:42:44,886 - INFO - 📊 Análise Est.4:
2025-11-04 21:42:44,886 - INFO -    Preço: 3239.59 | MA21: 3255.40 | RSI: 30.61
2025-11-04 21:42:44,886 - INFO -    Preço > MA21? ❌ NÃO
2025-11-04 21:42:44,887 - INFO -    RSI < 70.0? ✅ SIM
2025-11-04 21:42:44,887 - INFO -    Sem posições? ❌ NÃO
2025-11-04 21:43:15,188 - INFO - 💹 ETHUSDT: 3237.53000000 USDT
2025-11-04 21:43:15,188 - INFO - 📊 Análise Est.4:
2025-11-04 21:43:15,188 - INFO -    Preço: 3237.53 | MA21: 3253.30 | RSI: 32.21
2025-11-04 21:43:15,188 - INFO -    Preço > MA21? ❌ NÃO
2025-11-04 21:43:15,188 - INFO -    RSI < 70.0? ✅ SIM
2025-11-04 21:43:15,188 - INFO -    Sem posições? ❌ NÃO
2025-11-04 21:43:46,007 - INFO - 💹 ETHUSDT: 3233.36000000 USDT
2025-11-04 21:43:46,007 - INFO - 📊 Análise Est.4:
2025-11-04 21:43:46,007 - INFO -    Preço: 3233.36 | MA21: 3253.10 | RSI: 29.79
2025-11-04 21:43:46,007 - INFO -    Preço > MA21? ❌ NÃO
2025-11-04 21:43:46,007 - INFO -    RSI < 70.0? ✅ SIM
2025-11-04 21:43:46,007 - INFO -    Sem posições? ❌ NÃO
2025-11-04 21:44:16,329 - INFO - 💹 ETHUSDT: 3235.64000000 USDT
2025-11-04 21:44:16,329 - INFO - 📊 Análise Est.4:
2025-11-04 21:44:16,329 - INFO -    Preço: 3235.64 | MA21: 3251.20 | RSI: 30.31
2025-11-04 21:44:16,329 - INFO -    Preço > MA21? ❌ NÃO
2025-11-04 21:44:16,329 - INFO -    RSI < 70.0? ✅ SIM
2025-11-04 21:44:16,329 - INFO -    Sem posições? ❌ NÃO
2025-11-04 21:44:46,633 - INFO - 💹 ETHUSDT: 3234.52000000 USDT
2025-11-04 21:44:46,633 - INFO - 📊 Análise Est.4:
2025-11-04 21:44:46,633 - INFO -    Preço: 3234.52 | MA21: 3251.15 | RSI: 29.68
2025-11-04 21:44:46,636 - INFO -    Preço > MA21? ❌ NÃO
2025-11-04 21:44:46,636 - INFO -    RSI < 70.0? ✅ SIM
2025-11-04 21:44:46,636 - INFO -    Sem posições? ❌ NÃO
2025-11-04 21:45:17,457 - INFO - 💹 ETHUSDT: 3230.02000000 USDT
2025-11-04 21:45:17,457 - INFO - 📊 Análise Est.4:
2025-11-04 21:45:17,457 - INFO -    Preço: 3230.02 | MA21: 3249.01 | RSI: 28.61
2025-11-04 21:45:17,457 - INFO -    Preço > MA21? ❌ NÃO
2025-11-04 21:45:17,457 - INFO -    RSI < 70.0? ✅ SIM
2025-11-04 21:45:17,457 - INFO -    Sem posições? ❌ NÃO
2025-11-04 21:45:47,763 - INFO - 💹 ETHUSDT: 3231.21000000 USDT
2025-11-04 21:45:47,763 - INFO - 📊 Análise Est.4:
2025-11-04 21:45:47,763 - INFO -    Preço: 3231.21 | MA21: 3249.06 | RSI: 30.09
2025-11-04 21:45:47,763 - INFO -    Preço > MA21? ❌ NÃO
2025-11-04 21:45:47,763 - INFO -    RSI < 70.0? ✅ SIM
2025-11-04 21:45:47,763 - INFO -    Sem posições? ❌ NÃO
2025-11-04 21:46:18,056 - INFO - 💹 ETHUSDT: 3230.74000000 USDT
2025-11-04 21:46:18,056 - INFO - 📊 Análise Est.4:
2025-11-04 21:46:18,056 - INFO -    Preço: 3230.74 | MA21: 3247.47 | RSI: 31.88
2025-11-04 21:46:18,056 - INFO -    Preço > MA21? ❌ NÃO
2025-11-04 21:46:18,056 - INFO -    RSI < 70.0? ✅ SIM
2025-11-04 21:46:18,056 - INFO -    Sem posições? ❌ NÃO
2025-11-04 21:46:48,875 - INFO - 💹 ETHUSDT: 3230.66000000 USDT
2025-11-04 21:46:48,875 - INFO - 📊 Análise Est.4:
2025-11-04 21:46:48,875 - INFO -    Preço: 3230.66 | MA21: 3247.46 | RSI: 31.84
2025-11-04 21:46:48,875 - INFO -    Preço > MA21? ❌ NÃO
2025-11-04 21:46:48,875 - INFO -    RSI < 70.0? ✅ SIM
2025-11-04 21:46:48,875 - INFO -    Sem posições? ❌ NÃO
2025-11-04 21:47:19,169 - INFO - 💹 ETHUSDT: 3232.83000000 USDT
2025-11-04 21:47:19,169 - INFO - 📊 Análise Est.4:
2025-11-04 21:47:19,169 - INFO -    Preço: 3232.83 | MA21: 3246.05 | RSI: 36.57
2025-11-04 21:47:19,169 - INFO -    Preço > MA21? ❌ NÃO
2025-11-04 21:47:19,169 - INFO -    RSI < 70.0? ✅ SIM
2025-11-04 21:47:19,169 - INFO -    Sem posições? ❌ NÃO
2025-11-04 21:47:49,967 - INFO - 💹 ETHUSDT: 3230.32000000 USDT
2025-11-04 21:47:49,967 - INFO - 📊 Análise Est.4:
2025-11-04 21:47:49,983 - INFO -    Preço: 3230.32 | MA21: 3245.93 | RSI: 34.87
2025-11-04 21:47:49,983 - INFO -    Preço > MA21? ❌ NÃO
2025-11-04 21:47:49,983 - INFO -    RSI < 70.0? ✅ SIM
2025-11-04 21:47:49,983 - INFO -    Sem posições? ❌ NÃO
2025-11-04 21:48:20,266 - INFO - 💹 ETHUSDT: 3230.89000000 USDT
2025-11-04 21:48:20,266 - INFO - 📊 Análise Est.4:
2025-11-04 21:48:20,266 - INFO -    Preço: 3230.89 | MA21: 3244.58 | RSI: 31.21
2025-11-04 21:48:20,266 - INFO -    Preço > MA21? ❌ NÃO
2025-11-04 21:48:20,266 - INFO -    RSI < 70.0? ✅ SIM
2025-11-04 21:48:20,266 - INFO -    Sem posições? ❌ NÃO
2025-11-04 21:48:50,563 - INFO - 💹 ETHUSDT: 3233.35000000 USDT
2025-11-04 21:48:50,563 - INFO - 📊 Análise Est.4:
2025-11-04 21:48:50,563 - INFO -    Preço: 3233.35 | MA21: 3244.70 | RSI: 34.42
2025-11-04 21:48:50,563 - INFO -    Preço > MA21? ❌ NÃO
2025-11-04 21:48:50,563 - INFO -    RSI < 70.0? ✅ SIM
2025-11-04 21:48:50,563 - INFO -    Sem posições? ❌ NÃO
2025-11-04 21:49:20,841 - INFO - 💹 ETHUSDT: 3234.99000000 USDT
2025-11-04 21:49:20,841 - INFO - 📊 Análise Est.4:
2025-11-04 21:49:20,857 - INFO -    Preço: 3234.99 | MA21: 3243.41 | RSI: 37.94
2025-11-04 21:49:20,857 - INFO -    Preço > MA21? ❌ NÃO
2025-11-04 21:49:20,857 - INFO -    RSI < 70.0? ✅ SIM
2025-11-04 21:49:20,857 - INFO -    Sem posições? ❌ NÃO
2025-11-04 21:49:51,144 - INFO - 💹 ETHUSDT: 3236.76000000 USDT
2025-11-04 21:49:51,144 - INFO - 📊 Análise Est.4:
2025-11-04 21:49:51,144 - INFO -    Preço: 3236.76 | MA21: 3243.50 | RSI: 39.98
2025-11-04 21:49:51,144 - INFO -    Preço > MA21? ❌ NÃO
2025-11-04 21:49:51,144 - INFO -    RSI < 70.0? ✅ SIM
2025-11-04 21:49:51,144 - INFO -    Sem posições? ❌ NÃO
2025-11-04 21:50:21,444 - INFO - 💹 ETHUSDT: 3235.39000000 USDT
2025-11-04 21:50:21,444 - INFO - 📊 Análise Est.4:
2025-11-04 21:50:21,444 - INFO -    Preço: 3235.39 | MA21: 3242.46 | RSI: 42.41
2025-11-04 21:50:21,444 - INFO -    Preço > MA21? ❌ NÃO
2025-11-04 21:50:21,444 - INFO -    RSI < 70.0? ✅ SIM
2025-11-04 21:50:21,444 - INFO -    Sem posições? ❌ NÃO
2025-11-04 21:50:51,735 - INFO - 💹 ETHUSDT: 3237.08000000 USDT
2025-11-04 21:50:51,735 - INFO - 📊 Análise Est.4:
2025-11-04 21:50:51,735 - INFO -    Preço: 3237.08 | MA21: 3242.54 | RSI: 44.39
2025-11-04 21:50:51,735 - INFO -    Preço > MA21? ❌ NÃO
2025-11-04 21:50:51,735 - INFO -    RSI < 70.0? ✅ SIM
2025-11-04 21:50:51,735 - INFO -    Sem posições? ❌ NÃO
2025-11-04 21:51:22,029 - INFO - 💹 ETHUSDT: 3238.34000000 USDT
2025-11-04 21:51:22,029 - INFO - 📊 Análise Est.4:
2025-11-04 21:51:22,029 - INFO -    Preço: 3238.34 | MA21: 3241.61 | RSI: 37.11
2025-11-04 21:51:22,029 - INFO -    Preço > MA21? ❌ NÃO
2025-11-04 21:51:22,029 - INFO -    RSI < 70.0? ✅ SIM
2025-11-04 21:51:22,029 - INFO -    Sem posições? ❌ NÃO
2025-11-04 21:51:52,324 - INFO - 💹 ETHUSDT: 3238.15000000 USDT
2025-11-04 21:51:52,324 - INFO - 📊 Análise Est.4:
2025-11-04 21:51:52,324 - INFO -    Preço: 3238.15 | MA21: 3241.61 | RSI: 36.84
2025-11-04 21:51:52,324 - INFO -    Preço > MA21? ❌ NÃO
2025-11-04 21:51:52,324 - INFO -    RSI < 70.0? ✅ SIM
2025-11-04 21:51:52,324 - INFO -    Sem posições? ❌ NÃO
2025-11-04 21:52:22,621 - INFO - 💹 ETHUSDT: 3238.29000000 USDT
2025-11-04 21:52:22,623 - INFO - 📊 Análise Est.4:
2025-11-04 21:52:22,623 - INFO -    Preço: 3238.29 | MA21: 3240.87 | RSI: 27.34
2025-11-04 21:52:22,623 - INFO -    Preço > MA21? ❌ NÃO
2025-11-04 21:52:22,623 - INFO -    RSI < 70.0? ✅ SIM
2025-11-04 21:52:22,623 - INFO -    Sem posições? ❌ NÃO
2025-11-04 21:52:53,434 - INFO - 💹 ETHUSDT: 3235.87000000 USDT
2025-11-04 21:52:53,434 - INFO - 📊 Análise Est.4:
2025-11-04 21:52:53,434 - INFO -    Preço: 3235.87 | MA21: 3240.76 | RSI: 25.70
2025-11-04 21:52:53,434 - INFO -    Preço > MA21? ❌ NÃO
2025-11-04 21:52:53,434 - INFO -    RSI < 70.0? ✅ SIM
2025-11-04 21:52:53,434 - INFO -    Sem posições? ❌ NÃO
2025-11-04 21:53:23,726 - INFO - 💹 ETHUSDT: 3231.98000000 USDT
2025-11-04 21:53:23,726 - INFO - 📊 Análise Est.4:
2025-11-04 21:53:23,726 - INFO -    Preço: 3231.98 | MA21: 3239.68 | RSI: 27.22
2025-11-04 21:53:23,726 - INFO -    Preço > MA21? ❌ NÃO
2025-11-04 21:53:23,726 - INFO -    RSI < 70.0? ✅ SIM
2025-11-04 21:53:23,726 - INFO -    Sem posições? ❌ NÃO
2025-11-04 21:53:54,563 - INFO - 💹 ETHUSDT: 3231.33000000 USDT
2025-11-04 21:53:54,565 - INFO - 📊 Análise Est.4:
2025-11-04 21:53:54,565 - INFO -    Preço: 3231.33 | MA21: 3239.65 | RSI: 26.77
2025-11-04 21:53:54,565 - INFO -    Preço > MA21? ❌ NÃO
2025-11-04 21:53:54,565 - INFO -    RSI < 70.0? ✅ SIM
2025-11-04 21:53:54,565 - INFO -    Sem posições? ❌ NÃO
2025-11-04 21:54:24,848 - INFO - 💹 ETHUSDT: 3236.71000000 USDT
2025-11-04 21:54:24,848 - INFO - 📊 Análise Est.4:
2025-11-04 21:54:24,848 - INFO -    Preço: 3236.71 | MA21: 3239.31 | RSI: 37.08
2025-11-04 21:54:24,848 - INFO -    Preço > MA21? ❌ NÃO
2025-11-04 21:54:24,848 - INFO -    RSI < 70.0? ✅ SIM
2025-11-04 21:54:24,848 - INFO -    Sem posições? ❌ NÃO
2025-11-04 21:54:55,166 - INFO - 💹 ETHUSDT: 3243.03000000 USDT
2025-11-04 21:54:55,168 - INFO - 📊 Análise Est.4:
2025-11-04 21:54:55,168 - INFO -    Preço: 3243.03 | MA21: 3239.61 | RSI: 46.06
2025-11-04 21:54:55,168 - INFO -    Preço > MA21? ✅ SIM
2025-11-04 21:54:55,168 - INFO -    RSI < 70.0? ✅ SIM
2025-11-04 21:54:55,168 - INFO -    Sem posições? ❌ NÃO
2025-11-04 21:55:25,462 - INFO - 💹 ETHUSDT: 3249.27000000 USDT
2025-11-04 21:55:25,462 - INFO - 📊 Análise Est.4:
2025-11-04 21:55:25,462 - INFO -    Preço: 3249.27 | MA21: 3239.76 | RSI: 61.63
2025-11-04 21:55:25,462 - INFO -    Preço > MA21? ✅ SIM
2025-11-04 21:55:25,462 - INFO -    RSI < 70.0? ✅ SIM
2025-11-04 21:55:25,462 - INFO -    Sem posições? ❌ NÃO
2025-11-04 21:55:55,762 - INFO - 💹 ETHUSDT: 3243.55000000 USDT
2025-11-04 21:55:55,767 - INFO - 📊 Análise Est.4:
2025-11-04 21:55:55,767 - INFO -    Preço: 3243.55 | MA21: 3239.49 | RSI: 54.94
2025-11-04 21:55:55,767 - INFO -    Preço > MA21? ✅ SIM
2025-11-04 21:55:55,767 - INFO -    RSI < 70.0? ✅ SIM
2025-11-04 21:55:55,767 - INFO -    Sem posições? ❌ NÃO
2025-11-04 21:56:26,069 - INFO - 💹 ETHUSDT: 3241.11000000 USDT
2025-11-04 21:56:26,069 - INFO - 📊 Análise Est.4:
2025-11-04 21:56:26,069 - INFO -    Preço: 3241.11 | MA21: 3239.94 | RSI: 52.56
2025-11-04 21:56:26,069 - INFO -    Preço > MA21? ✅ SIM
2025-11-04 21:56:26,069 - INFO -    RSI < 70.0? ✅ SIM
2025-11-04 21:56:26,069 - INFO -    Sem posições? ❌ NÃO
2025-11-04 21:56:56,361 - INFO - 💹 ETHUSDT: 3240.55000000 USDT
2025-11-04 21:56:56,361 - INFO - 📊 Análise Est.4:
2025-11-04 21:56:56,361 - INFO -    Preço: 3240.55 | MA21: 3239.91 | RSI: 52.14
2025-11-04 21:56:56,361 - INFO -    Preço > MA21? ✅ SIM
2025-11-04 21:56:56,361 - INFO -    RSI < 70.0? ✅ SIM
2025-11-04 21:56:56,361 - INFO -    Sem posições? ❌ NÃO
2025-11-04 21:57:26,658 - INFO - 💹 ETHUSDT: 3245.66000000 USDT
2025-11-04 21:57:26,659 - INFO - 📊 Análise Est.4:
2025-11-04 21:57:26,659 - INFO -    Preço: 3245.66 | MA21: 3240.04 | RSI: 56.75
2025-11-04 21:57:26,659 - INFO -    Preço > MA21? ✅ SIM
2025-11-04 21:57:26,659 - INFO -    RSI < 70.0? ✅ SIM
2025-11-04 21:57:26,659 - INFO -    Sem posições? ❌ NÃO
2025-11-04 21:57:56,942 - INFO - 💹 ETHUSDT: 3246.45000000 USDT
2025-11-04 21:57:56,942 - INFO - 📊 Análise Est.4:
2025-11-04 21:57:56,942 - INFO -    Preço: 3246.45 | MA21: 3240.08 | RSI: 57.20
2025-11-04 21:57:56,942 - INFO -    Preço > MA21? ✅ SIM
2025-11-04 21:57:56,942 - INFO -    RSI < 70.0? ✅ SIM
2025-11-04 21:57:56,942 - INFO -    Sem posições? ❌ NÃO
2025-11-04 21:58:27,779 - INFO - 💹 ETHUSDT: 3244.65000000 USDT
2025-11-04 21:58:27,781 - INFO - 📊 Análise Est.4:
2025-11-04 21:58:27,781 - INFO -    Preço: 3244.65 | MA21: 3239.76 | RSI: 60.82
2025-11-04 21:58:27,781 - INFO -    Preço > MA21? ✅ SIM
2025-11-04 21:58:27,781 - INFO -    RSI < 70.0? ✅ SIM
2025-11-04 21:58:27,781 - INFO -    Sem posições? ❌ NÃO
2025-11-04 21:58:58,070 - INFO - 💹 ETHUSDT: 3245.69000000 USDT
2025-11-04 21:58:58,070 - INFO - 📊 Análise Est.4:
2025-11-04 21:58:58,070 - INFO -    Preço: 3245.69 | MA21: 3239.81 | RSI: 61.41
2025-11-04 21:58:58,070 - INFO -    Preço > MA21? ✅ SIM
2025-11-04 21:58:58,070 - INFO -    RSI < 70.0? ✅ SIM
2025-11-04 21:58:58,070 - INFO -    Sem posições? ❌ NÃO
2025-11-04 21:59:28,360 - INFO - 💹 ETHUSDT: 3244.22000000 USDT
2025-11-04 21:59:28,360 - INFO - 📊 Análise Est.4:
2025-11-04 21:59:28,360 - INFO -    Preço: 3244.22 | MA21: 3239.22 | RSI: 58.90
2025-11-04 21:59:28,360 - INFO -    Preço > MA21? ✅ SIM
2025-11-04 21:59:28,360 - INFO -    RSI < 70.0? ✅ SIM
2025-11-04 21:59:28,360 - INFO -    Sem posições? ❌ NÃO
2025-11-04 21:59:58,663 - INFO - 💹 ETHUSDT: 3240.67000000 USDT
2025-11-04 21:59:58,664 - INFO - 📊 Análise Est.4:
2025-11-04 21:59:58,664 - INFO -    Preço: 3240.67 | MA21: 3239.05 | RSI: 55.88
2025-11-04 21:59:58,664 - INFO -    Preço > MA21? ✅ SIM
2025-11-04 21:59:58,664 - INFO -    RSI < 70.0? ✅ SIM
2025-11-04 21:59:58,664 - INFO -    Sem posições? ❌ NÃO
2025-11-04 22:00:29,478 - INFO - 💹 ETHUSDT: 3240.64000000 USDT
2025-11-04 22:00:29,478 - INFO - 📊 Análise Est.4:
2025-11-04 22:00:29,478 - INFO -    Preço: 3240.64 | MA21: 3238.57 | RSI: 55.46
2025-11-04 22:00:29,478 - INFO -    Preço > MA21? ✅ SIM
2025-11-04 22:00:29,478 - INFO -    RSI < 70.0? ✅ SIM
2025-11-04 22:00:29,478 - INFO -    Sem posições? ❌ NÃO
2025-11-04 22:00:59,770 - INFO - 💹 ETHUSDT: 3239.77000000 USDT
2025-11-04 22:00:59,770 - INFO - 📊 Análise Est.4:
2025-11-04 22:00:59,770 - INFO -    Preço: 3239.77 | MA21: 3238.53 | RSI: 54.91
2025-11-04 22:00:59,770 - INFO -    Preço > MA21? ✅ SIM
2025-11-04 22:00:59,770 - INFO -    RSI < 70.0? ✅ SIM
2025-11-04 22:00:59,770 - INFO -    Sem posições? ❌ NÃO
2025-11-04 22:01:30,071 - INFO - 💹 ETHUSDT: 3237.69000000 USDT
2025-11-04 22:01:30,071 - INFO - 📊 Análise Est.4:
2025-11-04 22:01:30,071 - INFO -    Preço: 3237.69 | MA21: 3238.10 | RSI: 54.83
2025-11-04 22:01:30,071 - INFO -    Preço > MA21? ❌ NÃO
2025-11-04 22:01:30,071 - INFO -    RSI < 70.0? ✅ SIM
2025-11-04 22:01:30,071 - INFO -    Sem posições? ❌ NÃO
2025-11-04 22:02:00,894 - INFO - 💹 ETHUSDT: 3236.19000000 USDT
2025-11-04 22:02:00,894 - INFO - 📊 Análise Est.4:
2025-11-04 22:02:00,894 - INFO -    Preço: 3236.19 | MA21: 3238.03 | RSI: 53.69
2025-11-04 22:02:00,894 - INFO -    Preço > MA21? ❌ NÃO
2025-11-04 22:02:00,894 - INFO -    RSI < 70.0? ✅ SIM
2025-11-04 22:02:00,894 - INFO -    Sem posições? ❌ NÃO
2025-11-04 22:02:31,180 - INFO - 💹 ETHUSDT: 3233.76000000 USDT
2025-11-04 22:02:31,180 - INFO - 📊 Análise Est.4:
2025-11-04 22:02:31,180 - INFO -    Preço: 3233.76 | MA21: 3237.67 | RSI: 50.85
2025-11-04 22:02:31,180 - INFO -    Preço > MA21? ❌ NÃO
2025-11-04 22:02:31,180 - INFO -    RSI < 70.0? ✅ SIM
2025-11-04 22:02:31,180 - INFO -    Sem posições? ❌ NÃO
2025-11-04 22:03:01,482 - INFO - 💹 ETHUSDT: 3228.00000000 USDT
2025-11-04 22:03:01,482 - INFO - 📊 Análise Est.4:
2025-11-04 22:03:01,482 - INFO -    Preço: 3228.00 | MA21: 3237.40 | RSI: 47.11
2025-11-04 22:03:01,482 - INFO -    Preço > MA21? ❌ NÃO
2025-11-04 22:03:01,482 - INFO -    RSI < 70.0? ✅ SIM
2025-11-04 22:03:01,482 - INFO -    Sem posições? ❌ NÃO
2025-11-04 22:03:31,774 - INFO - 💹 ETHUSDT: 3227.53000000 USDT
2025-11-04 22:03:31,774 - INFO - 📊 Análise Est.4:
2025-11-04 22:03:31,776 - INFO -    Preço: 3227.53 | MA21: 3236.92 | RSI: 44.83
2025-11-04 22:03:31,776 - INFO -    Preço > MA21? ❌ NÃO
2025-11-04 22:03:31,776 - INFO -    RSI < 70.0? ✅ SIM
2025-11-04 22:03:31,776 - INFO -    Sem posições? ❌ NÃO
2025-11-04 22:04:02,596 - INFO - 💹 ETHUSDT: 3229.80000000 USDT
2025-11-04 22:04:02,598 - INFO - 📊 Análise Est.4:
2025-11-04 22:04:02,598 - INFO -    Preço: 3229.80 | MA21: 3237.03 | RSI: 46.39
2025-11-04 22:04:02,598 - INFO -    Preço > MA21? ❌ NÃO
2025-11-04 22:04:02,598 - INFO -    RSI < 70.0? ✅ SIM
2025-11-04 22:04:02,598 - INFO -    Sem posições? ❌ NÃO
2025-11-04 22:04:32,890 - INFO - 💹 ETHUSDT: 3228.55000000 USDT
2025-11-04 22:04:32,890 - INFO - 📊 Análise Est.4:
2025-11-04 22:04:32,890 - INFO -    Preço: 3228.55 | MA21: 3236.69 | RSI: 45.41
2025-11-04 22:04:32,890 - INFO -    Preço > MA21? ❌ NÃO
2025-11-04 22:04:32,890 - INFO -    RSI < 70.0? ✅ SIM
2025-11-04 22:04:32,890 - INFO -    Sem posições? ❌ NÃO
2025-11-04 22:05:03,184 - INFO - 💹 ETHUSDT: 3224.15000000 USDT
2025-11-04 22:05:03,184 - INFO - 📊 Análise Est.4:
2025-11-04 22:05:03,184 - INFO -    Preço: 3224.15 | MA21: 3236.48 | RSI: 42.99
2025-11-04 22:05:03,184 - INFO -    Preço > MA21? ❌ NÃO
2025-11-04 22:05:03,184 - INFO -    RSI < 70.0? ✅ SIM
2025-11-04 22:05:03,184 - INFO -    Sem posições? ❌ NÃO
2025-11-04 22:05:34,014 - INFO - 💹 ETHUSDT: 3223.05000000 USDT
2025-11-04 22:05:34,014 - INFO - 📊 Análise Est.4:
2025-11-04 22:05:34,014 - INFO -    Preço: 3223.05 | MA21: 3235.93 | RSI: 41.25
2025-11-04 22:05:34,014 - INFO -    Preço > MA21? ❌ NÃO
2025-11-04 22:05:34,014 - INFO -    RSI < 70.0? ✅ SIM
2025-11-04 22:05:34,014 - INFO -    Sem posições? ❌ NÃO
2025-11-04 22:06:04,309 - INFO - 💹 ETHUSDT: 3213.12000000 USDT
2025-11-04 22:06:04,309 - INFO - 📊 Análise Est.4:
2025-11-04 22:06:04,309 - INFO -    Preço: 3213.12 | MA21: 3235.46 | RSI: 36.08
2025-11-04 22:06:04,309 - INFO -    Preço > MA21? ❌ NÃO
2025-11-04 22:06:04,309 - INFO -    RSI < 70.0? ✅ SIM
2025-11-04 22:06:04,309 - INFO -    Sem posições? ❌ NÃO
2025-11-04 22:06:04,309 - INFO - 🛑 Stop Loss atingido! Preço: 3213.12000000
2025-11-04 22:06:04,309 - INFO - 🔄 Fechando posição COMPRA
2025-11-04 22:06:04,605 - INFO - ❌ Prejuízo: -0.32 USDT
2025-11-04 22:06:04,605 - INFO - ------------------------------------------------------------
2025-11-04 22:06:04,605 - INFO - 📊 ESTATÍSTICAS
2025-11-04 22:06:04,605 - INFO -    Total de trades: 5
2025-11-04 22:06:04,605 - INFO -    Trades vencedores: 2
2025-11-04 22:06:04,605 - INFO -    Win Rate: 40.0%
2025-11-04 22:06:04,605 - INFO -    Lucro diário: -2.34 USDT
2025-11-04 22:06:04,605 - INFO -    Lucro total: -2.34 USDT
2025-11-04 22:06:04,605 - INFO -    Posições abertas: 0
2025-11-04 22:06:04,605 - INFO - ------------------------------------------------------------
2025-11-04 22:06:34,886 - INFO - 💹 ETHUSDT: 3210.95000000 USDT
2025-11-04 22:06:34,886 - INFO - 📊 Análise Est.4:
2025-11-04 22:06:34,886 - INFO -    Preço: 3210.95 | MA21: 3234.43 | RSI: 37.42
2025-11-04 22:06:34,886 - INFO -    Preço > MA21? ❌ NÃO
2025-11-04 22:06:34,886 - INFO -    RSI < 70.0? ✅ SIM
2025-11-04 22:06:34,886 - INFO -    Sem posições? ✅ SIM
2025-11-04 22:07:05,203 - INFO - 💹 ETHUSDT: 3212.18000000 USDT
2025-11-04 22:07:05,203 - INFO - 📊 Análise Est.4:
2025-11-04 22:07:05,203 - INFO -    Preço: 3212.18 | MA21: 3234.49 | RSI: 37.96
2025-11-04 22:07:05,203 - INFO -    Preço > MA21? ❌ NÃO
2025-11-04 22:07:05,203 - INFO -    RSI < 70.0? ✅ SIM
2025-11-04 22:07:05,203 - INFO -    Sem posições? ✅ SIM
2025-11-04 22:07:35,509 - INFO - 💹 ETHUSDT: 3212.06000000 USDT
2025-11-04 22:07:35,509 - INFO - 📊 Análise Est.4:
2025-11-04 22:07:35,509 - INFO -    Preço: 3212.06 | MA21: 3233.61 | RSI: 37.45
2025-11-04 22:07:35,509 - INFO -    Preço > MA21? ❌ NÃO
2025-11-04 22:07:35,509 - INFO -    RSI < 70.0? ✅ SIM
2025-11-04 22:07:35,509 - INFO -    Sem posições? ✅ SIM
2025-11-04 22:08:05,806 - INFO - 💹 ETHUSDT: 3211.96000000 USDT
2025-11-04 22:08:05,806 - INFO - 📊 Análise Est.4:
2025-11-04 22:08:05,806 - INFO -    Preço: 3211.96 | MA21: 3233.60 | RSI: 37.41
2025-11-04 22:08:05,806 - INFO -    Preço > MA21? ❌ NÃO
2025-11-04 22:08:05,806 - INFO -    RSI < 70.0? ✅ SIM
2025-11-04 22:08:05,806 - INFO -    Sem posições? ✅ SIM
2025-11-04 22:08:36,676 - INFO - 💹 ETHUSDT: 3204.80000000 USDT
2025-11-04 22:08:36,676 - INFO - 📊 Análise Est.4:
2025-11-04 22:08:36,676 - INFO -    Preço: 3204.80 | MA21: 3232.36 | RSI: 24.71
2025-11-04 22:08:36,676 - INFO -    Preço > MA21? ❌ NÃO
2025-11-04 22:08:36,676 - INFO -    RSI < 70.0? ✅ SIM
2025-11-04 22:08:36,676 - INFO -    Sem posições? ✅ SIM
2025-11-04 22:09:06,966 - INFO - 💹 ETHUSDT: 3204.40000000 USDT
2025-11-04 22:09:06,966 - INFO - 📊 Análise Est.4:
2025-11-04 22:09:06,966 - INFO -    Preço: 3204.40 | MA21: 3232.34 | RSI: 24.59
2025-11-04 22:09:06,966 - INFO -    Preço > MA21? ❌ NÃO
2025-11-04 22:09:06,966 - INFO -    RSI < 70.0? ✅ SIM
2025-11-04 22:09:06,966 - INFO -    Sem posições? ✅ SIM
2025-11-04 22:09:37,265 - INFO - 💹 ETHUSDT: 3204.51000000 USDT
2025-11-04 22:09:37,265 - INFO - 📊 Análise Est.4:
2025-11-04 22:09:37,265 - INFO -    Preço: 3204.51 | MA21: 3231.01 | RSI: 11.20
2025-11-04 22:09:37,265 - INFO -    Preço > MA21? ❌ NÃO
2025-11-04 22:09:37,265 - INFO -    RSI < 70.0? ✅ SIM
2025-11-04 22:09:37,265 - INFO -    Sem posições? ✅ SIM
2025-11-04 22:10:08,084 - INFO - 💹 ETHUSDT: 3206.50000000 USDT
2025-11-04 22:10:08,084 - INFO - 📊 Análise Est.4:
2025-11-04 22:10:08,084 - INFO -    Preço: 3206.50 | MA21: 3231.10 | RSI: 13.63
2025-11-04 22:10:08,084 - INFO -    Preço > MA21? ❌ NÃO
2025-11-04 22:10:08,084 - INFO -    RSI < 70.0? ✅ SIM
2025-11-04 22:10:08,084 - INFO -    Sem posições? ✅ SIM
2025-11-04 22:10:38,894 - INFO - 💹 ETHUSDT: 3215.29000000 USDT
2025-11-04 22:10:38,894 - INFO - 📊 Análise Est.4:
2025-11-04 22:10:38,894 - INFO -    Preço: 3215.29 | MA21: 3230.18 | RSI: 29.98
2025-11-04 22:10:38,894 - INFO -    Preço > MA21? ❌ NÃO
2025-11-04 22:10:38,894 - INFO -    RSI < 70.0? ✅ SIM
2025-11-04 22:10:38,894 - INFO -    Sem posições? ✅ SIM
2025-11-04 22:11:09,196 - INFO - 💹 ETHUSDT: 3218.54000000 USDT
2025-11-04 22:11:09,196 - INFO - 📊 Análise Est.4:
2025-11-04 22:11:09,196 - INFO -    Preço: 3218.54 | MA21: 3230.34 | RSI: 33.45
2025-11-04 22:11:09,196 - INFO -    Preço > MA21? ❌ NÃO
2025-11-04 22:11:09,196 - INFO -    RSI < 70.0? ✅ SIM
2025-11-04 22:11:09,196 - INFO -    Sem posições? ✅ SIM
2025-11-04 22:11:39,494 - INFO - 💹 ETHUSDT: 3222.89000000 USDT
2025-11-04 22:11:39,494 - INFO - 📊 Análise Est.4:
2025-11-04 22:11:39,494 - INFO -    Preço: 3222.89 | MA21: 3229.73 | RSI: 33.41
2025-11-04 22:11:39,494 - INFO -    Preço > MA21? ❌ NÃO
2025-11-04 22:11:39,494 - INFO -    RSI < 70.0? ✅ SIM
2025-11-04 22:11:39,494 - INFO -    Sem posições? ✅ SIM
2025-11-04 22:12:09,789 - INFO - 💹 ETHUSDT: 3222.51000000 USDT
2025-11-04 22:12:09,789 - INFO - 📊 Análise Est.4:
2025-11-04 22:12:09,789 - INFO -    Preço: 3222.51 | MA21: 3229.71 | RSI: 33.03
2025-11-04 22:12:09,791 - INFO -    Preço > MA21? ❌ NÃO
2025-11-04 22:12:09,791 - INFO -    RSI < 70.0? ✅ SIM
2025-11-04 22:12:09,791 - INFO -    Sem posições? ✅ SIM
2025-11-04 22:12:40,077 - INFO - 💹 ETHUSDT: 3219.15000000 USDT
2025-11-04 22:12:40,077 - INFO - 📊 Análise Est.4:
2025-11-04 22:12:40,077 - INFO -    Preço: 3219.15 | MA21: 3228.79 | RSI: 31.45
2025-11-04 22:12:40,077 - INFO -    Preço > MA21? ❌ NÃO
2025-11-04 22:12:40,077 - INFO -    RSI < 70.0? ✅ SIM
2025-11-04 22:12:40,077 - INFO -    Sem posições? ✅ SIM
2025-11-04 22:13:10,371 - INFO - 💹 ETHUSDT: 3215.83000000 USDT
2025-11-04 22:13:10,371 - INFO - 📊 Análise Est.4:
2025-11-04 22:13:10,371 - INFO -    Preço: 3215.83 | MA21: 3228.63 | RSI: 30.00
2025-11-04 22:13:10,371 - INFO -    Preço > MA21? ❌ NÃO
2025-11-04 22:13:10,371 - INFO -    RSI < 70.0? ✅ SIM
2025-11-04 22:13:10,371 - INFO -    Sem posições? ✅ SIM
2025-11-04 22:13:41,198 - INFO - 💹 ETHUSDT: 3222.66000000 USDT
2025-11-04 22:13:41,199 - INFO - 📊 Análise Est.4:
2025-11-04 22:13:41,199 - INFO -    Preço: 3222.66 | MA21: 3228.29 | RSI: 37.59
2025-11-04 22:13:41,199 - INFO -    Preço > MA21? ❌ NÃO
2025-11-04 22:13:41,199 - INFO -    RSI < 70.0? ✅ SIM
2025-11-04 22:13:41,199 - INFO -    Sem posições? ✅ SIM
2025-11-04 22:14:11,489 - INFO - 💹 ETHUSDT: 3223.70000000 USDT
2025-11-04 22:14:11,489 - INFO - 📊 Análise Est.4:
2025-11-04 22:14:11,489 - INFO -    Preço: 3223.70 | MA21: 3228.34 | RSI: 38.54
2025-11-04 22:14:11,489 - INFO -    Preço > MA21? ❌ NÃO
2025-11-04 22:14:11,489 - INFO -    RSI < 70.0? ✅ SIM
2025-11-04 22:14:11,489 - INFO -    Sem posições? ✅ SIM
2025-11-04 22:14:41,778 - INFO - 💹 ETHUSDT: 3224.64000000 USDT
2025-11-04 22:14:41,778 - INFO - 📊 Análise Est.4:
2025-11-04 22:14:41,780 - INFO -    Preço: 3224.64 | MA21: 3227.88 | RSI: 39.16
2025-11-04 22:14:41,780 - INFO -    Preço > MA21? ❌ NÃO
2025-11-04 22:14:41,780 - INFO -    RSI < 70.0? ✅ SIM
2025-11-04 22:14:41,780 - INFO -    Sem posições? ✅ SIM
2025-11-04 22:15:12,075 - INFO - 💹 ETHUSDT: 3224.53000000 USDT
2025-11-04 22:15:12,075 - INFO - 📊 Análise Est.4:
2025-11-04 22:15:12,075 - INFO -    Preço: 3224.53 | MA21: 3226.82 | RSI: 42.41
2025-11-04 22:15:12,075 - INFO -    Preço > MA21? ❌ NÃO
2025-11-04 22:15:12,075 - INFO -    RSI < 70.0? ✅ SIM
2025-11-04 22:15:12,075 - INFO -    Sem posições? ✅ SIM
2025-11-04 22:15:42,876 - INFO - 💹 ETHUSDT: 3220.94000000 USDT
2025-11-04 22:15:42,878 - INFO - 📊 Análise Est.4:
2025-11-04 22:15:42,878 - INFO -    Preço: 3220.94 | MA21: 3226.65 | RSI: 40.13
2025-11-04 22:15:42,878 - INFO -    Preço > MA21? ❌ NÃO
2025-11-04 22:15:42,878 - INFO -    RSI < 70.0? ✅ SIM
2025-11-04 22:15:42,878 - INFO -    Sem posições? ✅ SIM
2025-11-04 22:16:13,179 - INFO - 💹 ETHUSDT: 3217.13000000 USDT
2025-11-04 22:16:13,179 - INFO - 📊 Análise Est.4:
2025-11-04 22:16:13,179 - INFO -    Preço: 3217.13 | MA21: 3224.46 | RSI: 41.58
2025-11-04 22:16:13,179 - INFO -    Preço > MA21? ❌ NÃO
2025-11-04 22:16:13,179 - INFO -    RSI < 70.0? ✅ SIM
2025-11-04 22:16:13,179 - INFO -    Sem posições? ✅ SIM
2025-11-04 22:16:43,473 - INFO - 💹 ETHUSDT: 3220.94000000 USDT
2025-11-04 22:16:43,473 - INFO - 📊 Análise Est.4:
2025-11-04 22:16:43,473 - INFO -    Preço: 3220.94 | MA21: 3224.64 | RSI: 44.84
2025-11-04 22:16:43,473 - INFO -    Preço > MA21? ❌ NÃO
2025-11-04 22:16:43,473 - INFO -    RSI < 70.0? ✅ SIM
2025-11-04 22:16:43,473 - INFO -    Sem posições? ✅ SIM
2025-11-04 22:17:13,756 - INFO - 💹 ETHUSDT: 3215.67000000 USDT
2025-11-04 22:17:13,756 - INFO - 📊 Análise Est.4:
2025-11-04 22:17:13,756 - INFO -    Preço: 3215.67 | MA21: 3223.22 | RSI: 38.98
2025-11-04 22:17:13,756 - INFO -    Preço > MA21? ❌ NÃO
2025-11-04 22:17:13,756 - INFO -    RSI < 70.0? ✅ SIM
2025-11-04 22:17:13,756 - INFO -    Sem posições? ✅ SIM
2025-11-04 22:17:44,044 - INFO - 💹 ETHUSDT: 3209.54000000 USDT
2025-11-04 22:17:44,044 - INFO - 📊 Análise Est.4:
2025-11-04 22:17:44,044 - INFO -    Preço: 3209.54 | MA21: 3222.93 | RSI: 35.58
2025-11-04 22:17:44,044 - INFO -    Preço > MA21? ❌ NÃO
2025-11-04 22:17:44,044 - INFO -    RSI < 70.0? ✅ SIM
2025-11-04 22:17:44,044 - INFO -    Sem posições? ✅ SIM
2025-11-04 22:18:14,790 - INFO - 💹 ETHUSDT: 3197.79000000 USDT
2025-11-04 22:18:14,790 - INFO - 📊 Análise Est.4:
2025-11-04 22:18:14,790 - INFO -    Preço: 3197.79 | MA21: 3220.27 | RSI: 34.83
2025-11-04 22:18:14,790 - INFO -    Preço > MA21? ❌ NÃO
2025-11-04 22:18:14,790 - INFO -    RSI < 70.0? ✅ SIM
2025-11-04 22:18:14,790 - INFO -    Sem posições? ✅ SIM
2025-11-04 22:18:45,069 - INFO - 💹 ETHUSDT: 3201.27000000 USDT
2025-11-04 22:18:45,069 - INFO - 📊 Análise Est.4:
2025-11-04 22:18:45,069 - INFO -    Preço: 3201.27 | MA21: 3220.44 | RSI: 36.84
2025-11-04 22:18:45,069 - INFO -    Preço > MA21? ❌ NÃO
2025-11-04 22:18:45,069 - INFO -    RSI < 70.0? ✅ SIM
2025-11-04 22:18:45,069 - INFO -    Sem posições? ✅ SIM
2025-11-04 22:19:15,356 - INFO - 💹 ETHUSDT: 3194.62000000 USDT
2025-11-04 22:19:15,356 - INFO - 📊 Análise Est.4:
2025-11-04 22:19:15,356 - INFO -    Preço: 3194.62 | MA21: 3217.74 | RSI: 36.49
2025-11-04 22:19:15,356 - INFO -    Preço > MA21? ❌ NÃO
2025-11-04 22:19:15,356 - INFO -    RSI < 70.0? ✅ SIM
2025-11-04 22:19:15,356 - INFO -    Sem posições? ✅ SIM
2025-11-04 22:19:45,638 - INFO - 💹 ETHUSDT: 3191.65000000 USDT
2025-11-04 22:19:45,638 - INFO - 📊 Análise Est.4:
2025-11-04 22:19:45,640 - INFO -    Preço: 3191.65 | MA21: 3217.60 | RSI: 34.98
2025-11-04 22:19:45,640 - INFO -    Preço > MA21? ❌ NÃO
2025-11-04 22:19:45,640 - INFO -    RSI < 70.0? ✅ SIM
2025-11-04 22:19:45,640 - INFO -    Sem posições? ✅ SIM
2025-11-04 22:20:16,434 - INFO - 💹 ETHUSDT: 3189.64000000 USDT
2025-11-04 22:20:16,434 - INFO - 📊 Análise Est.4:
2025-11-04 22:20:16,436 - INFO -    Preço: 3189.64 | MA21: 3215.15 | RSI: 32.76
2025-11-04 22:20:16,436 - INFO -    Preço > MA21? ❌ NÃO
2025-11-04 22:20:16,436 - INFO -    RSI < 70.0? ✅ SIM
2025-11-04 22:20:16,436 - INFO -    Sem posições? ✅ SIM
2025-11-04 22:20:46,705 - INFO - 💹 ETHUSDT: 3196.00000000 USDT
2025-11-04 22:20:46,705 - INFO - 📊 Análise Est.4:
2025-11-04 22:20:46,705 - INFO -    Preço: 3196.00 | MA21: 3215.45 | RSI: 38.17
2025-11-04 22:20:46,705 - INFO -    Preço > MA21? ❌ NÃO
2025-11-04 22:20:46,705 - INFO -    RSI < 70.0? ✅ SIM
2025-11-04 22:20:46,705 - INFO -    Sem posições? ✅ SIM
2025-11-04 22:21:16,992 - INFO - 💹 ETHUSDT: 3197.00000000 USDT
2025-11-04 22:21:16,992 - INFO - 📊 Análise Est.4:
2025-11-04 22:21:16,992 - INFO -    Preço: 3197.00 | MA21: 3213.47 | RSI: 40.23
2025-11-04 22:21:16,992 - INFO -    Preço > MA21? ❌ NÃO
2025-11-04 22:21:16,992 - INFO -    RSI < 70.0? ✅ SIM
2025-11-04 22:21:16,992 - INFO -    Sem posições? ✅ SIM
2025-11-04 22:21:47,270 - INFO - 💹 ETHUSDT: 3198.76000000 USDT
2025-11-04 22:21:47,270 - INFO - 📊 Análise Est.4:
2025-11-04 22:21:47,270 - INFO -    Preço: 3198.76 | MA21: 3213.56 | RSI: 41.58
2025-11-04 22:21:47,270 - INFO -    Preço > MA21? ❌ NÃO
2025-11-04 22:21:47,270 - INFO -    RSI < 70.0? ✅ SIM
2025-11-04 22:21:47,270 - INFO -    Sem posições? ✅ SIM
2025-11-04 22:22:17,541 - INFO - 💹 ETHUSDT: 3200.09000000 USDT
2025-11-04 22:22:17,541 - INFO - 📊 Análise Est.4:
2025-11-04 22:22:17,541 - INFO -    Preço: 3200.09 | MA21: 3212.00 | RSI: 47.02
2025-11-04 22:22:17,541 - INFO -    Preço > MA21? ❌ NÃO
2025-11-04 22:22:17,541 - INFO -    RSI < 70.0? ✅ SIM
2025-11-04 22:22:17,541 - INFO -    Sem posições? ✅ SIM
2025-11-04 22:22:47,812 - INFO - 💹 ETHUSDT: 3193.52000000 USDT
2025-11-04 22:22:47,812 - INFO - 📊 Análise Est.4:
2025-11-04 22:22:47,812 - INFO -    Preço: 3193.52 | MA21: 3211.69 | RSI: 43.11
2025-11-04 22:22:47,812 - INFO -    Preço > MA21? ❌ NÃO
2025-11-04 22:22:47,812 - INFO -    RSI < 70.0? ✅ SIM
2025-11-04 22:22:47,812 - INFO -    Sem posições? ✅ SIM
2025-11-04 22:23:18,088 - INFO - 💹 ETHUSDT: 3185.94000000 USDT
2025-11-04 22:23:18,088 - INFO - 📊 Análise Est.4:
2025-11-04 22:23:18,088 - INFO -    Preço: 3185.94 | MA21: 3209.30 | RSI: 37.38
2025-11-04 22:23:18,088 - INFO -    Preço > MA21? ❌ NÃO
2025-11-04 22:23:18,088 - INFO -    RSI < 70.0? ✅ SIM
2025-11-04 22:23:18,088 - INFO -    Sem posições? ✅ SIM
2025-11-04 22:23:48,361 - INFO - 💹 ETHUSDT: 3180.33000000 USDT
2025-11-04 22:23:48,361 - INFO - 📊 Análise Est.4:
2025-11-04 22:23:48,361 - INFO -    Preço: 3180.33 | MA21: 3209.03 | RSI: 34.87
2025-11-04 22:23:48,361 - INFO -    Preço > MA21? ❌ NÃO
2025-11-04 22:23:48,361 - INFO -    RSI < 70.0? ✅ SIM
2025-11-04 22:23:48,361 - INFO -    Sem posições? ✅ SIM
2025-11-04 22:24:18,649 - INFO - 💹 ETHUSDT: 3186.69000000 USDT
2025-11-04 22:24:18,649 - INFO - 📊 Análise Est.4:
2025-11-04 22:24:18,649 - INFO -    Preço: 3186.69 | MA21: 3207.02 | RSI: 30.70
2025-11-04 22:24:18,649 - INFO -    Preço > MA21? ❌ NÃO
2025-11-04 22:24:18,649 - INFO -    RSI < 70.0? ✅ SIM
2025-11-04 22:24:18,649 - INFO -    Sem posições? ✅ SIM
2025-11-04 22:24:48,926 - INFO - 💹 ETHUSDT: 3182.70000000 USDT
2025-11-04 22:24:48,926 - INFO - 📊 Análise Est.4:
2025-11-04 22:24:48,926 - INFO -    Preço: 3182.70 | MA21: 3206.83 | RSI: 27.18
2025-11-04 22:24:48,926 - INFO -    Preço > MA21? ❌ NÃO
2025-11-04 22:24:48,926 - INFO -    RSI < 70.0? ✅ SIM
2025-11-04 22:24:48,926 - INFO -    Sem posições? ✅ SIM
2025-11-04 22:25:19,200 - INFO - 💹 ETHUSDT: 3184.39000000 USDT
2025-11-04 22:25:19,200 - INFO - 📊 Análise Est.4:
2025-11-04 22:25:19,200 - INFO -    Preço: 3184.39 | MA21: 3205.24 | RSI: 25.00
2025-11-04 22:25:19,200 - INFO -    Preço > MA21? ❌ NÃO
2025-11-04 22:25:19,200 - INFO -    RSI < 70.0? ✅ SIM
2025-11-04 22:25:19,200 - INFO -    Sem posições? ✅ SIM
2025-11-04 22:25:49,489 - INFO - 💹 ETHUSDT: 3177.35000000 USDT
2025-11-04 22:25:49,489 - INFO - 📊 Análise Est.4:
2025-11-04 22:25:49,489 - INFO -    Preço: 3177.35 | MA21: 3204.90 | RSI: 22.89
2025-11-04 22:25:49,489 - INFO -    Preço > MA21? ❌ NÃO
2025-11-04 22:25:49,489 - INFO -    RSI < 70.0? ✅ SIM
2025-11-04 22:25:49,489 - INFO -    Sem posições? ✅ SIM
2025-11-04 22:26:19,776 - INFO - 💹 ETHUSDT: 3170.86000000 USDT
2025-11-04 22:26:19,776 - INFO - 📊 Análise Est.4:
2025-11-04 22:26:19,776 - INFO -    Preço: 3170.86 | MA21: 3202.78 | RSI: 22.09
2025-11-04 22:26:19,776 - INFO -    Preço > MA21? ❌ NÃO
2025-11-04 22:26:19,776 - INFO -    RSI < 70.0? ✅ SIM
2025-11-04 22:26:19,776 - INFO -    Sem posições? ✅ SIM
2025-11-04 22:26:50,055 - INFO - 💹 ETHUSDT: 3174.18000000 USDT
2025-11-04 22:26:50,055 - INFO - 📊 Análise Est.4:
2025-11-04 22:26:50,055 - INFO -    Preço: 3174.18 | MA21: 3202.94 | RSI: 22.97
2025-11-04 22:26:50,055 - INFO -    Preço > MA21? ❌ NÃO
2025-11-04 22:26:50,055 - INFO -    RSI < 70.0? ✅ SIM
2025-11-04 22:26:50,055 - INFO -    Sem posições? ✅ SIM
2025-11-04 22:27:20,334 - INFO - 💹 ETHUSDT: 3174.98000000 USDT
2025-11-04 22:27:20,334 - INFO - 📊 Análise Est.4:
2025-11-04 22:27:20,334 - INFO -    Preço: 3174.98 | MA21: 3201.09 | RSI: 18.63
2025-11-04 22:27:20,334 - INFO -    Preço > MA21? ❌ NÃO
2025-11-04 22:27:20,334 - INFO -    RSI < 70.0? ✅ SIM
2025-11-04 22:27:20,334 - INFO -    Sem posições? ✅ SIM
2025-11-04 22:27:50,614 - INFO - 💹 ETHUSDT: 3171.83000000 USDT
2025-11-04 22:27:50,614 - INFO - 📊 Análise Est.4:
2025-11-04 22:27:50,614 - INFO -    Preço: 3171.83 | MA21: 3200.94 | RSI: 17.83
2025-11-04 22:27:50,614 - INFO -    Preço > MA21? ❌ NÃO
2025-11-04 22:27:50,614 - INFO -    RSI < 70.0? ✅ SIM
2025-11-04 22:27:50,614 - INFO -    Sem posições? ✅ SIM
2025-11-04 22:28:20,893 - INFO - 💹 ETHUSDT: 3177.82000000 USDT
2025-11-04 22:28:20,893 - INFO - 📊 Análise Est.4:
2025-11-04 22:28:20,893 - INFO -    Preço: 3177.82 | MA21: 3199.54 | RSI: 20.69
2025-11-04 22:28:20,893 - INFO -    Preço > MA21? ❌ NÃO
2025-11-04 22:28:20,893 - INFO -    RSI < 70.0? ✅ SIM
2025-11-04 22:28:20,893 - INFO -    Sem posições? ✅ SIM
2025-11-04 22:28:51,177 - INFO - 💹 ETHUSDT: 3180.45000000 USDT
2025-11-04 22:28:51,177 - INFO - 📊 Análise Est.4:
2025-11-04 22:28:51,177 - INFO -    Preço: 3180.45 | MA21: 3199.67 | RSI: 23.22
2025-11-04 22:28:51,177 - INFO -    Preço > MA21? ❌ NÃO
2025-11-04 22:28:51,177 - INFO -    RSI < 70.0? ✅ SIM
2025-11-04 22:28:51,177 - INFO -    Sem posições? ✅ SIM
2025-11-04 22:29:21,971 - INFO - 💹 ETHUSDT: 3188.09000000 USDT
2025-11-04 22:29:21,971 - INFO - 📊 Análise Est.4:
2025-11-04 22:29:21,971 - INFO -    Preço: 3188.09 | MA21: 3199.05 | RSI: 32.41
2025-11-04 22:29:21,971 - INFO -    Preço > MA21? ❌ NÃO
2025-11-04 22:29:21,971 - INFO -    RSI < 70.0? ✅ SIM
2025-11-04 22:29:21,971 - INFO -    Sem posições? ✅ SIM
2025-11-04 22:29:52,254 - INFO - 💹 ETHUSDT: 3185.66000000 USDT
2025-11-04 22:29:52,254 - INFO - 📊 Análise Est.4:
2025-11-04 22:29:52,254 - INFO -    Preço: 3185.66 | MA21: 3198.93 | RSI: 30.36
2025-11-04 22:29:52,254 - INFO -    Preço > MA21? ❌ NÃO
2025-11-04 22:29:52,254 - INFO -    RSI < 70.0? ✅ SIM
2025-11-04 22:29:52,254 - INFO -    Sem posições? ✅ SIM
2025-11-04 22:30:22,533 - INFO - 💹 ETHUSDT: 3180.81000000 USDT
2025-11-04 22:30:22,535 - INFO - 📊 Análise Est.4:
2025-11-04 22:30:22,535 - INFO -    Preço: 3180.81 | MA21: 3181.92 | RSI: 47.62
2025-11-04 22:30:22,535 - INFO -    Preço > MA21? ❌ NÃO
2025-11-04 22:30:22,535 - INFO -    RSI < 70.0? ✅ SIM
2025-11-04 22:30:22,535 - INFO -    Sem posições? ✅ SIM
2025-11-04 22:30:52,811 - INFO - 💹 ETHUSDT: 3188.62000000 USDT
2025-11-04 22:30:52,811 - INFO - 📊 Análise Est.4:
2025-11-04 22:30:52,811 - INFO -    Preço: 3188.62 | MA21: 3182.29 | RSI: 48.17
2025-11-04 22:30:52,811 - INFO -    Preço > MA21? ✅ SIM
2025-11-04 22:30:52,811 - INFO -    RSI < 70.0? ✅ SIM
2025-11-04 22:30:52,811 - INFO -    Sem posições? ✅ SIM
2025-11-04 22:30:52,811 - INFO - 🟢 TODAS AS CONDIÇÕES ATENDIDAS - ABRINDO COMPRA!
2025-11-04 22:30:52,811 - INFO - 📈 Abrindo posição COMPRA
2025-11-04 22:30:52,811 - INFO -    Preço: 3188.62000000
2025-11-04 22:30:52,811 - INFO -    Quantidade: 0.00470000
2025-11-04 22:30:52,811 - INFO -    Valor: 15.0 USDT
2025-11-04 22:30:53,087 - INFO - ✅ Ordem executada: 12174555
2025-11-04 22:31:23,370 - INFO - 💹 ETHUSDT: 3198.95000000 USDT
2025-11-04 22:31:23,370 - INFO - 📊 Análise Est.4:
2025-11-04 22:31:23,370 - INFO -    Preço: 3198.95 | MA21: 3181.85 | RSI: 49.88
2025-11-04 22:31:23,370 - INFO -    Preço > MA21? ✅ SIM
2025-11-04 22:31:23,370 - INFO -    RSI < 70.0? ✅ SIM
2025-11-04 22:31:23,370 - INFO -    Sem posições? ❌ NÃO
2025-11-04 22:31:53,645 - INFO - 💹 ETHUSDT: 3194.71000000 USDT
2025-11-04 22:31:53,645 - INFO - 📊 Análise Est.4:
2025-11-04 22:31:53,645 - INFO -    Preço: 3194.71 | MA21: 3181.65 | RSI: 49.60
2025-11-04 22:31:53,645 - INFO -    Preço > MA21? ✅ SIM
2025-11-04 22:31:53,645 - INFO -    RSI < 70.0? ✅ SIM
2025-11-04 22:31:53,645 - INFO -    Sem posições? ❌ NÃO
2025-11-04 22:32:23,936 - INFO - 💹 ETHUSDT: 3192.04000000 USDT
2025-11-04 22:32:23,938 - INFO - 📊 Análise Est.4:
2025-11-04 22:32:23,938 - INFO -    Preço: 3192.04 | MA21: 3180.07 | RSI: 49.82
2025-11-04 22:32:23,938 - INFO -    Preço > MA21? ✅ SIM
2025-11-04 22:32:23,938 - INFO -    RSI < 70.0? ✅ SIM
2025-11-04 22:32:23,938 - INFO -    Sem posições? ❌ NÃO
2025-11-04 22:32:54,215 - INFO - 💹 ETHUSDT: 3188.65000000 USDT
2025-11-04 22:32:54,215 - INFO - 📊 Análise Est.4:
2025-11-04 22:32:54,215 - INFO -    Preço: 3188.65 | MA21: 3179.91 | RSI: 49.60
2025-11-04 22:32:54,215 - INFO -    Preço > MA21? ✅ SIM
2025-11-04 22:32:54,215 - INFO -    RSI < 70.0? ✅ SIM
2025-11-04 22:32:54,215 - INFO -    Sem posições? ❌ NÃO
2025-11-04 22:33:24,499 - INFO - 💹 ETHUSDT: 3192.42000000 USDT
2025-11-04 22:33:24,499 - INFO - 📊 Análise Est.4:
2025-11-04 22:33:24,499 - INFO -    Preço: 3192.42 | MA21: 3178.86 | RSI: 50.18
2025-11-04 22:33:24,499 - INFO -    Preço > MA21? ✅ SIM
2025-11-04 22:33:24,499 - INFO -    RSI < 70.0? ✅ SIM
2025-11-04 22:33:24,499 - INFO -    Sem posições? ❌ NÃO
2025-11-04 22:33:54,773 - INFO - 💹 ETHUSDT: 3178.73000000 USDT
2025-11-04 22:33:54,773 - INFO - 📊 Análise Est.4:
2025-11-04 22:33:54,773 - INFO -    Preço: 3178.73 | MA21: 3178.21 | RSI: 49.26
2025-11-04 22:33:54,775 - INFO -    Preço > MA21? ✅ SIM
2025-11-04 22:33:54,775 - INFO -    RSI < 70.0? ✅ SIM
2025-11-04 22:33:54,775 - INFO -    Sem posições? ❌ NÃO
2025-11-04 22:34:25,056 - INFO - 💹 ETHUSDT: 3179.25000000 USDT
2025-11-04 22:34:25,056 - INFO - 📊 Análise Est.4:
2025-11-04 22:34:25,056 - INFO -    Preço: 3179.25 | MA21: 3176.03 | RSI: 48.80
2025-11-04 22:34:25,056 - INFO -    Preço > MA21? ✅ SIM
2025-11-04 22:34:25,056 - INFO -    RSI < 70.0? ✅ SIM
2025-11-04 22:34:25,058 - INFO -    Sem posições? ❌ NÃO
2025-11-04 22:34:55,327 - INFO - 💹 ETHUSDT: 3184.02000000 USDT
2025-11-04 22:34:55,327 - INFO - 📊 Análise Est.4:
2025-11-04 22:34:55,327 - INFO -    Preço: 3184.02 | MA21: 3176.25 | RSI: 49.13
2025-11-04 22:34:55,327 - INFO -    Preço > MA21? ✅ SIM
2025-11-04 22:34:55,327 - INFO -    RSI < 70.0? ✅ SIM
2025-11-04 22:34:55,327 - INFO -    Sem posições? ❌ NÃO
2025-11-04 22:35:25,625 - INFO - 💹 ETHUSDT: 3186.07000000 USDT
2025-11-04 22:35:25,625 - INFO - 📊 Análise Est.4:
2025-11-04 22:35:25,625 - INFO -    Preço: 3186.07 | MA21: 3174.53 | RSI: 49.05
2025-11-04 22:35:25,625 - INFO -    Preço > MA21? ✅ SIM
2025-11-04 22:35:25,625 - INFO -    RSI < 70.0? ✅ SIM
2025-11-04 22:35:25,625 - INFO -    Sem posições? ❌ NÃO
2025-11-04 22:35:55,911 - INFO - 💹 ETHUSDT: 3190.41000000 USDT
2025-11-04 22:35:55,911 - INFO - 📊 Análise Est.4:
2025-11-04 22:35:55,911 - INFO -    Preço: 3190.41 | MA21: 3174.73 | RSI: 49.35
2025-11-04 22:35:55,911 - INFO -    Preço > MA21? ✅ SIM
2025-11-04 22:35:55,911 - INFO -    RSI < 70.0? ✅ SIM
2025-11-04 22:35:55,911 - INFO -    Sem posições? ❌ NÃO
2025-11-04 22:36:26,186 - INFO - 💹 ETHUSDT: 3189.99000000 USDT
2025-11-04 22:36:26,186 - INFO - 📊 Análise Est.4:
2025-11-04 22:36:26,186 - INFO -    Preço: 3189.99 | MA21: 3155.22 | RSI: 50.15
2025-11-04 22:36:26,186 - INFO -    Preço > MA21? ✅ SIM
2025-11-04 22:36:26,186 - INFO -    RSI < 70.0? ✅ SIM
2025-11-04 22:36:26,186 - INFO -    Sem posições? ❌ NÃO
2025-11-04 22:36:56,469 - INFO - 💹 ETHUSDT: 3193.72000000 USDT
2025-11-04 22:36:56,469 - INFO - 📊 Análise Est.4:
2025-11-04 22:36:56,469 - INFO -    Preço: 3193.72 | MA21: 3155.40 | RSI: 50.28
2025-11-04 22:36:56,469 - INFO -    Preço > MA21? ✅ SIM
2025-11-04 22:36:56,469 - INFO -    RSI < 70.0? ✅ SIM
2025-11-04 22:36:56,469 - INFO -    Sem posições? ❌ NÃO
2025-11-04 22:37:26,747 - INFO - 💹 ETHUSDT: 3193.94000000 USDT
2025-11-04 22:37:26,747 - INFO - 📊 Análise Est.4:
2025-11-04 22:37:26,747 - INFO -    Preço: 3193.94 | MA21: 3154.38 | RSI: 50.43
2025-11-04 22:37:26,747 - INFO -    Preço > MA21? ✅ SIM
2025-11-04 22:37:26,747 - INFO -    RSI < 70.0? ✅ SIM
2025-11-04 22:37:26,747 - INFO -    Sem posições? ❌ NÃO
2025-11-04 22:37:57,036 - INFO - 💹 ETHUSDT: 3196.76000000 USDT
2025-11-04 22:37:57,036 - INFO - 📊 Análise Est.4:
2025-11-04 22:37:57,036 - INFO -    Preço: 3196.76 | MA21: 3154.51 | RSI: 50.52
2025-11-04 22:37:57,036 - INFO -    Preço > MA21? ✅ SIM
2025-11-04 22:37:57,036 - INFO -    RSI < 70.0? ✅ SIM
2025-11-04 22:37:57,036 - INFO -    Sem posições? ❌ NÃO
2025-11-04 22:38:27,320 - INFO - 💹 ETHUSDT: 3212.64000000 USDT
2025-11-04 22:38:27,320 - INFO - 📊 Análise Est.4:
2025-11-04 22:38:27,320 - INFO -    Preço: 3212.64 | MA21: 3155.14 | RSI: 50.94
2025-11-04 22:38:27,320 - INFO -    Preço > MA21? ✅ SIM
2025-11-04 22:38:27,320 - INFO -    RSI < 70.0? ✅ SIM
2025-11-04 22:38:27,320 - INFO -    Sem posições? ❌ NÃO
2025-11-04 22:38:57,604 - INFO - 💹 ETHUSDT: 3188.78000000 USDT
2025-11-04 22:38:57,604 - INFO - 📊 Análise Est.4:
2025-11-04 22:38:57,604 - INFO -    Preço: 3188.78 | MA21: 3154.01 | RSI: 50.15
2025-11-04 22:38:57,604 - INFO -    Preço > MA21? ✅ SIM
2025-11-04 22:38:57,604 - INFO -    RSI < 70.0? ✅ SIM
2025-11-04 22:38:57,604 - INFO -    Sem posições? ❌ NÃO
2025-11-04 22:39:27,882 - INFO - 💹 ETHUSDT: 3193.91000000 USDT
2025-11-04 22:39:27,882 - INFO - 📊 Análise Est.4:
2025-11-04 22:39:27,882 - INFO -    Preço: 3193.91 | MA21: 3153.46 | RSI: 50.62
2025-11-04 22:39:27,882 - INFO -    Preço > MA21? ✅ SIM
2025-11-04 22:39:27,882 - INFO -    RSI < 70.0? ✅ SIM
2025-11-04 22:39:27,882 - INFO -    Sem posições? ❌ NÃO
2025-11-04 22:39:58,157 - INFO - 💹 ETHUSDT: 3171.48000000 USDT
2025-11-04 22:39:58,157 - INFO - 📊 Análise Est.4:
2025-11-04 22:39:58,157 - INFO -    Preço: 3171.48 | MA21: 3152.39 | RSI: 49.88
2025-11-04 22:39:58,157 - INFO -    Preço > MA21? ✅ SIM
2025-11-04 22:39:58,157 - INFO -    RSI < 70.0? ✅ SIM
2025-11-04 22:39:58,157 - INFO -    Sem posições? ❌ NÃO
2025-11-04 22:40:28,430 - INFO - 💹 ETHUSDT: 3172.50000000 USDT
2025-11-04 22:40:28,430 - INFO - 📊 Análise Est.4:
2025-11-04 22:40:28,430 - INFO -    Preço: 3172.50 | MA21: 3151.57 | RSI: 49.92
2025-11-04 22:40:28,430 - INFO -    Preço > MA21? ✅ SIM
2025-11-04 22:40:28,430 - INFO -    RSI < 70.0? ✅ SIM
2025-11-04 22:40:28,430 - INFO -    Sem posições? ❌ NÃO
2025-11-04 22:40:58,717 - INFO - 💹 ETHUSDT: 3174.08000000 USDT
2025-11-04 22:40:58,717 - INFO - 📊 Análise Est.4:
2025-11-04 22:40:58,717 - INFO -    Preço: 3174.08 | MA21: 3151.64 | RSI: 49.97
2025-11-04 22:40:58,717 - INFO -    Preço > MA21? ✅ SIM
2025-11-04 22:40:58,717 - INFO -    RSI < 70.0? ✅ SIM
2025-11-04 22:40:58,717 - INFO -    Sem posições? ❌ NÃO
2025-11-04 22:41:29,003 - INFO - 💹 ETHUSDT: 3170.70000000 USDT
2025-11-04 22:41:29,005 - INFO - 📊 Análise Est.4:
2025-11-04 22:41:29,005 - INFO -    Preço: 3170.70 | MA21: 3150.40 | RSI: 49.81
2025-11-04 22:41:29,005 - INFO -    Preço > MA21? ✅ SIM
2025-11-04 22:41:29,005 - INFO -    RSI < 70.0? ✅ SIM
2025-11-04 22:41:29,005 - INFO -    Sem posições? ❌ NÃO
2025-11-04 22:41:59,283 - INFO - 💹 ETHUSDT: 3181.29000000 USDT
2025-11-04 22:41:59,285 - INFO - 📊 Análise Est.4:
2025-11-04 22:41:59,285 - INFO -    Preço: 3181.29 | MA21: 3150.90 | RSI: 50.15
2025-11-04 22:41:59,285 - INFO -    Preço > MA21? ✅ SIM
2025-11-04 22:41:59,285 - INFO -    RSI < 70.0? ✅ SIM
2025-11-04 22:41:59,285 - INFO -    Sem posições? ❌ NÃO
2025-11-04 22:42:29,567 - INFO - 💹 ETHUSDT: 3190.04000000 USDT
2025-11-04 22:42:29,567 - INFO - 📊 Análise Est.4:
2025-11-04 22:42:29,567 - INFO -    Preço: 3190.04 | MA21: 3150.42 | RSI: 50.21
2025-11-04 22:42:29,567 - INFO -    Preço > MA21? ✅ SIM
2025-11-04 22:42:29,567 - INFO -    RSI < 70.0? ✅ SIM
2025-11-04 22:42:29,567 - INFO -    Sem posições? ❌ NÃO
2025-11-04 22:42:59,848 - INFO - 💹 ETHUSDT: 2773.35000000 USDT
2025-11-04 22:42:59,848 - INFO - 📊 Análise Est.4:
2025-11-04 22:42:59,848 - INFO -    Preço: 2773.35 | MA21: 3130.58 | RSI: 39.30
2025-11-04 22:42:59,848 - INFO -    Preço > MA21? ❌ NÃO
2025-11-04 22:42:59,848 - INFO -    RSI < 70.0? ✅ SIM
2025-11-04 22:42:59,848 - INFO -    Sem posições? ❌ NÃO
2025-11-04 22:42:59,848 - INFO - 🛑 Stop Loss atingido! Preço: 2773.35000000
2025-11-04 22:42:59,848 - INFO - 🔄 Fechando posição COMPRA
2025-11-04 22:43:00,122 - INFO - ❌ Prejuízo: -1.95 USDT
2025-11-04 22:43:00,122 - INFO - ------------------------------------------------------------
2025-11-04 22:43:00,122 - INFO - 📊 ESTATÍSTICAS
2025-11-04 22:43:00,122 - INFO -    Total de trades: 6
2025-11-04 22:43:00,122 - INFO -    Trades vencedores: 2
2025-11-04 22:43:00,122 - INFO -    Win Rate: 33.3%
2025-11-04 22:43:00,122 - INFO -    Lucro diário: -4.29 USDT
2025-11-04 22:43:00,122 - INFO -    Lucro total: -4.29 USDT
2025-11-04 22:43:00,122 - INFO -    Posições abertas: 0
2025-11-04 22:43:00,122 - INFO - ------------------------------------------------------------
2025-11-04 22:43:30,397 - INFO - 💹 ETHUSDT: 3181.27000000 USDT
2025-11-04 22:43:30,397 - INFO - 📊 Análise Est.4:
2025-11-04 22:43:30,397 - INFO -    Preço: 3181.27 | MA21: 3128.40 | RSI: 57.84
2025-11-04 22:43:30,397 - INFO -    Preço > MA21? ✅ SIM
2025-11-04 22:43:30,397 - INFO -    RSI < 70.0? ✅ SIM
2025-11-04 22:43:30,397 - INFO -    Sem posições? ✅ SIM
2025-11-04 22:43:30,397 - INFO - 🟢 TODAS AS CONDIÇÕES ATENDIDAS - ABRINDO COMPRA!
2025-11-04 22:43:30,397 - INFO - 📈 Abrindo posição COMPRA
2025-11-04 22:43:30,397 - INFO -    Preço: 3181.27000000
2025-11-04 22:43:30,397 - INFO -    Quantidade: 0.00470000
2025-11-04 22:43:30,397 - INFO -    Valor: 15.0 USDT
2025-11-04 22:43:30,678 - INFO - ✅ Ordem executada: 12182531
2025-11-04 22:44:00,959 - INFO - 💹 ETHUSDT: 3180.95000000 USDT
2025-11-04 22:44:00,959 - INFO - 📊 Análise Est.4:
2025-11-04 22:44:00,960 - INFO -    Preço: 3180.95 | MA21: 3128.39 | RSI: 57.84
2025-11-04 22:44:00,960 - INFO -    Preço > MA21? ✅ SIM
2025-11-04 22:44:00,960 - INFO -    RSI < 70.0? ✅ SIM
2025-11-04 22:44:00,960 - INFO -    Sem posições? ❌ NÃO
2025-11-04 22:44:31,246 - INFO - 💹 ETHUSDT: 3185.50000000 USDT
2025-11-04 22:44:31,246 - INFO - 📊 Análise Est.4:
2025-11-04 22:44:31,246 - INFO -    Preço: 3185.50 | MA21: 3128.79 | RSI: 49.61
2025-11-04 22:44:31,246 - INFO -    Preço > MA21? ✅ SIM
2025-11-04 22:44:31,246 - INFO -    RSI < 70.0? ✅ SIM
2025-11-04 22:44:31,246 - INFO -    Sem posições? ❌ NÃO
2025-11-04 22:45:01,526 - INFO - 💹 ETHUSDT: 3180.67000000 USDT
2025-11-04 22:45:01,526 - INFO - 📊 Análise Est.4:
2025-11-04 22:45:01,526 - INFO -    Preço: 3180.67 | MA21: 3128.56 | RSI: 49.48
2025-11-04 22:45:01,526 - INFO -    Preço > MA21? ✅ SIM
2025-11-04 22:45:01,526 - INFO -    RSI < 70.0? ✅ SIM
2025-11-04 22:45:01,526 - INFO -    Sem posições? ❌ NÃO
2025-11-04 22:45:31,812 - INFO - 💹 ETHUSDT: 3181.52000000 USDT
2025-11-04 22:45:31,812 - INFO - 📊 Análise Est.4:
2025-11-04 22:45:31,812 - INFO -    Preço: 3181.52 | MA21: 3128.47 | RSI: 49.70
2025-11-04 22:45:31,812 - INFO -    Preço > MA21? ✅ SIM
2025-11-04 22:45:31,812 - INFO -    RSI < 70.0? ✅ SIM
2025-11-04 22:45:31,812 - INFO -    Sem posições? ❌ NÃO
2025-11-04 22:46:02,092 - INFO - 💹 ETHUSDT: 3185.10000000 USDT
2025-11-04 22:46:02,092 - INFO - 📊 Análise Est.4:
2025-11-04 22:46:02,092 - INFO -    Preço: 3185.10 | MA21: 3128.64 | RSI: 49.80
2025-11-04 22:46:02,092 - INFO -    Preço > MA21? ✅ SIM
2025-11-04 22:46:02,092 - INFO -    RSI < 70.0? ✅ SIM
2025-11-04 22:46:02,092 - INFO -    Sem posições? ❌ NÃO
2025-11-04 22:46:32,371 - INFO - 💹 ETHUSDT: 3190.00000000 USDT
2025-11-04 22:46:32,371 - INFO - 📊 Análise Est.4:
2025-11-04 22:46:32,371 - INFO -    Preço: 3190.00 | MA21: 3129.36 | RSI: 49.91
2025-11-04 22:46:32,371 - INFO -    Preço > MA21? ✅ SIM
2025-11-04 22:46:32,371 - INFO -    RSI < 70.0? ✅ SIM
2025-11-04 22:46:32,371 - INFO -    Sem posições? ❌ NÃO
2025-11-04 22:47:02,646 - INFO - 💹 ETHUSDT: 3196.07000000 USDT
2025-11-04 22:47:02,646 - INFO - 📊 Análise Est.4:
2025-11-04 22:47:02,646 - INFO -    Preço: 3196.07 | MA21: 3129.65 | RSI: 50.08
2025-11-04 22:47:02,646 - INFO -    Preço > MA21? ✅ SIM
2025-11-04 22:47:02,646 - INFO -    RSI < 70.0? ✅ SIM
2025-11-04 22:47:02,646 - INFO -    Sem posições? ❌ NÃO
2025-11-04 22:47:33,444 - INFO - 💹 ETHUSDT: 3198.56000000 USDT
2025-11-04 22:47:33,444 - INFO - 📊 Análise Est.4:
2025-11-04 22:47:33,444 - INFO -    Preço: 3198.56 | MA21: 3130.89 | RSI: 50.61
2025-11-04 22:47:33,444 - INFO -    Preço > MA21? ✅ SIM
2025-11-04 22:47:33,444 - INFO -    RSI < 70.0? ✅ SIM
2025-11-04 22:47:33,444 - INFO -    Sem posições? ❌ NÃO
2025-11-04 22:48:03,725 - INFO - 💹 ETHUSDT: 3205.60000000 USDT
2025-11-04 22:48:03,725 - INFO - 📊 Análise Est.4:
2025-11-04 22:48:03,725 - INFO -    Preço: 3205.60 | MA21: 3131.23 | RSI: 50.81
2025-11-04 22:48:03,725 - INFO -    Preço > MA21? ✅ SIM
2025-11-04 22:48:03,725 - INFO -    RSI < 70.0? ✅ SIM
2025-11-04 22:48:03,725 - INFO -    Sem posições? ❌ NÃO
2025-11-04 22:48:34,010 - INFO - 💹 ETHUSDT: 3201.66000000 USDT
2025-11-04 22:48:34,010 - INFO - 📊 Análise Est.4:
2025-11-04 22:48:34,010 - INFO -    Preço: 3201.66 | MA21: 3132.42 | RSI: 50.44
2025-11-04 22:48:34,010 - INFO -    Preço > MA21? ✅ SIM
2025-11-04 22:48:34,010 - INFO -    RSI < 70.0? ✅ SIM
2025-11-04 22:48:34,010 - INFO -    Sem posições? ❌ NÃO
2025-11-04 22:49:04,293 - INFO - 💹 ETHUSDT: 3207.37000000 USDT
2025-11-04 22:49:04,294 - INFO - 📊 Análise Est.4:
2025-11-04 22:49:04,294 - INFO -    Preço: 3207.37 | MA21: 3132.69 | RSI: 50.61
2025-11-04 22:49:04,294 - INFO -    Preço > MA21? ✅ SIM
2025-11-04 22:49:04,294 - INFO -    RSI < 70.0? ✅ SIM
2025-11-04 22:49:04,294 - INFO -    Sem posições? ❌ NÃO
2025-11-04 22:49:34,575 - INFO - 💹 ETHUSDT: 3213.51000000 USDT
2025-11-04 22:49:34,575 - INFO - 📊 Análise Est.4:
2025-11-04 22:49:34,575 - INFO -    Preço: 3213.51 | MA21: 3134.53 | RSI: 64.80
2025-11-04 22:49:34,575 - INFO -    Preço > MA21? ✅ SIM
2025-11-04 22:49:34,575 - INFO -    RSI < 70.0? ✅ SIM
2025-11-04 22:49:34,575 - INFO -    Sem posições? ❌ NÃO
2025-11-04 22:49:34,575 - INFO - 🎯 Take Profit atingido! Preço: 3213.51000000
2025-11-04 22:49:34,575 - INFO - 🔄 Fechando posição COMPRA
2025-11-04 22:49:34,842 - INFO - ✅ Lucro: 0.15 USDT
2025-11-04 22:49:34,842 - INFO - ------------------------------------------------------------
2025-11-04 22:49:34,842 - INFO - 📊 ESTATÍSTICAS
2025-11-04 22:49:34,842 - INFO -    Total de trades: 7
2025-11-04 22:49:34,842 - INFO -    Trades vencedores: 3
2025-11-04 22:49:34,842 - INFO -    Win Rate: 42.9%
2025-11-04 22:49:34,842 - INFO -    Lucro diário: -4.14 USDT
2025-11-04 22:49:34,842 - INFO -    Lucro total: -4.14 USDT
2025-11-04 22:49:34,842 - INFO -    Posições abertas: 0
2025-11-04 22:49:34,842 - INFO - ------------------------------------------------------------
2025-11-04 22:50:05,158 - INFO - 💹 ETHUSDT: 3214.10000000 USDT
2025-11-04 22:50:05,158 - INFO - 📊 Análise Est.4:
2025-11-04 22:50:05,158 - INFO -    Preço: 3214.10 | MA21: 3134.56 | RSI: 64.83
2025-11-04 22:50:05,158 - INFO -    Preço > MA21? ✅ SIM
2025-11-04 22:50:05,158 - INFO -    RSI < 70.0? ✅ SIM
2025-11-04 22:50:05,158 - INFO -    Sem posições? ✅ SIM
2025-11-04 22:50:05,158 - INFO - 🟢 TODAS AS CONDIÇÕES ATENDIDAS - ABRINDO COMPRA!
2025-11-04 22:50:05,158 - INFO - 📈 Abrindo posição COMPRA
2025-11-04 22:50:05,158 - INFO -    Preço: 3214.10000000
2025-11-04 22:50:05,158 - INFO -    Quantidade: 0.00470000
2025-11-04 22:50:05,158 - INFO -    Valor: 15.0 USDT
2025-11-04 22:50:05,434 - INFO - ✅ Ordem executada: 12187356
2025-11-04 22:50:35,710 - INFO - 💹 ETHUSDT: 3212.33000000 USDT
2025-11-04 22:50:35,710 - INFO - 📊 Análise Est.4:
2025-11-04 22:50:35,710 - INFO -    Preço: 3212.33 | MA21: 3151.58 | RSI: 50.93
2025-11-04 22:50:35,710 - INFO -    Preço > MA21? ✅ SIM
2025-11-04 22:50:35,710 - INFO -    RSI < 70.0? ✅ SIM
2025-11-04 22:50:35,710 - INFO -    Sem posições? ❌ NÃO
2025-11-04 22:51:05,985 - INFO - 💹 ETHUSDT: 3210.12000000 USDT
2025-11-04 22:51:05,985 - INFO - 📊 Análise Est.4:
2025-11-04 22:51:05,985 - INFO -    Preço: 3210.12 | MA21: 3151.47 | RSI: 50.82
2025-11-04 22:51:05,985 - INFO -    Preço > MA21? ✅ SIM
2025-11-04 22:51:05,985 - INFO -    RSI < 70.0? ✅ SIM
2025-11-04 22:51:05,987 - INFO -    Sem posições? ❌ NÃO
2025-11-04 22:51:36,269 - INFO - 💹 ETHUSDT: 3210.96000000 USDT
2025-11-04 22:51:36,269 - INFO - 📊 Análise Est.4:
2025-11-04 22:51:36,269 - INFO -    Preço: 3210.96 | MA21: 3152.05 | RSI: 50.65
2025-11-04 22:51:36,269 - INFO -    Preço > MA21? ✅ SIM
2025-11-04 22:51:36,271 - INFO -    RSI < 70.0? ✅ SIM
2025-11-04 22:51:36,271 - INFO -    Sem posições? ❌ NÃO
2025-11-04 22:52:06,528 - INFO - 💹 ETHUSDT: 3209.08000000 USDT
2025-11-04 22:52:06,528 - INFO - 📊 Análise Est.4:
2025-11-04 22:52:06,544 - INFO -    Preço: 3209.08 | MA21: 3151.96 | RSI: 50.56
2025-11-04 22:52:06,544 - INFO -    Preço > MA21? ✅ SIM
2025-11-04 22:52:06,544 - INFO -    RSI < 70.0? ✅ SIM
2025-11-04 22:52:06,544 - INFO -    Sem posições? ❌ NÃO
2025-11-04 22:52:36,821 - INFO - 💹 ETHUSDT: 3216.81000000 USDT
2025-11-04 22:52:36,823 - INFO - 📊 Análise Est.4:
2025-11-04 22:52:36,823 - INFO -    Preço: 3216.81 | MA21: 3153.14 | RSI: 52.00
2025-11-04 22:52:36,823 - INFO -    Preço > MA21? ✅ SIM
2025-11-04 22:52:36,823 - INFO -    RSI < 70.0? ✅ SIM
2025-11-04 22:52:36,823 - INFO -    Sem posições? ❌ NÃO
2025-11-04 22:53:07,097 - INFO - 💹 ETHUSDT: 3223.44000000 USDT
2025-11-04 22:53:07,097 - INFO - 📊 Análise Est.4:
2025-11-04 22:53:07,097 - INFO -    Preço: 3223.44 | MA21: 3153.45 | RSI: 52.32
2025-11-04 22:53:07,097 - INFO -    Preço > MA21? ✅ SIM
2025-11-04 22:53:07,097 - INFO -    RSI < 70.0? ✅ SIM
2025-11-04 22:53:07,097 - INFO -    Sem posições? ❌ NÃO
2025-11-04 22:53:37,381 - INFO - 💹 ETHUSDT: 3227.53000000 USDT
2025-11-04 22:53:37,381 - INFO - 📊 Análise Est.4:
2025-11-04 22:53:37,381 - INFO -    Preço: 3227.53 | MA21: 3155.09 | RSI: 52.87
2025-11-04 22:53:37,381 - INFO -    Preço > MA21? ✅ SIM
2025-11-04 22:53:37,381 - INFO -    RSI < 70.0? ✅ SIM
2025-11-04 22:53:37,381 - INFO -    Sem posições? ❌ NÃO
2025-11-04 22:54:07,645 - INFO - 💹 ETHUSDT: 3229.84000000 USDT
2025-11-04 22:54:07,661 - INFO - 📊 Análise Est.4:
2025-11-04 22:54:07,661 - INFO -    Preço: 3229.84 | MA21: 3155.20 | RSI: 52.98
2025-11-04 22:54:07,661 - INFO -    Preço > MA21? ✅ SIM
2025-11-04 22:54:07,661 - INFO -    RSI < 70.0? ✅ SIM
2025-11-04 22:54:07,661 - INFO -    Sem posições? ❌ NÃO
2025-11-04 22:54:37,939 - INFO - 💹 ETHUSDT: 3232.67000000 USDT
2025-11-04 22:54:37,939 - INFO - 📊 Análise Est.4:
2025-11-04 22:54:37,939 - INFO -    Preço: 3232.67 | MA21: 3157.83 | RSI: 52.98
2025-11-04 22:54:37,939 - INFO -    Preço > MA21? ✅ SIM
2025-11-04 22:54:37,939 - INFO -    RSI < 70.0? ✅ SIM
2025-11-04 22:54:37,939 - INFO -    Sem posições? ❌ NÃO
2025-11-04 22:55:08,223 - INFO - 💹 ETHUSDT: 3234.35000000 USDT
2025-11-04 22:55:08,223 - INFO - 📊 Análise Est.4:
2025-11-04 22:55:08,223 - INFO -    Preço: 3234.35 | MA21: 3157.91 | RSI: 53.06
2025-11-04 22:55:08,223 - INFO -    Preço > MA21? ✅ SIM
2025-11-04 22:55:08,223 - INFO -    RSI < 70.0? ✅ SIM
2025-11-04 22:55:08,223 - INFO -    Sem posições? ❌ NÃO
2025-11-04 22:55:38,509 - INFO - 💹 ETHUSDT: 3543.67000000 USDT
2025-11-04 22:55:38,509 - INFO - 📊 Análise Est.4:
2025-11-04 22:55:38,509 - INFO -    Preço: 3543.67 | MA21: 3175.20 | RSI: 64.12
2025-11-04 22:55:38,509 - INFO -    Preço > MA21? ✅ SIM
2025-11-04 22:55:38,509 - INFO -    RSI < 70.0? ✅ SIM
2025-11-04 22:55:38,509 - INFO -    Sem posições? ❌ NÃO
2025-11-04 22:55:38,509 - INFO - 🎯 Take Profit atingido! Preço: 3543.67000000
2025-11-04 22:55:38,509 - INFO - 🔄 Fechando posição COMPRA
2025-11-04 22:55:38,774 - INFO - ✅ Lucro: 1.55 USDT
2025-11-04 22:55:38,774 - INFO - ------------------------------------------------------------
2025-11-04 22:55:38,774 - INFO - 📊 ESTATÍSTICAS
2025-11-04 22:55:38,774 - INFO -    Total de trades: 8
2025-11-04 22:55:38,774 - INFO -    Trades vencedores: 4
2025-11-04 22:55:38,774 - INFO -    Win Rate: 50.0%
2025-11-04 22:55:38,774 - INFO -    Lucro diário: -2.59 USDT
2025-11-04 22:55:38,774 - INFO -    Lucro total: -2.59 USDT
2025-11-04 22:55:38,774 - INFO -    Posições abertas: 0
2025-11-04 22:55:38,774 - INFO - ------------------------------------------------------------
2025-11-04 22:56:09,063 - INFO - 💹 ETHUSDT: 3238.09000000 USDT
2025-11-04 22:56:09,063 - INFO - 📊 Análise Est.4:
2025-11-04 22:56:09,065 - INFO -    Preço: 3238.09 | MA21: 3160.65 | RSI: 52.89
2025-11-04 22:56:09,065 - INFO -    Preço > MA21? ✅ SIM
2025-11-04 22:56:09,065 - INFO -    RSI < 70.0? ✅ SIM
2025-11-04 22:56:09,065 - INFO -    Sem posições? ✅ SIM
2025-11-04 22:56:09,065 - INFO - 🟢 TODAS AS CONDIÇÕES ATENDIDAS - ABRINDO COMPRA!
2025-11-04 22:56:09,065 - INFO - 📈 Abrindo posição COMPRA
2025-11-04 22:56:09,065 - INFO -    Preço: 3238.09000000
2025-11-04 22:56:09,065 - INFO -    Quantidade: 0.00460000
2025-11-04 22:56:09,065 - INFO -    Valor: 15.0 USDT
2025-11-04 22:56:09,340 - INFO - ✅ Ordem executada: 12189209
2025-11-04 22:56:39,625 - INFO - 💹 ETHUSDT: 3253.75000000 USDT
2025-11-04 22:56:39,625 - INFO - 📊 Análise Est.4:
2025-11-04 22:56:39,625 - INFO -    Preço: 3253.75 | MA21: 3181.88 | RSI: 97.69
2025-11-04 22:56:39,627 - INFO -    Preço > MA21? ✅ SIM
2025-11-04 22:56:39,627 - INFO -    RSI < 70.0? ❌ NÃO
2025-11-04 22:56:39,627 - INFO -    Sem posições? ❌ NÃO
2025-11-04 22:57:09,899 - INFO - 💹 ETHUSDT: 3242.08000000 USDT
2025-11-04 22:57:09,899 - INFO - 📊 Análise Est.4:
2025-11-04 22:57:09,899 - INFO -    Preço: 3242.08 | MA21: 3181.33 | RSI: 97.64
2025-11-04 22:57:09,899 - INFO -    Preço > MA21? ✅ SIM
2025-11-04 22:57:09,899 - INFO -    RSI < 70.0? ❌ NÃO
2025-11-04 22:57:09,899 - INFO -    Sem posições? ❌ NÃO
2025-11-04 22:57:40,166 - INFO - 💹 ETHUSDT: 3244.04000000 USDT
2025-11-04 22:57:40,166 - INFO - 📊 Análise Est.4:
2025-11-04 22:57:40,166 - INFO -    Preço: 3244.04 | MA21: 3183.79 | RSI: 84.96
2025-11-04 22:57:40,166 - INFO -    Preço > MA21? ✅ SIM
2025-11-04 22:57:40,166 - INFO -    RSI < 70.0? ❌ NÃO
2025-11-04 22:57:40,166 - INFO -    Sem posições? ❌ NÃO
2025-11-04 22:58:10,457 - INFO - 💹 ETHUSDT: 3250.34000000 USDT
2025-11-04 22:58:10,457 - INFO - 📊 Análise Est.4:
2025-11-04 22:58:10,457 - INFO -    Preço: 3250.34 | MA21: 3184.09 | RSI: 86.01
2025-11-04 22:58:10,457 - INFO -    Preço > MA21? ✅ SIM
2025-11-04 22:58:10,457 - INFO -    RSI < 70.0? ❌ NÃO
2025-11-04 22:58:10,457 - INFO -    Sem posições? ❌ NÃO
2025-11-04 22:58:40,731 - INFO - 💹 ETHUSDT: 3248.30000000 USDT
2025-11-04 22:58:40,733 - INFO - 📊 Análise Est.4:
2025-11-04 22:58:40,733 - INFO -    Preço: 3248.30 | MA21: 3186.49 | RSI: 87.55
2025-11-04 22:58:40,733 - INFO -    Preço > MA21? ✅ SIM
2025-11-04 22:58:40,733 - INFO -    RSI < 70.0? ❌ NÃO
2025-11-04 22:58:40,733 - INFO -    Sem posições? ❌ NÃO
2025-11-04 22:59:11,005 - INFO - 💹 ETHUSDT: 3249.91000000 USDT
2025-11-04 22:59:11,005 - INFO - 📊 Análise Est.4:
2025-11-04 22:59:11,005 - INFO -    Preço: 3249.91 | MA21: 3186.56 | RSI: 89.16
2025-11-04 22:59:11,005 - INFO -    Preço > MA21? ✅ SIM
2025-11-04 22:59:11,005 - INFO -    RSI < 70.0? ❌ NÃO
2025-11-04 22:59:11,005 - INFO -    Sem posições? ❌ NÃO
2025-11-04 22:59:41,287 - INFO - 💹 ETHUSDT: 3250.61000000 USDT
2025-11-04 22:59:41,287 - INFO - 📊 Análise Est.4:
2025-11-04 22:59:41,287 - INFO -    Preço: 3250.61 | MA21: 3190.02 | RSI: 88.78
2025-11-04 22:59:41,287 - INFO -    Preço > MA21? ✅ SIM
2025-11-04 22:59:41,287 - INFO -    RSI < 70.0? ❌ NÃO
2025-11-04 22:59:41,287 - INFO -    Sem posições? ❌ NÃO
2025-11-04 23:00:12,081 - INFO - 💹 ETHUSDT: 3244.97000000 USDT
2025-11-04 23:00:12,081 - INFO - 📊 Análise Est.4:
2025-11-04 23:00:12,081 - INFO -    Preço: 3244.97 | MA21: 3189.75 | RSI: 83.73
2025-11-04 23:00:12,081 - INFO -    Preço > MA21? ✅ SIM
2025-11-04 23:00:12,081 - INFO -    RSI < 70.0? ❌ NÃO
2025-11-04 23:00:12,081 - INFO -    Sem posições? ❌ NÃO
2025-11-04 23:00:42,370 - INFO - 💹 ETHUSDT: 3254.44000000 USDT
2025-11-04 23:00:42,370 - INFO - 📊 Análise Est.4:
2025-11-04 23:00:42,370 - INFO -    Preço: 3254.44 | MA21: 3193.71 | RSI: 83.02
2025-11-04 23:00:42,372 - INFO -    Preço > MA21? ✅ SIM
2025-11-04 23:00:42,372 - INFO -    RSI < 70.0? ❌ NÃO
2025-11-04 23:00:42,372 - INFO -    Sem posições? ❌ NÃO
2025-11-04 23:01:12,650 - INFO - 💹 ETHUSDT: 3256.26000000 USDT
2025-11-04 23:01:12,650 - INFO - 📊 Análise Est.4:
2025-11-04 23:01:12,650 - INFO -    Preço: 3256.26 | MA21: 3197.70 | RSI: 81.89
2025-11-04 23:01:12,650 - INFO -    Preço > MA21? ✅ SIM
2025-11-04 23:01:12,650 - INFO -    RSI < 70.0? ❌ NÃO
2025-11-04 23:01:12,650 - INFO -    Sem posições? ❌ NÃO
2025-11-04 23:01:42,935 - INFO - 💹 ETHUSDT: 3262.40000000 USDT
2025-11-04 23:01:42,937 - INFO - 📊 Análise Est.4:
2025-11-04 23:01:42,937 - INFO -    Preço: 3262.40 | MA21: 3197.99 | RSI: 83.19
2025-11-04 23:01:42,937 - INFO -    Preço > MA21? ✅ SIM
2025-11-04 23:01:42,937 - INFO -    RSI < 70.0? ❌ NÃO
2025-11-04 23:01:42,937 - INFO -    Sem posições? ❌ NÃO
2025-11-04 23:02:13,231 - INFO - 💹 ETHUSDT: 3261.09000000 USDT
2025-11-04 23:02:13,231 - INFO - 📊 Análise Est.4:
2025-11-04 23:02:13,231 - INFO -    Preço: 3261.09 | MA21: 3201.73 | RSI: 80.47
2025-11-04 23:02:13,231 - INFO -    Preço > MA21? ✅ SIM
2025-11-04 23:02:13,231 - INFO -    RSI < 70.0? ❌ NÃO
2025-11-04 23:02:13,231 - INFO -    Sem posições? ❌ NÃO
2025-11-04 23:02:43,501 - INFO - 💹 ETHUSDT: 3266.93000000 USDT
2025-11-04 23:02:43,501 - INFO - 📊 Análise Est.4:
2025-11-04 23:02:43,501 - INFO -    Preço: 3266.93 | MA21: 3202.00 | RSI: 81.90
2025-11-04 23:02:43,501 - INFO -    Preço > MA21? ✅ SIM
2025-11-04 23:02:43,501 - INFO -    RSI < 70.0? ❌ NÃO
2025-11-04 23:02:43,501 - INFO -    Sem posições? ❌ NÃO
2025-11-04 23:03:13,781 - INFO - 💹 ETHUSDT: 3269.18000000 USDT
2025-11-04 23:03:13,781 - INFO - 📊 Análise Est.4:
2025-11-04 23:03:13,781 - INFO -    Preço: 3269.18 | MA21: 3227.75 | RSI: 83.74
2025-11-04 23:03:13,781 - INFO -    Preço > MA21? ✅ SIM
2025-11-04 23:03:13,781 - INFO -    RSI < 70.0? ❌ NÃO
2025-11-04 23:03:13,781 - INFO -    Sem posições? ❌ NÃO
2025-11-04 23:03:44,058 - INFO - 💹 ETHUSDT: 3269.20000000 USDT
2025-11-04 23:03:44,058 - INFO - 📊 Análise Est.4:
2025-11-04 23:03:44,058 - INFO -    Preço: 3269.20 | MA21: 3227.75 | RSI: 83.76
2025-11-04 23:03:44,058 - INFO -    Preço > MA21? ✅ SIM
2025-11-04 23:03:44,058 - INFO -    RSI < 70.0? ❌ NÃO
2025-11-04 23:03:44,058 - INFO -    Sem posições? ❌ NÃO
2025-11-04 23:04:14,337 - INFO - 💹 ETHUSDT: 3269.71000000 USDT
2025-11-04 23:04:14,337 - INFO - 📊 Análise Est.4:
2025-11-04 23:04:14,337 - INFO -    Preço: 3269.71 | MA21: 3231.80 | RSI: 88.63
2025-11-04 23:04:14,337 - INFO -    Preço > MA21? ✅ SIM
2025-11-04 23:04:14,337 - INFO -    RSI < 70.0? ❌ NÃO
2025-11-04 23:04:14,337 - INFO -    Sem posições? ❌ NÃO
2025-11-04 23:04:44,602 - INFO - 💹 ETHUSDT: 3278.73000000 USDT
2025-11-04 23:04:44,602 - INFO - 📊 Análise Est.4:
2025-11-04 23:04:44,602 - INFO -    Preço: 3278.73 | MA21: 3232.23 | RSI: 89.82
2025-11-04 23:04:44,602 - INFO -    Preço > MA21? ✅ SIM
2025-11-04 23:04:44,602 - INFO -    RSI < 70.0? ❌ NÃO
2025-11-04 23:04:44,602 - INFO -    Sem posições? ❌ NÃO
2025-11-04 23:04:44,602 - INFO - 🎯 Take Profit atingido! Preço: 3278.73000000
2025-11-04 23:04:44,602 - INFO - 🔄 Fechando posição COMPRA
2025-11-04 23:04:44,889 - INFO - ✅ Lucro: 0.19 USDT
2025-11-04 23:04:44,889 - INFO - ------------------------------------------------------------
2025-11-04 23:04:44,889 - INFO - 📊 ESTATÍSTICAS
2025-11-04 23:04:44,889 - INFO -    Total de trades: 9
2025-11-04 23:04:44,889 - INFO -    Trades vencedores: 5
2025-11-04 23:04:44,889 - INFO -    Win Rate: 55.6%
2025-11-04 23:04:44,889 - INFO -    Lucro diário: -2.40 USDT
2025-11-04 23:04:44,889 - INFO -    Lucro total: -2.40 USDT
2025-11-04 23:04:44,889 - INFO -    Posições abertas: 0
2025-11-04 23:04:44,889 - INFO - ------------------------------------------------------------
2025-11-04 23:05:15,158 - INFO - 💹 ETHUSDT: 3268.81000000 USDT
2025-11-04 23:05:15,158 - INFO - 📊 Análise Est.4:
2025-11-04 23:05:15,158 - INFO -    Preço: 3268.81 | MA21: 3235.91 | RSI: 88.78
2025-11-04 23:05:15,158 - INFO -    Preço > MA21? ✅ SIM
2025-11-04 23:05:15,158 - INFO -    RSI < 70.0? ❌ NÃO
2025-11-04 23:05:15,158 - INFO -    Sem posições? ✅ SIM
2025-11-04 23:05:45,435 - INFO - 💹 ETHUSDT: 3276.22000000 USDT
2025-11-04 23:05:45,435 - INFO - 📊 Análise Est.4:
2025-11-04 23:05:45,435 - INFO -    Preço: 3276.22 | MA21: 3236.26 | RSI: 89.77
2025-11-04 23:05:45,435 - INFO -    Preço > MA21? ✅ SIM
2025-11-04 23:05:45,435 - INFO -    RSI < 70.0? ❌ NÃO
2025-11-04 23:05:45,435 - INFO -    Sem posições? ✅ SIM
2025-11-04 23:06:15,724 - INFO - 💹 ETHUSDT: 3273.79000000 USDT
2025-11-04 23:06:15,724 - INFO - 📊 Análise Est.4:
2025-11-04 23:06:15,724 - INFO -    Preço: 3273.79 | MA21: 3240.36 | RSI: 87.22
2025-11-04 23:06:15,724 - INFO -    Preço > MA21? ✅ SIM
2025-11-04 23:06:15,724 - INFO -    RSI < 70.0? ❌ NÃO
2025-11-04 23:06:15,724 - INFO -    Sem posições? ✅ SIM
2025-11-04 23:06:45,991 - INFO - 💹 ETHUSDT: 3278.19000000 USDT
2025-11-04 23:06:45,991 - INFO - 📊 Análise Est.4:
2025-11-04 23:06:46,008 - INFO -    Preço: 3278.19 | MA21: 3240.57 | RSI: 88.02
2025-11-04 23:06:46,008 - INFO -    Preço > MA21? ✅ SIM
2025-11-04 23:06:46,008 - INFO -    RSI < 70.0? ❌ NÃO
2025-11-04 23:06:46,008 - INFO -    Sem posições? ✅ SIM
2025-11-04 23:07:16,284 - INFO - 💹 ETHUSDT: 3282.57000000 USDT
2025-11-04 23:07:16,284 - INFO - 📊 Análise Est.4:
2025-11-04 23:07:16,284 - INFO -    Preço: 3282.57 | MA21: 3244.78 | RSI: 87.67
2025-11-04 23:07:16,284 - INFO -    Preço > MA21? ✅ SIM
2025-11-04 23:07:16,284 - INFO -    RSI < 70.0? ❌ NÃO
2025-11-04 23:07:16,284 - INFO -    Sem posições? ✅ SIM
2025-11-04 23:07:46,559 - INFO - 💹 ETHUSDT: 3285.79000000 USDT
2025-11-04 23:07:46,559 - INFO - 📊 Análise Est.4:
2025-11-04 23:07:46,559 - INFO -    Preço: 3285.79 | MA21: 3244.93 | RSI: 88.21
2025-11-04 23:07:46,559 - INFO -    Preço > MA21? ✅ SIM
2025-11-04 23:07:46,559 - INFO -    RSI < 70.0? ❌ NÃO
2025-11-04 23:07:46,559 - INFO -    Sem posições? ✅ SIM
2025-11-04 23:08:16,844 - INFO - 💹 ETHUSDT: 3285.09000000 USDT
2025-11-04 23:08:16,844 - INFO - 📊 Análise Est.4:
2025-11-04 23:08:16,844 - INFO -    Preço: 3285.09 | MA21: 3248.68 | RSI: 86.15
2025-11-04 23:08:16,844 - INFO -    Preço > MA21? ✅ SIM
2025-11-04 23:08:16,844 - INFO -    RSI < 70.0? ❌ NÃO
2025-11-04 23:08:16,844 - INFO -    Sem posições? ✅ SIM
2025-11-04 23:08:47,113 - INFO - 💹 ETHUSDT: 3280.53000000 USDT
2025-11-04 23:08:47,113 - INFO - 📊 Análise Est.4:
2025-11-04 23:08:47,113 - INFO -    Preço: 3280.53 | MA21: 3248.47 | RSI: 80.28
2025-11-04 23:08:47,113 - INFO -    Preço > MA21? ✅ SIM
2025-11-04 23:08:47,113 - INFO -    RSI < 70.0? ❌ NÃO
2025-11-04 23:08:47,113 - INFO -    Sem posições? ✅ SIM
2025-11-04 23:09:17,394 - INFO - 💹 ETHUSDT: 3282.03000000 USDT
2025-11-04 23:09:17,394 - INFO - 📊 Análise Est.4:
2025-11-04 23:09:17,394 - INFO -    Preço: 3282.03 | MA21: 3251.67 | RSI: 84.62
2025-11-04 23:09:17,394 - INFO -    Preço > MA21? ✅ SIM
2025-11-04 23:09:17,394 - INFO -    RSI < 70.0? ❌ NÃO
2025-11-04 23:09:17,394 - INFO -    Sem posições? ✅ SIM
2025-11-04 23:09:47,682 - INFO - 💹 ETHUSDT: 3282.90000000 USDT
2025-11-04 23:09:47,682 - INFO - 📊 Análise Est.4:
2025-11-04 23:09:47,682 - INFO -    Preço: 3282.90 | MA21: 3251.71 | RSI: 84.83
2025-11-04 23:09:47,682 - INFO -    Preço > MA21? ✅ SIM
2025-11-04 23:09:47,682 - INFO -    RSI < 70.0? ❌ NÃO
2025-11-04 23:09:47,682 - INFO -    Sem posições? ✅ SIM
2025-11-04 23:10:17,965 - INFO - 💹 ETHUSDT: 3273.05000000 USDT
2025-11-04 23:10:17,967 - INFO - 📊 Análise Est.4:
2025-11-04 23:10:17,967 - INFO -    Preço: 3273.05 | MA21: 3254.17 | RSI: 71.92
2025-11-04 23:10:17,967 - INFO -    Preço > MA21? ✅ SIM
2025-11-04 23:10:17,967 - INFO -    RSI < 70.0? ❌ NÃO
2025-11-04 23:10:17,967 - INFO -    Sem posições? ✅ SIM
2025-11-04 23:10:48,244 - INFO - 💹 ETHUSDT: 3272.43000000 USDT
2025-11-04 23:10:48,244 - INFO - 📊 Análise Est.4:
2025-11-04 23:10:48,244 - INFO -    Preço: 3272.43 | MA21: 3254.14 | RSI: 71.25
2025-11-04 23:10:48,244 - INFO -    Preço > MA21? ✅ SIM
2025-11-04 23:10:48,244 - INFO -    RSI < 70.0? ❌ NÃO
2025-11-04 23:10:48,244 - INFO -    Sem posições? ✅ SIM
2025-11-04 23:11:18,529 - INFO - 💹 ETHUSDT: 3270.00000000 USDT
2025-11-04 23:11:18,530 - INFO - 📊 Análise Est.4:
2025-11-04 23:11:18,530 - INFO -    Preço: 3270.00 | MA21: 3256.87 | RSI: 65.55
2025-11-04 23:11:18,530 - INFO -    Preço > MA21? ✅ SIM
2025-11-04 23:11:18,530 - INFO -    RSI < 70.0? ✅ SIM
2025-11-04 23:11:18,530 - INFO -    Sem posições? ✅ SIM
2025-11-04 23:11:18,530 - INFO - 🟢 TODAS AS CONDIÇÕES ATENDIDAS - ABRINDO COMPRA!
2025-11-04 23:11:18,531 - INFO - 📈 Abrindo posição COMPRA
2025-11-04 23:11:18,531 - INFO -    Preço: 3270.00000000
2025-11-04 23:11:18,531 - INFO -    Quantidade: 0.00460000
2025-11-04 23:11:18,531 - INFO -    Valor: 15.0 USDT
2025-11-04 23:11:18,806 - INFO - ✅ Ordem executada: 12198286
2025-11-04 23:11:49,090 - INFO - 💹 ETHUSDT: 3277.01000000 USDT
2025-11-04 23:11:49,090 - INFO - 📊 Análise Est.4:
2025-11-04 23:11:49,090 - INFO -    Preço: 3277.01 | MA21: 3257.21 | RSI: 69.01
2025-11-04 23:11:49,090 - INFO -    Preço > MA21? ✅ SIM
2025-11-04 23:11:49,090 - INFO -    RSI < 70.0? ✅ SIM
2025-11-04 23:11:49,090 - INFO -    Sem posições? ❌ NÃO
2025-11-04 23:12:19,358 - INFO - 💹 ETHUSDT: 3274.08000000 USDT
2025-11-04 23:12:19,358 - INFO - 📊 Análise Est.4:
2025-11-04 23:12:19,358 - INFO -    Preço: 3274.08 | MA21: 3260.37 | RSI: 66.02
2025-11-04 23:12:19,358 - INFO -    Preço > MA21? ✅ SIM
2025-11-04 23:12:19,358 - INFO -    RSI < 70.0? ✅ SIM
2025-11-04 23:12:19,358 - INFO -    Sem posições? ❌ NÃO
2025-11-04 23:12:49,640 - INFO - 💹 ETHUSDT: 3262.91000000 USDT
2025-11-04 23:12:49,640 - INFO - 📊 Análise Est.4:
2025-11-04 23:12:49,640 - INFO -    Preço: 3262.91 | MA21: 3259.84 | RSI: 57.50
2025-11-04 23:12:49,640 - INFO -    Preço > MA21? ✅ SIM
2025-11-04 23:12:49,640 - INFO -    RSI < 70.0? ✅ SIM
2025-11-04 23:12:49,640 - INFO -    Sem posições? ❌ NÃO
2025-11-04 23:13:19,921 - INFO - 💹 ETHUSDT: 3258.79000000 USDT
2025-11-04 23:13:19,921 - INFO - 📊 Análise Est.4:
2025-11-04 23:13:19,924 - INFO -    Preço: 3258.79 | MA21: 3261.36 | RSI: 58.05
2025-11-04 23:13:19,924 - INFO -    Preço > MA21? ❌ NÃO
2025-11-04 23:13:19,924 - INFO -    RSI < 70.0? ✅ SIM
2025-11-04 23:13:19,924 - INFO -    Sem posições? ❌ NÃO
2025-11-04 23:13:50,193 - INFO - 💹 ETHUSDT: 3262.68000000 USDT
2025-11-04 23:13:50,205 - INFO - 📊 Análise Est.4:
2025-11-04 23:13:50,205 - INFO -    Preço: 3262.68 | MA21: 3261.55 | RSI: 60.05
2025-11-04 23:13:50,205 - INFO -    Preço > MA21? ✅ SIM
2025-11-04 23:13:50,205 - INFO -    RSI < 70.0? ✅ SIM
2025-11-04 23:13:50,205 - INFO -    Sem posições? ❌ NÃO
2025-11-04 23:14:20,478 - INFO - 💹 ETHUSDT: 3263.22000000 USDT
2025-11-04 23:14:20,478 - INFO - 📊 Análise Est.4:
2025-11-04 23:14:20,478 - INFO -    Preço: 3263.22 | MA21: 3262.99 | RSI: 54.49
2025-11-04 23:14:20,478 - INFO -    Preço > MA21? ✅ SIM
2025-11-04 23:14:20,478 - INFO -    RSI < 70.0? ✅ SIM
2025-11-04 23:14:20,478 - INFO -    Sem posições? ❌ NÃO
2025-11-04 23:14:50,755 - INFO - 💹 ETHUSDT: 3264.66000000 USDT
2025-11-04 23:14:50,757 - INFO - 📊 Análise Est.4:
2025-11-04 23:14:50,757 - INFO -    Preço: 3264.66 | MA21: 3263.05 | RSI: 55.32
2025-11-04 23:14:50,757 - INFO -    Preço > MA21? ✅ SIM
2025-11-04 23:14:50,757 - INFO -    RSI < 70.0? ✅ SIM
2025-11-04 23:14:50,757 - INFO -    Sem posições? ❌ NÃO
2025-11-04 23:15:21,037 - INFO - 💹 ETHUSDT: 3266.00000000 USDT
2025-11-04 23:15:21,037 - INFO - 📊 Análise Est.4:
2025-11-04 23:15:21,037 - INFO -    Preço: 3266.00 | MA21: 3264.33 | RSI: 53.25
2025-11-04 23:15:21,037 - INFO -    Preço > MA21? ✅ SIM
2025-11-04 23:15:21,037 - INFO -    RSI < 70.0? ✅ SIM
2025-11-04 23:15:21,037 - INFO -    Sem posições? ❌ NÃO
2025-11-04 23:15:51,310 - INFO - 💹 ETHUSDT: 3253.60000000 USDT
2025-11-04 23:15:51,310 - INFO - 📊 Análise Est.4:
2025-11-04 23:15:51,310 - INFO -    Preço: 3253.60 | MA21: 3263.74 | RSI: 45.68
2025-11-04 23:15:51,310 - INFO -    Preço > MA21? ❌ NÃO
2025-11-04 23:15:51,310 - INFO -    RSI < 70.0? ✅ SIM
2025-11-04 23:15:51,326 - INFO -    Sem posições? ❌ NÃO
2025-11-04 23:16:21,599 - INFO - 💹 ETHUSDT: 3255.64000000 USDT
2025-11-04 23:16:21,599 - INFO - 📊 Análise Est.4:
2025-11-04 23:16:21,599 - INFO -    Preço: 3255.64 | MA21: 3264.58 | RSI: 40.87
2025-11-04 23:16:21,599 - INFO -    Preço > MA21? ❌ NÃO
2025-11-04 23:16:21,599 - INFO -    RSI < 70.0? ✅ SIM
2025-11-04 23:16:21,599 - INFO -    Sem posições? ❌ NÃO
2025-11-04 23:16:51,870 - INFO - 💹 ETHUSDT: 3258.77000000 USDT
2025-11-04 23:16:51,870 - INFO - 📊 Análise Est.4:
2025-11-04 23:16:51,870 - INFO -    Preço: 3258.77 | MA21: 3264.73 | RSI: 43.11
2025-11-04 23:16:51,870 - INFO -    Preço > MA21? ❌ NÃO
2025-11-04 23:16:51,870 - INFO -    RSI < 70.0? ✅ SIM
2025-11-04 23:16:51,870 - INFO -    Sem posições? ❌ NÃO
2025-11-04 23:17:22,137 - INFO - 💹 ETHUSDT: 3258.17000000 USDT
2025-11-04 23:17:22,137 - INFO - 📊 Análise Est.4:
2025-11-04 23:17:22,137 - INFO -    Preço: 3258.17 | MA21: 3265.38 | RSI: 42.93
2025-11-04 23:17:22,137 - INFO -    Preço > MA21? ❌ NÃO
2025-11-04 23:17:22,137 - INFO -    RSI < 70.0? ✅ SIM
2025-11-04 23:17:22,137 - INFO -    Sem posições? ❌ NÃO
2025-11-04 23:17:52,427 - INFO - 💹 ETHUSDT: 3258.69000000 USDT
2025-11-04 23:17:52,427 - INFO - 📊 Análise Est.4:
2025-11-04 23:17:52,427 - INFO -    Preço: 3258.69 | MA21: 3265.41 | RSI: 43.29
2025-11-04 23:17:52,427 - INFO -    Preço > MA21? ❌ NÃO
2025-11-04 23:17:52,427 - INFO -    RSI < 70.0? ✅ SIM
2025-11-04 23:17:52,427 - INFO -    Sem posições? ❌ NÃO
2025-11-04 23:18:22,697 - INFO - 💹 ETHUSDT: 3288.62000000 USDT
2025-11-04 23:18:22,697 - INFO - 📊 Análise Est.4:
2025-11-04 23:18:22,697 - INFO -    Preço: 3288.62 | MA21: 3267.39 | RSI: 58.91
2025-11-04 23:18:22,697 - INFO -    Preço > MA21? ✅ SIM
2025-11-04 23:18:22,697 - INFO -    RSI < 70.0? ✅ SIM
2025-11-04 23:18:22,697 - INFO -    Sem posições? ❌ NÃO
2025-11-04 23:18:52,974 - INFO - 💹 ETHUSDT: 3273.19000000 USDT
2025-11-04 23:18:52,974 - INFO - 📊 Análise Est.4:
2025-11-04 23:18:52,974 - INFO -    Preço: 3273.19 | MA21: 3266.65 | RSI: 52.28
2025-11-04 23:18:52,974 - INFO -    Preço > MA21? ✅ SIM
2025-11-04 23:18:52,974 - INFO -    RSI < 70.0? ✅ SIM
2025-11-04 23:18:52,974 - INFO -    Sem posições? ❌ NÃO
2025-11-04 23:19:23,250 - INFO - 💹 ETHUSDT: 3274.87000000 USDT
2025-11-04 23:19:23,251 - INFO - 📊 Análise Est.4:
2025-11-04 23:19:23,251 - INFO -    Preço: 3274.87 | MA21: 3267.92 | RSI: 50.58
2025-11-04 23:19:23,251 - INFO -    Preço > MA21? ✅ SIM
2025-11-04 23:19:23,251 - INFO -    RSI < 70.0? ✅ SIM
2025-11-04 23:19:23,251 - INFO -    Sem posições? ❌ NÃO
2025-11-04 23:19:53,529 - INFO - 💹 ETHUSDT: 3274.15000000 USDT
2025-11-04 23:19:53,529 - INFO - 📊 Análise Est.4:
2025-11-04 23:19:53,529 - INFO -    Preço: 3274.15 | MA21: 3267.89 | RSI: 50.19
2025-11-04 23:19:53,529 - INFO -    Preço > MA21? ✅ SIM
2025-11-04 23:19:53,531 - INFO -    RSI < 70.0? ✅ SIM
2025-11-04 23:19:53,531 - INFO -    Sem posições? ❌ NÃO
2025-11-04 23:20:23,802 - INFO - 💹 ETHUSDT: 3278.36000000 USDT
2025-11-04 23:20:23,802 - INFO - 📊 Análise Est.4:
2025-11-04 23:20:23,802 - INFO -    Preço: 3278.36 | MA21: 3269.50 | RSI: 47.67
2025-11-04 23:20:23,802 - INFO -    Preço > MA21? ✅ SIM
2025-11-04 23:20:23,802 - INFO -    RSI < 70.0? ✅ SIM
2025-11-04 23:20:23,802 - INFO -    Sem posições? ❌ NÃO
2025-11-04 23:20:54,093 - INFO - 💹 ETHUSDT: 3692.13000000 USDT
2025-11-04 23:20:54,093 - INFO - 📊 Análise Est.4:
2025-11-04 23:20:54,093 - INFO -    Preço: 3692.13 | MA21: 3289.20 | RSI: 90.83
2025-11-04 23:20:54,093 - INFO -    Preço > MA21? ✅ SIM
2025-11-04 23:20:54,093 - INFO -    RSI < 70.0? ❌ NÃO
2025-11-04 23:20:54,093 - INFO -    Sem posições? ❌ NÃO
2025-11-04 23:20:54,093 - INFO - 🎯 Take Profit atingido! Preço: 3692.13000000
2025-11-04 23:20:54,093 - INFO - 🔄 Fechando posição COMPRA
2025-11-04 23:20:54,368 - INFO - ✅ Lucro: 1.94 USDT
2025-11-04 23:20:54,368 - INFO - ------------------------------------------------------------
2025-11-04 23:20:54,368 - INFO - 📊 ESTATÍSTICAS
2025-11-04 23:20:54,368 - INFO -    Total de trades: 10
2025-11-04 23:20:54,368 - INFO -    Trades vencedores: 6
2025-11-04 23:20:54,368 - INFO -    Win Rate: 60.0%
2025-11-04 23:20:54,368 - INFO -    Lucro diário: -0.46 USDT
2025-11-04 23:20:54,368 - INFO -    Lucro total: -0.46 USDT
2025-11-04 23:20:54,368 - INFO -    Posições abertas: 0
2025-11-04 23:20:54,368 - INFO - ------------------------------------------------------------
2025-11-04 23:21:24,649 - INFO - 💹 ETHUSDT: 3274.14000000 USDT
2025-11-04 23:21:24,649 - INFO - 📊 Análise Est.4:
2025-11-04 23:21:24,649 - INFO -    Preço: 3274.14 | MA21: 3270.17 | RSI: 43.31
2025-11-04 23:21:24,649 - INFO -    Preço > MA21? ✅ SIM
2025-11-04 23:21:24,649 - INFO -    RSI < 70.0? ✅ SIM
2025-11-04 23:21:24,649 - INFO -    Sem posições? ✅ SIM
2025-11-04 23:21:24,649 - INFO - 🟢 TODAS AS CONDIÇÕES ATENDIDAS - ABRINDO COMPRA!
2025-11-04 23:21:24,649 - INFO - 📈 Abrindo posição COMPRA
2025-11-04 23:21:24,649 - INFO -    Preço: 3274.14000000
2025-11-04 23:21:24,649 - INFO -    Quantidade: 0.00460000
2025-11-04 23:21:24,649 - INFO -    Valor: 15.0 USDT
2025-11-04 23:21:24,927 - INFO - ✅ Ordem executada: 12207914
2025-11-04 23:21:55,206 - INFO - 💹 ETHUSDT: 3272.95000000 USDT
2025-11-04 23:21:55,206 - INFO - 📊 Análise Est.4:
2025-11-04 23:21:55,206 - INFO -    Preço: 3272.95 | MA21: 3270.11 | RSI: 42.69
2025-11-04 23:21:55,206 - INFO -    Preço > MA21? ✅ SIM
2025-11-04 23:21:55,206 - INFO -    RSI < 70.0? ✅ SIM
2025-11-04 23:21:55,206 - INFO -    Sem posições? ❌ NÃO
2025-11-04 23:22:25,500 - INFO - 💹 ETHUSDT: 3281.65000000 USDT
2025-11-04 23:22:25,500 - INFO - 📊 Análise Est.4:
2025-11-04 23:22:25,500 - INFO -    Preço: 3281.65 | MA21: 3271.43 | RSI: 49.78
2025-11-04 23:22:25,500 - INFO -    Preço > MA21? ✅ SIM
2025-11-04 23:22:25,500 - INFO -    RSI < 70.0? ✅ SIM
2025-11-04 23:22:25,500 - INFO -    Sem posições? ❌ NÃO
2025-11-04 23:22:55,784 - INFO - 💹 ETHUSDT: 3274.88000000 USDT
2025-11-04 23:22:55,784 - INFO - 📊 Análise Est.4:
2025-11-04 23:22:55,784 - INFO -    Preço: 3274.88 | MA21: 3271.11 | RSI: 45.99
2025-11-04 23:22:55,784 - INFO -    Preço > MA21? ✅ SIM
2025-11-04 23:22:55,784 - INFO -    RSI < 70.0? ✅ SIM
2025-11-04 23:22:55,784 - INFO -    Sem posições? ❌ NÃO
2025-11-04 23:23:26,057 - INFO - 💹 ETHUSDT: 3271.51000000 USDT
2025-11-04 23:23:26,057 - INFO - 📊 Análise Est.4:
2025-11-04 23:23:26,057 - INFO -    Preço: 3271.51 | MA21: 3271.01 | RSI: 47.72
2025-11-04 23:23:26,057 - INFO -    Preço > MA21? ✅ SIM
2025-11-04 23:23:26,057 - INFO -    RSI < 70.0? ✅ SIM
2025-11-04 23:23:26,057 - INFO -    Sem posições? ❌ NÃO
2025-11-04 23:23:56,333 - INFO - 💹 ETHUSDT: 3271.95000000 USDT
2025-11-04 23:23:56,333 - INFO - 📊 Análise Est.4:
2025-11-04 23:23:56,333 - INFO -    Preço: 3271.95 | MA21: 3271.03 | RSI: 47.98
2025-11-04 23:23:56,333 - INFO -    Preço > MA21? ✅ SIM
2025-11-04 23:23:56,333 - INFO -    RSI < 70.0? ✅ SIM
2025-11-04 23:23:56,333 - INFO -    Sem posições? ❌ NÃO
2025-11-04 23:24:26,612 - INFO - 💹 ETHUSDT: 3270.05000000 USDT
2025-11-04 23:24:26,612 - INFO - 📊 Análise Est.4:
2025-11-04 23:24:26,612 - INFO -    Preço: 3270.05 | MA21: 3271.07 | RSI: 50.01
2025-11-04 23:24:26,612 - INFO -    Preço > MA21? ❌ NÃO
2025-11-04 23:24:26,612 - INFO -    RSI < 70.0? ✅ SIM
2025-11-04 23:24:26,612 - INFO -    Sem posições? ❌ NÃO
2025-11-04 23:24:57,417 - INFO - 💹 ETHUSDT: 3277.35000000 USDT
2025-11-04 23:24:57,417 - INFO - 📊 Análise Est.4:
2025-11-04 23:24:57,419 - INFO -    Preço: 3277.35 | MA21: 3271.42 | RSI: 54.23
2025-11-04 23:24:57,419 - INFO -    Preço > MA21? ✅ SIM
2025-11-04 23:24:57,419 - INFO -    RSI < 70.0? ✅ SIM
2025-11-04 23:24:57,419 - INFO -    Sem posições? ❌ NÃO
2025-11-04 23:25:27,693 - INFO - 💹 ETHUSDT: 3275.62000000 USDT
2025-11-04 23:25:27,693 - INFO - 📊 Análise Est.4:
2025-11-04 23:25:27,693 - INFO -    Preço: 3275.62 | MA21: 3271.75 | RSI: 48.27
2025-11-04 23:25:27,693 - INFO -    Preço > MA21? ✅ SIM
2025-11-04 23:25:27,693 - INFO -    RSI < 70.0? ✅ SIM
2025-11-04 23:25:27,693 - INFO -    Sem posições? ❌ NÃO
2025-11-04 23:25:57,972 - INFO - 💹 ETHUSDT: 3271.80000000 USDT
2025-11-04 23:25:57,972 - INFO - 📊 Análise Est.4:
2025-11-04 23:25:57,972 - INFO -    Preço: 3271.80 | MA21: 3271.57 | RSI: 46.07
2025-11-04 23:25:57,972 - INFO -    Preço > MA21? ✅ SIM
2025-11-04 23:25:57,974 - INFO -    RSI < 70.0? ✅ SIM
2025-11-04 23:25:57,974 - INFO -    Sem posições? ❌ NÃO
2025-11-04 23:26:28,245 - INFO - 💹 ETHUSDT: 3268.27000000 USDT
2025-11-04 23:26:28,245 - INFO - 📊 Análise Est.4:
2025-11-04 23:26:28,245 - INFO -    Preço: 3268.27 | MA21: 3271.25 | RSI: 56.34
2025-11-04 23:26:28,245 - INFO -    Preço > MA21? ❌ NÃO
2025-11-04 23:26:28,245 - INFO -    RSI < 70.0? ✅ SIM
2025-11-04 23:26:28,245 - INFO -    Sem posições? ❌ NÃO
2025-11-04 23:26:58,517 - INFO - 💹 ETHUSDT: 3264.01000000 USDT
2025-11-04 23:26:58,517 - INFO - 📊 Análise Est.4:
2025-11-04 23:26:58,517 - INFO -    Preço: 3264.01 | MA21: 3271.05 | RSI: 53.05
2025-11-04 23:26:58,517 - INFO -    Preço > MA21? ❌ NÃO
2025-11-04 23:26:58,517 - INFO -    RSI < 70.0? ✅ SIM
2025-11-04 23:26:58,517 - INFO -    Sem posições? ❌ NÃO
2025-11-04 23:27:28,813 - INFO - 💹 ETHUSDT: 3263.91000000 USDT
2025-11-04 23:27:28,813 - INFO - 📊 Análise Est.4:
2025-11-04 23:27:28,813 - INFO -    Preço: 3263.91 | MA21: 3270.00 | RSI: 52.77
2025-11-04 23:27:28,813 - INFO -    Preço > MA21? ❌ NÃO
2025-11-04 23:27:28,813 - INFO -    RSI < 70.0? ✅ SIM
2025-11-04 23:27:28,813 - INFO -    Sem posições? ❌ NÃO
2025-11-04 23:27:59,094 - INFO - 💹 ETHUSDT: 3263.74000000 USDT
2025-11-04 23:27:59,094 - INFO - 📊 Análise Est.4:
2025-11-04 23:27:59,094 - INFO -    Preço: 3263.74 | MA21: 3269.99 | RSI: 52.67
2025-11-04 23:27:59,096 - INFO -    Preço > MA21? ❌ NÃO
2025-11-04 23:27:59,096 - INFO -    RSI < 70.0? ✅ SIM
2025-11-04 23:27:59,096 - INFO -    Sem posições? ❌ NÃO
2025-11-04 23:28:29,369 - INFO - 💹 ETHUSDT: 3261.90000000 USDT
2025-11-04 23:28:29,371 - INFO - 📊 Análise Est.4:
2025-11-04 23:28:29,371 - INFO -    Preço: 3261.90 | MA21: 3268.89 | RSI: 47.65
2025-11-04 23:28:29,371 - INFO -    Preço > MA21? ❌ NÃO
2025-11-04 23:28:29,371 - INFO -    RSI < 70.0? ✅ SIM
2025-11-04 23:28:29,371 - INFO -    Sem posições? ❌ NÃO
2025-11-04 23:28:59,648 - INFO - 💹 ETHUSDT: 3267.00000000 USDT
2025-11-04 23:28:59,648 - INFO - 📊 Análise Est.4:
2025-11-04 23:28:59,648 - INFO -    Preço: 3267.00 | MA21: 3269.13 | RSI: 51.02
2025-11-04 23:28:59,648 - INFO -    Preço > MA21? ❌ NÃO
2025-11-04 23:28:59,648 - INFO -    RSI < 70.0? ✅ SIM
2025-11-04 23:28:59,648 - INFO -    Sem posições? ❌ NÃO
2025-11-04 23:29:29,921 - INFO - 💹 ETHUSDT: 3268.41000000 USDT
2025-11-04 23:29:29,921 - INFO - 📊 Análise Est.4:
2025-11-04 23:29:29,921 - INFO -    Preço: 3268.41 | MA21: 3268.47 | RSI: 61.07
2025-11-04 23:29:29,921 - INFO -    Preço > MA21? ❌ NÃO
2025-11-04 23:29:29,921 - INFO -    RSI < 70.0? ✅ SIM
2025-11-04 23:29:29,921 - INFO -    Sem posições? ❌ NÃO
2025-11-04 23:30:00,197 - INFO - 💹 ETHUSDT: 3266.67000000 USDT
2025-11-04 23:30:00,197 - INFO - 📊 Análise Est.4:
2025-11-04 23:30:00,197 - INFO -    Preço: 3266.67 | MA21: 3268.38 | RSI: 60.02
2025-11-04 23:30:00,197 - INFO -    Preço > MA21? ❌ NÃO
2025-11-04 23:30:00,199 - INFO -    RSI < 70.0? ✅ SIM
2025-11-04 23:30:00,199 - INFO -    Sem posições? ❌ NÃO
2025-11-04 23:30:30,484 - INFO - 💹 ETHUSDT: 3269.26000000 USDT
2025-11-04 23:30:30,484 - INFO - 📊 Análise Est.4:
2025-11-04 23:30:30,484 - INFO -    Preço: 3269.26 | MA21: 3268.09 | RSI: 58.82
2025-11-04 23:30:30,486 - INFO -    Preço > MA21? ✅ SIM
2025-11-04 23:30:30,486 - INFO -    RSI < 70.0? ✅ SIM
2025-11-04 23:30:30,486 - INFO -    Sem posições? ❌ NÃO
2025-11-04 23:31:00,763 - INFO - 💹 ETHUSDT: 3267.42000000 USDT
2025-11-04 23:31:00,763 - INFO - 📊 Análise Est.4:
2025-11-04 23:31:00,763 - INFO -    Preço: 3267.42 | MA21: 3268.00 | RSI: 57.58
2025-11-04 23:31:00,763 - INFO -    Preço > MA21? ❌ NÃO
2025-11-04 23:31:00,763 - INFO -    RSI < 70.0? ✅ SIM
2025-11-04 23:31:00,763 - INFO -    Sem posições? ❌ NÃO
2025-11-04 23:31:31,042 - INFO - 💹 ETHUSDT: 3268.38000000 USDT
2025-11-04 23:31:31,042 - INFO - 📊 Análise Est.4:
2025-11-04 23:31:31,042 - INFO -    Preço: 3268.38 | MA21: 3267.97 | RSI: 55.49
2025-11-04 23:31:31,042 - INFO -    Preço > MA21? ✅ SIM
2025-11-04 23:31:31,042 - INFO -    RSI < 70.0? ✅ SIM
2025-11-04 23:31:31,042 - INFO -    Sem posições? ❌ NÃO
2025-11-04 23:32:01,329 - INFO - 💹 ETHUSDT: 3276.27000000 USDT
2025-11-04 23:32:01,331 - INFO - 📊 Análise Est.4:
2025-11-04 23:32:01,331 - INFO -    Preço: 3276.27 | MA21: 3268.34 | RSI: 60.81
2025-11-04 23:32:01,331 - INFO -    Preço > MA21? ✅ SIM
2025-11-04 23:32:01,331 - INFO -    RSI < 70.0? ✅ SIM
2025-11-04 23:32:01,331 - INFO -    Sem posições? ❌ NÃO
2025-11-04 23:32:31,608 - INFO - 💹 ETHUSDT: 3272.43000000 USDT
2025-11-04 23:32:31,608 - INFO - 📊 Análise Est.4:
2025-11-04 23:32:31,608 - INFO -    Preço: 3272.43 | MA21: 3267.92 | RSI: 47.62
2025-11-04 23:32:31,608 - INFO -    Preço > MA21? ✅ SIM
2025-11-04 23:32:31,608 - INFO -    RSI < 70.0? ✅ SIM
2025-11-04 23:32:31,608 - INFO -    Sem posições? ❌ NÃO
2025-11-04 23:33:01,885 - INFO - 💹 ETHUSDT: 3270.62000000 USDT
2025-11-04 23:33:01,885 - INFO - 📊 Análise Est.4:
2025-11-04 23:33:01,885 - INFO -    Preço: 3270.62 | MA21: 3267.84 | RSI: 46.00
2025-11-04 23:33:01,887 - INFO -    Preço > MA21? ✅ SIM
2025-11-04 23:33:01,887 - INFO -    RSI < 70.0? ✅ SIM
2025-11-04 23:33:01,887 - INFO -    Sem posições? ❌ NÃO
2025-11-04 23:33:32,163 - INFO - 💹 ETHUSDT: 3264.17000000 USDT
2025-11-04 23:33:32,168 - INFO - 📊 Análise Est.4:
2025-11-04 23:33:32,168 - INFO -    Preço: 3264.17 | MA21: 3268.09 | RSI: 41.24
2025-11-04 23:33:32,168 - INFO -    Preço > MA21? ❌ NÃO
2025-11-04 23:33:32,168 - INFO -    RSI < 70.0? ✅ SIM
2025-11-04 23:33:32,168 - INFO -    Sem posições? ❌ NÃO
2025-11-04 23:34:02,431 - INFO - 💹 ETHUSDT: 3264.62000000 USDT
2025-11-04 23:34:02,431 - INFO - 📊 Análise Est.4:
2025-11-04 23:34:02,431 - INFO -    Preço: 3264.62 | MA21: 3268.11 | RSI: 41.56
2025-11-04 23:34:02,431 - INFO -    Preço > MA21? ❌ NÃO
2025-11-04 23:34:02,431 - INFO -    RSI < 70.0? ✅ SIM
2025-11-04 23:34:02,431 - INFO -    Sem posições? ❌ NÃO
2025-11-04 23:34:32,724 - INFO - 💹 ETHUSDT: 3266.93000000 USDT
2025-11-04 23:34:32,724 - INFO - 📊 Análise Est.4:
2025-11-04 23:34:32,724 - INFO -    Preço: 3266.93 | MA21: 3268.46 | RSI: 43.79
2025-11-04 23:34:32,724 - INFO -    Preço > MA21? ❌ NÃO
2025-11-04 23:34:32,724 - INFO -    RSI < 70.0? ✅ SIM
2025-11-04 23:34:32,724 - INFO -    Sem posições? ❌ NÃO
2025-11-04 23:35:02,998 - INFO - 💹 ETHUSDT: 3272.22000000 USDT
2025-11-04 23:35:02,998 - INFO - 📊 Análise Est.4:
2025-11-04 23:35:02,998 - INFO -    Preço: 3272.22 | MA21: 3268.72 | RSI: 48.27
2025-11-04 23:35:02,998 - INFO -    Preço > MA21? ✅ SIM
2025-11-04 23:35:02,998 - INFO -    RSI < 70.0? ✅ SIM
2025-11-04 23:35:02,998 - INFO -    Sem posições? ❌ NÃO
2025-11-04 23:35:33,794 - INFO - 💹 ETHUSDT: 3268.56000000 USDT
2025-11-04 23:35:33,794 - INFO - 📊 Análise Est.4:
2025-11-04 23:35:33,794 - INFO -    Preço: 3268.56 | MA21: 3268.99 | RSI: 41.71
2025-11-04 23:35:33,794 - INFO -    Preço > MA21? ❌ NÃO
2025-11-04 23:35:33,794 - INFO -    RSI < 70.0? ✅ SIM
2025-11-04 23:35:33,794 - INFO -    Sem posições? ❌ NÃO
2025-11-04 23:36:04,084 - INFO - 💹 ETHUSDT: 3277.58000000 USDT
2025-11-04 23:36:04,084 - INFO - 📊 Análise Est.4:
2025-11-04 23:36:04,084 - INFO -    Preço: 3277.58 | MA21: 3269.42 | RSI: 48.10
2025-11-04 23:36:04,084 - INFO -    Preço > MA21? ✅ SIM
2025-11-04 23:36:04,084 - INFO -    RSI < 70.0? ✅ SIM
2025-11-04 23:36:04,084 - INFO -    Sem posições? ❌ NÃO
2025-11-04 23:36:34,358 - INFO - 💹 ETHUSDT: 3281.93000000 USDT
2025-11-04 23:36:34,358 - INFO - 📊 Análise Est.4:
2025-11-04 23:36:34,359 - INFO -    Preço: 3281.93 | MA21: 3270.76 | RSI: 58.35
2025-11-04 23:36:34,359 - INFO -    Preço > MA21? ✅ SIM
2025-11-04 23:36:34,359 - INFO -    RSI < 70.0? ✅ SIM
2025-11-04 23:36:34,359 - INFO -    Sem posições? ❌ NÃO
2025-11-04 23:37:04,634 - INFO - 💹 ETHUSDT: 3278.38000000 USDT
2025-11-04 23:37:04,634 - INFO - 📊 Análise Est.4:
2025-11-04 23:37:04,634 - INFO -    Preço: 3278.38 | MA21: 3270.59 | RSI: 55.82
2025-11-04 23:37:04,634 - INFO -    Preço > MA21? ✅ SIM
2025-11-04 23:37:04,634 - INFO -    RSI < 70.0? ✅ SIM
2025-11-04 23:37:04,634 - INFO -    Sem posições? ❌ NÃO
2025-11-04 23:37:35,427 - INFO - 💹 ETHUSDT: 3281.80000000 USDT
2025-11-04 23:37:35,427 - INFO - 📊 Análise Est.4:
2025-11-04 23:37:35,427 - INFO -    Preço: 3281.80 | MA21: 3271.77 | RSI: 57.68
2025-11-04 23:37:35,427 - INFO -    Preço > MA21? ✅ SIM
2025-11-04 23:37:35,427 - INFO -    RSI < 70.0? ✅ SIM
2025-11-04 23:37:35,427 - INFO -    Sem posições? ❌ NÃO
2025-11-04 23:38:05,710 - INFO - 💹 ETHUSDT: 3280.54000000 USDT
2025-11-04 23:38:05,710 - INFO - 📊 Análise Est.4:
2025-11-04 23:38:05,712 - INFO -    Preço: 3280.54 | MA21: 3271.71 | RSI: 56.79
2025-11-04 23:38:05,712 - INFO -    Preço > MA21? ✅ SIM
2025-11-04 23:38:05,712 - INFO -    RSI < 70.0? ✅ SIM
2025-11-04 23:38:05,712 - INFO -    Sem posições? ❌ NÃO
2025-11-04 23:38:35,984 - INFO - 💹 ETHUSDT: 3283.45000000 USDT
2025-11-04 23:38:36,000 - INFO - 📊 Análise Est.4:
2025-11-04 23:38:36,000 - INFO -    Preço: 3283.45 | MA21: 3272.73 | RSI: 55.13
2025-11-04 23:38:36,000 - INFO -    Preço > MA21? ✅ SIM
2025-11-04 23:38:36,000 - INFO -    RSI < 70.0? ✅ SIM
2025-11-04 23:38:36,000 - INFO -    Sem posições? ❌ NÃO
2025-11-04 23:39:06,282 - INFO - 💹 ETHUSDT: 3278.36000000 USDT
2025-11-04 23:39:06,282 - INFO - 📊 Análise Est.4:
2025-11-04 23:39:06,282 - INFO -    Preço: 3278.36 | MA21: 3272.49 | RSI: 50.71
2025-11-04 23:39:06,282 - INFO -    Preço > MA21? ✅ SIM
2025-11-04 23:39:06,282 - INFO -    RSI < 70.0? ✅ SIM
2025-11-04 23:39:06,282 - INFO -    Sem posições? ❌ NÃO
2025-11-04 23:39:36,558 - INFO - 💹 ETHUSDT: 3281.36000000 USDT
2025-11-04 23:39:36,558 - INFO - 📊 Análise Est.4:
2025-11-04 23:39:36,558 - INFO -    Preço: 3281.36 | MA21: 3272.80 | RSI: 60.17
2025-11-04 23:39:36,558 - INFO -    Preço > MA21? ✅ SIM
2025-11-04 23:39:36,558 - INFO -    RSI < 70.0? ✅ SIM
2025-11-04 23:39:36,558 - INFO -    Sem posições? ❌ NÃO
2025-11-04 23:40:06,841 - INFO - 💹 ETHUSDT: 3281.95000000 USDT
2025-11-04 23:40:06,841 - INFO - 📊 Análise Est.4:
2025-11-04 23:40:06,841 - INFO -    Preço: 3281.95 | MA21: 3272.82 | RSI: 60.61
2025-11-04 23:40:06,841 - INFO -    Preço > MA21? ✅ SIM
2025-11-04 23:40:06,841 - INFO -    RSI < 70.0? ✅ SIM
2025-11-04 23:40:06,841 - INFO -    Sem posições? ❌ NÃO
2025-11-04 23:40:37,112 - INFO - 💹 ETHUSDT: 3284.25000000 USDT
2025-11-04 23:40:37,112 - INFO - 📊 Análise Est.4:
2025-11-04 23:40:37,112 - INFO -    Preço: 3284.25 | MA21: 3273.29 | RSI: 75.94
2025-11-04 23:40:37,112 - INFO -    Preço > MA21? ✅ SIM
2025-11-04 23:40:37,112 - INFO -    RSI < 70.0? ❌ NÃO
2025-11-04 23:40:37,112 - INFO -    Sem posições? ❌ NÃO
2025-11-04 23:41:07,402 - INFO - 💹 ETHUSDT: 3284.16000000 USDT
2025-11-04 23:41:07,402 - INFO - 📊 Análise Est.4:
2025-11-04 23:41:07,402 - INFO -    Preço: 3284.16 | MA21: 3273.28 | RSI: 75.89
2025-11-04 23:41:07,402 - INFO -    Preço > MA21? ✅ SIM
2025-11-04 23:41:07,402 - INFO -    RSI < 70.0? ❌ NÃO
2025-11-04 23:41:07,402 - INFO -    Sem posições? ❌ NÃO
2025-11-04 23:41:37,684 - INFO - 💹 ETHUSDT: 3281.50000000 USDT
2025-11-04 23:41:37,684 - INFO - 📊 Análise Est.4:
2025-11-04 23:41:37,684 - INFO -    Preço: 3281.50 | MA21: 3273.61 | RSI: 69.70
2025-11-04 23:41:37,684 - INFO -    Preço > MA21? ✅ SIM
2025-11-04 23:41:37,684 - INFO -    RSI < 70.0? ✅ SIM
2025-11-04 23:41:37,684 - INFO -    Sem posições? ❌ NÃO
2025-11-04 23:42:07,955 - INFO - 💹 ETHUSDT: 3240.00000000 USDT
2025-11-04 23:42:07,955 - INFO - 📊 Análise Est.4:
2025-11-04 23:42:07,955 - INFO -    Preço: 3240.00 | MA21: 3271.64 | RSI: 36.29
2025-11-04 23:42:07,955 - INFO -    Preço > MA21? ❌ NÃO
2025-11-04 23:42:07,955 - INFO -    RSI < 70.0? ✅ SIM
2025-11-04 23:42:07,955 - INFO -    Sem posições? ❌ NÃO
2025-11-04 23:42:38,238 - INFO - 💹 ETHUSDT: 3280.16000000 USDT
2025-11-04 23:42:38,238 - INFO - 📊 Análise Est.4:
2025-11-04 23:42:38,238 - INFO -    Preço: 3280.16 | MA21: 3273.58 | RSI: 65.54
2025-11-04 23:42:38,238 - INFO -    Preço > MA21? ✅ SIM
2025-11-04 23:42:38,238 - INFO -    RSI < 70.0? ✅ SIM
2025-11-04 23:42:38,238 - INFO -    Sem posições? ❌ NÃO
2025-11-04 23:43:08,500 - INFO - 💹 ETHUSDT: 3276.72000000 USDT
2025-11-04 23:43:08,516 - INFO - 📊 Análise Est.4:
2025-11-04 23:43:08,516 - INFO -    Preço: 3276.72 | MA21: 3273.42 | RSI: 60.74
2025-11-04 23:43:08,516 - INFO -    Preço > MA21? ✅ SIM
2025-11-04 23:43:08,516 - INFO -    RSI < 70.0? ✅ SIM
2025-11-04 23:43:08,516 - INFO -    Sem posições? ❌ NÃO
2025-11-04 23:43:38,790 - INFO - 💹 ETHUSDT: 3282.28000000 USDT
2025-11-04 23:43:38,790 - INFO - 📊 Análise Est.4:
2025-11-04 23:43:38,790 - INFO -    Preço: 3282.28 | MA21: 3274.02 | RSI: 66.13
2025-11-04 23:43:38,790 - INFO -    Preço > MA21? ✅ SIM
2025-11-04 23:43:38,790 - INFO -    RSI < 70.0? ✅ SIM
2025-11-04 23:43:38,790 - INFO -    Sem posições? ❌ NÃO
2025-11-04 23:44:09,063 - INFO - 💹 ETHUSDT: 3285.24000000 USDT
2025-11-04 23:44:09,063 - INFO - 📊 Análise Est.4:
2025-11-04 23:44:09,063 - INFO -    Preço: 3285.24 | MA21: 3274.17 | RSI: 68.08
2025-11-04 23:44:09,063 - INFO -    Preço > MA21? ✅ SIM
2025-11-04 23:44:09,063 - INFO -    RSI < 70.0? ✅ SIM
2025-11-04 23:44:09,063 - INFO -    Sem posições? ❌ NÃO
2025-11-04 23:44:39,329 - INFO - 💹 ETHUSDT: 3284.49000000 USDT
2025-11-04 23:44:39,329 - INFO - 📊 Análise Est.4:
2025-11-04 23:44:39,329 - INFO -    Preço: 3284.49 | MA21: 3274.74 | RSI: 66.01
2025-11-04 23:44:39,329 - INFO -    Preço > MA21? ✅ SIM
2025-11-04 23:44:39,329 - INFO -    RSI < 70.0? ✅ SIM
2025-11-04 23:44:39,329 - INFO -    Sem posições? ❌ NÃO
2025-11-04 23:45:09,607 - INFO - 💹 ETHUSDT: 3292.48000000 USDT
2025-11-04 23:45:09,607 - INFO - 📊 Análise Est.4:
2025-11-04 23:45:09,613 - INFO -    Preço: 3292.48 | MA21: 3275.12 | RSI: 71.21
2025-11-04 23:45:09,613 - INFO -    Preço > MA21? ✅ SIM
2025-11-04 23:45:09,613 - INFO -    RSI < 70.0? ❌ NÃO
2025-11-04 23:45:09,613 - INFO -    Sem posições? ❌ NÃO
2025-11-04 23:45:39,885 - INFO - 💹 ETHUSDT: 3303.35000000 USDT
2025-11-04 23:45:39,885 - INFO - 📊 Análise Est.4:
2025-11-04 23:45:39,885 - INFO -    Preço: 3303.35 | MA21: 3276.35 | RSI: 73.85
2025-11-04 23:45:39,885 - INFO -    Preço > MA21? ✅ SIM
2025-11-04 23:45:39,885 - INFO -    RSI < 70.0? ❌ NÃO
2025-11-04 23:45:39,885 - INFO -    Sem posições? ❌ NÃO
2025-11-04 23:46:10,173 - INFO - 💹 ETHUSDT: 3296.98000000 USDT
2025-11-04 23:46:10,173 - INFO - 📊 Análise Est.4:
2025-11-04 23:46:10,173 - INFO -    Preço: 3296.98 | MA21: 3276.05 | RSI: 70.89
2025-11-04 23:46:10,173 - INFO -    Preço > MA21? ✅ SIM
2025-11-04 23:46:10,173 - INFO -    RSI < 70.0? ❌ NÃO
2025-11-04 23:46:10,173 - INFO -    Sem posições? ❌ NÃO
2025-11-04 23:46:40,446 - INFO - 💹 ETHUSDT: 3289.41000000 USDT
2025-11-04 23:46:40,450 - INFO - 📊 Análise Est.4:
2025-11-04 23:46:40,450 - INFO -    Preço: 3289.41 | MA21: 3276.94 | RSI: 64.65
2025-11-04 23:46:40,450 - INFO -    Preço > MA21? ✅ SIM
2025-11-04 23:46:40,450 - INFO -    RSI < 70.0? ✅ SIM
2025-11-04 23:46:40,450 - INFO -    Sem posições? ❌ NÃO
2025-11-04 23:47:10,729 - INFO - 💹 ETHUSDT: 3288.01000000 USDT
2025-11-04 23:47:10,729 - INFO - 📊 Análise Est.4:
2025-11-04 23:47:10,729 - INFO -    Preço: 3288.01 | MA21: 3276.87 | RSI: 63.21
2025-11-04 23:47:10,729 - INFO -    Preço > MA21? ✅ SIM
2025-11-04 23:47:10,729 - INFO -    RSI < 70.0? ✅ SIM
2025-11-04 23:47:10,729 - INFO -    Sem posições? ❌ NÃO
2025-11-04 23:47:41,004 - INFO - 💹 ETHUSDT: 3291.99000000 USDT
2025-11-04 23:47:41,004 - INFO - 📊 Análise Est.4:
2025-11-04 23:47:41,004 - INFO -    Preço: 3291.99 | MA21: 3278.37 | RSI: 72.63
2025-11-04 23:47:41,004 - INFO -    Preço > MA21? ✅ SIM
2025-11-04 23:47:41,004 - INFO -    RSI < 70.0? ❌ NÃO
2025-11-04 23:47:41,004 - INFO -    Sem posições? ❌ NÃO
2025-11-04 23:48:11,271 - INFO - 💹 ETHUSDT: 3289.83000000 USDT
2025-11-04 23:48:11,271 - INFO - 📊 Análise Est.4:
2025-11-04 23:48:11,271 - INFO -    Preço: 3289.83 | MA21: 3278.27 | RSI: 71.62
2025-11-04 23:48:11,271 - INFO -    Preço > MA21? ✅ SIM
2025-11-04 23:48:11,271 - INFO -    RSI < 70.0? ❌ NÃO
2025-11-04 23:48:11,271 - INFO -    Sem posições? ❌ NÃO
2025-11-04 23:48:41,550 - INFO - 💹 ETHUSDT: 3302.22000000 USDT
2025-11-04 23:48:41,552 - INFO - 📊 Análise Est.4:
2025-11-04 23:48:41,552 - INFO -    Preço: 3302.22 | MA21: 3280.10 | RSI: 72.67
2025-11-04 23:48:41,552 - INFO -    Preço > MA21? ✅ SIM
2025-11-04 23:48:41,552 - INFO -    RSI < 70.0? ❌ NÃO
2025-11-04 23:48:41,552 - INFO -    Sem posições? ❌ NÃO
2025-11-04 23:49:11,836 - INFO - 💹 ETHUSDT: 3297.67000000 USDT
2025-11-04 23:49:11,836 - INFO - 📊 Análise Est.4:
2025-11-04 23:49:11,836 - INFO -    Preço: 3297.67 | MA21: 3281.36 | RSI: 68.89
2025-11-04 23:49:11,838 - INFO -    Preço > MA21? ✅ SIM
2025-11-04 23:49:11,838 - INFO -    RSI < 70.0? ✅ SIM
2025-11-04 23:49:11,838 - INFO -    Sem posições? ❌ NÃO
2025-11-04 23:49:42,110 - INFO - 💹 ETHUSDT: 3296.08000000 USDT
2025-11-04 23:49:42,112 - INFO - 📊 Análise Est.4:
2025-11-04 23:49:42,112 - INFO -    Preço: 3296.08 | MA21: 3281.29 | RSI: 66.89
2025-11-04 23:49:42,112 - INFO -    Preço > MA21? ✅ SIM
2025-11-04 23:49:42,112 - INFO -    RSI < 70.0? ✅ SIM
2025-11-04 23:49:42,112 - INFO -    Sem posições? ❌ NÃO
2025-11-04 23:50:12,388 - INFO - 💹 ETHUSDT: 3290.79000000 USDT
2025-11-04 23:50:12,388 - INFO - 📊 Análise Est.4:
2025-11-04 23:50:12,388 - INFO -    Preço: 3290.79 | MA21: 3281.04 | RSI: 60.99
2025-11-04 23:50:12,388 - INFO -    Preço > MA21? ✅ SIM
2025-11-04 23:50:12,388 - INFO -    RSI < 70.0? ✅ SIM
2025-11-04 23:50:12,388 - INFO -    Sem posições? ❌ NÃO
2025-11-04 23:50:42,667 - INFO - 💹 ETHUSDT: 3297.60000000 USDT
2025-11-04 23:50:42,667 - INFO - 📊 Análise Est.4:
2025-11-04 23:50:42,667 - INFO -    Preço: 3297.60 | MA21: 3282.51 | RSI: 63.98
2025-11-04 23:50:42,667 - INFO -    Preço > MA21? ✅ SIM
2025-11-04 23:50:42,667 - INFO -    RSI < 70.0? ✅ SIM
2025-11-04 23:50:42,667 - INFO -    Sem posições? ❌ NÃO
2025-11-04 23:51:12,941 - INFO - 💹 ETHUSDT: 3301.70000000 USDT
2025-11-04 23:51:12,941 - INFO - 📊 Análise Est.4:
2025-11-04 23:51:12,941 - INFO -    Preço: 3301.70 | MA21: 3284.29 | RSI: 65.55
2025-11-04 23:51:12,941 - INFO -    Preço > MA21? ✅ SIM
2025-11-04 23:51:12,941 - INFO -    RSI < 70.0? ✅ SIM
2025-11-04 23:51:12,941 - INFO -    Sem posições? ❌ NÃO
2025-11-04 23:51:43,728 - INFO - 💹 ETHUSDT: 3299.27000000 USDT
2025-11-04 23:51:43,728 - INFO - 📊 Análise Est.4:
2025-11-04 23:51:43,728 - INFO -    Preço: 3299.27 | MA21: 3284.18 | RSI: 63.29
2025-11-04 23:51:43,728 - INFO -    Preço > MA21? ✅ SIM
2025-11-04 23:51:43,728 - INFO -    RSI < 70.0? ✅ SIM
2025-11-04 23:51:43,728 - INFO -    Sem posições? ❌ NÃO
2025-11-04 23:52:14,012 - INFO - 💹 ETHUSDT: 3302.35000000 USDT
2025-11-04 23:52:14,012 - INFO - 📊 Análise Est.4:
2025-11-04 23:52:14,012 - INFO -    Preço: 3302.35 | MA21: 3285.70 | RSI: 68.04
2025-11-04 23:52:14,012 - INFO -    Preço > MA21? ✅ SIM
2025-11-04 23:52:14,012 - INFO -    RSI < 70.0? ✅ SIM
2025-11-04 23:52:14,012 - INFO -    Sem posições? ❌ NÃO
2025-11-04 23:52:44,289 - INFO - 💹 ETHUSDT: 3301.82000000 USDT
2025-11-04 23:52:44,289 - INFO - 📊 Análise Est.4:
2025-11-04 23:52:44,289 - INFO -    Preço: 3301.82 | MA21: 3285.67 | RSI: 67.51
2025-11-04 23:52:44,289 - INFO -    Preço > MA21? ✅ SIM
2025-11-04 23:52:44,289 - INFO -    RSI < 70.0? ✅ SIM
2025-11-04 23:52:44,289 - INFO -    Sem posições? ❌ NÃO
2025-11-04 23:53:14,573 - INFO - 💹 ETHUSDT: 3297.68000000 USDT
2025-11-04 23:53:14,573 - INFO - 📊 Análise Est.4:
2025-11-04 23:53:14,573 - INFO -    Preço: 3297.68 | MA21: 3286.73 | RSI: 61.64
2025-11-04 23:53:14,573 - INFO -    Preço > MA21? ✅ SIM
2025-11-04 23:53:14,573 - INFO -    RSI < 70.0? ✅ SIM
2025-11-04 23:53:14,573 - INFO -    Sem posições? ❌ NÃO
2025-11-04 23:53:44,843 - INFO - 💹 ETHUSDT: 3301.95000000 USDT
2025-11-04 23:53:44,843 - INFO - 📊 Análise Est.4:
2025-11-04 23:53:44,843 - INFO -    Preço: 3301.95 | MA21: 3286.93 | RSI: 63.92
2025-11-04 23:53:44,843 - INFO -    Preço > MA21? ✅ SIM
2025-11-04 23:53:44,843 - INFO -    RSI < 70.0? ✅ SIM
2025-11-04 23:53:44,843 - INFO -    Sem posições? ❌ NÃO
2025-11-04 23:54:15,138 - INFO - 💹 ETHUSDT: 3240.00000000 USDT
2025-11-04 23:54:15,138 - INFO - 📊 Análise Est.4:
2025-11-04 23:54:15,138 - INFO -    Preço: 3240.00 | MA21: 3285.68 | RSI: 32.77
2025-11-04 23:54:15,138 - INFO -    Preço > MA21? ❌ NÃO
2025-11-04 23:54:15,138 - INFO -    RSI < 70.0? ✅ SIM
2025-11-04 23:54:15,138 - INFO -    Sem posições? ❌ NÃO
2025-11-04 23:54:45,413 - INFO - 💹 ETHUSDT: 3312.43000000 USDT
2025-11-04 23:54:45,413 - INFO - 📊 Análise Est.4:
2025-11-04 23:54:45,413 - INFO -    Preço: 3312.43 | MA21: 3289.13 | RSI: 67.65
2025-11-04 23:54:45,415 - INFO -    Preço > MA21? ✅ SIM
2025-11-04 23:54:45,415 - INFO -    RSI < 70.0? ✅ SIM
2025-11-04 23:54:45,415 - INFO -    Sem posições? ❌ NÃO
2025-11-04 23:54:45,415 - INFO - 🎯 Take Profit atingido! Preço: 3312.43000000
2025-11-04 23:54:45,415 - INFO - 🔄 Fechando posição COMPRA
2025-11-04 23:54:45,680 - INFO - ✅ Lucro: 0.18 USDT
2025-11-04 23:54:45,680 - INFO - ------------------------------------------------------------
2025-11-04 23:54:45,680 - INFO - 📊 ESTATÍSTICAS
2025-11-04 23:54:45,681 - INFO -    Total de trades: 11
2025-11-04 23:54:45,681 - INFO -    Trades vencedores: 7
2025-11-04 23:54:45,681 - INFO -    Win Rate: 63.6%
2025-11-04 23:54:45,681 - INFO -    Lucro diário: -0.28 USDT
2025-11-04 23:54:45,681 - INFO -    Lucro total: -0.28 USDT
2025-11-04 23:54:45,681 - INFO -    Posições abertas: 0
2025-11-04 23:54:45,682 - INFO - ------------------------------------------------------------
2025-11-04 23:55:15,968 - INFO - 💹 ETHUSDT: 3308.99000000 USDT
2025-11-04 23:55:15,968 - INFO - 📊 Análise Est.4:
2025-11-04 23:55:15,968 - INFO -    Preço: 3308.99 | MA21: 3290.59 | RSI: 69.27
2025-11-04 23:55:15,968 - INFO -    Preço > MA21? ✅ SIM
2025-11-04 23:55:15,968 - INFO -    RSI < 70.0? ✅ SIM
2025-11-04 23:55:15,968 - INFO -    Sem posições? ✅ SIM
2025-11-04 23:55:15,968 - INFO - 🟢 TODAS AS CONDIÇÕES ATENDIDAS - ABRINDO COMPRA!
2025-11-04 23:55:15,968 - INFO - 📈 Abrindo posição COMPRA
2025-11-04 23:55:15,968 - INFO -    Preço: 3308.99000000
2025-11-04 23:55:15,968 - INFO -    Quantidade: 0.00450000
2025-11-04 23:55:15,968 - INFO -    Valor: 15.0 USDT
2025-11-04 23:55:16,235 - INFO - ✅ Ordem executada: 12222238
2025-11-04 23:55:46,519 - INFO - 💹 ETHUSDT: 3304.72000000 USDT
2025-11-04 23:55:46,521 - INFO - 📊 Análise Est.4:
2025-11-04 23:55:46,521 - INFO -    Preço: 3304.72 | MA21: 3290.39 | RSI: 65.45
2025-11-04 23:55:46,521 - INFO -    Preço > MA21? ✅ SIM
2025-11-04 23:55:46,521 - INFO -    RSI < 70.0? ✅ SIM
2025-11-04 23:55:46,521 - INFO -    Sem posições? ❌ NÃO
2025-11-04 23:56:16,798 - INFO - 💹 ETHUSDT: 3308.99000000 USDT
2025-11-04 23:56:16,800 - INFO - 📊 Análise Est.4:
2025-11-04 23:56:16,800 - INFO -    Preço: 3308.99 | MA21: 3292.09 | RSI: 71.20
2025-11-04 23:56:16,800 - INFO -    Preço > MA21? ✅ SIM
2025-11-04 23:56:16,800 - INFO -    RSI < 70.0? ❌ NÃO
2025-11-04 23:56:16,800 - INFO -    Sem posições? ❌ NÃO
2025-11-04 23:56:47,086 - INFO - 💹 ETHUSDT: 3311.31000000 USDT
2025-11-04 23:56:47,086 - INFO - 📊 Análise Est.4:
2025-11-04 23:56:47,086 - INFO -    Preço: 3311.31 | MA21: 3292.20 | RSI: 72.11
2025-11-04 23:56:47,087 - INFO -    Preço > MA21? ✅ SIM
2025-11-04 23:56:47,087 - INFO -    RSI < 70.0? ❌ NÃO
2025-11-04 23:56:47,087 - INFO -    Sem posições? ❌ NÃO
2025-11-04 23:57:17,362 - INFO - 💹 ETHUSDT: 3311.61000000 USDT
2025-11-04 23:57:17,362 - INFO - 📊 Análise Est.4:
2025-11-04 23:57:17,362 - INFO -    Preço: 3311.61 | MA21: 3293.75 | RSI: 69.56
2025-11-04 23:57:17,362 - INFO -    Preço > MA21? ✅ SIM
2025-11-04 23:57:17,362 - INFO -    RSI < 70.0? ✅ SIM
2025-11-04 23:57:17,362 - INFO -    Sem posições? ❌ NÃO
2025-11-04 23:57:47,651 - INFO - 💹 ETHUSDT: 3314.08000000 USDT
2025-11-04 23:57:47,651 - INFO - 📊 Análise Est.4:
2025-11-04 23:57:47,651 - INFO -    Preço: 3314.08 | MA21: 3293.86 | RSI: 70.64
2025-11-04 23:57:47,651 - INFO -    Preço > MA21? ✅ SIM
2025-11-04 23:57:47,651 - INFO -    RSI < 70.0? ❌ NÃO
2025-11-04 23:57:47,651 - INFO -    Sem posições? ❌ NÃO
2025-11-04 23:58:17,938 - INFO - 💹 ETHUSDT: 3315.35000000 USDT
2025-11-04 23:58:17,938 - INFO - 📊 Análise Est.4:
2025-11-04 23:58:17,938 - INFO -    Preço: 3315.35 | MA21: 3295.50 | RSI: 67.89
2025-11-04 23:58:17,938 - INFO -    Preço > MA21? ✅ SIM
2025-11-04 23:58:17,938 - INFO -    RSI < 70.0? ✅ SIM
2025-11-04 23:58:17,938 - INFO -    Sem posições? ❌ NÃO
2025-11-04 23:58:48,204 - INFO - 💹 ETHUSDT: 3323.06000000 USDT
2025-11-04 23:58:48,204 - INFO - 📊 Análise Est.4:
2025-11-04 23:58:48,204 - INFO -    Preço: 3323.06 | MA21: 3295.87 | RSI: 71.35
2025-11-04 23:58:48,204 - INFO -    Preço > MA21? ✅ SIM
2025-11-04 23:58:48,204 - INFO -    RSI < 70.0? ❌ NÃO
2025-11-04 23:58:48,204 - INFO -    Sem posições? ❌ NÃO
2025-11-05 00:00:18,497 - INFO - 💹 ETHUSDT: 3324.93000000 USDT
2025-11-05 00:00:18,497 - INFO - 📊 Análise Est.4:
2025-11-05 00:00:18,497 - INFO -    Preço: 3324.93 | MA21: 3300.24 | RSI: 80.35
2025-11-05 00:00:18,497 - INFO -    Preço > MA21? ✅ SIM
2025-11-05 00:00:18,497 - INFO -    RSI < 70.0? ❌ NÃO
2025-11-05 00:00:18,497 - INFO -    Sem posições? ❌ NÃO
2025-11-05 00:00:48,835 - INFO - 💹 ETHUSDT: 3320.84000000 USDT
2025-11-05 00:00:48,835 - INFO - 📊 Análise Est.4:
2025-11-05 00:00:48,835 - INFO -    Preço: 3320.84 | MA21: 3300.04 | RSI: 75.29
2025-11-05 00:00:48,835 - INFO -    Preço > MA21? ✅ SIM
2025-11-05 00:00:48,835 - INFO -    RSI < 70.0? ❌ NÃO
2025-11-05 00:00:48,835 - INFO -    Sem posições? ❌ NÃO
2025-11-05 00:01:19,117 - INFO - 💹 ETHUSDT: 3318.04000000 USDT
2025-11-05 00:01:19,117 - INFO - 📊 Análise Est.4:
2025-11-05 00:01:19,117 - INFO -    Preço: 3318.04 | MA21: 3301.52 | RSI: 71.41
2025-11-05 00:01:19,117 - INFO -    Preço > MA21? ✅ SIM
2025-11-05 00:01:19,117 - INFO -    RSI < 70.0? ❌ NÃO
2025-11-05 00:01:19,117 - INFO -    Sem posições? ❌ NÃO
2025-11-05 00:01:49,390 - INFO - 💹 ETHUSDT: 3314.22000000 USDT
2025-11-05 00:01:49,390 - INFO - 📊 Análise Est.4:
2025-11-05 00:01:49,390 - INFO -    Preço: 3314.22 | MA21: 3301.34 | RSI: 67.49
2025-11-05 00:01:49,390 - INFO -    Preço > MA21? ✅ SIM
2025-11-05 00:01:49,390 - INFO -    RSI < 70.0? ✅ SIM
2025-11-05 00:01:49,390 - INFO -    Sem posições? ❌ NÃO
2025-11-05 00:02:19,663 - INFO - 💹 ETHUSDT: 3310.14000000 USDT
2025-11-05 00:02:19,663 - INFO - 📊 Análise Est.4:
2025-11-05 00:02:19,663 - INFO -    Preço: 3310.14 | MA21: 3302.55 | RSI: 59.45
2025-11-05 00:02:19,663 - INFO -    Preço > MA21? ✅ SIM
2025-11-05 00:02:19,663 - INFO -    RSI < 70.0? ✅ SIM
2025-11-05 00:02:19,663 - INFO -    Sem posições? ❌ NÃO
2025-11-05 00:02:49,930 - INFO - 💹 ETHUSDT: 3310.73000000 USDT
2025-11-05 00:02:49,930 - INFO - 📊 Análise Est.4:
2025-11-05 00:02:49,930 - INFO -    Preço: 3310.73 | MA21: 3302.58 | RSI: 59.82
2025-11-05 00:02:49,930 - INFO -    Preço > MA21? ✅ SIM
2025-11-05 00:02:49,930 - INFO -    RSI < 70.0? ✅ SIM
2025-11-05 00:02:49,930 - INFO -    Sem posições? ❌ NÃO
2025-11-05 00:03:20,213 - INFO - 💹 ETHUSDT: 3310.85000000 USDT
2025-11-05 00:03:20,213 - INFO - 📊 Análise Est.4:
2025-11-05 00:03:20,215 - INFO -    Preço: 3310.85 | MA21: 3304.08 | RSI: 66.79
2025-11-05 00:03:20,215 - INFO -    Preço > MA21? ✅ SIM
2025-11-05 00:03:20,215 - INFO -    RSI < 70.0? ✅ SIM
2025-11-05 00:03:20,215 - INFO -    Sem posições? ❌ NÃO
2025-11-05 00:03:50,498 - INFO - 💹 ETHUSDT: 3313.56000000 USDT
2025-11-05 00:03:50,499 - INFO - 📊 Análise Est.4:
2025-11-05 00:03:50,499 - INFO -    Preço: 3313.56 | MA21: 3304.21 | RSI: 68.24
2025-11-05 00:03:50,499 - INFO -    Preço > MA21? ✅ SIM
2025-11-05 00:03:50,499 - INFO -    RSI < 70.0? ✅ SIM
2025-11-05 00:03:50,499 - INFO -    Sem posições? ❌ NÃO
2025-11-05 00:04:20,761 - INFO - 💹 ETHUSDT: 3318.39000000 USDT
2025-11-05 00:04:20,761 - INFO - 📊 Análise Est.4:
2025-11-05 00:04:20,761 - INFO -    Preço: 3318.39 | MA21: 3305.83 | RSI: 64.80
2025-11-05 00:04:20,761 - INFO -    Preço > MA21? ✅ SIM
2025-11-05 00:04:20,761 - INFO -    RSI < 70.0? ✅ SIM
2025-11-05 00:04:20,761 - INFO -    Sem posições? ❌ NÃO
2025-11-05 00:04:51,541 - INFO - 💹 ETHUSDT: 3323.28000000 USDT
2025-11-05 00:04:51,541 - INFO - 📊 Análise Est.4:
2025-11-05 00:04:51,541 - INFO -    Preço: 3323.28 | MA21: 3306.06 | RSI: 67.61
2025-11-05 00:04:51,541 - INFO -    Preço > MA21? ✅ SIM
2025-11-05 00:04:51,541 - INFO -    RSI < 70.0? ✅ SIM
2025-11-05 00:04:51,541 - INFO -    Sem posições? ❌ NÃO
2025-11-05 00:05:21,826 - INFO - 💹 ETHUSDT: 3330.67000000 USDT
2025-11-05 00:05:21,826 - INFO - 📊 Análise Est.4:
2025-11-05 00:05:21,826 - INFO -    Preço: 3330.67 | MA21: 3308.23 | RSI: 70.82
2025-11-05 00:05:21,826 - INFO -    Preço > MA21? ✅ SIM
2025-11-05 00:05:21,826 - INFO -    RSI < 70.0? ❌ NÃO
2025-11-05 00:05:21,826 - INFO -    Sem posições? ❌ NÃO
2025-11-05 00:05:52,103 - INFO - 💹 ETHUSDT: 3332.24000000 USDT
2025-11-05 00:05:52,105 - INFO - 📊 Análise Est.4:
2025-11-05 00:05:52,105 - INFO -    Preço: 3332.24 | MA21: 3308.30 | RSI: 71.49
2025-11-05 00:05:52,105 - INFO -    Preço > MA21? ✅ SIM
2025-11-05 00:05:52,105 - INFO -    RSI < 70.0? ❌ NÃO
2025-11-05 00:05:52,105 - INFO -    Sem posições? ❌ NÃO
2025-11-05 00:06:22,385 - INFO - 💹 ETHUSDT: 3513.05000000 USDT
2025-11-05 00:06:22,387 - INFO - 📊 Análise Est.4:
2025-11-05 00:06:22,387 - INFO -    Preço: 3513.05 | MA21: 3318.46 | RSI: 93.40
2025-11-05 00:06:22,387 - INFO -    Preço > MA21? ✅ SIM
2025-11-05 00:06:22,388 - INFO -    RSI < 70.0? ❌ NÃO
2025-11-05 00:06:22,388 - INFO -    Sem posições? ❌ NÃO
2025-11-05 00:06:22,388 - INFO - 🎯 Take Profit atingido! Preço: 3513.05000000
2025-11-05 00:06:22,388 - INFO - 🔄 Fechando posição COMPRA
2025-11-05 00:06:22,670 - INFO - ✅ Lucro: 0.92 USDT
2025-11-05 00:06:22,671 - INFO - ------------------------------------------------------------
2025-11-05 00:06:22,671 - INFO - 📊 ESTATÍSTICAS
2025-11-05 00:06:22,671 - INFO -    Total de trades: 12
2025-11-05 00:06:22,671 - INFO -    Trades vencedores: 8
2025-11-05 00:06:22,671 - INFO -    Win Rate: 66.7%
2025-11-05 00:06:22,671 - INFO -    Lucro diário: 0.64 USDT
2025-11-05 00:06:22,672 - INFO -    Lucro total: 0.64 USDT
2025-11-05 00:06:22,672 - INFO -    Posições abertas: 0
2025-11-05 00:06:22,672 - INFO - ------------------------------------------------------------
2025-11-05 00:06:52,944 - INFO - 💹 ETHUSDT: 3328.17000000 USDT
2025-11-05 00:06:52,946 - INFO - 📊 Análise Est.4:
2025-11-05 00:06:52,946 - INFO -    Preço: 3328.17 | MA21: 3309.66 | RSI: 73.14
2025-11-05 00:06:52,946 - INFO -    Preço > MA21? ✅ SIM
2025-11-05 00:06:52,946 - INFO -    RSI < 70.0? ❌ NÃO
2025-11-05 00:06:52,946 - INFO -    Sem posições? ✅ SIM
2025-11-05 00:07:23,211 - INFO - 💹 ETHUSDT: 3329.23000000 USDT
2025-11-05 00:07:23,211 - INFO - 📊 Análise Est.4:
2025-11-05 00:07:23,211 - INFO -    Preço: 3329.23 | MA21: 3311.62 | RSI: 72.52
2025-11-05 00:07:23,211 - INFO -    Preço > MA21? ✅ SIM
2025-11-05 00:07:23,211 - INFO -    RSI < 70.0? ❌ NÃO
2025-11-05 00:07:23,211 - INFO -    Sem posições? ✅ SIM
2025-11-05 00:07:53,495 - INFO - 💹 ETHUSDT: 3327.94000000 USDT
2025-11-05 00:07:53,495 - INFO - 📊 Análise Est.4:
2025-11-05 00:07:53,495 - INFO -    Preço: 3327.94 | MA21: 3311.56 | RSI: 71.80
2025-11-05 00:07:53,495 - INFO -    Preço > MA21? ✅ SIM
2025-11-05 00:07:53,495 - INFO -    RSI < 70.0? ❌ NÃO
2025-11-05 00:07:53,495 - INFO -    Sem posições? ✅ SIM
2025-11-05 00:08:23,769 - INFO - 💹 ETHUSDT: 3325.01000000 USDT
2025-11-05 00:08:23,769 - INFO - 📊 Análise Est.4:
2025-11-05 00:08:23,769 - INFO -    Preço: 3325.01 | MA21: 3313.27 | RSI: 63.59
2025-11-05 00:08:23,769 - INFO -    Preço > MA21? ✅ SIM
2025-11-05 00:08:23,769 - INFO -    RSI < 70.0? ✅ SIM
2025-11-05 00:08:23,769 - INFO -    Sem posições? ✅ SIM
2025-11-05 00:08:23,769 - INFO - 🟢 TODAS AS CONDIÇÕES ATENDIDAS - ABRINDO COMPRA!
2025-11-05 00:08:23,769 - INFO - 📈 Abrindo posição COMPRA
2025-11-05 00:08:23,769 - INFO -    Preço: 3325.01000000
2025-11-05 00:08:23,769 - INFO -    Quantidade: 0.00450000
2025-11-05 00:08:23,769 - INFO -    Valor: 15.0 USDT
2025-11-05 00:08:24,037 - INFO - ✅ Ordem executada: 12228787
2025-11-05 00:08:54,321 - INFO - 💹 ETHUSDT: 3318.49000000 USDT
2025-11-05 00:08:54,321 - INFO - 📊 Análise Est.4:
2025-11-05 00:08:54,321 - INFO -    Preço: 3318.49 | MA21: 3312.96 | RSI: 57.26
2025-11-05 00:08:54,321 - INFO -    Preço > MA21? ✅ SIM
2025-11-05 00:08:54,321 - INFO -    RSI < 70.0? ✅ SIM
2025-11-05 00:08:54,321 - INFO -    Sem posições? ❌ NÃO
2025-11-05 00:09:24,595 - INFO - 💹 ETHUSDT: 3322.51000000 USDT
2025-11-05 00:09:24,595 - INFO - 📊 Análise Est.4:
2025-11-05 00:09:24,595 - INFO -    Preço: 3322.51 | MA21: 3314.06 | RSI: 59.27
2025-11-05 00:09:24,595 - INFO -    Preço > MA21? ✅ SIM
2025-11-05 00:09:24,595 - INFO -    RSI < 70.0? ✅ SIM
2025-11-05 00:09:24,595 - INFO -    Sem posições? ❌ NÃO
2025-11-05 00:09:54,866 - INFO - 💹 ETHUSDT: 3322.58000000 USDT
2025-11-05 00:09:54,866 - INFO - 📊 Análise Est.4:
2025-11-05 00:09:54,866 - INFO -    Preço: 3322.58 | MA21: 3314.07 | RSI: 59.31
2025-11-05 00:09:54,866 - INFO -    Preço > MA21? ✅ SIM
2025-11-05 00:09:54,866 - INFO -    RSI < 70.0? ✅ SIM
2025-11-05 00:09:54,866 - INFO -    Sem posições? ❌ NÃO
2025-11-05 00:10:25,145 - INFO - 💹 ETHUSDT: 3322.92000000 USDT
2025-11-05 00:10:25,145 - INFO - 📊 Análise Est.4:
2025-11-05 00:10:25,145 - INFO -    Preço: 3322.92 | MA21: 3315.47 | RSI: 58.00
2025-11-05 00:10:25,145 - INFO -    Preço > MA21? ✅ SIM
2025-11-05 00:10:25,145 - INFO -    RSI < 70.0? ✅ SIM
2025-11-05 00:10:25,145 - INFO -    Sem posições? ❌ NÃO
2025-11-05 00:10:55,430 - INFO - 💹 ETHUSDT: 3320.15000000 USDT
2025-11-05 00:10:55,430 - INFO - 📊 Análise Est.4:
2025-11-05 00:10:55,430 - INFO -    Preço: 3320.15 | MA21: 3315.34 | RSI: 56.28
2025-11-05 00:10:55,430 - INFO -    Preço > MA21? ✅ SIM
2025-11-05 00:10:55,430 - INFO -    RSI < 70.0? ✅ SIM
2025-11-05 00:10:55,430 - INFO -    Sem posições? ❌ NÃO
2025-11-05 00:11:25,705 - INFO - 💹 ETHUSDT: 3319.07000000 USDT
2025-11-05 00:11:25,705 - INFO - 📊 Análise Est.4:
2025-11-05 00:11:25,705 - INFO -    Preço: 3319.07 | MA21: 3316.07 | RSI: 54.00
2025-11-05 00:11:25,705 - INFO -    Preço > MA21? ✅ SIM
2025-11-05 00:11:25,705 - INFO -    RSI < 70.0? ✅ SIM
2025-11-05 00:11:25,705 - INFO -    Sem posições? ❌ NÃO
2025-11-05 00:11:55,970 - INFO - 💹 ETHUSDT: 3315.56000000 USDT
2025-11-05 00:11:55,970 - INFO - 📊 Análise Est.4:
2025-11-05 00:11:55,970 - INFO -    Preço: 3315.56 | MA21: 3315.91 | RSI: 51.40
2025-11-05 00:11:55,970 - INFO -    Preço > MA21? ❌ NÃO
2025-11-05 00:11:55,970 - INFO -    RSI < 70.0? ✅ SIM
2025-11-05 00:11:55,970 - INFO -    Sem posições? ❌ NÃO
2025-11-05 00:12:26,257 - INFO - 💹 ETHUSDT: 3315.57000000 USDT
2025-11-05 00:12:26,257 - INFO - 📊 Análise Est.4:
2025-11-05 00:12:26,259 - INFO -    Preço: 3315.57 | MA21: 3316.54 | RSI: 41.64
2025-11-05 00:12:26,259 - INFO -    Preço > MA21? ❌ NÃO
2025-11-05 00:12:26,259 - INFO -    RSI < 70.0? ✅ SIM
2025-11-05 00:12:26,259 - INFO -    Sem posições? ❌ NÃO
2025-11-05 00:12:56,539 - INFO - 💹 ETHUSDT: 3314.39000000 USDT
2025-11-05 00:12:56,539 - INFO - 📊 Análise Est.4:
2025-11-05 00:12:56,539 - INFO -    Preço: 3314.39 | MA21: 3316.48 | RSI: 40.82
2025-11-05 00:12:56,539 - INFO -    Preço > MA21? ❌ NÃO
2025-11-05 00:12:56,543 - INFO -    RSI < 70.0? ✅ SIM
2025-11-05 00:12:56,543 - INFO -    Sem posições? ❌ NÃO
2025-11-05 00:13:26,815 - INFO - 💹 ETHUSDT: 3315.92000000 USDT
2025-11-05 00:13:26,815 - INFO - 📊 Análise Est.4:
2025-11-05 00:13:26,815 - INFO -    Preço: 3315.92 | MA21: 3317.35 | RSI: 42.58
2025-11-05 00:13:26,815 - INFO -    Preço > MA21? ❌ NÃO
2025-11-05 00:13:26,815 - INFO -    RSI < 70.0? ✅ SIM
2025-11-05 00:13:26,815 - INFO -    Sem posições? ❌ NÃO
2025-11-05 00:13:57,094 - INFO - 💹 ETHUSDT: 3314.79000000 USDT
2025-11-05 00:13:57,094 - INFO - 📊 Análise Est.4:
2025-11-05 00:13:57,094 - INFO -    Preço: 3314.79 | MA21: 3317.29 | RSI: 41.49
2025-11-05 00:13:57,094 - INFO -    Preço > MA21? ❌ NÃO
2025-11-05 00:13:57,094 - INFO -    RSI < 70.0? ✅ SIM
2025-11-05 00:13:57,094 - INFO -    Sem posições? ❌ NÃO
2025-11-05 00:14:27,377 - INFO - 💹 ETHUSDT: 3315.02000000 USDT
2025-11-05 00:14:27,377 - INFO - 📊 Análise Est.4:
2025-11-05 00:14:27,379 - INFO -    Preço: 3315.02 | MA21: 3318.06 | RSI: 47.25
2025-11-05 00:14:27,379 - INFO -    Preço > MA21? ❌ NÃO
2025-11-05 00:14:27,379 - INFO -    RSI < 70.0? ✅ SIM
2025-11-05 00:14:27,379 - INFO -    Sem posições? ❌ NÃO
2025-11-05 00:14:57,654 - INFO - 💹 ETHUSDT: 3314.77000000 USDT
2025-11-05 00:14:57,654 - INFO - 📊 Análise Est.4:
2025-11-05 00:14:57,654 - INFO -    Preço: 3314.77 | MA21: 3318.05 | RSI: 47.04
2025-11-05 00:14:57,654 - INFO -    Preço > MA21? ❌ NÃO
2025-11-05 00:14:57,654 - INFO -    RSI < 70.0? ✅ SIM
2025-11-05 00:14:57,654 - INFO -    Sem posições? ❌ NÃO
2025-11-05 00:15:27,931 - INFO - 💹 ETHUSDT: 3317.87000000 USDT
2025-11-05 00:15:27,931 - INFO - 📊 Análise Est.4:
2025-11-05 00:15:27,931 - INFO -    Preço: 3317.87 | MA21: 3318.57 | RSI: 58.06
2025-11-05 00:15:27,931 - INFO -    Preço > MA21? ❌ NÃO
2025-11-05 00:15:27,931 - INFO -    RSI < 70.0? ✅ SIM
2025-11-05 00:15:27,931 - INFO -    Sem posições? ❌ NÃO
2025-11-05 00:15:58,198 - INFO - 💹 ETHUSDT: 3316.22000000 USDT
2025-11-05 00:15:58,214 - INFO - 📊 Análise Est.4:
2025-11-05 00:15:58,214 - INFO -    Preço: 3316.22 | MA21: 3318.50 | RSI: 56.35
2025-11-05 00:15:58,214 - INFO -    Preço > MA21? ❌ NÃO
2025-11-05 00:15:58,214 - INFO -    RSI < 70.0? ✅ SIM
2025-11-05 00:15:58,214 - INFO -    Sem posições? ❌ NÃO
2025-11-05 00:16:28,490 - INFO - 💹 ETHUSDT: 3316.80000000 USDT
2025-11-05 00:16:28,492 - INFO - 📊 Análise Est.4:
2025-11-05 00:16:28,492 - INFO -    Preço: 3316.80 | MA21: 3318.96 | RSI: 56.59
2025-11-05 00:16:28,492 - INFO -    Preço > MA21? ❌ NÃO
2025-11-05 00:16:28,492 - INFO -    RSI < 70.0? ✅ SIM
2025-11-05 00:16:28,492 - INFO -    Sem posições? ❌ NÃO
2025-11-05 00:16:58,768 - INFO - 💹 ETHUSDT: 3318.31000000 USDT
2025-11-05 00:16:58,768 - INFO - 📊 Análise Est.4:
2025-11-05 00:16:58,768 - INFO -    Preço: 3318.31 | MA21: 3319.03 | RSI: 58.33
2025-11-05 00:16:58,768 - INFO -    Preço > MA21? ❌ NÃO
2025-11-05 00:16:58,768 - INFO -    RSI < 70.0? ✅ SIM
2025-11-05 00:16:58,768 - INFO -    Sem posições? ❌ NÃO
2025-11-05 00:17:29,056 - INFO - 💹 ETHUSDT: 3312.69000000 USDT
2025-11-05 00:17:29,056 - INFO - 📊 Análise Est.4:
2025-11-05 00:17:29,056 - INFO -    Preço: 3312.69 | MA21: 3319.01 | RSI: 48.36
2025-11-05 00:17:29,058 - INFO -    Preço > MA21? ❌ NÃO
2025-11-05 00:17:29,058 - INFO -    RSI < 70.0? ✅ SIM
2025-11-05 00:17:29,058 - INFO -    Sem posições? ❌ NÃO
2025-11-05 00:17:59,338 - INFO - 💹 ETHUSDT: 3309.60000000 USDT
2025-11-05 00:17:59,338 - INFO - 📊 Análise Est.4:
2025-11-05 00:17:59,338 - INFO -    Preço: 3309.60 | MA21: 3318.87 | RSI: 45.52
2025-11-05 00:17:59,338 - INFO -    Preço > MA21? ❌ NÃO
2025-11-05 00:17:59,338 - INFO -    RSI < 70.0? ✅ SIM
2025-11-05 00:17:59,338 - INFO -    Sem posições? ❌ NÃO
2025-11-05 00:18:29,607 - INFO - 💹 ETHUSDT: 3309.51000000 USDT
2025-11-05 00:18:29,607 - INFO - 📊 Análise Est.4:
2025-11-05 00:18:29,607 - INFO -    Preço: 3309.51 | MA21: 3318.67 | RSI: 20.90
2025-11-05 00:18:29,607 - INFO -    Preço > MA21? ❌ NÃO
2025-11-05 00:18:29,607 - INFO -    RSI < 70.0? ✅ SIM
2025-11-05 00:18:29,607 - INFO -    Sem posições? ❌ NÃO
2025-11-05 00:18:59,887 - INFO - 💹 ETHUSDT: 3308.29000000 USDT
2025-11-05 00:18:59,887 - INFO - 📊 Análise Est.4:
2025-11-05 00:18:59,887 - INFO -    Preço: 3308.29 | MA21: 3318.61 | RSI: 20.22
2025-11-05 00:18:59,887 - INFO -    Preço > MA21? ❌ NÃO
2025-11-05 00:18:59,887 - INFO -    RSI < 70.0? ✅ SIM
2025-11-05 00:18:59,887 - INFO -    Sem posições? ❌ NÃO
2025-11-05 00:19:30,162 - INFO - 💹 ETHUSDT: 3308.46000000 USDT
2025-11-05 00:19:30,162 - INFO - 📊 Análise Est.4:
2025-11-05 00:19:30,162 - INFO -    Preço: 3308.46 | MA21: 3317.81 | RSI: 21.25
2025-11-05 00:19:30,162 - INFO -    Preço > MA21? ❌ NÃO
2025-11-05 00:19:30,162 - INFO -    RSI < 70.0? ✅ SIM
2025-11-05 00:19:30,162 - INFO -    Sem posições? ❌ NÃO
2025-11-05 00:20:00,441 - INFO - 💹 ETHUSDT: 3308.34000000 USDT
2025-11-05 00:20:00,441 - INFO - 📊 Análise Est.4:
2025-11-05 00:20:00,441 - INFO -    Preço: 3308.34 | MA21: 3317.80 | RSI: 20.99
2025-11-05 00:20:00,441 - INFO -    Preço > MA21? ❌ NÃO
2025-11-05 00:20:00,441 - INFO -    RSI < 70.0? ✅ SIM
2025-11-05 00:20:00,441 - INFO -    Sem posições? ❌ NÃO
2025-11-05 00:20:30,720 - INFO - 💹 ETHUSDT: 3310.33000000 USDT
2025-11-05 00:20:30,720 - INFO - 📊 Análise Est.4:
2025-11-05 00:20:30,720 - INFO -    Preço: 3310.33 | MA21: 3317.17 | RSI: 25.97
2025-11-05 00:20:30,720 - INFO -    Preço > MA21? ❌ NÃO
2025-11-05 00:20:30,722 - INFO -    RSI < 70.0? ✅ SIM
2025-11-05 00:20:30,722 - INFO -    Sem posições? ❌ NÃO
2025-11-05 00:21:01,004 - INFO - 💹 ETHUSDT: 3312.25000000 USDT
2025-11-05 00:21:01,004 - INFO - 📊 Análise Est.4:
2025-11-05 00:21:01,004 - INFO -    Preço: 3312.25 | MA21: 3317.26 | RSI: 29.61
2025-11-05 00:21:01,004 - INFO -    Preço > MA21? ❌ NÃO
2025-11-05 00:21:01,004 - INFO -    RSI < 70.0? ✅ SIM
2025-11-05 00:21:01,004 - INFO -    Sem posições? ❌ NÃO
2025-11-05 00:21:31,276 - INFO - 💹 ETHUSDT: 3313.76000000 USDT
2025-11-05 00:21:31,276 - INFO - 📊 Análise Est.4:
2025-11-05 00:21:31,276 - INFO -    Preço: 3313.76 | MA21: 3316.97 | RSI: 31.21
2025-11-05 00:21:31,276 - INFO -    Preço > MA21? ❌ NÃO
2025-11-05 00:21:31,276 - INFO -    RSI < 70.0? ✅ SIM
2025-11-05 00:21:31,276 - INFO -    Sem posições? ❌ NÃO
2025-11-05 00:22:01,548 - INFO - 💹 ETHUSDT: 3312.50000000 USDT
2025-11-05 00:22:01,548 - INFO - 📊 Análise Est.4:
2025-11-05 00:22:01,548 - INFO -    Preço: 3312.50 | MA21: 3316.91 | RSI: 28.97
2025-11-05 00:22:01,548 - INFO -    Preço > MA21? ❌ NÃO
2025-11-05 00:22:01,548 - INFO -    RSI < 70.0? ✅ SIM
2025-11-05 00:22:01,548 - INFO -    Sem posições? ❌ NÃO
2025-11-05 00:22:31,836 - INFO - 💹 ETHUSDT: 3316.54000000 USDT
2025-11-05 00:22:31,836 - INFO - 📊 Análise Est.4:
2025-11-05 00:22:31,836 - INFO -    Preço: 3316.54 | MA21: 3317.38 | RSI: 49.66
2025-11-05 00:22:31,836 - INFO -    Preço > MA21? ❌ NÃO
2025-11-05 00:22:31,836 - INFO -    RSI < 70.0? ✅ SIM
2025-11-05 00:22:31,836 - INFO -    Sem posições? ❌ NÃO
2025-11-05 00:23:02,119 - INFO - 💹 ETHUSDT: 3323.19000000 USDT
2025-11-05 00:23:02,119 - INFO - 📊 Análise Est.4:
2025-11-05 00:23:02,119 - INFO -    Preço: 3323.19 | MA21: 3317.70 | RSI: 58.62
2025-11-05 00:23:02,119 - INFO -    Preço > MA21? ✅ SIM
2025-11-05 00:23:02,119 - INFO -    RSI < 70.0? ✅ SIM
2025-11-05 00:23:02,119 - INFO -    Sem posições? ❌ NÃO
2025-11-05 00:23:32,385 - INFO - 💹 ETHUSDT: 3322.17000000 USDT
2025-11-05 00:23:32,385 - INFO - 📊 Análise Est.4:
2025-11-05 00:23:32,385 - INFO -    Preço: 3322.17 | MA21: 3318.21 | RSI: 53.38
2025-11-05 00:23:32,385 - INFO -    Preço > MA21? ✅ SIM
2025-11-05 00:23:32,385 - INFO -    RSI < 70.0? ✅ SIM
2025-11-05 00:23:32,385 - INFO -    Sem posições? ❌ NÃO
2025-11-05 00:24:02,674 - INFO - 💹 ETHUSDT: 3324.37000000 USDT
2025-11-05 00:24:02,675 - INFO - 📊 Análise Est.4:
2025-11-05 00:24:02,675 - INFO -    Preço: 3324.37 | MA21: 3318.32 | RSI: 56.28
2025-11-05 00:24:02,675 - INFO -    Preço > MA21? ✅ SIM
2025-11-05 00:24:02,675 - INFO -    RSI < 70.0? ✅ SIM
2025-11-05 00:24:02,676 - INFO -    Sem posições? ❌ NÃO
2025-11-05 00:24:32,953 - INFO - 💹 ETHUSDT: 3321.87000000 USDT
2025-11-05 00:24:32,953 - INFO - 📊 Análise Est.4:
2025-11-05 00:24:32,953 - INFO -    Preço: 3321.87 | MA21: 3318.68 | RSI: 55.09
2025-11-05 00:24:32,953 - INFO -    Preço > MA21? ✅ SIM
2025-11-05 00:24:32,953 - INFO -    RSI < 70.0? ✅ SIM
2025-11-05 00:24:32,953 - INFO -    Sem posições? ❌ NÃO
2025-11-05 00:25:03,227 - INFO - 💹 ETHUSDT: 3322.85000000 USDT
2025-11-05 00:25:03,227 - INFO - 📊 Análise Est.4:
2025-11-05 00:25:03,227 - INFO -    Preço: 3322.85 | MA21: 3318.73 | RSI: 56.63
2025-11-05 00:25:03,227 - INFO -    Preço > MA21? ✅ SIM
2025-11-05 00:25:03,227 - INFO -    RSI < 70.0? ✅ SIM
2025-11-05 00:25:03,227 - INFO -    Sem posições? ❌ NÃO
2025-11-05 00:25:33,509 - INFO - 💹 ETHUSDT: 3323.84000000 USDT
2025-11-05 00:25:33,509 - INFO - 📊 Análise Est.4:
2025-11-05 00:25:33,509 - INFO -    Preço: 3323.84 | MA21: 3318.40 | RSI: 62.41
2025-11-05 00:25:33,509 - INFO -    Preço > MA21? ✅ SIM
2025-11-05 00:25:33,509 - INFO -    RSI < 70.0? ✅ SIM
2025-11-05 00:25:33,509 - INFO -    Sem posições? ❌ NÃO
2025-11-05 00:26:03,794 - INFO - 💹 ETHUSDT: 3330.53000000 USDT
2025-11-05 00:26:03,794 - INFO - 📊 Análise Est.4:
2025-11-05 00:26:03,794 - INFO -    Preço: 3330.53 | MA21: 3318.72 | RSI: 68.69
2025-11-05 00:26:03,794 - INFO -    Preço > MA21? ✅ SIM
2025-11-05 00:26:03,794 - INFO -    RSI < 70.0? ✅ SIM
2025-11-05 00:26:03,794 - INFO -    Sem posições? ❌ NÃO
2025-11-05 00:26:34,074 - INFO - 💹 ETHUSDT: 3326.92000000 USDT
2025-11-05 00:26:34,074 - INFO - 📊 Análise Est.4:
2025-11-05 00:26:34,076 - INFO -    Preço: 3326.92 | MA21: 3318.60 | RSI: 64.77
2025-11-05 00:26:34,076 - INFO -    Preço > MA21? ✅ SIM
2025-11-05 00:26:34,076 - INFO -    RSI < 70.0? ✅ SIM
2025-11-05 00:26:34,076 - INFO -    Sem posições? ❌ NÃO
2025-11-05 00:27:04,360 - INFO - 💹 ETHUSDT: 3326.79000000 USDT
2025-11-05 00:27:04,360 - INFO - 📊 Análise Est.4:
2025-11-05 00:27:04,360 - INFO -    Preço: 3326.79 | MA21: 3318.59 | RSI: 64.58
2025-11-05 00:27:04,360 - INFO -    Preço > MA21? ✅ SIM
2025-11-05 00:27:04,360 - INFO -    RSI < 70.0? ✅ SIM
2025-11-05 00:27:04,360 - INFO -    Sem posições? ❌ NÃO
2025-11-05 00:27:34,641 - INFO - 💹 ETHUSDT: 3330.31000000 USDT
2025-11-05 00:27:34,641 - INFO - 📊 Análise Est.4:
2025-11-05 00:27:34,643 - INFO -    Preço: 3330.31 | MA21: 3318.71 | RSI: 66.29
2025-11-05 00:27:34,643 - INFO -    Preço > MA21? ✅ SIM
2025-11-05 00:27:34,643 - INFO -    RSI < 70.0? ✅ SIM
2025-11-05 00:27:34,643 - INFO -    Sem posições? ❌ NÃO
2025-11-05 00:28:04,931 - INFO - 💹 ETHUSDT: 3329.10000000 USDT
2025-11-05 00:28:04,931 - INFO - 📊 Análise Est.4:
2025-11-05 00:28:04,931 - INFO -    Preço: 3329.10 | MA21: 3318.65 | RSI: 65.33
2025-11-05 00:28:04,931 - INFO -    Preço > MA21? ✅ SIM
2025-11-05 00:28:04,931 - INFO -    RSI < 70.0? ✅ SIM
2025-11-05 00:28:04,931 - INFO -    Sem posições? ❌ NÃO
2025-11-05 00:28:35,202 - INFO - 💹 ETHUSDT: 3329.32000000 USDT
2025-11-05 00:28:35,202 - INFO - 📊 Análise Est.4:
2025-11-05 00:28:35,202 - INFO -    Preço: 3329.32 | MA21: 3318.68 | RSI: 64.71
2025-11-05 00:28:35,202 - INFO -    Preço > MA21? ✅ SIM
2025-11-05 00:28:35,202 - INFO -    RSI < 70.0? ✅ SIM
2025-11-05 00:28:35,202 - INFO -    Sem posições? ❌ NÃO
2025-11-05 00:29:05,482 - INFO - 💹 ETHUSDT: 3333.05000000 USDT
2025-11-05 00:29:05,485 - INFO - 📊 Análise Est.4:
2025-11-05 00:29:05,485 - INFO -    Preço: 3333.05 | MA21: 3318.86 | RSI: 67.59
2025-11-05 00:29:05,485 - INFO -    Preço > MA21? ✅ SIM
2025-11-05 00:29:05,485 - INFO -    RSI < 70.0? ✅ SIM
2025-11-05 00:29:05,485 - INFO -    Sem posições? ❌ NÃO
2025-11-05 00:29:35,751 - INFO - 💹 ETHUSDT: 3332.22000000 USDT
2025-11-05 00:29:35,767 - INFO - 📊 Análise Est.4:
2025-11-05 00:29:35,767 - INFO -    Preço: 3332.22 | MA21: 3319.56 | RSI: 65.95
2025-11-05 00:29:35,767 - INFO -    Preço > MA21? ✅ SIM
2025-11-05 00:29:35,767 - INFO -    RSI < 70.0? ✅ SIM
2025-11-05 00:29:35,768 - INFO -    Sem posições? ❌ NÃO
2025-11-05 00:30:06,038 - INFO - 💹 ETHUSDT: 3332.12000000 USDT
2025-11-05 00:30:06,040 - INFO - 📊 Análise Est.4:
2025-11-05 00:30:06,040 - INFO -    Preço: 3332.12 | MA21: 3319.56 | RSI: 65.80
2025-11-05 00:30:06,040 - INFO -    Preço > MA21? ✅ SIM
2025-11-05 00:30:06,040 - INFO -    RSI < 70.0? ✅ SIM
2025-11-05 00:30:06,040 - INFO -    Sem posições? ❌ NÃO
2025-11-05 00:30:36,801 - INFO - 💹 ETHUSDT: 3328.64000000 USDT
2025-11-05 00:30:36,817 - INFO - 📊 Análise Est.4:
2025-11-05 00:30:36,817 - INFO -    Preço: 3328.64 | MA21: 3319.83 | RSI: 62.86
2025-11-05 00:30:36,817 - INFO -    Preço > MA21? ✅ SIM
2025-11-05 00:30:36,817 - INFO -    RSI < 70.0? ✅ SIM
2025-11-05 00:30:36,817 - INFO -    Sem posições? ❌ NÃO
2025-11-05 00:31:07,075 - INFO - 💹 ETHUSDT: 3328.81000000 USDT
2025-11-05 00:31:07,090 - INFO - 📊 Análise Est.4:
2025-11-05 00:31:07,090 - INFO -    Preço: 3328.81 | MA21: 3319.84 | RSI: 63.10
2025-11-05 00:31:07,090 - INFO -    Preço > MA21? ✅ SIM
2025-11-05 00:31:07,090 - INFO -    RSI < 70.0? ✅ SIM
2025-11-05 00:31:07,090 - INFO -    Sem posições? ❌ NÃO
2025-11-05 00:31:37,890 - INFO - 💹 ETHUSDT: 3332.31000000 USDT
2025-11-05 00:31:37,890 - INFO - 📊 Análise Est.4:
2025-11-05 00:31:37,890 - INFO -    Preço: 3332.31 | MA21: 3320.52 | RSI: 77.23
2025-11-05 00:31:37,890 - INFO -    Preço > MA21? ✅ SIM
2025-11-05 00:31:37,890 - INFO -    RSI < 70.0? ❌ NÃO
2025-11-05 00:31:37,890 - INFO -    Sem posições? ❌ NÃO
2025-11-05 00:32:08,681 - INFO - 💹 ETHUSDT: 3327.84000000 USDT
2025-11-05 00:32:08,681 - INFO - 📊 Análise Est.4:
2025-11-05 00:32:08,681 - INFO -    Preço: 3327.84 | MA21: 3320.31 | RSI: 73.13
2025-11-05 00:32:08,681 - INFO -    Preço > MA21? ✅ SIM
2025-11-05 00:32:08,681 - INFO -    RSI < 70.0? ❌ NÃO
2025-11-05 00:32:08,681 - INFO -    Sem posições? ❌ NÃO
2025-11-05 00:32:38,948 - INFO - 💹 ETHUSDT: 3331.41000000 USDT
2025-11-05 00:32:38,948 - INFO - 📊 Análise Est.4:
2025-11-05 00:32:38,948 - INFO -    Preço: 3331.41 | MA21: 3321.06 | RSI: 77.54
2025-11-05 00:32:38,948 - INFO -    Preço > MA21? ✅ SIM
2025-11-05 00:32:38,948 - INFO -    RSI < 70.0? ❌ NÃO
2025-11-05 00:32:38,948 - INFO -    Sem posições? ❌ NÃO
2025-11-05 00:33:09,231 - INFO - 💹 ETHUSDT: 3331.50000000 USDT
2025-11-05 00:33:09,231 - INFO - 📊 Análise Est.4:
2025-11-05 00:33:09,231 - INFO -    Preço: 3331.50 | MA21: 3321.06 | RSI: 77.58
2025-11-05 00:33:09,231 - INFO -    Preço > MA21? ✅ SIM
2025-11-05 00:33:09,231 - INFO -    RSI < 70.0? ❌ NÃO
2025-11-05 00:33:09,231 - INFO -    Sem posições? ❌ NÃO
2025-11-05 00:33:39,514 - INFO - 💹 ETHUSDT: 3331.07000000 USDT
2025-11-05 00:33:39,514 - INFO - 📊 Análise Est.4:
2025-11-05 00:33:39,514 - INFO -    Preço: 3331.07 | MA21: 3321.86 | RSI: 75.99
2025-11-05 00:33:39,514 - INFO -    Preço > MA21? ✅ SIM
2025-11-05 00:33:39,514 - INFO -    RSI < 70.0? ❌ NÃO
2025-11-05 00:33:39,514 - INFO -    Sem posições? ❌ NÃO
2025-11-05 00:34:09,801 - INFO - 💹 ETHUSDT: 3335.58000000 USDT
2025-11-05 00:34:09,801 - INFO - 📊 Análise Est.4:
2025-11-05 00:34:09,806 - INFO -    Preço: 3335.58 | MA21: 3322.07 | RSI: 78.91
2025-11-05 00:34:09,806 - INFO -    Preço > MA21? ✅ SIM
2025-11-05 00:34:09,806 - INFO -    RSI < 70.0? ❌ NÃO
2025-11-05 00:34:09,806 - INFO -    Sem posições? ❌ NÃO
2025-11-05 00:34:40,084 - INFO - 💹 ETHUSDT: 3335.65000000 USDT
2025-11-05 00:34:40,084 - INFO - 📊 Análise Est.4:
2025-11-05 00:34:40,084 - INFO -    Preço: 3335.65 | MA21: 3323.01 | RSI: 78.61
2025-11-05 00:34:40,084 - INFO -    Preço > MA21? ✅ SIM
2025-11-05 00:34:40,084 - INFO -    RSI < 70.0? ❌ NÃO
2025-11-05 00:34:40,084 - INFO -    Sem posições? ❌ NÃO
2025-11-05 00:35:10,358 - INFO - 💹 ETHUSDT: 3338.10000000 USDT
2025-11-05 00:35:10,358 - INFO - 📊 Análise Est.4:
2025-11-05 00:35:10,358 - INFO -    Preço: 3338.10 | MA21: 3323.12 | RSI: 79.73
2025-11-05 00:35:10,358 - INFO -    Preço > MA21? ✅ SIM
2025-11-05 00:35:10,358 - INFO -    RSI < 70.0? ❌ NÃO
2025-11-05 00:35:10,358 - INFO -    Sem posições? ❌ NÃO
2025-11-05 00:35:40,636 - INFO - 💹 ETHUSDT: 3334.37000000 USDT
2025-11-05 00:35:40,636 - INFO - 📊 Análise Est.4:
2025-11-05 00:35:40,638 - INFO -    Preço: 3334.37 | MA21: 3323.95 | RSI: 70.58
2025-11-05 00:35:40,638 - INFO -    Preço > MA21? ✅ SIM
2025-11-05 00:35:40,638 - INFO -    RSI < 70.0? ❌ NÃO
2025-11-05 00:35:40,638 - INFO -    Sem posições? ❌ NÃO
2025-11-05 00:36:10,906 - INFO - 💹 ETHUSDT: 3340.34000000 USDT
2025-11-05 00:36:10,906 - INFO - 📊 Análise Est.4:
2025-11-05 00:36:10,906 - INFO -    Preço: 3340.34 | MA21: 3324.24 | RSI: 78.19
2025-11-05 00:36:10,906 - INFO -    Preço > MA21? ✅ SIM
2025-11-05 00:36:10,906 - INFO -    RSI < 70.0? ❌ NÃO
2025-11-05 00:36:10,906 - INFO -    Sem posições? ❌ NÃO
2025-11-05 00:36:41,197 - INFO - 💹 ETHUSDT: 3340.16000000 USDT
2025-11-05 00:36:41,197 - INFO - 📊 Análise Est.4:
2025-11-05 00:36:41,197 - INFO -    Preço: 3340.16 | MA21: 3325.28 | RSI: 74.17
2025-11-05 00:36:41,197 - INFO -    Preço > MA21? ✅ SIM
2025-11-05 00:36:41,197 - INFO -    RSI < 70.0? ❌ NÃO
2025-11-05 00:36:41,197 - INFO -    Sem posições? ❌ NÃO
2025-11-05 00:37:11,472 - INFO - 💹 ETHUSDT: 3337.10000000 USDT
2025-11-05 00:37:11,472 - INFO - 📊 Análise Est.4:
2025-11-05 00:37:11,472 - INFO -    Preço: 3337.10 | MA21: 3325.14 | RSI: 68.54
2025-11-05 00:37:11,472 - INFO -    Preço > MA21? ✅ SIM
2025-11-05 00:37:11,472 - INFO -    RSI < 70.0? ✅ SIM
2025-11-05 00:37:11,472 - INFO -    Sem posições? ❌ NÃO
2025-11-05 00:37:41,760 - INFO - 💹 ETHUSDT: 3333.79000000 USDT
2025-11-05 00:37:41,760 - INFO - 📊 Análise Est.4:
2025-11-05 00:37:41,760 - INFO -    Preço: 3333.79 | MA21: 3325.95 | RSI: 61.38
2025-11-05 00:37:41,760 - INFO -    Preço > MA21? ✅ SIM
2025-11-05 00:37:41,760 - INFO -    RSI < 70.0? ✅ SIM
2025-11-05 00:37:41,760 - INFO -    Sem posições? ❌ NÃO
2025-11-05 00:38:12,051 - INFO - 💹 ETHUSDT: 3334.35000000 USDT
2025-11-05 00:38:12,051 - INFO - 📊 Análise Est.4:
2025-11-05 00:38:12,051 - INFO -    Preço: 3334.35 | MA21: 3325.97 | RSI: 62.22
2025-11-05 00:38:12,051 - INFO -    Preço > MA21? ✅ SIM
2025-11-05 00:38:12,051 - INFO -    RSI < 70.0? ✅ SIM
2025-11-05 00:38:12,051 - INFO -    Sem posições? ❌ NÃO
2025-11-05 00:38:42,323 - INFO - 💹 ETHUSDT: 3338.28000000 USDT
2025-11-05 00:38:42,323 - INFO - 📊 Análise Est.4:
2025-11-05 00:38:42,323 - INFO -    Preço: 3338.28 | MA21: 3327.34 | RSI: 67.71
2025-11-05 00:38:42,323 - INFO -    Preço > MA21? ✅ SIM
2025-11-05 00:38:42,323 - INFO -    RSI < 70.0? ✅ SIM
2025-11-05 00:38:42,323 - INFO -    Sem posições? ❌ NÃO
2025-11-05 00:39:12,596 - INFO - 💹 ETHUSDT: 3335.51000000 USDT
2025-11-05 00:39:12,596 - INFO - 📊 Análise Est.4:
2025-11-05 00:39:12,596 - INFO -    Preço: 3335.51 | MA21: 3328.51 | RSI: 57.55
2025-11-05 00:39:12,596 - INFO -    Preço > MA21? ✅ SIM
2025-11-05 00:39:12,596 - INFO -    RSI < 70.0? ✅ SIM
2025-11-05 00:39:12,596 - INFO -    Sem posições? ❌ NÃO
2025-11-05 00:39:42,863 - INFO - 💹 ETHUSDT: 3419.60000000 USDT
2025-11-05 00:39:42,877 - INFO - 📊 Análise Est.4:
2025-11-05 00:39:42,877 - INFO -    Preço: 3419.60 | MA21: 3332.51 | RSI: 88.05
2025-11-05 00:39:42,877 - INFO -    Preço > MA21? ✅ SIM
2025-11-05 00:39:42,877 - INFO -    RSI < 70.0? ❌ NÃO
2025-11-05 00:39:42,877 - INFO -    Sem posições? ❌ NÃO
2025-11-05 00:39:42,877 - INFO - 🎯 Take Profit atingido! Preço: 3419.60000000
2025-11-05 00:39:42,877 - INFO - 🔄 Fechando posição COMPRA
2025-11-05 00:39:43,146 - INFO - ✅ Lucro: 0.43 USDT
2025-11-05 00:39:43,146 - INFO - ------------------------------------------------------------
2025-11-05 00:39:43,146 - INFO - 📊 ESTATÍSTICAS
2025-11-05 00:39:43,146 - INFO -    Total de trades: 13
2025-11-05 00:39:43,146 - INFO -    Trades vencedores: 9
2025-11-05 00:39:43,146 - INFO -    Win Rate: 69.2%
2025-11-05 00:39:43,146 - INFO -    Lucro diário: 1.06 USDT
2025-11-05 00:39:43,146 - INFO -    Lucro total: 1.06 USDT
2025-11-05 00:39:43,146 - INFO -    Posições abertas: 0
2025-11-05 00:39:43,146 - INFO - ------------------------------------------------------------
2025-11-05 00:40:13,420 - INFO - 💹 ETHUSDT: 3338.75000000 USDT
2025-11-05 00:40:13,420 - INFO - 📊 Análise Est.4:
2025-11-05 00:40:13,420 - INFO -    Preço: 3338.75 | MA21: 3330.04 | RSI: 67.80
2025-11-05 00:40:13,420 - INFO -    Preço > MA21? ✅ SIM
2025-11-05 00:40:13,420 - INFO -    RSI < 70.0? ✅ SIM
2025-11-05 00:40:13,420 - INFO -    Sem posições? ✅ SIM
2025-11-05 00:40:13,420 - INFO - 🟢 TODAS AS CONDIÇÕES ATENDIDAS - ABRINDO COMPRA!
2025-11-05 00:40:13,420 - INFO - 📈 Abrindo posição COMPRA
2025-11-05 00:40:13,420 - INFO -    Preço: 3338.75000000
2025-11-05 00:40:13,420 - INFO -    Quantidade: 0.00450000
2025-11-05 00:40:13,420 - INFO -    Valor: 15.0 USDT
2025-11-05 00:40:13,685 - INFO - ✅ Ordem executada: 12238037
2025-11-05 00:40:43,966 - INFO - 💹 ETHUSDT: 3340.21000000 USDT
2025-11-05 00:40:43,966 - INFO - 📊 Análise Est.4:
2025-11-05 00:40:43,967 - INFO -    Preço: 3340.21 | MA21: 3330.11 | RSI: 69.17
2025-11-05 00:40:43,967 - INFO -    Preço > MA21? ✅ SIM
2025-11-05 00:40:43,967 - INFO -    RSI < 70.0? ✅ SIM
2025-11-05 00:40:43,967 - INFO -    Sem posições? ❌ NÃO
2025-11-05 00:41:14,245 - INFO - 💹 ETHUSDT: 3341.43000000 USDT
2025-11-05 00:41:14,245 - INFO - 📊 Análise Est.4:
2025-11-05 00:41:14,245 - INFO -    Preço: 3341.43 | MA21: 3331.65 | RSI: 68.42
2025-11-05 00:41:14,245 - INFO -    Preço > MA21? ✅ SIM
2025-11-05 00:41:14,245 - INFO -    RSI < 70.0? ✅ SIM
2025-11-05 00:41:14,245 - INFO -    Sem posições? ❌ NÃO
2025-11-05 00:41:44,534 - INFO - 💹 ETHUSDT: 3339.18000000 USDT
2025-11-05 00:41:44,534 - INFO - 📊 Análise Est.4:
2025-11-05 00:41:44,534 - INFO -    Preço: 3339.18 | MA21: 3331.54 | RSI: 64.11
2025-11-05 00:41:44,534 - INFO -    Preço > MA21? ✅ SIM
2025-11-05 00:41:44,534 - INFO -    RSI < 70.0? ✅ SIM
2025-11-05 00:41:44,534 - INFO -    Sem posições? ❌ NÃO
2025-11-05 00:42:14,796 - INFO - 💹 ETHUSDT: 3345.16000000 USDT
2025-11-05 00:42:14,796 - INFO - 📊 Análise Est.4:
2025-11-05 00:42:14,796 - INFO -    Preço: 3345.16 | MA21: 3333.22 | RSI: 68.84
2025-11-05 00:42:14,796 - INFO -    Preço > MA21? ✅ SIM
2025-11-05 00:42:14,796 - INFO -    RSI < 70.0? ✅ SIM
2025-11-05 00:42:14,796 - INFO -    Sem posições? ❌ NÃO
2025-11-05 00:42:45,088 - INFO - 💹 ETHUSDT: 3342.91000000 USDT
2025-11-05 00:42:45,088 - INFO - 📊 Análise Est.4:
2025-11-05 00:42:45,088 - INFO -    Preço: 3342.91 | MA21: 3333.11 | RSI: 64.55
2025-11-05 00:42:45,088 - INFO -    Preço > MA21? ✅ SIM
2025-11-05 00:42:45,088 - INFO -    RSI < 70.0? ✅ SIM
2025-11-05 00:42:45,088 - INFO -    Sem posições? ❌ NÃO
2025-11-05 00:43:15,365 - INFO - 💹 ETHUSDT: 3340.00000000 USDT
2025-11-05 00:43:15,365 - INFO - 📊 Análise Est.4:
2025-11-05 00:43:15,365 - INFO -    Preço: 3340.00 | MA21: 3333.82 | RSI: 65.22
2025-11-05 00:43:15,365 - INFO -    Preço > MA21? ✅ SIM
2025-11-05 00:43:15,365 - INFO -    RSI < 70.0? ✅ SIM
2025-11-05 00:43:15,365 - INFO -    Sem posições? ❌ NÃO
2025-11-05 00:43:45,642 - INFO - 💹 ETHUSDT: 3344.83000000 USDT
2025-11-05 00:43:45,644 - INFO - 📊 Análise Est.4:
2025-11-05 00:43:45,644 - INFO -    Preço: 3344.83 | MA21: 3334.05 | RSI: 69.48
2025-11-05 00:43:45,644 - INFO -    Preço > MA21? ✅ SIM
2025-11-05 00:43:45,644 - INFO -    RSI < 70.0? ✅ SIM
2025-11-05 00:43:45,644 - INFO -    Sem posições? ❌ NÃO
2025-11-05 00:44:15,918 - INFO - 💹 ETHUSDT: 3345.55000000 USDT
2025-11-05 00:44:15,918 - INFO - 📊 Análise Est.4:
2025-11-05 00:44:15,918 - INFO -    Preço: 3345.55 | MA21: 3335.10 | RSI: 70.26
2025-11-05 00:44:15,920 - INFO -    Preço > MA21? ✅ SIM
2025-11-05 00:44:15,920 - INFO -    RSI < 70.0? ❌ NÃO
2025-11-05 00:44:15,920 - INFO -    Sem posições? ❌ NÃO
2025-11-05 00:44:46,201 - INFO - 💹 ETHUSDT: 3343.52000000 USDT
2025-11-05 00:44:46,201 - INFO - 📊 Análise Est.4:
2025-11-05 00:44:46,201 - INFO -    Preço: 3343.52 | MA21: 3335.00 | RSI: 66.94
2025-11-05 00:44:46,201 - INFO -    Preço > MA21? ✅ SIM
2025-11-05 00:44:46,201 - INFO -    RSI < 70.0? ✅ SIM
2025-11-05 00:44:46,201 - INFO -    Sem posições? ❌ NÃO
2025-11-05 00:45:16,482 - INFO - 💹 ETHUSDT: 3345.10000000 USDT
2025-11-05 00:45:16,482 - INFO - 📊 Análise Est.4:
2025-11-05 00:45:16,482 - INFO -    Preço: 3345.10 | MA21: 3336.13 | RSI: 71.43
2025-11-05 00:45:16,482 - INFO -    Preço > MA21? ✅ SIM
2025-11-05 00:45:16,482 - INFO -    RSI < 70.0? ❌ NÃO
2025-11-05 00:45:16,482 - INFO -    Sem posições? ❌ NÃO
2025-11-05 00:45:46,760 - INFO - 💹 ETHUSDT: 3348.35000000 USDT
2025-11-05 00:45:46,760 - INFO - 📊 Análise Est.4:
2025-11-05 00:45:46,760 - INFO -    Preço: 3348.35 | MA21: 3336.29 | RSI: 73.56
2025-11-05 00:45:46,760 - INFO -    Preço > MA21? ✅ SIM
2025-11-05 00:45:46,760 - INFO -    RSI < 70.0? ❌ NÃO
2025-11-05 00:45:46,760 - INFO -    Sem posições? ❌ NÃO
2025-11-05 00:46:17,037 - INFO - 💹 ETHUSDT: 3340.73000000 USDT
2025-11-05 00:46:17,037 - INFO - 📊 Análise Est.4:
2025-11-05 00:46:17,037 - INFO -    Preço: 3340.73 | MA21: 3336.74 | RSI: 59.98
2025-11-05 00:46:17,037 - INFO -    Preço > MA21? ✅ SIM
2025-11-05 00:46:17,037 - INFO -    RSI < 70.0? ✅ SIM
2025-11-05 00:46:17,037 - INFO -    Sem posições? ❌ NÃO
2025-11-05 00:46:47,318 - INFO - 💹 ETHUSDT: 3341.90000000 USDT
2025-11-05 00:46:47,318 - INFO - 📊 Análise Est.4:
2025-11-05 00:46:47,318 - INFO -    Preço: 3341.90 | MA21: 3336.80 | RSI: 61.54
2025-11-05 00:46:47,318 - INFO -    Preço > MA21? ✅ SIM
2025-11-05 00:46:47,318 - INFO -    RSI < 70.0? ✅ SIM
2025-11-05 00:46:47,318 - INFO -    Sem posições? ❌ NÃO
2025-11-05 00:47:17,602 - INFO - 💹 ETHUSDT: 3341.28000000 USDT
2025-11-05 00:47:17,602 - INFO - 📊 Análise Est.4:
2025-11-05 00:47:17,602 - INFO -    Preço: 3341.28 | MA21: 3337.45 | RSI: 56.85
2025-11-05 00:47:17,602 - INFO -    Preço > MA21? ✅ SIM
2025-11-05 00:47:17,602 - INFO -    RSI < 70.0? ✅ SIM
2025-11-05 00:47:17,602 - INFO -    Sem posições? ❌ NÃO
2025-11-05 00:47:47,886 - INFO - 💹 ETHUSDT: 3341.60000000 USDT
2025-11-05 00:47:47,886 - INFO - 📊 Análise Est.4:
2025-11-05 00:47:47,886 - INFO -    Preço: 3341.60 | MA21: 3337.46 | RSI: 57.18
2025-11-05 00:47:47,886 - INFO -    Preço > MA21? ✅ SIM
2025-11-05 00:47:47,886 - INFO -    RSI < 70.0? ✅ SIM
2025-11-05 00:47:47,886 - INFO -    Sem posições? ❌ NÃO
2025-11-05 00:48:18,168 - INFO - 💹 ETHUSDT: 3341.68000000 USDT
2025-11-05 00:48:18,170 - INFO - 📊 Análise Est.4:
2025-11-05 00:48:18,170 - INFO -    Preço: 3341.68 | MA21: 3338.18 | RSI: 54.03
2025-11-05 00:48:18,170 - INFO -    Preço > MA21? ✅ SIM
2025-11-05 00:48:18,170 - INFO -    RSI < 70.0? ✅ SIM
2025-11-05 00:48:18,170 - INFO -    Sem posições? ❌ NÃO
2025-11-05 00:48:48,462 - INFO - 💹 ETHUSDT: 3339.98000000 USDT
2025-11-05 00:48:48,462 - INFO - 📊 Análise Est.4:
2025-11-05 00:48:48,464 - INFO -    Preço: 3339.98 | MA21: 3338.10 | RSI: 52.04
2025-11-05 00:48:48,464 - INFO -    Preço > MA21? ✅ SIM
2025-11-05 00:48:48,464 - INFO -    RSI < 70.0? ✅ SIM
2025-11-05 00:48:48,464 - INFO -    Sem posições? ❌ NÃO
2025-11-05 00:49:18,747 - INFO - 💹 ETHUSDT: 3340.48000000 USDT
2025-11-05 00:49:18,749 - INFO - 📊 Análise Est.4:
2025-11-05 00:49:18,749 - INFO -    Preço: 3340.48 | MA21: 3338.49 | RSI: 50.16
2025-11-05 00:49:18,749 - INFO -    Preço > MA21? ✅ SIM
2025-11-05 00:49:18,749 - INFO -    RSI < 70.0? ✅ SIM
2025-11-05 00:49:18,749 - INFO -    Sem posições? ❌ NÃO
2025-11-05 00:49:49,027 - INFO - 💹 ETHUSDT: 3339.85000000 USDT
2025-11-05 00:49:49,027 - INFO - 📊 Análise Est.4:
2025-11-05 00:49:49,027 - INFO -    Preço: 3339.85 | MA21: 3338.46 | RSI: 49.44
2025-11-05 00:49:49,027 - INFO -    Preço > MA21? ✅ SIM
2025-11-05 00:49:49,027 - INFO -    RSI < 70.0? ✅ SIM
2025-11-05 00:49:49,027 - INFO -    Sem posições? ❌ NÃO
2025-11-05 00:50:19,305 - INFO - 💹 ETHUSDT: 3336.83000000 USDT
2025-11-05 00:50:19,305 - INFO - 📊 Análise Est.4:
2025-11-05 00:50:19,305 - INFO -    Preço: 3336.83 | MA21: 3338.69 | RSI: 49.69
2025-11-05 00:50:19,307 - INFO -    Preço > MA21? ❌ NÃO
2025-11-05 00:50:19,307 - INFO -    RSI < 70.0? ✅ SIM
2025-11-05 00:50:19,307 - INFO -    Sem posições? ❌ NÃO
2025-11-05 00:50:49,581 - INFO - 💹 ETHUSDT: 3334.05000000 USDT
2025-11-05 00:50:49,581 - INFO - 📊 Análise Est.4:
2025-11-05 00:50:49,581 - INFO -    Preço: 3334.05 | MA21: 3338.56 | RSI: 46.72
2025-11-05 00:50:49,581 - INFO -    Preço > MA21? ❌ NÃO
2025-11-05 00:50:49,581 - INFO -    RSI < 70.0? ✅ SIM
2025-11-05 00:50:49,581 - INFO -    Sem posições? ❌ NÃO
2025-11-05 00:51:19,857 - INFO - 💹 ETHUSDT: 3336.34000000 USDT
2025-11-05 00:51:19,857 - INFO - 📊 Análise Est.4:
2025-11-05 00:51:19,857 - INFO -    Preço: 3336.34 | MA21: 3338.94 | RSI: 52.23
2025-11-05 00:51:19,857 - INFO -    Preço > MA21? ❌ NÃO
2025-11-05 00:51:19,857 - INFO -    RSI < 70.0? ✅ SIM
2025-11-05 00:51:19,857 - INFO -    Sem posições? ❌ NÃO
2025-11-05 00:51:50,131 - INFO - 💹 ETHUSDT: 3336.14000000 USDT
2025-11-05 00:51:50,131 - INFO - 📊 Análise Est.4:
2025-11-05 00:51:50,133 - INFO -    Preço: 3336.14 | MA21: 3338.93 | RSI: 52.01
2025-11-05 00:51:50,133 - INFO -    Preço > MA21? ❌ NÃO
2025-11-05 00:51:50,133 - INFO -    RSI < 70.0? ✅ SIM
2025-11-05 00:51:50,133 - INFO -    Sem posições? ❌ NÃO
2025-11-05 00:52:20,416 - INFO - 💹 ETHUSDT: 3337.30000000 USDT
2025-11-05 00:52:20,416 - INFO - 📊 Análise Est.4:
2025-11-05 00:52:20,416 - INFO -    Preço: 3337.30 | MA21: 3339.44 | RSI: 52.01
2025-11-05 00:52:20,416 - INFO -    Preço > MA21? ❌ NÃO
2025-11-05 00:52:20,416 - INFO -    RSI < 70.0? ✅ SIM
2025-11-05 00:52:20,416 - INFO -    Sem posições? ❌ NÃO
2025-11-05 00:52:50,684 - INFO - 💹 ETHUSDT: 3339.29000000 USDT
2025-11-05 00:52:50,684 - INFO - 📊 Análise Est.4:
2025-11-05 00:52:50,684 - INFO -    Preço: 3339.29 | MA21: 3339.53 | RSI: 54.07
2025-11-05 00:52:50,684 - INFO -    Preço > MA21? ❌ NÃO
2025-11-05 00:52:50,684 - INFO -    RSI < 70.0? ✅ SIM
2025-11-05 00:52:50,684 - INFO -    Sem posições? ❌ NÃO
2025-11-05 00:53:20,973 - INFO - 💹 ETHUSDT: 3340.52000000 USDT
2025-11-05 00:53:20,973 - INFO - 📊 Análise Est.4:
2025-11-05 00:53:20,973 - INFO -    Preço: 3340.52 | MA21: 3340.02 | RSI: 51.99
2025-11-05 00:53:20,973 - INFO -    Preço > MA21? ✅ SIM
2025-11-05 00:53:20,973 - INFO -    RSI < 70.0? ✅ SIM
2025-11-05 00:53:20,973 - INFO -    Sem posições? ❌ NÃO
2025-11-05 00:53:51,251 - INFO - 💹 ETHUSDT: 3340.87000000 USDT
2025-11-05 00:53:51,251 - INFO - 📊 Análise Est.4:
2025-11-05 00:53:51,251 - INFO -    Preço: 3340.87 | MA21: 3340.04 | RSI: 52.37
2025-11-05 00:53:51,251 - INFO -    Preço > MA21? ✅ SIM
2025-11-05 00:53:51,251 - INFO -    RSI < 70.0? ✅ SIM
2025-11-05 00:53:51,251 - INFO -    Sem posições? ❌ NÃO
2025-11-05 00:54:21,532 - INFO - 💹 ETHUSDT: 3341.37000000 USDT
2025-11-05 00:54:21,532 - INFO - 📊 Análise Est.4:
2025-11-05 00:54:21,532 - INFO -    Preço: 3341.37 | MA21: 3340.31 | RSI: 49.92
2025-11-05 00:54:21,532 - INFO -    Preço > MA21? ✅ SIM
2025-11-05 00:54:21,532 - INFO -    RSI < 70.0? ✅ SIM
2025-11-05 00:54:21,532 - INFO -    Sem posições? ❌ NÃO
2025-11-05 00:54:52,331 - INFO - 💹 ETHUSDT: 3340.51000000 USDT
2025-11-05 00:54:52,333 - INFO - 📊 Análise Est.4:
2025-11-05 00:54:52,333 - INFO -    Preço: 3340.51 | MA21: 3340.27 | RSI: 48.91
2025-11-05 00:54:52,333 - INFO -    Preço > MA21? ✅ SIM
2025-11-05 00:54:52,333 - INFO -    RSI < 70.0? ✅ SIM
2025-11-05 00:54:52,333 - INFO -    Sem posições? ❌ NÃO
2025-11-05 00:55:22,611 - INFO - 💹 ETHUSDT: 3339.84000000 USDT
2025-11-05 00:55:22,611 - INFO - 📊 Análise Est.4:
2025-11-05 00:55:22,611 - INFO -    Preço: 3339.84 | MA21: 3340.35 | RSI: 43.26
2025-11-05 00:55:22,611 - INFO -    Preço > MA21? ❌ NÃO
2025-11-05 00:55:22,611 - INFO -    RSI < 70.0? ✅ SIM
2025-11-05 00:55:22,611 - INFO -    Sem posições? ❌ NÃO
2025-11-05 00:55:52,890 - INFO - 💹 ETHUSDT: 3336.11000000 USDT
2025-11-05 00:55:52,890 - INFO - 📊 Análise Est.4:
2025-11-05 00:55:52,890 - INFO -    Preço: 3336.11 | MA21: 3340.18 | RSI: 39.52
2025-11-05 00:55:52,890 - INFO -    Preço > MA21? ❌ NÃO
2025-11-05 00:55:52,890 - INFO -    RSI < 70.0? ✅ SIM
2025-11-05 00:55:52,890 - INFO -    Sem posições? ❌ NÃO
2025-11-05 00:56:23,161 - INFO - 💹 ETHUSDT: 3335.32000000 USDT
2025-11-05 00:56:23,161 - INFO - 📊 Análise Est.4:
2025-11-05 00:56:23,161 - INFO -    Preço: 3335.32 | MA21: 3339.82 | RSI: 44.29
2025-11-05 00:56:23,161 - INFO -    Preço > MA21? ❌ NÃO
2025-11-05 00:56:23,161 - INFO -    RSI < 70.0? ✅ SIM
2025-11-05 00:56:23,161 - INFO -    Sem posições? ❌ NÃO
2025-11-05 00:56:53,420 - INFO - 💹 ETHUSDT: 3338.16000000 USDT
2025-11-05 00:56:53,420 - INFO - 📊 Análise Est.4:
2025-11-05 00:56:53,420 - INFO -    Preço: 3338.16 | MA21: 3339.96 | RSI: 47.82
2025-11-05 00:56:53,420 - INFO -    Preço > MA21? ❌ NÃO
2025-11-05 00:56:53,420 - INFO -    RSI < 70.0? ✅ SIM
2025-11-05 00:56:53,420 - INFO -    Sem posições? ❌ NÃO
2025-11-05 00:57:23,703 - INFO - 💹 ETHUSDT: 3339.43000000 USDT
2025-11-05 00:57:23,703 - INFO - 📊 Análise Est.4:
2025-11-05 00:57:23,703 - INFO -    Preço: 3339.43 | MA21: 3340.11 | RSI: 42.45
2025-11-05 00:57:23,703 - INFO -    Preço > MA21? ❌ NÃO
2025-11-05 00:57:23,703 - INFO -    RSI < 70.0? ✅ SIM
2025-11-05 00:57:23,703 - INFO -    Sem posições? ❌ NÃO
2025-11-05 00:57:53,971 - INFO - 💹 ETHUSDT: 3339.96000000 USDT
2025-11-05 00:57:53,971 - INFO - 📊 Análise Est.4:
2025-11-05 00:57:53,971 - INFO -    Preço: 3339.96 | MA21: 3340.14 | RSI: 43.19
2025-11-05 00:57:53,971 - INFO -    Preço > MA21? ❌ NÃO
2025-11-05 00:57:53,971 - INFO -    RSI < 70.0? ✅ SIM
2025-11-05 00:57:53,971 - INFO -    Sem posições? ❌ NÃO
2025-11-05 00:58:24,261 - INFO - 💹 ETHUSDT: 3342.27000000 USDT
2025-11-05 00:58:24,261 - INFO - 📊 Análise Est.4:
2025-11-05 00:58:24,261 - INFO -    Preço: 3342.27 | MA21: 3340.58 | RSI: 46.71
2025-11-05 00:58:24,261 - INFO -    Preço > MA21? ✅ SIM
2025-11-05 00:58:24,261 - INFO -    RSI < 70.0? ✅ SIM
2025-11-05 00:58:24,261 - INFO -    Sem posições? ❌ NÃO
2025-11-05 00:58:54,533 - INFO - 💹 ETHUSDT: 3338.79000000 USDT
2025-11-05 00:58:54,533 - INFO - 📊 Análise Est.4:
2025-11-05 00:58:54,533 - INFO -    Preço: 3338.79 | MA21: 3340.42 | RSI: 42.96
2025-11-05 00:58:54,533 - INFO -    Preço > MA21? ❌ NÃO
2025-11-05 00:58:54,533 - INFO -    RSI < 70.0? ✅ SIM
2025-11-05 00:58:54,533 - INFO -    Sem posições? ❌ NÃO
2025-11-05 00:59:24,807 - INFO - 💹 ETHUSDT: 3339.25000000 USDT
2025-11-05 00:59:24,807 - INFO - 📊 Análise Est.4:
2025-11-05 00:59:24,807 - INFO -    Preço: 3339.25 | MA21: 3340.53 | RSI: 40.67
2025-11-05 00:59:24,807 - INFO -    Preço > MA21? ❌ NÃO
2025-11-05 00:59:24,807 - INFO -    RSI < 70.0? ✅ SIM
2025-11-05 00:59:24,807 - INFO -    Sem posições? ❌ NÃO
2025-11-05 00:59:55,097 - INFO - 💹 ETHUSDT: 3333.99000000 USDT
2025-11-05 00:59:55,097 - INFO - 📊 Análise Est.4:
2025-11-05 00:59:55,097 - INFO -    Preço: 3333.99 | MA21: 3340.28 | RSI: 35.37
2025-11-05 00:59:55,097 - INFO -    Preço > MA21? ❌ NÃO
2025-11-05 00:59:55,097 - INFO -    RSI < 70.0? ✅ SIM
2025-11-05 00:59:55,097 - INFO -    Sem posições? ❌ NÃO
2025-11-05 01:00:25,374 - INFO - 💹 ETHUSDT: 3334.83000000 USDT
2025-11-05 01:00:25,374 - INFO - 📊 Análise Est.4:
2025-11-05 01:00:25,374 - INFO -    Preço: 3334.83 | MA21: 3340.09 | RSI: 42.20
2025-11-05 01:00:25,374 - INFO -    Preço > MA21? ❌ NÃO
2025-11-05 01:00:25,374 - INFO -    RSI < 70.0? ✅ SIM
2025-11-05 01:00:25,374 - INFO -    Sem posições? ❌ NÃO
2025-11-05 01:00:55,655 - INFO - 💹 ETHUSDT: 3333.70000000 USDT
2025-11-05 01:00:55,655 - INFO - 📊 Análise Est.4:
2025-11-05 01:00:55,655 - INFO -    Preço: 3333.70 | MA21: 3340.04 | RSI: 40.71
2025-11-05 01:00:55,655 - INFO -    Preço > MA21? ❌ NÃO
2025-11-05 01:00:55,655 - INFO -    RSI < 70.0? ✅ SIM
2025-11-05 01:00:55,655 - INFO -    Sem posições? ❌ NÃO
2025-11-05 01:01:25,926 - INFO - 💹 ETHUSDT: 3337.77000000 USDT
2025-11-05 01:01:25,926 - INFO - 📊 Análise Est.4:
2025-11-05 01:01:25,926 - INFO -    Preço: 3337.77 | MA21: 3339.94 | RSI: 42.34
2025-11-05 01:01:25,926 - INFO -    Preço > MA21? ❌ NÃO
2025-11-05 01:01:25,926 - INFO -    RSI < 70.0? ✅ SIM
2025-11-05 01:01:25,926 - INFO -    Sem posições? ❌ NÃO
2025-11-05 01:01:56,204 - INFO - 💹 ETHUSDT: 3335.96000000 USDT
2025-11-05 01:01:56,204 - INFO - 📊 Análise Est.4:
2025-11-05 01:01:56,204 - INFO -    Preço: 3335.96 | MA21: 3339.85 | RSI: 39.70
2025-11-05 01:01:56,204 - INFO -    Preço > MA21? ❌ NÃO
2025-11-05 01:01:56,204 - INFO -    RSI < 70.0? ✅ SIM
2025-11-05 01:01:56,204 - INFO -    Sem posições? ❌ NÃO
2025-11-05 01:02:26,481 - INFO - 💹 ETHUSDT: 3338.48000000 USDT
2025-11-05 01:02:26,481 - INFO - 📊 Análise Est.4:
2025-11-05 01:02:26,481 - INFO -    Preço: 3338.48 | MA21: 3339.61 | RSI: 47.71
2025-11-05 01:02:26,481 - INFO -    Preço > MA21? ❌ NÃO
2025-11-05 01:02:26,481 - INFO -    RSI < 70.0? ✅ SIM
2025-11-05 01:02:26,481 - INFO -    Sem posições? ❌ NÃO
2025-11-05 01:02:56,755 - INFO - 💹 ETHUSDT: 3342.00000000 USDT
2025-11-05 01:02:56,755 - INFO - 📊 Análise Est.4:
2025-11-05 01:02:56,755 - INFO -    Preço: 3342.00 | MA21: 3339.78 | RSI: 52.12
2025-11-05 01:02:56,755 - INFO -    Preço > MA21? ✅ SIM
2025-11-05 01:02:56,755 - INFO -    RSI < 70.0? ✅ SIM
2025-11-05 01:02:56,755 - INFO -    Sem posições? ❌ NÃO
2025-11-05 01:03:27,031 - INFO - 💹 ETHUSDT: 3341.93000000 USDT
2025-11-05 01:03:27,031 - INFO - 📊 Análise Est.4:
2025-11-05 01:03:27,031 - INFO -    Preço: 3341.93 | MA21: 3339.87 | RSI: 56.63
2025-11-05 01:03:27,031 - INFO -    Preço > MA21? ✅ SIM
2025-11-05 01:03:27,031 - INFO -    RSI < 70.0? ✅ SIM
2025-11-05 01:03:27,031 - INFO -    Sem posições? ❌ NÃO
2025-11-05 01:03:57,293 - INFO - 💹 ETHUSDT: 3340.71000000 USDT
2025-11-05 01:03:57,309 - INFO - 📊 Análise Est.4:
2025-11-05 01:03:57,310 - INFO -    Preço: 3340.71 | MA21: 3339.81 | RSI: 54.89
2025-11-05 01:03:57,310 - INFO -    Preço > MA21? ✅ SIM
2025-11-05 01:03:57,310 - INFO -    RSI < 70.0? ✅ SIM
2025-11-05 01:03:57,310 - INFO -    Sem posições? ❌ NÃO
2025-11-05 01:04:27,589 - INFO - 💹 ETHUSDT: 3338.85000000 USDT
2025-11-05 01:04:27,589 - INFO - 📊 Análise Est.4:
2025-11-05 01:04:27,589 - INFO -    Preço: 3338.85 | MA21: 3339.55 | RSI: 55.21
2025-11-05 01:04:27,589 - INFO -    Preço > MA21? ❌ NÃO
2025-11-05 01:04:27,589 - INFO -    RSI < 70.0? ✅ SIM
2025-11-05 01:04:27,589 - INFO -    Sem posições? ❌ NÃO
2025-11-05 01:04:57,868 - INFO - 💹 ETHUSDT: 3339.16000000 USDT
2025-11-05 01:04:57,868 - INFO - 📊 Análise Est.4:
2025-11-05 01:04:57,868 - INFO -    Preço: 3339.16 | MA21: 3339.56 | RSI: 55.65
2025-11-05 01:04:57,868 - INFO -    Preço > MA21? ❌ NÃO
2025-11-05 01:04:57,868 - INFO -    RSI < 70.0? ✅ SIM
2025-11-05 01:04:57,868 - INFO -    Sem posições? ❌ NÃO
2025-11-05 01:05:28,144 - INFO - 💹 ETHUSDT: 3339.18000000 USDT
2025-11-05 01:05:28,144 - INFO - 📊 Análise Est.4:
2025-11-05 01:05:28,144 - INFO -    Preço: 3339.18 | MA21: 3339.19 | RSI: 52.32
2025-11-05 01:05:28,144 - INFO -    Preço > MA21? ❌ NÃO
2025-11-05 01:05:28,144 - INFO -    RSI < 70.0? ✅ SIM
2025-11-05 01:05:28,144 - INFO -    Sem posições? ❌ NÃO
2025-11-05 01:05:58,406 - INFO - 💹 ETHUSDT: 3338.39000000 USDT
2025-11-05 01:05:58,406 - INFO - 📊 Análise Est.4:
2025-11-05 01:05:58,406 - INFO -    Preço: 3338.39 | MA21: 3339.15 | RSI: 51.37
2025-11-05 01:05:58,406 - INFO -    Preço > MA21? ❌ NÃO
2025-11-05 01:05:58,406 - INFO -    RSI < 70.0? ✅ SIM
2025-11-05 01:05:58,406 - INFO -    Sem posições? ❌ NÃO
2025-11-05 01:06:28,692 - INFO - 💹 ETHUSDT: 3332.76000000 USDT
2025-11-05 01:06:28,692 - INFO - 📊 Análise Est.4:
2025-11-05 01:06:28,692 - INFO -    Preço: 3332.76 | MA21: 3338.40 | RSI: 40.39
2025-11-05 01:06:28,692 - INFO -    Preço > MA21? ❌ NÃO
2025-11-05 01:06:28,694 - INFO -    RSI < 70.0? ✅ SIM
2025-11-05 01:06:28,694 - INFO -    Sem posições? ❌ NÃO
2025-11-05 01:06:58,958 - INFO - 💹 ETHUSDT: 3331.38000000 USDT
2025-11-05 01:06:58,958 - INFO - 📊 Análise Est.4:
2025-11-05 01:06:58,958 - INFO -    Preço: 3331.38 | MA21: 3338.34 | RSI: 39.06
2025-11-05 01:06:58,958 - INFO -    Preço > MA21? ❌ NÃO
2025-11-05 01:06:58,958 - INFO -    RSI < 70.0? ✅ SIM
2025-11-05 01:06:58,958 - INFO -    Sem posições? ❌ NÃO
2025-11-05 01:07:29,246 - INFO - 💹 ETHUSDT: 3335.02000000 USDT
2025-11-05 01:07:29,246 - INFO - 📊 Análise Est.4:
2025-11-05 01:07:29,246 - INFO -    Preço: 3335.02 | MA21: 3338.04 | RSI: 43.46
2025-11-05 01:07:29,246 - INFO -    Preço > MA21? ❌ NÃO
2025-11-05 01:07:29,246 - INFO -    RSI < 70.0? ✅ SIM
2025-11-05 01:07:29,246 - INFO -    Sem posições? ❌ NÃO
2025-11-05 01:07:59,520 - INFO - 💹 ETHUSDT: 3336.10000000 USDT
2025-11-05 01:07:59,522 - INFO - 📊 Análise Est.4:
2025-11-05 01:07:59,522 - INFO -    Preço: 3336.10 | MA21: 3338.09 | RSI: 44.80
2025-11-05 01:07:59,522 - INFO -    Preço > MA21? ❌ NÃO
2025-11-05 01:07:59,522 - INFO -    RSI < 70.0? ✅ SIM
2025-11-05 01:07:59,522 - INFO -    Sem posições? ❌ NÃO
2025-11-05 01:08:29,796 - INFO - 💹 ETHUSDT: 3340.95000000 USDT
2025-11-05 01:08:29,796 - INFO - 📊 Análise Est.4:
2025-11-05 01:08:29,796 - INFO -    Preço: 3340.95 | MA21: 3337.94 | RSI: 50.45
2025-11-05 01:08:29,796 - INFO -    Preço > MA21? ✅ SIM
2025-11-05 01:08:29,796 - INFO -    RSI < 70.0? ✅ SIM
2025-11-05 01:08:29,796 - INFO -    Sem posições? ❌ NÃO
2025-11-05 01:09:00,078 - INFO - 💹 ETHUSDT: 3343.89000000 USDT
2025-11-05 01:09:00,078 - INFO - 📊 Análise Est.4:
2025-11-05 01:09:00,078 - INFO -    Preço: 3343.89 | MA21: 3338.08 | RSI: 53.18
2025-11-05 01:09:00,078 - INFO -    Preço > MA21? ✅ SIM
2025-11-05 01:09:00,078 - INFO -    RSI < 70.0? ✅ SIM
2025-11-05 01:09:00,078 - INFO -    Sem posições? ❌ NÃO
2025-11-05 01:09:30,360 - INFO - 💹 ETHUSDT: 3338.13000000 USDT
2025-11-05 01:09:30,360 - INFO - 📊 Análise Est.4:
2025-11-05 01:09:30,360 - INFO -    Preço: 3338.13 | MA21: 3337.83 | RSI: 54.79
2025-11-05 01:09:30,360 - INFO -    Preço > MA21? ✅ SIM
2025-11-05 01:09:30,360 - INFO -    RSI < 70.0? ✅ SIM
2025-11-05 01:09:30,360 - INFO -    Sem posições? ❌ NÃO
2025-11-05 01:10:00,631 - INFO - 💹 ETHUSDT: 3332.97000000 USDT
2025-11-05 01:10:00,631 - INFO - 📊 Análise Est.4:
2025-11-05 01:10:00,631 - INFO -    Preço: 3332.97 | MA21: 3337.58 | RSI: 49.23
2025-11-05 01:10:00,631 - INFO -    Preço > MA21? ❌ NÃO
2025-11-05 01:10:00,631 - INFO -    RSI < 70.0? ✅ SIM
2025-11-05 01:10:00,631 - INFO -    Sem posições? ❌ NÃO
2025-11-05 01:10:30,909 - INFO - 💹 ETHUSDT: 3328.47000000 USDT
2025-11-05 01:10:30,909 - INFO - 📊 Análise Est.4:
2025-11-05 01:10:30,909 - INFO -    Preço: 3328.47 | MA21: 3337.05 | RSI: 39.39
2025-11-05 01:10:30,909 - INFO -    Preço > MA21? ❌ NÃO
2025-11-05 01:10:30,909 - INFO -    RSI < 70.0? ✅ SIM
2025-11-05 01:10:30,909 - INFO -    Sem posições? ❌ NÃO
2025-11-05 01:11:01,201 - INFO - 💹 ETHUSDT: 3329.29000000 USDT
2025-11-05 01:11:01,201 - INFO - 📊 Análise Est.4:
2025-11-05 01:11:01,201 - INFO -    Preço: 3329.29 | MA21: 3337.09 | RSI: 40.05
2025-11-05 01:11:01,201 - INFO -    Preço > MA21? ❌ NÃO
2025-11-05 01:11:01,201 - INFO -    RSI < 70.0? ✅ SIM
2025-11-05 01:11:01,201 - INFO -    Sem posições? ❌ NÃO
2025-11-05 01:11:31,483 - INFO - 💹 ETHUSDT: 3331.45000000 USDT
2025-11-05 01:11:31,483 - INFO - 📊 Análise Est.4:
2025-11-05 01:11:31,483 - INFO -    Preço: 3331.45 | MA21: 3337.03 | RSI: 39.44
2025-11-05 01:11:31,483 - INFO -    Preço > MA21? ❌ NÃO
2025-11-05 01:11:31,483 - INFO -    RSI < 70.0? ✅ SIM
2025-11-05 01:11:31,483 - INFO -    Sem posições? ❌ NÃO
2025-11-05 01:12:01,759 - INFO - 💹 ETHUSDT: 3330.70000000 USDT
2025-11-05 01:12:01,759 - INFO - 📊 Análise Est.4:
2025-11-05 01:12:01,759 - INFO -    Preço: 3330.70 | MA21: 3336.99 | RSI: 38.68
2025-11-05 01:12:01,759 - INFO -    Preço > MA21? ❌ NÃO
2025-11-05 01:12:01,759 - INFO -    RSI < 70.0? ✅ SIM
2025-11-05 01:12:01,759 - INFO -    Sem posições? ❌ NÃO
2025-11-05 01:12:32,039 - INFO - 💹 ETHUSDT: 3329.23000000 USDT
2025-11-05 01:12:32,040 - INFO - 📊 Análise Est.4:
2025-11-05 01:12:32,040 - INFO -    Preço: 3329.23 | MA21: 3336.62 | RSI: 40.89
2025-11-05 01:12:32,041 - INFO -    Preço > MA21? ❌ NÃO
2025-11-05 01:12:32,041 - INFO -    RSI < 70.0? ✅ SIM
2025-11-05 01:12:32,041 - INFO -    Sem posições? ❌ NÃO
2025-11-05 01:13:02,311 - INFO - 💹 ETHUSDT: 3329.41000000 USDT
2025-11-05 01:13:02,311 - INFO - 📊 Análise Est.4:
2025-11-05 01:13:02,311 - INFO -    Preço: 3329.41 | MA21: 3336.63 | RSI: 41.05
2025-11-05 01:13:02,311 - INFO -    Preço > MA21? ❌ NÃO
2025-11-05 01:13:02,311 - INFO -    RSI < 70.0? ✅ SIM
2025-11-05 01:13:02,311 - INFO -    Sem posições? ❌ NÃO
2025-11-05 01:13:32,583 - INFO - 💹 ETHUSDT: 3329.49000000 USDT
2025-11-05 01:13:32,584 - INFO - 📊 Análise Est.4:
2025-11-05 01:13:32,584 - INFO -    Preço: 3329.49 | MA21: 3336.10 | RSI: 44.53
2025-11-05 01:13:32,584 - INFO -    Preço > MA21? ❌ NÃO
2025-11-05 01:13:32,584 - INFO -    RSI < 70.0? ✅ SIM
2025-11-05 01:13:32,584 - INFO -    Sem posições? ❌ NÃO
2025-11-05 01:14:02,854 - INFO - 💹 ETHUSDT: 3328.25000000 USDT
2025-11-05 01:14:02,854 - INFO - 📊 Análise Est.4:
2025-11-05 01:14:02,854 - INFO -    Preço: 3328.25 | MA21: 3336.04 | RSI: 43.20
2025-11-05 01:14:02,854 - INFO -    Preço > MA21? ❌ NÃO
2025-11-05 01:14:02,854 - INFO -    RSI < 70.0? ✅ SIM
2025-11-05 01:14:02,854 - INFO -    Sem posições? ❌ NÃO
2025-11-05 01:14:33,134 - INFO - 💹 ETHUSDT: 3329.26000000 USDT
2025-11-05 01:14:33,136 - INFO - 📊 Análise Est.4:
2025-11-05 01:14:33,136 - INFO -    Preço: 3329.26 | MA21: 3335.49 | RSI: 42.78
2025-11-05 01:14:33,136 - INFO -    Preço > MA21? ❌ NÃO
2025-11-05 01:14:33,136 - INFO -    RSI < 70.0? ✅ SIM
2025-11-05 01:14:33,136 - INFO -    Sem posições? ❌ NÃO
2025-11-05 01:15:03,411 - INFO - 💹 ETHUSDT: 3328.19000000 USDT
2025-11-05 01:15:03,411 - INFO - 📊 Análise Est.4:
2025-11-05 01:15:03,411 - INFO -    Preço: 3328.19 | MA21: 3335.44 | RSI: 41.32
2025-11-05 01:15:03,411 - INFO -    Preço > MA21? ❌ NÃO
2025-11-05 01:15:03,411 - INFO -    RSI < 70.0? ✅ SIM
2025-11-05 01:15:03,411 - INFO -    Sem posições? ❌ NÃO
2025-11-05 01:15:33,696 - INFO - 💹 ETHUSDT: 3330.95000000 USDT
2025-11-05 01:15:33,699 - INFO - 📊 Análise Est.4:
2025-11-05 01:15:33,699 - INFO -    Preço: 3330.95 | MA21: 3334.99 | RSI: 42.01
2025-11-05 01:15:33,699 - INFO -    Preço > MA21? ❌ NÃO
2025-11-05 01:15:33,699 - INFO -    RSI < 70.0? ✅ SIM
2025-11-05 01:15:33,699 - INFO -    Sem posições? ❌ NÃO
2025-11-05 01:16:03,971 - INFO - 💹 ETHUSDT: 3329.43000000 USDT
2025-11-05 01:16:03,971 - INFO - 📊 Análise Est.4:
2025-11-05 01:16:03,971 - INFO -    Preço: 3329.43 | MA21: 3334.91 | RSI: 39.81
2025-11-05 01:16:03,971 - INFO -    Preço > MA21? ❌ NÃO
2025-11-05 01:16:03,973 - INFO -    RSI < 70.0? ✅ SIM
2025-11-05 01:16:03,973 - INFO -    Sem posições? ❌ NÃO
2025-11-05 01:16:34,244 - INFO - 💹 ETHUSDT: 3329.17000000 USDT
2025-11-05 01:16:34,246 - INFO - 📊 Análise Est.4:
2025-11-05 01:16:34,246 - INFO -    Preço: 3329.17 | MA21: 3334.70 | RSI: 32.22
2025-11-05 01:16:34,246 - INFO -    Preço > MA21? ❌ NÃO
2025-11-05 01:16:34,246 - INFO -    RSI < 70.0? ✅ SIM
2025-11-05 01:16:34,246 - INFO -    Sem posições? ❌ NÃO
2025-11-05 01:17:04,528 - INFO - 💹 ETHUSDT: 3331.41000000 USDT
2025-11-05 01:17:04,528 - INFO - 📊 Análise Est.4:
2025-11-05 01:17:04,528 - INFO -    Preço: 3331.41 | MA21: 3334.81 | RSI: 35.88
2025-11-05 01:17:04,528 - INFO -    Preço > MA21? ❌ NÃO
2025-11-05 01:17:04,528 - INFO -    RSI < 70.0? ✅ SIM
2025-11-05 01:17:04,528 - INFO -    Sem posições? ❌ NÃO
2025-11-05 01:17:34,798 - INFO - 💹 ETHUSDT: 3329.80000000 USDT
2025-11-05 01:17:34,798 - INFO - 📊 Análise Est.4:
2025-11-05 01:17:34,798 - INFO -    Preço: 3329.80 | MA21: 3334.36 | RSI: 34.33
2025-11-05 01:17:34,798 - INFO -    Preço > MA21? ❌ NÃO
2025-11-05 01:17:34,798 - INFO -    RSI < 70.0? ✅ SIM
2025-11-05 01:17:34,798 - INFO -    Sem posições? ❌ NÃO
2025-11-05 01:18:05,078 - INFO - 💹 ETHUSDT: 3325.95000000 USDT
2025-11-05 01:18:05,078 - INFO - 📊 Análise Est.4:
2025-11-05 01:18:05,078 - INFO -    Preço: 3325.95 | MA21: 3334.17 | RSI: 31.22
2025-11-05 01:18:05,078 - INFO -    Preço > MA21? ❌ NÃO
2025-11-05 01:18:05,078 - INFO -    RSI < 70.0? ✅ SIM
2025-11-05 01:18:05,078 - INFO -    Sem posições? ❌ NÃO
2025-11-05 01:18:35,361 - INFO - 💹 ETHUSDT: 3326.56000000 USDT
2025-11-05 01:18:35,361 - INFO - 📊 Análise Est.4:
2025-11-05 01:18:35,361 - INFO -    Preço: 3326.56 | MA21: 3333.47 | RSI: 36.05
2025-11-05 01:18:35,361 - INFO -    Preço > MA21? ❌ NÃO
2025-11-05 01:18:35,361 - INFO -    RSI < 70.0? ✅ SIM
2025-11-05 01:18:35,361 - INFO -    Sem posições? ❌ NÃO
2025-11-05 01:19:06,171 - INFO - 💹 ETHUSDT: 3325.85000000 USDT
2025-11-05 01:19:06,173 - INFO - 📊 Análise Est.4:
2025-11-05 01:19:06,173 - INFO -    Preço: 3325.85 | MA21: 3333.43 | RSI: 34.93
2025-11-05 01:19:06,173 - INFO -    Preço > MA21? ❌ NÃO
2025-11-05 01:19:06,173 - INFO -    RSI < 70.0? ✅ SIM
2025-11-05 01:19:06,173 - INFO -    Sem posições? ❌ NÃO
2025-11-05 01:19:36,447 - INFO - 💹 ETHUSDT: 3327.94000000 USDT
2025-11-05 01:19:36,447 - INFO - 📊 Análise Est.4:
2025-11-05 01:19:36,447 - INFO -    Preço: 3327.94 | MA21: 3332.98 | RSI: 37.89
2025-11-05 01:19:36,447 - INFO -    Preço > MA21? ❌ NÃO
2025-11-05 01:19:36,447 - INFO -    RSI < 70.0? ✅ SIM
2025-11-05 01:19:36,447 - INFO -    Sem posições? ❌ NÃO
2025-11-05 01:20:06,716 - INFO - 💹 ETHUSDT: 3327.95000000 USDT
2025-11-05 01:20:06,716 - INFO - 📊 Análise Est.4:
2025-11-05 01:20:06,716 - INFO -    Preço: 3327.95 | MA21: 3332.99 | RSI: 37.91
2025-11-05 01:20:06,716 - INFO -    Preço > MA21? ❌ NÃO
2025-11-05 01:20:06,716 - INFO -    RSI < 70.0? ✅ SIM
2025-11-05 01:20:06,716 - INFO -    Sem posições? ❌ NÃO
2025-11-05 01:20:37,006 - INFO - 💹 ETHUSDT: 3328.06000000 USDT
2025-11-05 01:20:37,006 - INFO - 📊 Análise Est.4:
2025-11-05 01:20:37,006 - INFO -    Preço: 3328.06 | MA21: 3332.70 | RSI: 44.92
2025-11-05 01:20:37,006 - INFO -    Preço > MA21? ❌ NÃO
2025-11-05 01:20:37,006 - INFO -    RSI < 70.0? ✅ SIM
2025-11-05 01:20:37,006 - INFO -    Sem posições? ❌ NÃO
2025-11-05 01:21:07,289 - INFO - 💹 ETHUSDT: 3327.34000000 USDT
2025-11-05 01:21:07,289 - INFO - 📊 Análise Est.4:
2025-11-05 01:21:07,289 - INFO -    Preço: 3327.34 | MA21: 3332.67 | RSI: 43.94
2025-11-05 01:21:07,289 - INFO -    Preço > MA21? ❌ NÃO
2025-11-05 01:21:07,291 - INFO -    RSI < 70.0? ✅ SIM
2025-11-05 01:21:07,291 - INFO -    Sem posições? ❌ NÃO
2025-11-05 01:21:37,556 - INFO - 💹 ETHUSDT: 3326.75000000 USDT
2025-11-05 01:21:37,556 - INFO - 📊 Análise Est.4:
2025-11-05 01:21:37,556 - INFO -    Preço: 3326.75 | MA21: 3332.26 | RSI: 34.59
2025-11-05 01:21:37,556 - INFO -    Preço > MA21? ❌ NÃO
2025-11-05 01:21:37,556 - INFO -    RSI < 70.0? ✅ SIM
2025-11-05 01:21:37,556 - INFO -    Sem posições? ❌ NÃO
2025-11-05 01:22:07,853 - INFO - 💹 ETHUSDT: 3324.09000000 USDT
2025-11-05 01:22:07,853 - INFO - 📊 Análise Est.4:
2025-11-05 01:22:07,853 - INFO -    Preço: 3324.09 | MA21: 3332.13 | RSI: 31.80
2025-11-05 01:22:07,853 - INFO -    Preço > MA21? ❌ NÃO
2025-11-05 01:22:07,853 - INFO -    RSI < 70.0? ✅ SIM
2025-11-05 01:22:07,853 - INFO -    Sem posições? ❌ NÃO
2025-11-05 01:22:38,128 - INFO - 💹 ETHUSDT: 3322.02000000 USDT
2025-11-05 01:22:38,128 - INFO - 📊 Análise Est.4:
2025-11-05 01:22:38,128 - INFO -    Preço: 3322.02 | MA21: 3331.40 | RSI: 19.60
2025-11-05 01:22:38,128 - INFO -    Preço > MA21? ❌ NÃO
2025-11-05 01:22:38,128 - INFO -    RSI < 70.0? ✅ SIM
2025-11-05 01:22:38,128 - INFO -    Sem posições? ❌ NÃO
2025-11-05 01:23:08,400 - INFO - 💹 ETHUSDT: 3322.99000000 USDT
2025-11-05 01:23:08,400 - INFO - 📊 Análise Est.4:
2025-11-05 01:23:08,400 - INFO -    Preço: 3322.99 | MA21: 3331.45 | RSI: 20.24
2025-11-05 01:23:08,400 - INFO -    Preço > MA21? ❌ NÃO
2025-11-05 01:23:08,400 - INFO -    RSI < 70.0? ✅ SIM
2025-11-05 01:23:08,400 - INFO -    Sem posições? ❌ NÃO
2025-11-05 01:23:38,686 - INFO - 💹 ETHUSDT: 3321.58000000 USDT
2025-11-05 01:23:38,686 - INFO - 📊 Análise Est.4:
2025-11-05 01:23:38,686 - INFO -    Preço: 3321.58 | MA21: 3330.47 | RSI: 28.98
2025-11-05 01:23:38,686 - INFO -    Preço > MA21? ❌ NÃO
2025-11-05 01:23:38,686 - INFO -    RSI < 70.0? ✅ SIM
2025-11-05 01:23:38,686 - INFO -    Sem posições? ❌ NÃO
2025-11-05 01:24:08,962 - INFO - 💹 ETHUSDT: 3320.89000000 USDT
2025-11-05 01:24:08,962 - INFO - 📊 Análise Est.4:
2025-11-05 01:24:08,962 - INFO -    Preço: 3320.89 | MA21: 3330.44 | RSI: 28.04
2025-11-05 01:24:08,962 - INFO -    Preço > MA21? ❌ NÃO
2025-11-05 01:24:08,962 - INFO -    RSI < 70.0? ✅ SIM
2025-11-05 01:24:08,962 - INFO -    Sem posições? ❌ NÃO
2025-11-05 01:24:39,241 - INFO - 💹 ETHUSDT: 3319.34000000 USDT
2025-11-05 01:24:39,241 - INFO - 📊 Análise Est.4:
2025-11-05 01:24:39,241 - INFO -    Preço: 3319.34 | MA21: 3329.36 | RSI: 23.23
2025-11-05 01:24:39,241 - INFO -    Preço > MA21? ❌ NÃO
2025-11-05 01:24:39,241 - INFO -    RSI < 70.0? ✅ SIM
2025-11-05 01:24:39,241 - INFO -    Sem posições? ❌ NÃO
2025-11-05 01:25:09,520 - INFO - 💹 ETHUSDT: 3319.76000000 USDT
2025-11-05 01:25:09,520 - INFO - 📊 Análise Est.4:
2025-11-05 01:25:09,520 - INFO -    Preço: 3319.76 | MA21: 3329.38 | RSI: 23.68
2025-11-05 01:25:09,520 - INFO -    Preço > MA21? ❌ NÃO
2025-11-05 01:25:09,520 - INFO -    RSI < 70.0? ✅ SIM
2025-11-05 01:25:09,520 - INFO -    Sem posições? ❌ NÃO
2025-11-05 01:25:39,792 - INFO - 💹 ETHUSDT: 3323.20000000 USDT
2025-11-05 01:25:39,792 - INFO - 📊 Análise Est.4:
2025-11-05 01:25:39,792 - INFO -    Preço: 3323.20 | MA21: 3328.71 | RSI: 34.41
2025-11-05 01:25:39,792 - INFO -    Preço > MA21? ❌ NÃO
2025-11-05 01:25:39,792 - INFO -    RSI < 70.0? ✅ SIM
2025-11-05 01:25:39,792 - INFO -    Sem posições? ❌ NÃO
2025-11-05 01:26:10,071 - INFO - 💹 ETHUSDT: 3323.26000000 USDT
2025-11-05 01:26:10,071 - INFO - 📊 Análise Est.4:
2025-11-05 01:26:10,071 - INFO -    Preço: 3323.26 | MA21: 3328.72 | RSI: 34.56
2025-11-05 01:26:10,071 - INFO -    Preço > MA21? ❌ NÃO
2025-11-05 01:26:10,071 - INFO -    RSI < 70.0? ✅ SIM
2025-11-05 01:26:10,071 - INFO -    Sem posições? ❌ NÃO
2025-11-05 01:26:40,355 - INFO - 💹 ETHUSDT: 3322.98000000 USDT
2025-11-05 01:26:40,355 - INFO - 📊 Análise Est.4:
2025-11-05 01:26:40,355 - INFO -    Preço: 3322.98 | MA21: 3328.02 | RSI: 36.42
2025-11-05 01:26:40,355 - INFO -    Preço > MA21? ❌ NÃO
2025-11-05 01:26:40,355 - INFO -    RSI < 70.0? ✅ SIM
2025-11-05 01:26:40,355 - INFO -    Sem posições? ❌ NÃO
2025-11-05 01:27:10,624 - INFO - 💹 ETHUSDT: 3318.31000000 USDT
2025-11-05 01:27:10,624 - INFO - 📊 Análise Est.4:
2025-11-05 01:27:10,624 - INFO -    Preço: 3318.31 | MA21: 3327.80 | RSI: 30.42
2025-11-05 01:27:10,624 - INFO -    Preço > MA21? ❌ NÃO
2025-11-05 01:27:10,624 - INFO -    RSI < 70.0? ✅ SIM
2025-11-05 01:27:10,624 - INFO -    Sem posições? ❌ NÃO
2025-11-05 01:27:40,914 - INFO - 💹 ETHUSDT: 3317.14000000 USDT
2025-11-05 01:27:40,914 - INFO - 📊 Análise Est.4:
2025-11-05 01:27:40,914 - INFO -    Preço: 3317.14 | MA21: 3327.11 | RSI: 30.35
2025-11-05 01:27:40,914 - INFO -    Preço > MA21? ❌ NÃO
2025-11-05 01:27:40,914 - INFO -    RSI < 70.0? ✅ SIM
2025-11-05 01:27:40,914 - INFO -    Sem posições? ❌ NÃO
2025-11-05 01:28:11,199 - INFO - 💹 ETHUSDT: 3316.08000000 USDT
2025-11-05 01:28:11,199 - INFO - 📊 Análise Est.4:
2025-11-05 01:28:11,201 - INFO -    Preço: 3316.08 | MA21: 3327.06 | RSI: 29.26
2025-11-05 01:28:11,201 - INFO -    Preço > MA21? ❌ NÃO
2025-11-05 01:28:11,201 - INFO -    RSI < 70.0? ✅ SIM
2025-11-05 01:28:11,201 - INFO -    Sem posições? ❌ NÃO
2025-11-05 01:28:41,481 - INFO - 💹 ETHUSDT: 3315.73000000 USDT
2025-11-05 01:28:41,483 - INFO - 📊 Análise Est.4:
2025-11-05 01:28:41,483 - INFO -    Preço: 3315.73 | MA21: 3326.09 | RSI: 29.02
2025-11-05 01:28:41,483 - INFO -    Preço > MA21? ❌ NÃO
2025-11-05 01:28:41,483 - INFO -    RSI < 70.0? ✅ SIM
2025-11-05 01:28:41,483 - INFO -    Sem posições? ❌ NÃO
2025-11-05 01:29:11,743 - INFO - 💹 ETHUSDT: 3314.52000000 USDT
2025-11-05 01:29:11,759 - INFO - 📊 Análise Est.4:
2025-11-05 01:29:11,759 - INFO -    Preço: 3314.52 | MA21: 3324.79 | RSI: 24.52
2025-11-05 01:29:11,759 - INFO -    Preço > MA21? ❌ NÃO
2025-11-05 01:29:11,759 - INFO -    RSI < 70.0? ✅ SIM
2025-11-05 01:29:11,759 - INFO -    Sem posições? ❌ NÃO
2025-11-05 01:29:42,031 - INFO - 💹 ETHUSDT: 3316.35000000 USDT
2025-11-05 01:29:42,031 - INFO - 📊 Análise Est.4:
2025-11-05 01:29:42,031 - INFO -    Preço: 3316.35 | MA21: 3324.88 | RSI: 28.92
2025-11-05 01:29:42,031 - INFO -    Preço > MA21? ❌ NÃO
2025-11-05 01:29:42,031 - INFO -    RSI < 70.0? ✅ SIM
2025-11-05 01:29:42,031 - INFO -    Sem posições? ❌ NÃO
2025-11-05 01:30:12,311 - INFO - 💹 ETHUSDT: 3315.34000000 USDT
2025-11-05 01:30:12,311 - INFO - 📊 Análise Est.4:
2025-11-05 01:30:12,312 - INFO -    Preço: 3315.34 | MA21: 3324.12 | RSI: 22.36
2025-11-05 01:30:12,312 - INFO -    Preço > MA21? ❌ NÃO
2025-11-05 01:30:12,312 - INFO -    RSI < 70.0? ✅ SIM
2025-11-05 01:30:12,312 - INFO -    Sem posições? ❌ NÃO
2025-11-05 01:30:42,595 - INFO - 💹 ETHUSDT: 3315.24000000 USDT
2025-11-05 01:30:42,595 - INFO - 📊 Análise Est.4:
2025-11-05 01:30:42,597 - INFO -    Preço: 3315.24 | MA21: 3324.12 | RSI: 22.28
2025-11-05 01:30:42,597 - INFO -    Preço > MA21? ❌ NÃO
2025-11-05 01:30:42,597 - INFO -    RSI < 70.0? ✅ SIM
2025-11-05 01:30:42,597 - INFO -    Sem posições? ❌ NÃO
2025-11-05 01:31:12,863 - INFO - 💹 ETHUSDT: 3317.04000000 USDT
2025-11-05 01:31:12,863 - INFO - 📊 Análise Est.4:
2025-11-05 01:31:12,863 - INFO -    Preço: 3317.04 | MA21: 3323.53 | RSI: 32.29
2025-11-05 01:31:12,863 - INFO -    Preço > MA21? ❌ NÃO
2025-11-05 01:31:12,863 - INFO -    RSI < 70.0? ✅ SIM
2025-11-05 01:31:12,863 - INFO -    Sem posições? ❌ NÃO
2025-11-05 01:31:43,151 - INFO - 💹 ETHUSDT: 3319.77000000 USDT
2025-11-05 01:31:43,153 - INFO - 📊 Análise Est.4:
2025-11-05 01:31:43,153 - INFO -    Preço: 3319.77 | MA21: 3323.66 | RSI: 38.92
2025-11-05 01:31:43,153 - INFO -    Preço > MA21? ❌ NÃO
2025-11-05 01:31:43,153 - INFO -    RSI < 70.0? ✅ SIM
2025-11-05 01:31:43,153 - INFO -    Sem posições? ❌ NÃO
2025-11-05 01:32:13,432 - INFO - 💹 ETHUSDT: 3321.65000000 USDT
2025-11-05 01:32:13,432 - INFO - 📊 Análise Est.4:
2025-11-05 01:32:13,432 - INFO -    Preço: 3321.65 | MA21: 3323.31 | RSI: 42.92
2025-11-05 01:32:13,432 - INFO -    Preço > MA21? ❌ NÃO
2025-11-05 01:32:13,432 - INFO -    RSI < 70.0? ✅ SIM
2025-11-05 01:32:13,432 - INFO -    Sem posições? ❌ NÃO
2025-11-05 01:32:43,706 - INFO - 💹 ETHUSDT: 3324.66000000 USDT
2025-11-05 01:32:43,706 - INFO - 📊 Análise Est.4:
2025-11-05 01:32:43,706 - INFO -    Preço: 3324.66 | MA21: 3323.45 | RSI: 48.18
2025-11-05 01:32:43,706 - INFO -    Preço > MA21? ✅ SIM
2025-11-05 01:32:43,708 - INFO -    RSI < 70.0? ✅ SIM
2025-11-05 01:32:43,708 - INFO -    Sem posições? ❌ NÃO
2025-11-05 01:33:13,982 - INFO - 💹 ETHUSDT: 3327.10000000 USDT
2025-11-05 01:33:13,982 - INFO - 📊 Análise Est.4:
2025-11-05 01:33:13,982 - INFO -    Preço: 3327.10 | MA21: 3323.47 | RSI: 48.74
2025-11-05 01:33:13,982 - INFO -    Preço > MA21? ✅ SIM
2025-11-05 01:33:13,982 - INFO -    RSI < 70.0? ✅ SIM
2025-11-05 01:33:13,982 - INFO -    Sem posições? ❌ NÃO
2025-11-05 01:33:44,266 - INFO - 💹 ETHUSDT: 3324.01000000 USDT
2025-11-05 01:33:44,266 - INFO - 📊 Análise Est.4:
2025-11-05 01:33:44,266 - INFO -    Preço: 3324.01 | MA21: 3323.33 | RSI: 44.64
2025-11-05 01:33:44,266 - INFO -    Preço > MA21? ✅ SIM
2025-11-05 01:33:44,266 - INFO -    RSI < 70.0? ✅ SIM
2025-11-05 01:33:44,266 - INFO -    Sem posições? ❌ NÃO
2025-11-05 01:34:15,073 - INFO - 💹 ETHUSDT: 3323.70000000 USDT
2025-11-05 01:34:15,073 - INFO - 📊 Análise Est.4:
2025-11-05 01:34:15,073 - INFO -    Preço: 3323.70 | MA21: 3323.09 | RSI: 45.01
2025-11-05 01:34:15,073 - INFO -    Preço > MA21? ✅ SIM
2025-11-05 01:34:15,073 - INFO -    RSI < 70.0? ✅ SIM
2025-11-05 01:34:15,073 - INFO -    Sem posições? ❌ NÃO
2025-11-05 01:34:45,352 - INFO - 💹 ETHUSDT: 3322.10000000 USDT
2025-11-05 01:34:45,352 - INFO - 📊 Análise Est.4:
2025-11-05 01:34:45,352 - INFO -    Preço: 3322.10 | MA21: 3323.02 | RSI: 43.12
2025-11-05 01:34:45,352 - INFO -    Preço > MA21? ❌ NÃO
2025-11-05 01:34:45,352 - INFO -    RSI < 70.0? ✅ SIM
2025-11-05 01:34:45,352 - INFO -    Sem posições? ❌ NÃO
2025-11-05 01:35:15,635 - INFO - 💹 ETHUSDT: 3319.51000000 USDT
2025-11-05 01:35:15,635 - INFO - 📊 Análise Est.4:
2025-11-05 01:35:15,635 - INFO -    Preço: 3319.51 | MA21: 3322.48 | RSI: 43.73
2025-11-05 01:35:15,635 - INFO -    Preço > MA21? ❌ NÃO
2025-11-05 01:35:15,635 - INFO -    RSI < 70.0? ✅ SIM
2025-11-05 01:35:15,635 - INFO -    Sem posições? ❌ NÃO
2025-11-05 01:35:45,919 - INFO - 💹 ETHUSDT: 3322.85000000 USDT
2025-11-05 01:35:45,919 - INFO - 📊 Análise Est.4:
2025-11-05 01:35:45,919 - INFO -    Preço: 3322.85 | MA21: 3322.64 | RSI: 48.32
2025-11-05 01:35:45,919 - INFO -    Preço > MA21? ✅ SIM
2025-11-05 01:35:45,919 - INFO -    RSI < 70.0? ✅ SIM
2025-11-05 01:35:45,919 - INFO -    Sem posições? ❌ NÃO
2025-11-05 01:36:16,188 - INFO - 💹 ETHUSDT: 3325.16000000 USDT
2025-11-05 01:36:16,188 - INFO - 📊 Análise Est.4:
2025-11-05 01:36:16,188 - INFO -    Preço: 3325.16 | MA21: 3322.54 | RSI: 52.59
2025-11-05 01:36:16,188 - INFO -    Preço > MA21? ✅ SIM
2025-11-05 01:36:16,188 - INFO -    RSI < 70.0? ✅ SIM
2025-11-05 01:36:16,188 - INFO -    Sem posições? ❌ NÃO
2025-11-05 01:36:46,471 - INFO - 💹 ETHUSDT: 3323.50000000 USDT
2025-11-05 01:36:46,471 - INFO - 📊 Análise Est.4:
2025-11-05 01:36:46,471 - INFO -    Preço: 3323.50 | MA21: 3322.46 | RSI: 50.58
2025-11-05 01:36:46,471 - INFO -    Preço > MA21? ✅ SIM
2025-11-05 01:36:46,471 - INFO -    RSI < 70.0? ✅ SIM
2025-11-05 01:36:46,471 - INFO -    Sem posições? ❌ NÃO
2025-11-05 01:37:16,739 - INFO - 💹 ETHUSDT: 3326.13000000 USDT
2025-11-05 01:37:16,739 - INFO - 📊 Análise Est.4:
2025-11-05 01:37:16,739 - INFO -    Preço: 3326.13 | MA21: 3322.34 | RSI: 56.43
2025-11-05 01:37:16,739 - INFO -    Preço > MA21? ✅ SIM
2025-11-05 01:37:16,739 - INFO -    RSI < 70.0? ✅ SIM
2025-11-05 01:37:16,739 - INFO -    Sem posições? ❌ NÃO
2025-11-05 01:37:47,021 - INFO - 💹 ETHUSDT: 3329.82000000 USDT
2025-11-05 01:37:47,021 - INFO - 📊 Análise Est.4:
2025-11-05 01:37:47,021 - INFO -    Preço: 3329.82 | MA21: 3322.52 | RSI: 60.04
2025-11-05 01:37:47,021 - INFO -    Preço > MA21? ✅ SIM
2025-11-05 01:37:47,021 - INFO -    RSI < 70.0? ✅ SIM
2025-11-05 01:37:47,021 - INFO -    Sem posições? ❌ NÃO
2025-11-05 01:38:17,303 - INFO - 💹 ETHUSDT: 3597.99000000 USDT
2025-11-05 01:38:17,304 - INFO - 📊 Análise Est.4:
2025-11-05 01:38:17,304 - INFO -    Preço: 3597.99 | MA21: 3335.49 | RSI: 94.65
2025-11-05 01:38:17,304 - INFO -    Preço > MA21? ✅ SIM
2025-11-05 01:38:17,304 - INFO -    RSI < 70.0? ❌ NÃO
2025-11-05 01:38:17,304 - INFO -    Sem posições? ❌ NÃO
2025-11-05 01:38:17,304 - INFO - 🎯 Take Profit atingido! Preço: 3597.99000000
2025-11-05 01:38:17,304 - INFO - 🔄 Fechando posição COMPRA
2025-11-05 01:38:17,573 - INFO - ✅ Lucro: 1.17 USDT
2025-11-05 01:38:17,573 - INFO - ------------------------------------------------------------
2025-11-05 01:38:17,573 - INFO - 📊 ESTATÍSTICAS
2025-11-05 01:38:17,573 - INFO -    Total de trades: 14
2025-11-05 01:38:17,573 - INFO -    Trades vencedores: 10
2025-11-05 01:38:17,573 - INFO -    Win Rate: 71.4%
2025-11-05 01:38:17,573 - INFO -    Lucro diário: 2.23 USDT
2025-11-05 01:38:17,573 - INFO -    Lucro total: 2.23 USDT
2025-11-05 01:38:17,573 - INFO -    Posições abertas: 0
2025-11-05 01:38:17,573 - INFO - ------------------------------------------------------------
2025-11-05 01:38:47,845 - INFO - 💹 ETHUSDT: 3333.86000000 USDT
2025-11-05 01:38:47,845 - INFO - 📊 Análise Est.4:
2025-11-05 01:38:47,845 - INFO -    Preço: 3333.86 | MA21: 3322.91 | RSI: 64.86
2025-11-05 01:38:47,845 - INFO -    Preço > MA21? ✅ SIM
2025-11-05 01:38:47,845 - INFO -    RSI < 70.0? ✅ SIM
2025-11-05 01:38:47,845 - INFO -    Sem posições? ✅ SIM
2025-11-05 01:38:47,845 - INFO - 🟢 TODAS AS CONDIÇÕES ATENDIDAS - ABRINDO COMPRA!
2025-11-05 01:38:47,845 - INFO - 📈 Abrindo posição COMPRA
2025-11-05 01:38:47,845 - INFO -    Preço: 3333.86000000
2025-11-05 01:38:47,845 - INFO -    Quantidade: 0.00450000
2025-11-05 01:38:47,845 - INFO -    Valor: 15.0 USDT
2025-11-05 01:38:48,113 - INFO - ✅ Ordem executada: 12255875
2025-11-05 01:39:18,386 - INFO - 💹 ETHUSDT: 3329.63000000 USDT
2025-11-05 01:39:18,386 - INFO - 📊 Análise Est.4:
2025-11-05 01:39:18,386 - INFO -    Preço: 3329.63 | MA21: 3322.89 | RSI: 57.79
2025-11-05 01:39:18,386 - INFO -    Preço > MA21? ✅ SIM
2025-11-05 01:39:18,386 - INFO -    RSI < 70.0? ✅ SIM
2025-11-05 01:39:18,386 - INFO -    Sem posições? ❌ NÃO
2025-11-05 01:39:48,660 - INFO - 💹 ETHUSDT: 3333.15000000 USDT
2025-11-05 01:39:48,660 - INFO - 📊 Análise Est.4:
2025-11-05 01:39:48,660 - INFO -    Preço: 3333.15 | MA21: 3323.06 | RSI: 61.14
2025-11-05 01:39:48,660 - INFO -    Preço > MA21? ✅ SIM
2025-11-05 01:39:48,660 - INFO -    RSI < 70.0? ✅ SIM
2025-11-05 01:39:48,660 - INFO -    Sem posições? ❌ NÃO
2025-11-05 01:40:18,947 - INFO - 💹 ETHUSDT: 3328.27000000 USDT
2025-11-05 01:40:18,947 - INFO - 📊 Análise Est.4:
2025-11-05 01:40:18,947 - INFO -    Preço: 3328.27 | MA21: 3322.85 | RSI: 63.35
2025-11-05 01:40:18,947 - INFO -    Preço > MA21? ✅ SIM
2025-11-05 01:40:18,947 - INFO -    RSI < 70.0? ✅ SIM
2025-11-05 01:40:18,947 - INFO -    Sem posições? ❌ NÃO
2025-11-05 01:40:49,228 - INFO - 💹 ETHUSDT: 3332.71000000 USDT
2025-11-05 01:40:49,228 - INFO - 📊 Análise Est.4:
2025-11-05 01:40:49,228 - INFO -    Preço: 3332.71 | MA21: 3323.06 | RSI: 67.26
2025-11-05 01:40:49,228 - INFO -    Preço > MA21? ✅ SIM
2025-11-05 01:40:49,228 - INFO -    RSI < 70.0? ✅ SIM
2025-11-05 01:40:49,228 - INFO -    Sem posições? ❌ NÃO
2025-11-05 01:41:19,512 - INFO - 💹 ETHUSDT: 3331.22000000 USDT
2025-11-05 01:41:19,512 - INFO - 📊 Análise Est.4:
2025-11-05 01:41:19,512 - INFO -    Preço: 3331.22 | MA21: 3323.26 | RSI: 68.21
2025-11-05 01:41:19,512 - INFO -    Preço > MA21? ✅ SIM
2025-11-05 01:41:19,512 - INFO -    RSI < 70.0? ✅ SIM
2025-11-05 01:41:19,512 - INFO -    Sem posições? ❌ NÃO
2025-11-05 01:41:49,788 - INFO - 💹 ETHUSDT: 3333.21000000 USDT
2025-11-05 01:41:49,788 - INFO - 📊 Análise Est.4:
2025-11-05 01:41:49,788 - INFO -    Preço: 3333.21 | MA21: 3323.35 | RSI: 71.42
2025-11-05 01:41:49,788 - INFO -    Preço > MA21? ✅ SIM
2025-11-05 01:41:49,788 - INFO -    RSI < 70.0? ❌ NÃO
2025-11-05 01:41:49,788 - INFO -    Sem posições? ❌ NÃO
2025-11-05 01:42:20,066 - INFO - 💹 ETHUSDT: 3333.50000000 USDT
2025-11-05 01:42:20,066 - INFO - 📊 Análise Est.4:
2025-11-05 01:42:20,066 - INFO -    Preço: 3333.50 | MA21: 3323.79 | RSI: 74.51
2025-11-05 01:42:20,066 - INFO -    Preço > MA21? ✅ SIM
2025-11-05 01:42:20,066 - INFO -    RSI < 70.0? ❌ NÃO
2025-11-05 01:42:20,066 - INFO -    Sem posições? ❌ NÃO
2025-11-05 01:42:50,347 - INFO - 💹 ETHUSDT: 3333.17000000 USDT
2025-11-05 01:42:50,347 - INFO - 📊 Análise Est.4:
2025-11-05 01:42:50,347 - INFO -    Preço: 3333.17 | MA21: 3323.78 | RSI: 74.21
2025-11-05 01:42:50,347 - INFO -    Preço > MA21? ✅ SIM
2025-11-05 01:42:50,347 - INFO -    RSI < 70.0? ❌ NÃO
2025-11-05 01:42:50,347 - INFO -    Sem posições? ❌ NÃO
2025-11-05 01:43:20,631 - INFO - 💹 ETHUSDT: 3336.80000000 USDT
2025-11-05 01:43:20,631 - INFO - 📊 Análise Est.4:
2025-11-05 01:43:20,631 - INFO -    Preço: 3336.80 | MA21: 3324.58 | RSI: 76.04
2025-11-05 01:43:20,631 - INFO -    Preço > MA21? ✅ SIM
2025-11-05 01:43:20,631 - INFO -    RSI < 70.0? ❌ NÃO
2025-11-05 01:43:20,631 - INFO -    Sem posições? ❌ NÃO
2025-11-05 01:43:50,915 - INFO - 💹 ETHUSDT: 3335.76000000 USDT
2025-11-05 01:43:50,915 - INFO - 📊 Análise Est.4:
2025-11-05 01:43:50,915 - INFO -    Preço: 3335.76 | MA21: 3324.53 | RSI: 74.84
2025-11-05 01:43:50,915 - INFO -    Preço > MA21? ✅ SIM
2025-11-05 01:43:50,915 - INFO -    RSI < 70.0? ❌ NÃO
2025-11-05 01:43:50,915 - INFO -    Sem posições? ❌ NÃO
2025-11-05 01:44:21,187 - INFO - 💹 ETHUSDT: 3337.03000000 USDT
2025-11-05 01:44:21,187 - INFO - 📊 Análise Est.4:
2025-11-05 01:44:21,189 - INFO -    Preço: 3337.03 | MA21: 3325.34 | RSI: 75.16
2025-11-05 01:44:21,189 - INFO -    Preço > MA21? ✅ SIM
2025-11-05 01:44:21,189 - INFO -    RSI < 70.0? ❌ NÃO
2025-11-05 01:44:21,189 - INFO -    Sem posições? ❌ NÃO
2025-11-05 01:44:51,464 - INFO - 💹 ETHUSDT: 3340.05000000 USDT
2025-11-05 01:44:51,464 - INFO - 📊 Análise Est.4:
2025-11-05 01:44:51,464 - INFO -    Preço: 3340.05 | MA21: 3325.48 | RSI: 76.91
2025-11-05 01:44:51,466 - INFO -    Preço > MA21? ✅ SIM
2025-11-05 01:44:51,466 - INFO -    RSI < 70.0? ❌ NÃO
2025-11-05 01:44:51,466 - INFO -    Sem posições? ❌ NÃO
2025-11-05 01:45:21,734 - INFO - 💹 ETHUSDT: 3338.74000000 USDT
2025-11-05 01:45:21,734 - INFO - 📊 Análise Est.4:
2025-11-05 01:45:21,734 - INFO -    Preço: 3338.74 | MA21: 3326.32 | RSI: 73.20
2025-11-05 01:45:21,734 - INFO -    Preço > MA21? ✅ SIM
2025-11-05 01:45:21,734 - INFO -    RSI < 70.0? ❌ NÃO
2025-11-05 01:45:21,734 - INFO -    Sem posições? ❌ NÃO
2025-11-05 01:45:52,018 - INFO - 💹 ETHUSDT: 3341.60000000 USDT
2025-11-05 01:45:52,018 - INFO - 📊 Análise Est.4:
2025-11-05 01:45:52,018 - INFO -    Preço: 3341.60 | MA21: 3326.46 | RSI: 75.13
2025-11-05 01:45:52,018 - INFO -    Preço > MA21? ✅ SIM
2025-11-05 01:45:52,018 - INFO -    RSI < 70.0? ❌ NÃO
2025-11-05 01:45:52,018 - INFO -    Sem posições? ❌ NÃO
2025-11-05 01:46:22,295 - INFO - 💹 ETHUSDT: 3339.35000000 USDT
2025-11-05 01:46:22,295 - INFO - 📊 Análise Est.4:
2025-11-05 01:46:22,295 - INFO -    Preço: 3339.35 | MA21: 3327.17 | RSI: 67.58
2025-11-05 01:46:22,295 - INFO -    Preço > MA21? ✅ SIM
2025-11-05 01:46:22,295 - INFO -    RSI < 70.0? ✅ SIM
2025-11-05 01:46:22,295 - INFO -    Sem posições? ❌ NÃO
2025-11-05 01:46:52,570 - INFO - 💹 ETHUSDT: 3339.36000000 USDT
2025-11-05 01:46:52,570 - INFO - 📊 Análise Est.4:
2025-11-05 01:46:52,570 - INFO -    Preço: 3339.36 | MA21: 3327.17 | RSI: 67.60
2025-11-05 01:46:52,570 - INFO -    Preço > MA21? ✅ SIM
2025-11-05 01:46:52,570 - INFO -    RSI < 70.0? ✅ SIM
2025-11-05 01:46:52,570 - INFO -    Sem posições? ❌ NÃO
2025-11-05 01:47:22,844 - INFO - 💹 ETHUSDT: 3337.19000000 USDT
2025-11-05 01:47:22,844 - INFO - 📊 Análise Est.4:
2025-11-05 01:47:22,844 - INFO -    Preço: 3337.19 | MA21: 3328.02 | RSI: 70.89
2025-11-05 01:47:22,844 - INFO -    Preço > MA21? ✅ SIM
2025-11-05 01:47:22,844 - INFO -    RSI < 70.0? ❌ NÃO
2025-11-05 01:47:22,844 - INFO -    Sem posições? ❌ NÃO
2025-11-05 01:47:53,115 - INFO - 💹 ETHUSDT: 3337.29000000 USDT
2025-11-05 01:47:53,115 - INFO - 📊 Análise Est.4:
2025-11-05 01:47:53,115 - INFO -    Preço: 3337.29 | MA21: 3328.03 | RSI: 71.11
2025-11-05 01:47:53,115 - INFO -    Preço > MA21? ✅ SIM
2025-11-05 01:47:53,115 - INFO -    RSI < 70.0? ❌ NÃO
2025-11-05 01:47:53,115 - INFO -    Sem posições? ❌ NÃO
2025-11-05 01:48:23,399 - INFO - 💹 ETHUSDT: 3335.00000000 USDT
2025-11-05 01:48:23,399 - INFO - 📊 Análise Est.4:
2025-11-05 01:48:23,399 - INFO -    Preço: 3335.00 | MA21: 3328.85 | RSI: 75.57
2025-11-05 01:48:23,399 - INFO -    Preço > MA21? ✅ SIM
2025-11-05 01:48:23,399 - INFO -    RSI < 70.0? ❌ NÃO
2025-11-05 01:48:23,399 - INFO -    Sem posições? ❌ NÃO
2025-11-05 01:48:53,679 - INFO - 💹 ETHUSDT: 3335.93000000 USDT
2025-11-05 01:48:53,679 - INFO - 📊 Análise Est.4:
2025-11-05 01:48:53,679 - INFO -    Preço: 3335.93 | MA21: 3328.90 | RSI: 77.62
2025-11-05 01:48:53,679 - INFO -    Preço > MA21? ✅ SIM
2025-11-05 01:48:53,679 - INFO -    RSI < 70.0? ❌ NÃO
2025-11-05 01:48:53,679 - INFO -    Sem posições? ❌ NÃO
2025-11-05 01:49:23,952 - INFO - 💹 ETHUSDT: 3337.54000000 USDT
2025-11-05 01:49:23,952 - INFO - 📊 Análise Est.4:
2025-11-05 01:49:23,952 - INFO -    Preço: 3337.54 | MA21: 3330.00 | RSI: 74.10
2025-11-05 01:49:23,952 - INFO -    Preço > MA21? ✅ SIM
2025-11-05 01:49:23,952 - INFO -    RSI < 70.0? ❌ NÃO
2025-11-05 01:49:23,952 - INFO -    Sem posições? ❌ NÃO
2025-11-05 01:49:54,226 - INFO - 💹 ETHUSDT: 3338.07000000 USDT
2025-11-05 01:49:54,226 - INFO - 📊 Análise Est.4:
2025-11-05 01:49:54,226 - INFO -    Preço: 3338.07 | MA21: 3330.03 | RSI: 74.63
2025-11-05 01:49:54,226 - INFO -    Preço > MA21? ✅ SIM
2025-11-05 01:49:54,226 - INFO -    RSI < 70.0? ❌ NÃO
2025-11-05 01:49:54,226 - INFO -    Sem posições? ❌ NÃO
2025-11-05 01:50:24,506 - INFO - 💹 ETHUSDT: 3338.41000000 USDT
2025-11-05 01:50:24,506 - INFO - 📊 Análise Est.4:
2025-11-05 01:50:24,506 - INFO -    Preço: 3338.41 | MA21: 3331.14 | RSI: 74.00
2025-11-05 01:50:24,506 - INFO -    Preço > MA21? ✅ SIM
2025-11-05 01:50:24,506 - INFO -    RSI < 70.0? ❌ NÃO
2025-11-05 01:50:24,506 - INFO -    Sem posições? ❌ NÃO
2025-11-05 01:50:54,811 - INFO - 💹 ETHUSDT: 3339.78000000 USDT
2025-11-05 01:50:54,811 - INFO - 📊 Análise Est.4:
2025-11-05 01:50:54,811 - INFO -    Preço: 3339.78 | MA21: 3331.21 | RSI: 75.32
2025-11-05 01:50:54,811 - INFO -    Preço > MA21? ✅ SIM
2025-11-05 01:50:54,811 - INFO -    RSI < 70.0? ❌ NÃO
2025-11-05 01:50:54,811 - INFO -    Sem posições? ❌ NÃO
2025-11-05 01:51:25,092 - INFO - 💹 ETHUSDT: 3343.93000000 USDT
2025-11-05 01:51:25,092 - INFO - 📊 Análise Est.4:
2025-11-05 01:51:25,092 - INFO -    Preço: 3343.93 | MA21: 3332.64 | RSI: 75.38
2025-11-05 01:51:25,094 - INFO -    Preço > MA21? ✅ SIM
2025-11-05 01:51:25,094 - INFO -    RSI < 70.0? ❌ NÃO
2025-11-05 01:51:25,094 - INFO -    Sem posições? ❌ NÃO
2025-11-05 01:51:55,372 - INFO - 💹 ETHUSDT: 3341.47000000 USDT
2025-11-05 01:51:55,372 - INFO - 📊 Análise Est.4:
2025-11-05 01:51:55,372 - INFO -    Preço: 3341.47 | MA21: 3332.52 | RSI: 70.37
2025-11-05 01:51:55,372 - INFO -    Preço > MA21? ✅ SIM
2025-11-05 01:51:55,372 - INFO -    RSI < 70.0? ❌ NÃO
2025-11-05 01:51:55,372 - INFO -    Sem posições? ❌ NÃO
2025-11-05 01:52:25,650 - INFO - 💹 ETHUSDT: 3340.08000000 USDT
2025-11-05 01:52:25,650 - INFO - 📊 Análise Est.4:
2025-11-05 01:52:25,650 - INFO -    Preço: 3340.08 | MA21: 3333.34 | RSI: 68.34
2025-11-05 01:52:25,650 - INFO -    Preço > MA21? ✅ SIM
2025-11-05 01:52:25,652 - INFO -    RSI < 70.0? ✅ SIM
2025-11-05 01:52:25,652 - INFO -    Sem posições? ❌ NÃO
2025-11-05 01:52:55,944 - INFO - 💹 ETHUSDT: 3340.16000000 USDT
2025-11-05 01:52:55,944 - INFO - 📊 Análise Est.4:
2025-11-05 01:52:55,944 - INFO -    Preço: 3340.16 | MA21: 3333.34 | RSI: 68.43
2025-11-05 01:52:55,944 - INFO -    Preço > MA21? ✅ SIM
2025-11-05 01:52:55,944 - INFO -    RSI < 70.0? ✅ SIM
2025-11-05 01:52:55,944 - INFO -    Sem posições? ❌ NÃO
2025-11-05 01:53:26,220 - INFO - 💹 ETHUSDT: 3339.01000000 USDT
2025-11-05 01:53:26,220 - INFO - 📊 Análise Est.4:
2025-11-05 01:53:26,220 - INFO -    Preço: 3339.01 | MA21: 3333.84 | RSI: 69.07
2025-11-05 01:53:26,220 - INFO -    Preço > MA21? ✅ SIM
2025-11-05 01:53:26,220 - INFO -    RSI < 70.0? ✅ SIM
2025-11-05 01:53:26,220 - INFO -    Sem posições? ❌ NÃO
2025-11-05 01:53:56,513 - INFO - 💹 ETHUSDT: 3328.75000000 USDT
2025-11-05 01:53:56,513 - INFO - 📊 Análise Est.4:
2025-11-05 01:53:56,513 - INFO -    Preço: 3328.75 | MA21: 3333.35 | RSI: 50.61
2025-11-05 01:53:56,513 - INFO -    Preço > MA21? ❌ NÃO
2025-11-05 01:53:56,513 - INFO -    RSI < 70.0? ✅ SIM
2025-11-05 01:53:56,513 - INFO -    Sem posições? ❌ NÃO
2025-11-05 01:54:26,793 - INFO - 💹 ETHUSDT: 3325.89000000 USDT
2025-11-05 01:54:26,793 - INFO - 📊 Análise Est.4:
2025-11-05 01:54:26,793 - INFO -    Preço: 3325.89 | MA21: 3333.48 | RSI: 40.25
2025-11-05 01:54:26,793 - INFO -    Preço > MA21? ❌ NÃO
2025-11-05 01:54:26,793 - INFO -    RSI < 70.0? ✅ SIM
2025-11-05 01:54:26,793 - INFO -    Sem posições? ❌ NÃO
2025-11-05 01:54:57,062 - INFO - 💹 ETHUSDT: 3326.67000000 USDT
2025-11-05 01:54:57,062 - INFO - 📊 Análise Est.4:
2025-11-05 01:54:57,062 - INFO -    Preço: 3326.67 | MA21: 3333.52 | RSI: 41.13
2025-11-05 01:54:57,062 - INFO -    Preço > MA21? ❌ NÃO
2025-11-05 01:54:57,062 - INFO -    RSI < 70.0? ✅ SIM
2025-11-05 01:54:57,062 - INFO -    Sem posições? ❌ NÃO
2025-11-05 01:55:27,340 - INFO - 💹 ETHUSDT: 3326.68000000 USDT
2025-11-05 01:55:27,340 - INFO - 📊 Análise Est.4:
2025-11-05 01:55:27,340 - INFO -    Preço: 3326.68 | MA21: 3333.81 | RSI: 41.32
2025-11-05 01:55:27,340 - INFO -    Preço > MA21? ❌ NÃO
2025-11-05 01:55:27,340 - INFO -    RSI < 70.0? ✅ SIM
2025-11-05 01:55:27,340 - INFO -    Sem posições? ❌ NÃO
2025-11-05 01:55:57,624 - INFO - 💹 ETHUSDT: 3325.87000000 USDT
2025-11-05 01:55:57,624 - INFO - 📊 Análise Est.4:
2025-11-05 01:55:57,624 - INFO -    Preço: 3325.87 | MA21: 3333.77 | RSI: 40.03
2025-11-05 01:55:57,624 - INFO -    Preço > MA21? ❌ NÃO
2025-11-05 01:55:57,624 - INFO -    RSI < 70.0? ✅ SIM
2025-11-05 01:55:57,624 - INFO -    Sem posições? ❌ NÃO
2025-11-05 01:56:27,908 - INFO - 💹 ETHUSDT: 3324.96000000 USDT
2025-11-05 01:56:27,910 - INFO - 📊 Análise Est.4:
2025-11-05 01:56:27,910 - INFO -    Preço: 3324.96 | MA21: 3333.73 | RSI: 33.54
2025-11-05 01:56:27,910 - INFO -    Preço > MA21? ❌ NÃO
2025-11-05 01:56:27,910 - INFO -    RSI < 70.0? ✅ SIM
2025-11-05 01:56:27,910 - INFO -    Sem posições? ❌ NÃO
2025-11-05 01:56:58,185 - INFO - 💹 ETHUSDT: 3323.97000000 USDT
2025-11-05 01:56:58,185 - INFO - 📊 Análise Est.4:
2025-11-05 01:56:58,185 - INFO -    Preço: 3323.97 | MA21: 3333.69 | RSI: 32.60
2025-11-05 01:56:58,185 - INFO -    Preço > MA21? ❌ NÃO
2025-11-05 01:56:58,185 - INFO -    RSI < 70.0? ✅ SIM
2025-11-05 01:56:58,185 - INFO -    Sem posições? ❌ NÃO
2025-11-05 01:57:28,458 - INFO - 💹 ETHUSDT: 3324.00000000 USDT
2025-11-05 01:57:28,458 - INFO - 📊 Análise Est.4:
2025-11-05 01:57:28,458 - INFO -    Preço: 3324.00 | MA21: 3333.65 | RSI: 32.00
2025-11-05 01:57:28,458 - INFO -    Preço > MA21? ❌ NÃO
2025-11-05 01:57:28,458 - INFO -    RSI < 70.0? ✅ SIM
2025-11-05 01:57:28,458 - INFO -    Sem posições? ❌ NÃO
2025-11-05 01:57:58,726 - INFO - 💹 ETHUSDT: 3325.70000000 USDT
2025-11-05 01:57:58,726 - INFO - 📊 Análise Est.4:
2025-11-05 01:57:58,726 - INFO -    Preço: 3325.70 | MA21: 3333.73 | RSI: 34.07
2025-11-05 01:57:58,726 - INFO -    Preço > MA21? ❌ NÃO
2025-11-05 01:57:58,726 - INFO -    RSI < 70.0? ✅ SIM
2025-11-05 01:57:58,726 - INFO -    Sem posições? ❌ NÃO
2025-11-05 01:58:29,002 - INFO - 💹 ETHUSDT: 3326.93000000 USDT
2025-11-05 01:58:29,002 - INFO - 📊 Análise Est.4:
2025-11-05 01:58:29,002 - INFO -    Preço: 3326.93 | MA21: 3333.57 | RSI: 32.15
2025-11-05 01:58:29,002 - INFO -    Preço > MA21? ❌ NÃO
2025-11-05 01:58:29,002 - INFO -    RSI < 70.0? ✅ SIM
2025-11-05 01:58:29,002 - INFO -    Sem posições? ❌ NÃO
2025-11-05 01:58:59,280 - INFO - 💹 ETHUSDT: 3327.47000000 USDT
2025-11-05 01:58:59,280 - INFO - 📊 Análise Est.4:
2025-11-05 01:58:59,280 - INFO -    Preço: 3327.47 | MA21: 3333.60 | RSI: 33.24
2025-11-05 01:58:59,280 - INFO -    Preço > MA21? ❌ NÃO
2025-11-05 01:58:59,280 - INFO -    RSI < 70.0? ✅ SIM
2025-11-05 01:58:59,282 - INFO -    Sem posições? ❌ NÃO
2025-11-05 01:59:29,553 - INFO - 💹 ETHUSDT: 3327.57000000 USDT
2025-11-05 01:59:29,553 - INFO - 📊 Análise Est.4:
2025-11-05 01:59:29,553 - INFO -    Preço: 3327.57 | MA21: 3333.55 | RSI: 31.09
2025-11-05 01:59:29,553 - INFO -    Preço > MA21? ❌ NÃO
2025-11-05 01:59:29,553 - INFO -    RSI < 70.0? ✅ SIM
2025-11-05 01:59:29,553 - INFO -    Sem posições? ❌ NÃO
2025-11-05 01:59:59,827 - INFO - 💹 ETHUSDT: 3328.67000000 USDT
2025-11-05 01:59:59,827 - INFO - 📊 Análise Est.4:
2025-11-05 01:59:59,827 - INFO -    Preço: 3328.67 | MA21: 3333.60 | RSI: 32.20
2025-11-05 01:59:59,828 - INFO -    Preço > MA21? ❌ NÃO
2025-11-05 01:59:59,828 - INFO -    RSI < 70.0? ✅ SIM
2025-11-05 01:59:59,828 - INFO -    Sem posições? ❌ NÃO
2025-11-05 02:00:30,113 - INFO - 💹 ETHUSDT: 3329.00000000 USDT
2025-11-05 02:00:30,115 - INFO - 📊 Análise Est.4:
2025-11-05 02:00:30,115 - INFO -    Preço: 3329.00 | MA21: 3333.64 | RSI: 35.12
2025-11-05 02:00:30,116 - INFO -    Preço > MA21? ❌ NÃO
2025-11-05 02:00:30,116 - INFO -    RSI < 70.0? ✅ SIM
2025-11-05 02:00:30,116 - INFO -    Sem posições? ❌ NÃO
2025-11-05 02:01:00,428 - INFO - 💹 ETHUSDT: 3327.58000000 USDT
2025-11-05 02:01:00,428 - INFO - 📊 Análise Est.4:
2025-11-05 02:01:00,428 - INFO -    Preço: 3327.58 | MA21: 3333.57 | RSI: 33.26
2025-11-05 02:01:00,428 - INFO -    Preço > MA21? ❌ NÃO
2025-11-05 02:01:00,428 - INFO -    RSI < 70.0? ✅ SIM
2025-11-05 02:01:00,428 - INFO -    Sem posições? ❌ NÃO
2025-11-05 02:01:30,704 - INFO - 💹 ETHUSDT: 3329.37000000 USDT
2025-11-05 02:01:30,704 - INFO - 📊 Análise Est.4:
2025-11-05 02:01:30,704 - INFO -    Preço: 3329.37 | MA21: 3333.42 | RSI: 39.40
2025-11-05 02:01:30,706 - INFO -    Preço > MA21? ❌ NÃO
2025-11-05 02:01:30,706 - INFO -    RSI < 70.0? ✅ SIM
2025-11-05 02:01:30,706 - INFO -    Sem posições? ❌ NÃO
2025-11-05 02:02:00,990 - INFO - 💹 ETHUSDT: 3330.35000000 USDT
2025-11-05 02:02:00,990 - INFO - 📊 Análise Est.4:
2025-11-05 02:02:00,990 - INFO -    Preço: 3330.35 | MA21: 3333.47 | RSI: 41.31
2025-11-05 02:02:00,991 - INFO -    Preço > MA21? ❌ NÃO
2025-11-05 02:02:00,991 - INFO -    RSI < 70.0? ✅ SIM
2025-11-05 02:02:00,991 - INFO -    Sem posições? ❌ NÃO
2025-11-05 02:02:31,767 - INFO - 💹 ETHUSDT: 3330.45000000 USDT
2025-11-05 02:02:31,767 - INFO - 📊 Análise Est.4:
2025-11-05 02:02:31,767 - INFO -    Preço: 3330.45 | MA21: 3333.23 | RSI: 40.87
2025-11-05 02:02:31,767 - INFO -    Preço > MA21? ❌ NÃO
2025-11-05 02:02:31,767 - INFO -    RSI < 70.0? ✅ SIM
2025-11-05 02:02:31,767 - INFO -    Sem posições? ❌ NÃO
2025-11-05 02:03:02,043 - INFO - 💹 ETHUSDT: 3330.51000000 USDT
2025-11-05 02:03:02,043 - INFO - 📊 Análise Est.4:
2025-11-05 02:03:02,043 - INFO -    Preço: 3330.51 | MA21: 3333.23 | RSI: 40.98
2025-11-05 02:03:02,043 - INFO -    Preço > MA21? ❌ NÃO
2025-11-05 02:03:02,045 - INFO -    RSI < 70.0? ✅ SIM
2025-11-05 02:03:02,045 - INFO -    Sem posições? ❌ NÃO
2025-11-05 02:03:32,320 - INFO - 💹 ETHUSDT: 3331.27000000 USDT
2025-11-05 02:03:32,320 - INFO - 📊 Análise Est.4:
2025-11-05 02:03:32,320 - INFO -    Preço: 3331.27 | MA21: 3333.03 | RSI: 37.90
2025-11-05 02:03:32,320 - INFO -    Preço > MA21? ❌ NÃO
2025-11-05 02:03:32,320 - INFO -    RSI < 70.0? ✅ SIM
2025-11-05 02:03:32,320 - INFO -    Sem posições? ❌ NÃO
2025-11-05 02:04:02,610 - INFO - 💹 ETHUSDT: 3332.26000000 USDT
2025-11-05 02:04:02,610 - INFO - 📊 Análise Est.4:
2025-11-05 02:04:02,610 - INFO -    Preço: 3332.26 | MA21: 3333.08 | RSI: 39.91
2025-11-05 02:04:02,612 - INFO -    Preço > MA21? ❌ NÃO
2025-11-05 02:04:02,612 - INFO -    RSI < 70.0? ✅ SIM
2025-11-05 02:04:02,612 - INFO -    Sem posições? ❌ NÃO
2025-11-05 02:04:32,878 - INFO - 💹 ETHUSDT: 3331.18000000 USDT
2025-11-05 02:04:32,878 - INFO - 📊 Análise Est.4:
2025-11-05 02:04:32,878 - INFO -    Preço: 3331.18 | MA21: 3332.83 | RSI: 28.09
2025-11-05 02:04:32,878 - INFO -    Preço > MA21? ❌ NÃO
2025-11-05 02:04:32,878 - INFO -    RSI < 70.0? ✅ SIM
2025-11-05 02:04:32,878 - INFO -    Sem posições? ❌ NÃO
2025-11-05 02:05:03,162 - INFO - 💹 ETHUSDT: 3329.28000000 USDT
2025-11-05 02:05:03,164 - INFO - 📊 Análise Est.4:
2025-11-05 02:05:03,164 - INFO -    Preço: 3329.28 | MA21: 3332.74 | RSI: 26.25
2025-11-05 02:05:03,164 - INFO -    Preço > MA21? ❌ NÃO
2025-11-05 02:05:03,164 - INFO -    RSI < 70.0? ✅ SIM
2025-11-05 02:05:03,164 - INFO -    Sem posições? ❌ NÃO
2025-11-05 02:05:33,443 - INFO - 💹 ETHUSDT: 3332.70000000 USDT
2025-11-05 02:05:33,443 - INFO - 📊 Análise Est.4:
2025-11-05 02:05:33,443 - INFO -    Preço: 3332.70 | MA21: 3332.68 | RSI: 36.01
2025-11-05 02:05:33,443 - INFO -    Preço > MA21? ✅ SIM
2025-11-05 02:05:33,443 - INFO -    RSI < 70.0? ✅ SIM
2025-11-05 02:05:33,443 - INFO -    Sem posições? ❌ NÃO
2025-11-05 02:06:03,725 - INFO - 💹 ETHUSDT: 3334.88000000 USDT
2025-11-05 02:06:03,725 - INFO - 📊 Análise Est.4:
2025-11-05 02:06:03,725 - INFO -    Preço: 3334.88 | MA21: 3332.78 | RSI: 39.84
2025-11-05 02:06:03,727 - INFO -    Preço > MA21? ✅ SIM
2025-11-05 02:06:03,727 - INFO -    RSI < 70.0? ✅ SIM
2025-11-05 02:06:03,727 - INFO -    Sem posições? ❌ NÃO
2025-11-05 02:06:34,006 - INFO - 💹 ETHUSDT: 3334.09000000 USDT
2025-11-05 02:06:34,006 - INFO - 📊 Análise Est.4:
2025-11-05 02:06:34,008 - INFO -    Preço: 3334.09 | MA21: 3332.48 | RSI: 40.28
2025-11-05 02:06:34,008 - INFO -    Preço > MA21? ✅ SIM
2025-11-05 02:06:34,008 - INFO -    RSI < 70.0? ✅ SIM
2025-11-05 02:06:34,008 - INFO -    Sem posições? ❌ NÃO
2025-11-05 02:07:04,289 - INFO - 💹 ETHUSDT: 3332.87000000 USDT
2025-11-05 02:07:04,289 - INFO - 📊 Análise Est.4:
2025-11-05 02:07:04,289 - INFO -    Preço: 3332.87 | MA21: 3332.42 | RSI: 38.43
2025-11-05 02:07:04,291 - INFO -    Preço > MA21? ✅ SIM
2025-11-05 02:07:04,291 - INFO -    RSI < 70.0? ✅ SIM
2025-11-05 02:07:04,291 - INFO -    Sem posições? ❌ NÃO
2025-11-05 02:07:34,565 - INFO - 💹 ETHUSDT: 3338.11000000 USDT
2025-11-05 02:07:34,565 - INFO - 📊 Análise Est.4:
2025-11-05 02:07:34,565 - INFO -    Preço: 3338.11 | MA21: 3332.51 | RSI: 73.76
2025-11-05 02:07:34,567 - INFO -    Preço > MA21? ✅ SIM
2025-11-05 02:07:34,567 - INFO -    RSI < 70.0? ❌ NÃO
2025-11-05 02:07:34,567 - INFO -    Sem posições? ❌ NÃO
2025-11-05 02:08:04,835 - INFO - 💹 ETHUSDT: 3339.55000000 USDT
2025-11-05 02:08:04,835 - INFO - 📊 Análise Est.4:
2025-11-05 02:08:04,835 - INFO -    Preço: 3339.55 | MA21: 3332.57 | RSI: 75.67
2025-11-05 02:08:04,835 - INFO -    Preço > MA21? ✅ SIM
2025-11-05 02:08:04,835 - INFO -    RSI < 70.0? ❌ NÃO
2025-11-05 02:08:04,835 - INFO -    Sem posições? ❌ NÃO
2025-11-05 02:08:35,117 - INFO - 💹 ETHUSDT: 3339.87000000 USDT
2025-11-05 02:08:35,117 - INFO - 📊 Análise Est.4:
2025-11-05 02:08:35,117 - INFO -    Preço: 3339.87 | MA21: 3332.77 | RSI: 93.92
2025-11-05 02:08:35,117 - INFO -    Preço > MA21? ✅ SIM
2025-11-05 02:08:35,117 - INFO -    RSI < 70.0? ❌ NÃO
2025-11-05 02:08:35,117 - INFO -    Sem posições? ❌ NÃO
2025-11-05 02:09:05,389 - INFO - 💹 ETHUSDT: 3341.05000000 USDT
2025-11-05 02:09:05,389 - INFO - 📊 Análise Est.4:
2025-11-05 02:09:05,389 - INFO -    Preço: 3341.05 | MA21: 3332.83 | RSI: 94.33
2025-11-05 02:09:05,389 - INFO -    Preço > MA21? ✅ SIM
2025-11-05 02:09:05,389 - INFO -    RSI < 70.0? ❌ NÃO
2025-11-05 02:09:05,389 - INFO -    Sem posições? ❌ NÃO
2025-11-05 02:09:35,664 - INFO - 💹 ETHUSDT: 3341.40000000 USDT
2025-11-05 02:09:35,664 - INFO - 📊 Análise Est.4:
2025-11-05 02:09:35,664 - INFO -    Preço: 3341.40 | MA21: 3333.10 | RSI: 95.74
2025-11-05 02:09:35,664 - INFO -    Preço > MA21? ✅ SIM
2025-11-05 02:09:35,664 - INFO -    RSI < 70.0? ❌ NÃO
2025-11-05 02:09:35,664 - INFO -    Sem posições? ❌ NÃO
2025-11-05 02:10:05,952 - INFO - 💹 ETHUSDT: 3342.67000000 USDT
2025-11-05 02:10:05,952 - INFO - 📊 Análise Est.4:
2025-11-05 02:10:05,952 - INFO -    Preço: 3342.67 | MA21: 3333.16 | RSI: 96.32
2025-11-05 02:10:05,952 - INFO -    Preço > MA21? ✅ SIM
2025-11-05 02:10:05,952 - INFO -    RSI < 70.0? ❌ NÃO
2025-11-05 02:10:05,952 - INFO -    Sem posições? ❌ NÃO
2025-11-05 02:10:36,237 - INFO - 💹 ETHUSDT: 3344.37000000 USDT
2025-11-05 02:10:36,238 - INFO - 📊 Análise Est.4:
2025-11-05 02:10:36,238 - INFO -    Preço: 3344.37 | MA21: 3333.44 | RSI: 96.72
2025-11-05 02:10:36,238 - INFO -    Preço > MA21? ✅ SIM
2025-11-05 02:10:36,238 - INFO -    RSI < 70.0? ❌ NÃO
2025-11-05 02:10:36,238 - INFO -    Sem posições? ❌ NÃO
2025-11-05 02:11:07,006 - INFO - 💹 ETHUSDT: 3342.73000000 USDT
2025-11-05 02:11:07,006 - INFO - 📊 Análise Est.4:
2025-11-05 02:11:07,006 - INFO -    Preço: 3342.73 | MA21: 3333.36 | RSI: 96.44
2025-11-05 02:11:07,006 - INFO -    Preço > MA21? ✅ SIM
2025-11-05 02:11:07,006 - INFO -    RSI < 70.0? ❌ NÃO
2025-11-05 02:11:07,006 - INFO -    Sem posições? ❌ NÃO
2025-11-05 02:11:37,286 - INFO - 💹 ETHUSDT: 3344.52000000 USDT
2025-11-05 02:11:37,286 - INFO - 📊 Análise Est.4:
2025-11-05 02:11:37,286 - INFO -    Preço: 3344.52 | MA21: 3333.44 | RSI: 96.68
2025-11-05 02:11:37,286 - INFO -    Preço > MA21? ✅ SIM
2025-11-05 02:11:37,286 - INFO -    RSI < 70.0? ❌ NÃO
2025-11-05 02:11:37,286 - INFO -    Sem posições? ❌ NÃO
2025-11-05 02:12:07,575 - INFO - 💹 ETHUSDT: 3347.07000000 USDT
2025-11-05 02:12:07,575 - INFO - 📊 Análise Est.4:
2025-11-05 02:12:07,575 - INFO -    Preço: 3347.07 | MA21: 3333.56 | RSI: 97.05
2025-11-05 02:12:07,575 - INFO -    Preço > MA21? ✅ SIM
2025-11-05 02:12:07,575 - INFO -    RSI < 70.0? ❌ NÃO
2025-11-05 02:12:07,575 - INFO -    Sem posições? ❌ NÃO
2025-11-05 02:12:37,872 - INFO - 💹 ETHUSDT: 3347.66000000 USDT
2025-11-05 02:12:37,874 - INFO - 📊 Análise Est.4:
2025-11-05 02:12:37,874 - INFO -    Preço: 3347.66 | MA21: 3333.92 | RSI: 96.71
2025-11-05 02:12:37,874 - INFO -    Preço > MA21? ✅ SIM
2025-11-05 02:12:37,874 - INFO -    RSI < 70.0? ❌ NÃO
2025-11-05 02:12:37,874 - INFO -    Sem posições? ❌ NÃO
2025-11-05 02:13:08,156 - INFO - 💹 ETHUSDT: 3347.49000000 USDT
2025-11-05 02:13:08,156 - INFO - 📊 Análise Est.4:
2025-11-05 02:13:08,156 - INFO -    Preço: 3347.49 | MA21: 3333.91 | RSI: 96.69
2025-11-05 02:13:08,156 - INFO -    Preço > MA21? ✅ SIM
2025-11-05 02:13:08,156 - INFO -    RSI < 70.0? ❌ NÃO
2025-11-05 02:13:08,156 - INFO -    Sem posições? ❌ NÃO
2025-11-05 02:13:38,430 - INFO - 💹 ETHUSDT: 3348.02000000 USDT
2025-11-05 02:13:38,430 - INFO - 📊 Análise Est.4:
2025-11-05 02:13:38,430 - INFO -    Preço: 3348.02 | MA21: 3334.34 | RSI: 96.76
2025-11-05 02:13:38,430 - INFO -    Preço > MA21? ✅ SIM
2025-11-05 02:13:38,430 - INFO -    RSI < 70.0? ❌ NÃO
2025-11-05 02:13:38,430 - INFO -    Sem posições? ❌ NÃO
2025-11-05 02:14:08,714 - INFO - 💹 ETHUSDT: 3348.97000000 USDT
2025-11-05 02:14:08,714 - INFO - 📊 Análise Est.4:
2025-11-05 02:14:08,716 - INFO -    Preço: 3348.97 | MA21: 3334.39 | RSI: 96.90
2025-11-05 02:14:08,716 - INFO -    Preço > MA21? ✅ SIM
2025-11-05 02:14:08,716 - INFO -    RSI < 70.0? ❌ NÃO
2025-11-05 02:14:08,716 - INFO -    Sem posições? ❌ NÃO
2025-11-05 02:14:39,491 - INFO - 💹 ETHUSDT: 3349.61000000 USDT
2025-11-05 02:14:39,491 - INFO - 📊 Análise Est.4:
2025-11-05 02:14:39,491 - INFO -    Preço: 3349.61 | MA21: 3335.35 | RSI: 99.22
2025-11-05 02:14:39,491 - INFO -    Preço > MA21? ✅ SIM
2025-11-05 02:14:39,492 - INFO -    RSI < 70.0? ❌ NÃO
2025-11-05 02:14:39,492 - INFO -    Sem posições? ❌ NÃO
2025-11-05 02:15:10,293 - INFO - 💹 ETHUSDT: 3347.76000000 USDT
2025-11-05 02:15:10,293 - INFO - 📊 Análise Est.4:
2025-11-05 02:15:10,295 - INFO -    Preço: 3347.76 | MA21: 3335.26 | RSI: 93.83
2025-11-05 02:15:10,295 - INFO -    Preço > MA21? ✅ SIM
2025-11-05 02:15:10,295 - INFO -    RSI < 70.0? ❌ NÃO
2025-11-05 02:15:10,295 - INFO -    Sem posições? ❌ NÃO
2025-11-05 02:15:40,560 - INFO - 💹 ETHUSDT: 3347.24000000 USDT
2025-11-05 02:15:40,560 - INFO - 📊 Análise Est.4:
2025-11-05 02:15:40,560 - INFO -    Preço: 3347.24 | MA21: 3336.29 | RSI: 92.01
2025-11-05 02:15:40,560 - INFO -    Preço > MA21? ✅ SIM
2025-11-05 02:15:40,560 - INFO -    RSI < 70.0? ❌ NÃO
2025-11-05 02:15:40,560 - INFO -    Sem posições? ❌ NÃO
2025-11-05 02:16:10,869 - INFO - 💹 ETHUSDT: 3349.19000000 USDT
2025-11-05 02:16:10,869 - INFO - 📊 Análise Est.4:
2025-11-05 02:16:10,869 - INFO -    Preço: 3349.19 | MA21: 3336.39 | RSI: 94.51
2025-11-05 02:16:10,869 - INFO -    Preço > MA21? ✅ SIM
2025-11-05 02:16:10,869 - INFO -    RSI < 70.0? ❌ NÃO
2025-11-05 02:16:10,869 - INFO -    Sem posições? ❌ NÃO
2025-11-05 02:16:41,144 - INFO - 💹 ETHUSDT: 3347.47000000 USDT
2025-11-05 02:16:41,144 - INFO - 📊 Análise Est.4:
2025-11-05 02:16:41,144 - INFO -    Preço: 3347.47 | MA21: 3337.44 | RSI: 86.42
2025-11-05 02:16:41,146 - INFO -    Preço > MA21? ✅ SIM
2025-11-05 02:16:41,146 - INFO -    RSI < 70.0? ❌ NÃO
2025-11-05 02:16:41,146 - INFO -    Sem posições? ❌ NÃO
2025-11-05 02:17:11,429 - INFO - 💹 ETHUSDT: 3342.88000000 USDT
2025-11-05 02:17:11,429 - INFO - 📊 Análise Est.4:
2025-11-05 02:17:11,429 - INFO -    Preço: 3342.88 | MA21: 3338.06 | RSI: 70.55
2025-11-05 02:17:11,429 - INFO -    Preço > MA21? ✅ SIM
2025-11-05 02:17:11,429 - INFO -    RSI < 70.0? ❌ NÃO
2025-11-05 02:17:11,429 - INFO -    Sem posições? ❌ NÃO
2025-11-05 02:17:41,713 - INFO - 💹 ETHUSDT: 3341.07000000 USDT
2025-11-05 02:17:41,713 - INFO - 📊 Análise Est.4:
2025-11-05 02:17:41,713 - INFO -    Preço: 3341.07 | MA21: 3337.98 | RSI: 65.93
2025-11-05 02:17:41,713 - INFO -    Preço > MA21? ✅ SIM
2025-11-05 02:17:41,713 - INFO -    RSI < 70.0? ✅ SIM
2025-11-05 02:17:41,713 - INFO -    Sem posições? ❌ NÃO
2025-11-05 02:18:11,989 - INFO - 💹 ETHUSDT: 3341.07000000 USDT
2025-11-05 02:18:11,989 - INFO - 📊 Análise Est.4:
2025-11-05 02:18:11,989 - INFO -    Preço: 3341.07 | MA21: 3337.98 | RSI: 65.93
2025-11-05 02:18:11,989 - INFO -    Preço > MA21? ✅ SIM
2025-11-05 02:18:11,989 - INFO -    RSI < 70.0? ✅ SIM
2025-11-05 02:18:11,989 - INFO -    Sem posições? ❌ NÃO
2025-11-05 02:18:42,262 - INFO - 💹 ETHUSDT: 3341.61000000 USDT
2025-11-05 02:18:42,264 - INFO - 📊 Análise Est.4:
2025-11-05 02:18:42,264 - INFO -    Preço: 3341.61 | MA21: 3338.74 | RSI: 64.14
2025-11-05 02:18:42,264 - INFO -    Preço > MA21? ✅ SIM
2025-11-05 02:18:42,264 - INFO -    RSI < 70.0? ✅ SIM
2025-11-05 02:18:42,265 - INFO -    Sem posições? ❌ NÃO
2025-11-05 02:19:12,546 - INFO - 💹 ETHUSDT: 3341.46000000 USDT
2025-11-05 02:19:12,547 - INFO - 📊 Análise Est.4:
2025-11-05 02:19:12,547 - INFO -    Preço: 3341.46 | MA21: 3338.73 | RSI: 63.94
2025-11-05 02:19:12,547 - INFO -    Preço > MA21? ✅ SIM
2025-11-05 02:19:12,547 - INFO -    RSI < 70.0? ✅ SIM
2025-11-05 02:19:12,549 - INFO -    Sem posições? ❌ NÃO
2025-11-05 02:19:42,827 - INFO - 💹 ETHUSDT: 3340.93000000 USDT
2025-11-05 02:19:42,827 - INFO - 📊 Análise Est.4:
2025-11-05 02:19:42,827 - INFO -    Preço: 3340.93 | MA21: 3339.31 | RSI: 61.66
2025-11-05 02:19:42,827 - INFO -    Preço > MA21? ✅ SIM
2025-11-05 02:19:42,827 - INFO -    RSI < 70.0? ✅ SIM
2025-11-05 02:19:42,827 - INFO -    Sem posições? ❌ NÃO
2025-11-05 02:20:13,111 - INFO - 💹 ETHUSDT: 3341.38000000 USDT
2025-11-05 02:20:13,111 - INFO - 📊 Análise Est.4:
2025-11-05 02:20:13,111 - INFO -    Preço: 3341.38 | MA21: 3339.94 | RSI: 62.97
2025-11-05 02:20:13,111 - INFO -    Preço > MA21? ✅ SIM
2025-11-05 02:20:13,111 - INFO -    RSI < 70.0? ✅ SIM
2025-11-05 02:20:13,111 - INFO -    Sem posições? ❌ NÃO
2025-11-05 02:20:43,384 - INFO - 💹 ETHUSDT: 3340.42000000 USDT
2025-11-05 02:20:43,386 - INFO - 📊 Análise Est.4:
2025-11-05 02:20:43,386 - INFO -    Preço: 3340.42 | MA21: 3339.90 | RSI: 60.68
2025-11-05 02:20:43,386 - INFO -    Preço > MA21? ✅ SIM
2025-11-05 02:20:43,386 - INFO -    RSI < 70.0? ✅ SIM
2025-11-05 02:20:43,386 - INFO -    Sem posições? ❌ NÃO
2025-11-05 02:21:13,661 - INFO - 💹 ETHUSDT: 3341.19000000 USDT
2025-11-05 02:21:13,661 - INFO - 📊 Análise Est.4:
2025-11-05 02:21:13,661 - INFO -    Preço: 3341.19 | MA21: 3340.55 | RSI: 53.93
2025-11-05 02:21:13,661 - INFO -    Preço > MA21? ✅ SIM
2025-11-05 02:21:13,661 - INFO -    RSI < 70.0? ✅ SIM
2025-11-05 02:21:13,661 - INFO -    Sem posições? ❌ NÃO
2025-11-05 02:21:43,936 - INFO - 💹 ETHUSDT: 3339.84000000 USDT
2025-11-05 02:21:43,936 - INFO - 📊 Análise Est.4:
2025-11-05 02:21:43,936 - INFO -    Preço: 3339.84 | MA21: 3340.49 | RSI: 50.65
2025-11-05 02:21:43,936 - INFO -    Preço > MA21? ❌ NÃO
2025-11-05 02:21:43,936 - INFO -    RSI < 70.0? ✅ SIM
2025-11-05 02:21:43,936 - INFO -    Sem posições? ❌ NÃO
2025-11-05 02:22:14,212 - INFO - 💹 ETHUSDT: 3337.17000000 USDT
2025-11-05 02:22:14,212 - INFO - 📊 Análise Est.4:
2025-11-05 02:22:14,212 - INFO -    Preço: 3337.17 | MA21: 3340.79 | RSI: 40.65
2025-11-05 02:22:14,212 - INFO -    Preço > MA21? ❌ NÃO
2025-11-05 02:22:14,212 - INFO -    RSI < 70.0? ✅ SIM
2025-11-05 02:22:14,212 - INFO -    Sem posições? ❌ NÃO
2025-11-05 02:22:44,484 - INFO - 💹 ETHUSDT: 3336.28000000 USDT
2025-11-05 02:22:44,484 - INFO - 📊 Análise Est.4:
2025-11-05 02:22:44,484 - INFO -    Preço: 3336.28 | MA21: 3340.75 | RSI: 39.14
2025-11-05 02:22:44,484 - INFO -    Preço > MA21? ❌ NÃO
2025-11-05 02:22:44,484 - INFO -    RSI < 70.0? ✅ SIM
2025-11-05 02:22:44,484 - INFO -    Sem posições? ❌ NÃO
2025-11-05 02:23:14,766 - INFO - 💹 ETHUSDT: 3336.14000000 USDT
2025-11-05 02:23:14,766 - INFO - 📊 Análise Est.4:
2025-11-05 02:23:14,768 - INFO -    Preço: 3336.14 | MA21: 3340.98 | RSI: 35.67
2025-11-05 02:23:14,768 - INFO -    Preço > MA21? ❌ NÃO
2025-11-05 02:23:14,768 - INFO -    RSI < 70.0? ✅ SIM
2025-11-05 02:23:14,768 - INFO -    Sem posições? ❌ NÃO
2025-11-05 02:23:45,042 - INFO - 💹 ETHUSDT: 3334.01000000 USDT
2025-11-05 02:23:45,042 - INFO - 📊 Análise Est.4:
2025-11-05 02:23:45,042 - INFO -    Preço: 3334.01 | MA21: 3340.87 | RSI: 32.61
2025-11-05 02:23:45,042 - INFO -    Preço > MA21? ❌ NÃO
2025-11-05 02:23:45,042 - INFO -    RSI < 70.0? ✅ SIM
2025-11-05 02:23:45,042 - INFO -    Sem posições? ❌ NÃO
2025-11-05 02:24:15,319 - INFO - 💹 ETHUSDT: 3338.21000000 USDT
2025-11-05 02:24:15,319 - INFO - 📊 Análise Est.4:
2025-11-05 02:24:15,319 - INFO -    Preço: 3338.21 | MA21: 3341.36 | RSI: 40.89
2025-11-05 02:24:15,319 - INFO -    Preço > MA21? ❌ NÃO
2025-11-05 02:24:15,319 - INFO -    RSI < 70.0? ✅ SIM
2025-11-05 02:24:15,319 - INFO -    Sem posições? ❌ NÃO
2025-11-05 02:24:45,612 - INFO - 💹 ETHUSDT: 3338.29000000 USDT
2025-11-05 02:24:45,612 - INFO - 📊 Análise Est.4:
2025-11-05 02:24:45,612 - INFO -    Preço: 3338.29 | MA21: 3341.36 | RSI: 41.08
2025-11-05 02:24:45,612 - INFO -    Preço > MA21? ❌ NÃO
2025-11-05 02:24:45,612 - INFO -    RSI < 70.0? ✅ SIM
2025-11-05 02:24:45,612 - INFO -    Sem posições? ❌ NÃO
2025-11-05 02:25:15,894 - INFO - 💹 ETHUSDT: 3327.57000000 USDT
2025-11-05 02:25:15,894 - INFO - 📊 Análise Est.4:
2025-11-05 02:25:15,894 - INFO -    Preço: 3327.57 | MA21: 3340.93 | RSI: 18.65
2025-11-05 02:25:15,894 - INFO -    Preço > MA21? ❌ NÃO
2025-11-05 02:25:15,894 - INFO -    RSI < 70.0? ✅ SIM
2025-11-05 02:25:15,894 - INFO -    Sem posições? ❌ NÃO
2025-11-05 02:25:46,535 - INFO - 💹 ETHUSDT: 3332.99000000 USDT
2025-11-05 02:25:46,535 - INFO - 📊 Análise Est.4:
2025-11-05 02:25:46,535 - INFO -    Preço: 3332.99 | MA21: 3341.18 | RSI: 22.59
2025-11-05 02:25:46,535 - INFO -    Preço > MA21? ❌ NÃO
2025-11-05 02:25:46,535 - INFO -    RSI < 70.0? ✅ SIM
2025-11-05 02:25:46,535 - INFO -    Sem posições? ❌ NÃO
2025-11-05 02:26:16,827 - INFO - 💹 ETHUSDT: 3330.31000000 USDT
2025-11-05 02:26:16,827 - INFO - 📊 Análise Est.4:
2025-11-05 02:26:16,827 - INFO -    Preço: 3330.31 | MA21: 3340.97 | RSI: 19.05
2025-11-05 02:26:16,827 - INFO -    Preço > MA21? ❌ NÃO
2025-11-05 02:26:16,827 - INFO -    RSI < 70.0? ✅ SIM
2025-11-05 02:26:16,827 - INFO -    Sem posições? ❌ NÃO
2025-11-05 02:26:47,109 - INFO - 💹 ETHUSDT: 3330.84000000 USDT
2025-11-05 02:26:47,109 - INFO - 📊 Análise Est.4:
2025-11-05 02:26:47,109 - INFO -    Preço: 3330.84 | MA21: 3341.00 | RSI: 19.42
2025-11-05 02:26:47,109 - INFO -    Preço > MA21? ❌ NÃO
2025-11-05 02:26:47,109 - INFO -    RSI < 70.0? ✅ SIM
2025-11-05 02:26:47,109 - INFO -    Sem posições? ❌ NÃO
2025-11-05 02:27:17,389 - INFO - 💹 ETHUSDT: 3330.31000000 USDT
2025-11-05 02:27:17,389 - INFO - 📊 Análise Est.4:
2025-11-05 02:27:17,389 - INFO -    Preço: 3330.31 | MA21: 3340.76 | RSI: 14.74
2025-11-05 02:27:17,389 - INFO -    Preço > MA21? ❌ NÃO
2025-11-05 02:27:17,389 - INFO -    RSI < 70.0? ✅ SIM
2025-11-05 02:27:17,389 - INFO -    Sem posições? ❌ NÃO
2025-11-05 02:27:47,670 - INFO - 💹 ETHUSDT: 3333.28000000 USDT
2025-11-05 02:27:47,670 - INFO - 📊 Análise Est.4:
2025-11-05 02:27:47,670 - INFO -    Preço: 3333.28 | MA21: 3340.90 | RSI: 23.34
2025-11-05 02:27:47,670 - INFO -    Preço > MA21? ❌ NÃO
2025-11-05 02:27:47,670 - INFO -    RSI < 70.0? ✅ SIM
2025-11-05 02:27:47,670 - INFO -    Sem posições? ❌ NÃO
2025-11-05 02:28:17,945 - INFO - 💹 ETHUSDT: 3334.23000000 USDT
2025-11-05 02:28:17,945 - INFO - 📊 Análise Est.4:
2025-11-05 02:28:17,945 - INFO -    Preço: 3334.23 | MA21: 3340.66 | RSI: 26.81
2025-11-05 02:28:17,945 - INFO -    Preço > MA21? ❌ NÃO
2025-11-05 02:28:17,945 - INFO -    RSI < 70.0? ✅ SIM
2025-11-05 02:28:17,945 - INFO -    Sem posições? ❌ NÃO
2025-11-05 02:28:48,231 - INFO - 💹 ETHUSDT: 3334.94000000 USDT
2025-11-05 02:28:48,233 - INFO - 📊 Análise Est.4:
2025-11-05 02:28:48,233 - INFO -    Preço: 3334.94 | MA21: 3340.69 | RSI: 28.55
2025-11-05 02:28:48,233 - INFO -    Preço > MA21? ❌ NÃO
2025-11-05 02:28:48,233 - INFO -    RSI < 70.0? ✅ SIM
2025-11-05 02:28:48,233 - INFO -    Sem posições? ❌ NÃO
2025-11-05 02:29:18,504 - INFO - 💹 ETHUSDT: 3335.18000000 USDT
2025-11-05 02:29:18,504 - INFO - 📊 Análise Est.4:
2025-11-05 02:29:18,504 - INFO -    Preço: 3335.18 | MA21: 3340.40 | RSI: 25.58
2025-11-05 02:29:18,504 - INFO -    Preço > MA21? ❌ NÃO
2025-11-05 02:29:18,504 - INFO -    RSI < 70.0? ✅ SIM
2025-11-05 02:29:18,504 - INFO -    Sem posições? ❌ NÃO
2025-11-05 02:29:48,780 - INFO - 💹 ETHUSDT: 3334.49000000 USDT
2025-11-05 02:29:48,780 - INFO - 📊 Análise Est.4:
2025-11-05 02:29:48,780 - INFO -    Preço: 3334.49 | MA21: 3340.37 | RSI: 24.97
2025-11-05 02:29:48,780 - INFO -    Preço > MA21? ❌ NÃO
2025-11-05 02:29:48,780 - INFO -    RSI < 70.0? ✅ SIM
2025-11-05 02:29:48,780 - INFO -    Sem posições? ❌ NÃO
2025-11-05 02:30:19,057 - INFO - 💹 ETHUSDT: 3334.51000000 USDT
2025-11-05 02:30:19,059 - INFO - 📊 Análise Est.4:
2025-11-05 02:30:19,059 - INFO -    Preço: 3334.51 | MA21: 3339.98 | RSI: 31.86
2025-11-05 02:30:19,059 - INFO -    Preço > MA21? ❌ NÃO
2025-11-05 02:30:19,059 - INFO -    RSI < 70.0? ✅ SIM
2025-11-05 02:30:19,059 - INFO -    Sem posições? ❌ NÃO
2025-11-05 02:30:49,333 - INFO - 💹 ETHUSDT: 3336.41000000 USDT
2025-11-05 02:30:49,333 - INFO - 📊 Análise Est.4:
2025-11-05 02:30:49,333 - INFO -    Preço: 3336.41 | MA21: 3340.07 | RSI: 37.04
2025-11-05 02:30:49,333 - INFO -    Preço > MA21? ❌ NÃO
2025-11-05 02:30:49,333 - INFO -    RSI < 70.0? ✅ SIM
2025-11-05 02:30:49,333 - INFO -    Sem posições? ❌ NÃO
2025-11-05 02:31:19,618 - INFO - 💹 ETHUSDT: 3339.46000000 USDT
2025-11-05 02:31:19,618 - INFO - 📊 Análise Est.4:
2025-11-05 02:31:19,618 - INFO -    Preço: 3339.46 | MA21: 3339.99 | RSI: 46.93
2025-11-05 02:31:19,618 - INFO -    Preço > MA21? ❌ NÃO
2025-11-05 02:31:19,618 - INFO -    RSI < 70.0? ✅ SIM
2025-11-05 02:31:19,618 - INFO -    Sem posições? ❌ NÃO
2025-11-05 02:31:49,897 - INFO - 💹 ETHUSDT: 3341.16000000 USDT
2025-11-05 02:31:49,897 - INFO - 📊 Análise Est.4:
2025-11-05 02:31:49,897 - INFO -    Preço: 3341.16 | MA21: 3340.07 | RSI: 50.16
2025-11-05 02:31:49,897 - INFO -    Preço > MA21? ✅ SIM
2025-11-05 02:31:49,897 - INFO -    RSI < 70.0? ✅ SIM
2025-11-05 02:31:49,897 - INFO -    Sem posições? ❌ NÃO
2025-11-05 02:32:20,176 - INFO - 💹 ETHUSDT: 3339.83000000 USDT
2025-11-05 02:32:20,176 - INFO - 📊 Análise Est.4:
2025-11-05 02:32:20,176 - INFO -    Preço: 3339.83 | MA21: 3339.66 | RSI: 46.89
2025-11-05 02:32:20,176 - INFO -    Preço > MA21? ✅ SIM
2025-11-05 02:32:20,176 - INFO -    RSI < 70.0? ✅ SIM
2025-11-05 02:32:20,176 - INFO -    Sem posições? ❌ NÃO
2025-11-05 02:32:50,456 - INFO - 💹 ETHUSDT: 3340.88000000 USDT
2025-11-05 02:32:50,456 - INFO - 📊 Análise Est.4:
2025-11-05 02:32:50,456 - INFO -    Preço: 3340.88 | MA21: 3339.71 | RSI: 48.94
2025-11-05 02:32:50,456 - INFO -    Preço > MA21? ✅ SIM
2025-11-05 02:32:50,456 - INFO -    RSI < 70.0? ✅ SIM
2025-11-05 02:32:50,456 - INFO -    Sem posições? ❌ NÃO
2025-11-05 02:33:20,735 - INFO - 💹 ETHUSDT: 3340.35000000 USDT
2025-11-05 02:33:20,735 - INFO - 📊 Análise Est.4:
2025-11-05 02:33:20,735 - INFO -    Preço: 3340.35 | MA21: 3339.37 | RSI: 48.14
2025-11-05 02:33:20,735 - INFO -    Preço > MA21? ✅ SIM
2025-11-05 02:33:20,735 - INFO -    RSI < 70.0? ✅ SIM
2025-11-05 02:33:20,735 - INFO -    Sem posições? ❌ NÃO
2025-11-05 02:33:51,012 - INFO - 💹 ETHUSDT: 3344.77000000 USDT
2025-11-05 02:33:51,012 - INFO - 📊 Análise Est.4:
2025-11-05 02:33:51,012 - INFO -    Preço: 3344.77 | MA21: 3339.58 | RSI: 55.46
2025-11-05 02:33:51,012 - INFO -    Preço > MA21? ✅ SIM
2025-11-05 02:33:51,012 - INFO -    RSI < 70.0? ✅ SIM
2025-11-05 02:33:51,012 - INFO -    Sem posições? ❌ NÃO
2025-11-05 02:34:21,293 - INFO - 💹 ETHUSDT: 3344.68000000 USDT
2025-11-05 02:34:21,293 - INFO - 📊 Análise Est.4:
2025-11-05 02:34:21,293 - INFO -    Preço: 3344.68 | MA21: 3339.37 | RSI: 55.67
2025-11-05 02:34:21,293 - INFO -    Preço > MA21? ✅ SIM
2025-11-05 02:34:21,293 - INFO -    RSI < 70.0? ✅ SIM
2025-11-05 02:34:21,295 - INFO -    Sem posições? ❌ NÃO
2025-11-05 02:34:51,565 - INFO - 💹 ETHUSDT: 3343.01000000 USDT
2025-11-05 02:34:51,565 - INFO - 📊 Análise Est.4:
2025-11-05 02:34:51,565 - INFO -    Preço: 3343.01 | MA21: 3339.29 | RSI: 52.81
2025-11-05 02:34:51,565 - INFO -    Preço > MA21? ✅ SIM
2025-11-05 02:34:51,565 - INFO -    RSI < 70.0? ✅ SIM
2025-11-05 02:34:51,565 - INFO -    Sem posições? ❌ NÃO
2025-11-05 02:35:21,832 - INFO - 💹 ETHUSDT: 3342.51000000 USDT
2025-11-05 02:35:21,832 - INFO - 📊 Análise Est.4:
2025-11-05 02:35:21,841 - INFO -    Preço: 3342.51 | MA21: 3339.04 | RSI: 59.23
2025-11-05 02:35:21,841 - INFO -    Preço > MA21? ✅ SIM
2025-11-05 02:35:21,841 - INFO -    RSI < 70.0? ✅ SIM
2025-11-05 02:35:21,841 - INFO -    Sem posições? ❌ NÃO
2025-11-05 02:35:52,111 - INFO - 💹 ETHUSDT: 3338.84000000 USDT
2025-11-05 02:35:52,111 - INFO - 📊 Análise Est.4:
2025-11-05 02:35:52,111 - INFO -    Preço: 3338.84 | MA21: 3338.87 | RSI: 52.56
2025-11-05 02:35:52,111 - INFO -    Preço > MA21? ❌ NÃO
2025-11-05 02:35:52,111 - INFO -    RSI < 70.0? ✅ SIM
2025-11-05 02:35:52,111 - INFO -    Sem posições? ❌ NÃO
2025-11-05 02:36:22,390 - INFO - 💹 ETHUSDT: 3334.08000000 USDT
2025-11-05 02:36:22,390 - INFO - 📊 Análise Est.4:
2025-11-05 02:36:22,390 - INFO -    Preço: 3334.08 | MA21: 3338.02 | RSI: 47.18
2025-11-05 02:36:22,390 - INFO -    Preço > MA21? ❌ NÃO
2025-11-05 02:36:22,390 - INFO -    RSI < 70.0? ✅ SIM
2025-11-05 02:36:22,390 - INFO -    Sem posições? ❌ NÃO
2025-11-05 02:36:52,674 - INFO - 💹 ETHUSDT: 3331.49000000 USDT
2025-11-05 02:36:52,674 - INFO - 📊 Análise Est.4:
2025-11-05 02:36:52,675 - INFO -    Preço: 3331.49 | MA21: 3337.90 | RSI: 44.04
2025-11-05 02:36:52,675 - INFO -    Preço > MA21? ❌ NÃO
2025-11-05 02:36:52,675 - INFO -    RSI < 70.0? ✅ SIM
2025-11-05 02:36:52,675 - INFO -    Sem posições? ❌ NÃO
2025-11-05 02:37:22,951 - INFO - 💹 ETHUSDT: 3331.87000000 USDT
2025-11-05 02:37:22,951 - INFO - 📊 Análise Est.4:
2025-11-05 02:37:22,951 - INFO -    Preço: 3331.87 | MA21: 3337.29 | RSI: 42.17
2025-11-05 02:37:22,951 - INFO -    Preço > MA21? ❌ NÃO
2025-11-05 02:37:22,951 - INFO -    RSI < 70.0? ✅ SIM
2025-11-05 02:37:22,951 - INFO -    Sem posições? ❌ NÃO
2025-11-05 02:37:53,226 - INFO - 💹 ETHUSDT: 3332.17000000 USDT
2025-11-05 02:37:53,226 - INFO - 📊 Análise Est.4:
2025-11-05 02:37:53,226 - INFO -    Preço: 3332.17 | MA21: 3337.31 | RSI: 42.59
2025-11-05 02:37:53,226 - INFO -    Preço > MA21? ❌ NÃO
2025-11-05 02:37:53,226 - INFO -    RSI < 70.0? ✅ SIM
2025-11-05 02:37:53,226 - INFO -    Sem posições? ❌ NÃO
2025-11-05 02:38:23,511 - INFO - 💹 ETHUSDT: 3335.34000000 USDT
2025-11-05 02:38:23,511 - INFO - 📊 Análise Est.4:
2025-11-05 02:38:23,511 - INFO -    Preço: 3335.34 | MA21: 3337.06 | RSI: 49.51
2025-11-05 02:38:23,511 - INFO -    Preço > MA21? ❌ NÃO
2025-11-05 02:38:23,511 - INFO -    RSI < 70.0? ✅ SIM
2025-11-05 02:38:23,511 - INFO -    Sem posições? ❌ NÃO
2025-11-05 02:38:53,780 - INFO - 💹 ETHUSDT: 3338.63000000 USDT
2025-11-05 02:38:53,780 - INFO - 📊 Análise Est.4:
2025-11-05 02:38:53,780 - INFO -    Preço: 3338.63 | MA21: 3337.21 | RSI: 53.22
2025-11-05 02:38:53,780 - INFO -    Preço > MA21? ✅ SIM
2025-11-05 02:38:53,780 - INFO -    RSI < 70.0? ✅ SIM
2025-11-05 02:38:53,780 - INFO -    Sem posições? ❌ NÃO
2025-11-05 02:39:24,054 - INFO - 💹 ETHUSDT: 3337.66000000 USDT
2025-11-05 02:39:24,054 - INFO - 📊 Análise Est.4:
2025-11-05 02:39:24,054 - INFO -    Preço: 3337.66 | MA21: 3337.03 | RSI: 55.26
2025-11-05 02:39:24,054 - INFO -    Preço > MA21? ✅ SIM
2025-11-05 02:39:24,054 - INFO -    RSI < 70.0? ✅ SIM
2025-11-05 02:39:24,054 - INFO -    Sem posições? ❌ NÃO
2025-11-05 02:39:54,337 - INFO - 💹 ETHUSDT: 3340.02000000 USDT
2025-11-05 02:39:54,337 - INFO - 📊 Análise Est.4:
2025-11-05 02:39:54,337 - INFO -    Preço: 3340.02 | MA21: 3337.14 | RSI: 57.92
2025-11-05 02:39:54,337 - INFO -    Preço > MA21? ✅ SIM
2025-11-05 02:39:54,337 - INFO -    RSI < 70.0? ✅ SIM
2025-11-05 02:39:54,337 - INFO -    Sem posições? ❌ NÃO
2025-11-05 02:40:24,616 - INFO - 💹 ETHUSDT: 3337.01000000 USDT
2025-11-05 02:40:24,616 - INFO - 📊 Análise Est.4:
2025-11-05 02:40:24,616 - INFO -    Preço: 3337.01 | MA21: 3336.79 | RSI: 58.18
2025-11-05 02:40:24,616 - INFO -    Preço > MA21? ✅ SIM
2025-11-05 02:40:24,616 - INFO -    RSI < 70.0? ✅ SIM
2025-11-05 02:40:24,616 - INFO -    Sem posições? ❌ NÃO
2025-11-05 02:40:54,893 - INFO - 💹 ETHUSDT: 3336.83000000 USDT
2025-11-05 02:40:54,893 - INFO - 📊 Análise Est.4:
2025-11-05 02:40:54,893 - INFO -    Preço: 3336.83 | MA21: 3336.78 | RSI: 57.92
2025-11-05 02:40:54,893 - INFO -    Preço > MA21? ✅ SIM
2025-11-05 02:40:54,895 - INFO -    RSI < 70.0? ✅ SIM
2025-11-05 02:40:54,895 - INFO -    Sem posições? ❌ NÃO
2025-11-05 02:41:25,172 - INFO - 💹 ETHUSDT: 3338.40000000 USDT
2025-11-05 02:41:25,172 - INFO - 📊 Análise Est.4:
2025-11-05 02:41:25,172 - INFO -    Preço: 3338.40 | MA21: 3336.74 | RSI: 56.16
2025-11-05 02:41:25,172 - INFO -    Preço > MA21? ✅ SIM
2025-11-05 02:41:25,172 - INFO -    RSI < 70.0? ✅ SIM
2025-11-05 02:41:25,172 - INFO -    Sem posições? ❌ NÃO
2025-11-05 02:41:55,452 - INFO - 💹 ETHUSDT: 3338.61000000 USDT
2025-11-05 02:41:55,452 - INFO - 📊 Análise Est.4:
2025-11-05 02:41:55,454 - INFO -    Preço: 3338.61 | MA21: 3336.75 | RSI: 56.46
2025-11-05 02:41:55,454 - INFO -    Preço > MA21? ✅ SIM
2025-11-05 02:41:55,454 - INFO -    RSI < 70.0? ✅ SIM
2025-11-05 02:41:55,454 - INFO -    Sem posições? ❌ NÃO
2025-11-05 02:42:25,732 - INFO - 💹 ETHUSDT: 3338.38000000 USDT
2025-11-05 02:42:25,732 - INFO - 📊 Análise Est.4:
2025-11-05 02:42:25,732 - INFO -    Preço: 3338.38 | MA21: 3336.81 | RSI: 54.20
2025-11-05 02:42:25,732 - INFO -    Preço > MA21? ✅ SIM
2025-11-05 02:42:25,732 - INFO -    RSI < 70.0? ✅ SIM
2025-11-05 02:42:25,732 - INFO -    Sem posições? ❌ NÃO
2025-11-05 02:42:56,002 - INFO - 💹 ETHUSDT: 3337.74000000 USDT
2025-11-05 02:42:56,002 - INFO - 📊 Análise Est.4:
2025-11-05 02:42:56,002 - INFO -    Preço: 3337.74 | MA21: 3336.78 | RSI: 53.31
2025-11-05 02:42:56,002 - INFO -    Preço > MA21? ✅ SIM
2025-11-05 02:42:56,002 - INFO -    RSI < 70.0? ✅ SIM
2025-11-05 02:42:56,002 - INFO -    Sem posições? ❌ NÃO
2025-11-05 02:43:26,285 - INFO - 💹 ETHUSDT: 3337.74000000 USDT
2025-11-05 02:43:26,285 - INFO - 📊 Análise Est.4:
2025-11-05 02:43:26,285 - INFO -    Preço: 3337.74 | MA21: 3336.86 | RSI: 54.26
2025-11-05 02:43:26,285 - INFO -    Preço > MA21? ✅ SIM
2025-11-05 02:43:26,285 - INFO -    RSI < 70.0? ✅ SIM
2025-11-05 02:43:26,285 - INFO -    Sem posições? ❌ NÃO
2025-11-05 02:43:56,556 - INFO - 💹 ETHUSDT: 3336.17000000 USDT
2025-11-05 02:43:56,556 - INFO - 📊 Análise Est.4:
2025-11-05 02:43:56,556 - INFO -    Preço: 3336.17 | MA21: 3336.78 | RSI: 52.11
2025-11-05 02:43:56,556 - INFO -    Preço > MA21? ❌ NÃO
2025-11-05 02:43:56,556 - INFO -    RSI < 70.0? ✅ SIM
2025-11-05 02:43:56,556 - INFO -    Sem posições? ❌ NÃO
2025-11-05 02:44:26,840 - INFO - 💹 ETHUSDT: 3337.06000000 USDT
2025-11-05 02:44:26,840 - INFO - 📊 Análise Est.4:
2025-11-05 02:44:26,840 - INFO -    Preço: 3337.06 | MA21: 3336.72 | RSI: 48.81
2025-11-05 02:44:26,840 - INFO -    Preço > MA21? ✅ SIM
2025-11-05 02:44:26,840 - INFO -    RSI < 70.0? ✅ SIM
2025-11-05 02:44:26,840 - INFO -    Sem posições? ❌ NÃO
2025-11-05 02:44:57,103 - INFO - 💹 ETHUSDT: 3335.64000000 USDT
2025-11-05 02:44:57,103 - INFO - 📊 Análise Est.4:
2025-11-05 02:44:57,119 - INFO -    Preço: 3335.64 | MA21: 3336.65 | RSI: 46.86
2025-11-05 02:44:57,119 - INFO -    Preço > MA21? ❌ NÃO
2025-11-05 02:44:57,119 - INFO -    RSI < 70.0? ✅ SIM
2025-11-05 02:44:57,119 - INFO -    Sem posições? ❌ NÃO
2025-11-05 02:45:27,390 - INFO - 💹 ETHUSDT: 3332.11000000 USDT
2025-11-05 02:45:27,390 - INFO - 📊 Análise Est.4:
2025-11-05 02:45:27,390 - INFO -    Preço: 3332.11 | MA21: 3336.36 | RSI: 39.94
2025-11-05 02:45:27,390 - INFO -    Preço > MA21? ❌ NÃO
2025-11-05 02:45:27,390 - INFO -    RSI < 70.0? ✅ SIM
2025-11-05 02:45:27,390 - INFO -    Sem posições? ❌ NÃO
2025-11-05 02:45:57,680 - INFO - 💹 ETHUSDT: 3332.11000000 USDT
2025-11-05 02:45:57,680 - INFO - 📊 Análise Est.4:
2025-11-05 02:45:57,680 - INFO -    Preço: 3332.11 | MA21: 3336.36 | RSI: 39.94
2025-11-05 02:45:57,680 - INFO -    Preço > MA21? ❌ NÃO
2025-11-05 02:45:57,680 - INFO -    RSI < 70.0? ✅ SIM
2025-11-05 02:45:57,680 - INFO -    Sem posições? ❌ NÃO
2025-11-05 02:46:27,964 - INFO - 💹 ETHUSDT: 3331.67000000 USDT
2025-11-05 02:46:27,964 - INFO - 📊 Análise Est.4:
2025-11-05 02:46:27,964 - INFO -    Preço: 3331.67 | MA21: 3336.35 | RSI: 37.86
2025-11-05 02:46:27,964 - INFO -    Preço > MA21? ❌ NÃO
2025-11-05 02:46:27,964 - INFO -    RSI < 70.0? ✅ SIM
2025-11-05 02:46:27,964 - INFO -    Sem posições? ❌ NÃO
2025-11-05 02:46:58,244 - INFO - 💹 ETHUSDT: 3332.99000000 USDT
2025-11-05 02:46:58,244 - INFO - 📊 Análise Est.4:
2025-11-05 02:46:58,244 - INFO -    Preço: 3332.99 | MA21: 3336.41 | RSI: 39.22
2025-11-05 02:46:58,244 - INFO -    Preço > MA21? ❌ NÃO
2025-11-05 02:46:58,244 - INFO -    RSI < 70.0? ✅ SIM
2025-11-05 02:46:58,244 - INFO -    Sem posições? ❌ NÃO
2025-11-05 02:47:28,506 - INFO - 💹 ETHUSDT: 3332.00000000 USDT
2025-11-05 02:47:28,506 - INFO - 📊 Análise Est.4:
2025-11-05 02:47:28,506 - INFO -    Preço: 3332.00 | MA21: 3336.40 | RSI: 32.39
2025-11-05 02:47:28,506 - INFO -    Preço > MA21? ❌ NÃO
2025-11-05 02:47:28,506 - INFO -    RSI < 70.0? ✅ SIM
2025-11-05 02:47:28,506 - INFO -    Sem posições? ❌ NÃO
2025-11-05 02:47:58,795 - INFO - 💹 ETHUSDT: 3330.52000000 USDT
2025-11-05 02:47:58,797 - INFO - 📊 Análise Est.4:
2025-11-05 02:47:58,797 - INFO -    Preço: 3330.52 | MA21: 3336.33 | RSI: 29.93
2025-11-05 02:47:58,797 - INFO -    Preço > MA21? ❌ NÃO
2025-11-05 02:47:58,797 - INFO -    RSI < 70.0? ✅ SIM
2025-11-05 02:47:58,797 - INFO -    Sem posições? ❌ NÃO
2025-11-05 02:48:29,074 - INFO - 💹 ETHUSDT: 3330.40000000 USDT
2025-11-05 02:48:29,074 - INFO - 📊 Análise Est.4:
2025-11-05 02:48:29,074 - INFO -    Preço: 3330.40 | MA21: 3336.20 | RSI: 31.33
2025-11-05 02:48:29,074 - INFO -    Preço > MA21? ❌ NÃO
2025-11-05 02:48:29,074 - INFO -    RSI < 70.0? ✅ SIM
2025-11-05 02:48:29,074 - INFO -    Sem posições? ❌ NÃO
2025-11-05 02:48:59,354 - INFO - 💹 ETHUSDT: 3328.79000000 USDT
2025-11-05 02:48:59,354 - INFO - 📊 Análise Est.4:
2025-11-05 02:48:59,354 - INFO -    Preço: 3328.79 | MA21: 3336.12 | RSI: 29.90
2025-11-05 02:48:59,354 - INFO -    Preço > MA21? ❌ NÃO
2025-11-05 02:48:59,354 - INFO -    RSI < 70.0? ✅ SIM
2025-11-05 02:48:59,354 - INFO -    Sem posições? ❌ NÃO
2025-11-05 02:49:29,633 - INFO - 💹 ETHUSDT: 3326.93000000 USDT
2025-11-05 02:49:29,633 - INFO - 📊 Análise Est.4:
2025-11-05 02:49:29,633 - INFO -    Preço: 3326.93 | MA21: 3335.65 | RSI: 34.80
2025-11-05 02:49:29,633 - INFO -    Preço > MA21? ❌ NÃO
2025-11-05 02:49:29,633 - INFO -    RSI < 70.0? ✅ SIM
2025-11-05 02:49:29,633 - INFO -    Sem posições? ❌ NÃO
2025-11-05 02:49:59,910 - INFO - 💹 ETHUSDT: 3329.33000000 USDT
2025-11-05 02:49:59,910 - INFO - 📊 Análise Est.4:
2025-11-05 02:49:59,910 - INFO -    Preço: 3329.33 | MA21: 3335.76 | RSI: 39.43
2025-11-05 02:49:59,910 - INFO -    Preço > MA21? ❌ NÃO
2025-11-05 02:49:59,910 - INFO -    RSI < 70.0? ✅ SIM
2025-11-05 02:49:59,910 - INFO -    Sem posições? ❌ NÃO
2025-11-05 02:50:30,184 - INFO - 💹 ETHUSDT: 3329.29000000 USDT
2025-11-05 02:50:30,184 - INFO - 📊 Análise Est.4:
2025-11-05 02:50:30,184 - INFO -    Preço: 3329.29 | MA21: 3336.25 | RSI: 49.51
2025-11-05 02:50:30,184 - INFO -    Preço > MA21? ❌ NÃO
2025-11-05 02:50:30,184 - INFO -    RSI < 70.0? ✅ SIM
2025-11-05 02:50:30,184 - INFO -    Sem posições? ❌ NÃO
2025-11-05 02:51:00,459 - INFO - 💹 ETHUSDT: 3329.29000000 USDT
2025-11-05 02:51:00,459 - INFO - 📊 Análise Est.4:
2025-11-05 02:51:00,459 - INFO -    Preço: 3329.29 | MA21: 3336.25 | RSI: 49.51
2025-11-05 02:51:00,459 - INFO -    Preço > MA21? ❌ NÃO
2025-11-05 02:51:00,459 - INFO -    RSI < 70.0? ✅ SIM
2025-11-05 02:51:00,459 - INFO -    Sem posições? ❌ NÃO
2025-11-05 02:51:30,743 - INFO - 💹 ETHUSDT: 3326.43000000 USDT
2025-11-05 02:51:30,743 - INFO - 📊 Análise Est.4:
2025-11-05 02:51:30,743 - INFO -    Preço: 3326.43 | MA21: 3335.71 | RSI: 44.59
2025-11-05 02:51:30,743 - INFO -    Preço > MA21? ❌ NÃO
2025-11-05 02:51:30,743 - INFO -    RSI < 70.0? ✅ SIM
2025-11-05 02:51:30,743 - INFO -    Sem posições? ❌ NÃO
2025-11-05 02:52:01,017 - INFO - 💹 ETHUSDT: 3326.98000000 USDT
2025-11-05 02:52:01,019 - INFO - 📊 Análise Est.4:
2025-11-05 02:52:01,019 - INFO -    Preço: 3326.98 | MA21: 3335.74 | RSI: 45.02
2025-11-05 02:52:01,019 - INFO -    Preço > MA21? ❌ NÃO
2025-11-05 02:52:01,019 - INFO -    RSI < 70.0? ✅ SIM
2025-11-05 02:52:01,020 - INFO -    Sem posições? ❌ NÃO
2025-11-05 02:52:31,293 - INFO - 💹 ETHUSDT: 3434.68000000 USDT
2025-11-05 02:52:31,293 - INFO - 📊 Análise Est.4:
2025-11-05 02:52:31,295 - INFO -    Preço: 3434.68 | MA21: 3340.30 | RSI: 80.81
2025-11-05 02:52:31,295 - INFO -    Preço > MA21? ✅ SIM
2025-11-05 02:52:31,295 - INFO -    RSI < 70.0? ❌ NÃO
2025-11-05 02:52:31,295 - INFO -    Sem posições? ❌ NÃO
2025-11-05 02:52:31,295 - INFO - 🎯 Take Profit atingido! Preço: 3434.68000000
2025-11-05 02:52:31,295 - INFO - 🔄 Fechando posição COMPRA
2025-11-05 02:52:31,566 - INFO - ✅ Lucro: 0.45 USDT
2025-11-05 02:52:31,566 - INFO - ------------------------------------------------------------
2025-11-05 02:52:31,566 - INFO - 📊 ESTATÍSTICAS
2025-11-05 02:52:31,566 - INFO -    Total de trades: 15
2025-11-05 02:52:31,566 - INFO -    Trades vencedores: 11
2025-11-05 02:52:31,566 - INFO -    Win Rate: 73.3%
2025-11-05 02:52:31,566 - INFO -    Lucro diário: 2.68 USDT
2025-11-05 02:52:31,566 - INFO -    Lucro total: 2.68 USDT
2025-11-05 02:52:31,566 - INFO -    Posições abertas: 0
2025-11-05 02:52:31,566 - INFO - ------------------------------------------------------------
2025-11-05 02:53:01,843 - INFO - 💹 ETHUSDT: 3328.08000000 USDT
2025-11-05 02:53:01,844 - INFO - 📊 Análise Est.4:
2025-11-05 02:53:01,844 - INFO -    Preço: 3328.08 | MA21: 3335.23 | RSI: 39.29
2025-11-05 02:53:01,844 - INFO -    Preço > MA21? ❌ NÃO
2025-11-05 02:53:01,844 - INFO -    RSI < 70.0? ✅ SIM
2025-11-05 02:53:01,844 - INFO -    Sem posições? ✅ SIM
2025-11-05 02:53:32,130 - INFO - 💹 ETHUSDT: 3328.26000000 USDT
2025-11-05 02:53:32,130 - INFO - 📊 Análise Est.4:
2025-11-05 02:53:32,130 - INFO -    Preço: 3328.26 | MA21: 3334.63 | RSI: 40.85
2025-11-05 02:53:32,130 - INFO -    Preço > MA21? ❌ NÃO
2025-11-05 02:53:32,130 - INFO -    RSI < 70.0? ✅ SIM
2025-11-05 02:53:32,130 - INFO -    Sem posições? ✅ SIM
2025-11-05 02:54:02,407 - INFO - 💹 ETHUSDT: 3329.00000000 USDT
2025-11-05 02:54:02,407 - INFO - 📊 Análise Est.4:
2025-11-05 02:54:02,407 - INFO -    Preço: 3329.00 | MA21: 3334.66 | RSI: 41.75
2025-11-05 02:54:02,407 - INFO -    Preço > MA21? ❌ NÃO
2025-11-05 02:54:02,407 - INFO -    RSI < 70.0? ✅ SIM
2025-11-05 02:54:02,407 - INFO -    Sem posições? ✅ SIM
2025-11-05 02:54:32,685 - INFO - 💹 ETHUSDT: 3326.57000000 USDT
2025-11-05 02:54:32,685 - INFO - 📊 Análise Est.4:
2025-11-05 02:54:32,685 - INFO -    Preço: 3326.57 | MA21: 3333.85 | RSI: 38.13
2025-11-05 02:54:32,685 - INFO -    Preço > MA21? ❌ NÃO
2025-11-05 02:54:32,685 - INFO -    RSI < 70.0? ✅ SIM
2025-11-05 02:54:32,685 - INFO -    Sem posições? ✅ SIM
2025-11-05 02:55:02,965 - INFO - 💹 ETHUSDT: 3327.57000000 USDT
2025-11-05 02:55:02,965 - INFO - 📊 Análise Est.4:
2025-11-05 02:55:02,965 - INFO -    Preço: 3327.57 | MA21: 3333.89 | RSI: 38.89
2025-11-05 02:55:02,965 - INFO -    Preço > MA21? ❌ NÃO
2025-11-05 02:55:02,965 - INFO -    RSI < 70.0? ✅ SIM
2025-11-05 02:55:02,965 - INFO -    Sem posições? ✅ SIM
2025-11-05 02:55:33,238 - INFO - 💹 ETHUSDT: 3325.59000000 USDT
2025-11-05 02:55:33,238 - INFO - 📊 Análise Est.4:
2025-11-05 02:55:33,238 - INFO -    Preço: 3325.59 | MA21: 3333.06 | RSI: 37.50
2025-11-05 02:55:33,238 - INFO -    Preço > MA21? ❌ NÃO
2025-11-05 02:55:33,238 - INFO -    RSI < 70.0? ✅ SIM
2025-11-05 02:55:33,238 - INFO -    Sem posições? ✅ SIM
2025-11-05 02:56:03,512 - INFO - 💹 ETHUSDT: 3326.32000000 USDT
2025-11-05 02:56:03,512 - INFO - 📊 Análise Est.4:
2025-11-05 02:56:03,512 - INFO -    Preço: 3326.32 | MA21: 3333.10 | RSI: 38.04
2025-11-05 02:56:03,512 - INFO -    Preço > MA21? ❌ NÃO
2025-11-05 02:56:03,512 - INFO -    RSI < 70.0? ✅ SIM
2025-11-05 02:56:03,512 - INFO -    Sem posições? ✅ SIM
2025-11-05 02:56:33,794 - INFO - 💹 ETHUSDT: 3325.56000000 USDT
2025-11-05 02:56:33,794 - INFO - 📊 Análise Est.4:
2025-11-05 02:56:33,794 - INFO -    Preço: 3325.56 | MA21: 3332.59 | RSI: 38.12
2025-11-05 02:56:33,794 - INFO -    Preço > MA21? ❌ NÃO
2025-11-05 02:56:33,794 - INFO -    RSI < 70.0? ✅ SIM
2025-11-05 02:56:33,794 - INFO -    Sem posições? ✅ SIM
2025-11-05 02:57:04,067 - INFO - 💹 ETHUSDT: 3326.26000000 USDT
2025-11-05 02:57:04,067 - INFO - 📊 Análise Est.4:
2025-11-05 02:57:04,067 - INFO -    Preço: 3326.26 | MA21: 3332.63 | RSI: 38.65
2025-11-05 02:57:04,067 - INFO -    Preço > MA21? ❌ NÃO
2025-11-05 02:57:04,067 - INFO -    RSI < 70.0? ✅ SIM
2025-11-05 02:57:04,067 - INFO -    Sem posições? ✅ SIM
2025-11-05 02:57:34,337 - INFO - 💹 ETHUSDT: 3327.83000000 USDT
2025-11-05 02:57:34,337 - INFO - 📊 Análise Est.4:
2025-11-05 02:57:34,337 - INFO -    Preço: 3327.83 | MA21: 3332.65 | RSI: 42.12
2025-11-05 02:57:34,337 - INFO -    Preço > MA21? ❌ NÃO
2025-11-05 02:57:34,337 - INFO -    RSI < 70.0? ✅ SIM
2025-11-05 02:57:34,337 - INFO -    Sem posições? ✅ SIM
2025-11-05 02:58:04,619 - INFO - 💹 ETHUSDT: 3327.83000000 USDT
2025-11-05 02:58:04,619 - INFO - 📊 Análise Est.4:
2025-11-05 02:58:04,619 - INFO -    Preço: 3327.83 | MA21: 3332.65 | RSI: 42.12
2025-11-05 02:58:04,619 - INFO -    Preço > MA21? ❌ NÃO
2025-11-05 02:58:04,621 - INFO -    RSI < 70.0? ✅ SIM
2025-11-05 02:58:04,621 - INFO -    Sem posições? ✅ SIM
2025-11-05 02:58:34,895 - INFO - 💹 ETHUSDT: 3326.00000000 USDT
2025-11-05 02:58:34,895 - INFO - 📊 Análise Est.4:
2025-11-05 02:58:34,895 - INFO -    Preço: 3326.00 | MA21: 3332.33 | RSI: 42.91
2025-11-05 02:58:34,895 - INFO -    Preço > MA21? ❌ NÃO
2025-11-05 02:58:34,895 - INFO -    RSI < 70.0? ✅ SIM
2025-11-05 02:58:34,895 - INFO -    Sem posições? ✅ SIM
2025-11-05 02:59:05,162 - INFO - 💹 ETHUSDT: 3325.68000000 USDT
2025-11-05 02:59:05,162 - INFO - 📊 Análise Est.4:
2025-11-05 02:59:05,162 - INFO -    Preço: 3325.68 | MA21: 3332.32 | RSI: 42.64
2025-11-05 02:59:05,162 - INFO -    Preço > MA21? ❌ NÃO
2025-11-05 02:59:05,162 - INFO -    RSI < 70.0? ✅ SIM
2025-11-05 02:59:05,162 - INFO -    Sem posições? ✅ SIM
2025-11-05 02:59:35,450 - INFO - 💹 ETHUSDT: 3326.99000000 USDT
2025-11-05 02:59:35,450 - INFO - 📊 Análise Est.4:
2025-11-05 02:59:35,450 - INFO -    Preço: 3326.99 | MA21: 3331.76 | RSI: 44.02
2025-11-05 02:59:35,450 - INFO -    Preço > MA21? ❌ NÃO
2025-11-05 02:59:35,450 - INFO -    RSI < 70.0? ✅ SIM
2025-11-05 02:59:35,450 - INFO -    Sem posições? ✅ SIM
2025-11-05 03:00:05,725 - INFO - 💹 ETHUSDT: 3326.13000000 USDT
2025-11-05 03:00:05,725 - INFO - 📊 Análise Est.4:
2025-11-05 03:00:05,725 - INFO -    Preço: 3326.13 | MA21: 3331.72 | RSI: 43.09
2025-11-05 03:00:05,725 - INFO -    Preço > MA21? ❌ NÃO
2025-11-05 03:00:05,725 - INFO -    RSI < 70.0? ✅ SIM
2025-11-05 03:00:05,725 - INFO -    Sem posições? ✅ SIM
2025-11-05 03:00:35,998 - INFO - 💹 ETHUSDT: 3324.81000000 USDT
2025-11-05 03:00:35,998 - INFO - 📊 Análise Est.4:
2025-11-05 03:00:35,998 - INFO -    Preço: 3324.81 | MA21: 3331.14 | RSI: 44.00
2025-11-05 03:00:35,998 - INFO -    Preço > MA21? ❌ NÃO
2025-11-05 03:00:35,998 - INFO -    RSI < 70.0? ✅ SIM
2025-11-05 03:00:35,998 - INFO -    Sem posições? ✅ SIM
2025-11-05 03:01:06,282 - INFO - 💹 ETHUSDT: 3322.61000000 USDT
2025-11-05 03:01:06,282 - INFO - 📊 Análise Est.4:
2025-11-05 03:01:06,282 - INFO -    Preço: 3322.61 | MA21: 3331.04 | RSI: 42.17
2025-11-05 03:01:06,282 - INFO -    Preço > MA21? ❌ NÃO
2025-11-05 03:01:06,284 - INFO -    RSI < 70.0? ✅ SIM
2025-11-05 03:01:06,284 - INFO -    Sem posições? ✅ SIM
2025-11-05 03:01:36,558 - INFO - 💹 ETHUSDT: 3324.53000000 USDT
2025-11-05 03:01:36,558 - INFO - 📊 Análise Est.4:
2025-11-05 03:01:36,558 - INFO -    Preço: 3324.53 | MA21: 3330.36 | RSI: 44.17
2025-11-05 03:01:36,558 - INFO -    Preço > MA21? ❌ NÃO
2025-11-05 03:01:36,558 - INFO -    RSI < 70.0? ✅ SIM
2025-11-05 03:01:36,558 - INFO -    Sem posições? ✅ SIM
2025-11-05 03:02:06,829 - INFO - 💹 ETHUSDT: 3325.07000000 USDT
2025-11-05 03:02:06,829 - INFO - 📊 Análise Est.4:
2025-11-05 03:02:06,833 - INFO -    Preço: 3325.07 | MA21: 3330.38 | RSI: 44.72
2025-11-05 03:02:06,833 - INFO -    Preço > MA21? ❌ NÃO
2025-11-05 03:02:06,833 - INFO -    RSI < 70.0? ✅ SIM
2025-11-05 03:02:06,833 - INFO -    Sem posições? ✅ SIM
2025-11-05 03:02:37,112 - INFO - 💹 ETHUSDT: 3324.57000000 USDT
2025-11-05 03:02:37,112 - INFO - 📊 Análise Est.4:
2025-11-05 03:02:37,112 - INFO -    Preço: 3324.57 | MA21: 3329.72 | RSI: 47.52
2025-11-05 03:02:37,112 - INFO -    Preço > MA21? ❌ NÃO
2025-11-05 03:02:37,112 - INFO -    RSI < 70.0? ✅ SIM
2025-11-05 03:02:37,112 - INFO -    Sem posições? ✅ SIM
2025-11-05 03:03:07,372 - INFO - 💹 ETHUSDT: 3325.12000000 USDT
2025-11-05 03:03:07,372 - INFO - 📊 Análise Est.4:
2025-11-05 03:03:07,372 - INFO -    Preço: 3325.12 | MA21: 3329.74 | RSI: 48.03
2025-11-05 03:03:07,372 - INFO -    Preço > MA21? ❌ NÃO
2025-11-05 03:03:07,388 - INFO -    RSI < 70.0? ✅ SIM
2025-11-05 03:03:07,388 - INFO -    Sem posições? ✅ SIM
2025-11-05 03:03:37,657 - INFO - 💹 ETHUSDT: 3326.01000000 USDT
2025-11-05 03:03:37,657 - INFO - 📊 Análise Est.4:
2025-11-05 03:03:37,657 - INFO -    Preço: 3326.01 | MA21: 3329.22 | RSI: 23.34
2025-11-05 03:03:37,657 - INFO -    Preço > MA21? ❌ NÃO
2025-11-05 03:03:37,657 - INFO -    RSI < 70.0? ✅ SIM
2025-11-05 03:03:37,657 - INFO -    Sem posições? ✅ SIM
2025-11-05 03:04:07,944 - INFO - 💹 ETHUSDT: 3324.55000000 USDT
2025-11-05 03:04:07,944 - INFO - 📊 Análise Est.4:
2025-11-05 03:04:07,944 - INFO -    Preço: 3324.55 | MA21: 3329.15 | RSI: 22.27
2025-11-05 03:04:07,944 - INFO -    Preço > MA21? ❌ NÃO
2025-11-05 03:04:07,944 - INFO -    RSI < 70.0? ✅ SIM
2025-11-05 03:04:07,944 - INFO -    Sem posições? ✅ SIM
2025-11-05 03:04:38,216 - INFO - 💹 ETHUSDT: 3322.02000000 USDT
2025-11-05 03:04:38,216 - INFO - 📊 Análise Est.4:
2025-11-05 03:04:38,216 - INFO -    Preço: 3322.02 | MA21: 3328.48 | RSI: 34.16
2025-11-05 03:04:38,216 - INFO -    Preço > MA21? ❌ NÃO
2025-11-05 03:04:38,216 - INFO -    RSI < 70.0? ✅ SIM
2025-11-05 03:04:38,216 - INFO -    Sem posições? ✅ SIM
2025-11-05 03:05:08,498 - INFO - 💹 ETHUSDT: 3310.35000000 USDT
2025-11-05 03:05:08,501 - INFO - 📊 Análise Est.4:
2025-11-05 03:05:08,501 - INFO -    Preço: 3310.35 | MA21: 3327.93 | RSI: 22.88
2025-11-05 03:05:08,501 - INFO -    Preço > MA21? ❌ NÃO
2025-11-05 03:05:08,501 - INFO -    RSI < 70.0? ✅ SIM
2025-11-05 03:05:08,501 - INFO -    Sem posições? ✅ SIM
2025-11-05 03:05:38,780 - INFO - 💹 ETHUSDT: 3306.33000000 USDT
2025-11-05 03:05:38,781 - INFO - 📊 Análise Est.4:
2025-11-05 03:05:38,781 - INFO -    Preço: 3306.33 | MA21: 3327.18 | RSI: 21.33
2025-11-05 03:05:38,782 - INFO -    Preço > MA21? ❌ NÃO
2025-11-05 03:05:38,782 - INFO -    RSI < 70.0? ✅ SIM
2025-11-05 03:05:38,782 - INFO -    Sem posições? ✅ SIM
2025-11-05 03:06:09,070 - INFO - 💹 ETHUSDT: 3321.76000000 USDT
2025-11-05 03:06:09,070 - INFO - 📊 Análise Est.4:
2025-11-05 03:06:09,070 - INFO -    Preço: 3321.76 | MA21: 3327.91 | RSI: 36.30
2025-11-05 03:06:09,070 - INFO -    Preço > MA21? ❌ NÃO
2025-11-05 03:06:09,070 - INFO -    RSI < 70.0? ✅ SIM
2025-11-05 03:06:09,070 - INFO -    Sem posições? ✅ SIM
2025-11-05 03:06:39,349 - INFO - 💹 ETHUSDT: 3321.56000000 USDT
2025-11-05 03:06:39,349 - INFO - 📊 Análise Est.4:
2025-11-05 03:06:39,349 - INFO -    Preço: 3321.56 | MA21: 3327.36 | RSI: 35.90
2025-11-05 03:06:39,349 - INFO -    Preço > MA21? ❌ NÃO
2025-11-05 03:06:39,349 - INFO -    RSI < 70.0? ✅ SIM
2025-11-05 03:06:39,349 - INFO -    Sem posições? ✅ SIM
2025-11-05 03:07:09,632 - INFO - 💹 ETHUSDT: 3319.60000000 USDT
2025-11-05 03:07:09,634 - INFO - 📊 Análise Est.4:
2025-11-05 03:07:09,634 - INFO -    Preço: 3319.60 | MA21: 3327.26 | RSI: 33.09
2025-11-05 03:07:09,634 - INFO -    Preço > MA21? ❌ NÃO
2025-11-05 03:07:09,634 - INFO -    RSI < 70.0? ✅ SIM
2025-11-05 03:07:09,634 - INFO -    Sem posições? ✅ SIM
2025-11-05 03:07:39,900 - INFO - 💹 ETHUSDT: 3320.97000000 USDT
2025-11-05 03:07:39,900 - INFO - 📊 Análise Est.4:
2025-11-05 03:07:39,900 - INFO -    Preço: 3320.97 | MA21: 3326.79 | RSI: 31.59
2025-11-05 03:07:39,900 - INFO -    Preço > MA21? ❌ NÃO
2025-11-05 03:07:39,900 - INFO -    RSI < 70.0? ✅ SIM
2025-11-05 03:07:39,900 - INFO -    Sem posições? ✅ SIM
2025-11-05 03:08:10,189 - INFO - 💹 ETHUSDT: 3321.12000000 USDT
2025-11-05 03:08:10,189 - INFO - 📊 Análise Est.4:
2025-11-05 03:08:10,189 - INFO -    Preço: 3321.12 | MA21: 3326.80 | RSI: 32.01
2025-11-05 03:08:10,189 - INFO -    Preço > MA21? ❌ NÃO
2025-11-05 03:08:10,189 - INFO -    RSI < 70.0? ✅ SIM
2025-11-05 03:08:10,189 - INFO -    Sem posições? ✅ SIM
2025-11-05 03:08:40,467 - INFO - 💹 ETHUSDT: 3320.80000000 USDT
2025-11-05 03:08:40,467 - INFO - 📊 Análise Est.4:
2025-11-05 03:08:40,467 - INFO -    Preço: 3320.80 | MA21: 3326.31 | RSI: 35.00
2025-11-05 03:08:40,467 - INFO -    Preço > MA21? ❌ NÃO
2025-11-05 03:08:40,467 - INFO -    RSI < 70.0? ✅ SIM
2025-11-05 03:08:40,467 - INFO -    Sem posições? ✅ SIM
2025-11-05 03:09:10,750 - INFO - 💹 ETHUSDT: 3314.26000000 USDT
2025-11-05 03:09:10,750 - INFO - 📊 Análise Est.4:
2025-11-05 03:09:10,750 - INFO -    Preço: 3314.26 | MA21: 3326.00 | RSI: 27.14
2025-11-05 03:09:10,750 - INFO -    Preço > MA21? ❌ NÃO
2025-11-05 03:09:10,750 - INFO -    RSI < 70.0? ✅ SIM
2025-11-05 03:09:10,750 - INFO -    Sem posições? ✅ SIM
2025-11-05 03:09:41,020 - INFO - 💹 ETHUSDT: 3316.40000000 USDT
2025-11-05 03:09:41,020 - INFO - 📊 Análise Est.4:
2025-11-05 03:09:41,020 - INFO -    Preço: 3316.40 | MA21: 3325.49 | RSI: 33.48
2025-11-05 03:09:41,020 - INFO -    Preço > MA21? ❌ NÃO
2025-11-05 03:09:41,020 - INFO -    RSI < 70.0? ✅ SIM
2025-11-05 03:09:41,020 - INFO -    Sem posições? ✅ SIM
2025-11-05 03:10:11,298 - INFO - 💹 ETHUSDT: 3319.99000000 USDT
2025-11-05 03:10:11,298 - INFO - 📊 Análise Est.4:
2025-11-05 03:10:11,298 - INFO -    Preço: 3319.99 | MA21: 3325.66 | RSI: 40.59
2025-11-05 03:10:11,298 - INFO -    Preço > MA21? ❌ NÃO
2025-11-05 03:10:11,298 - INFO -    RSI < 70.0? ✅ SIM
2025-11-05 03:10:11,298 - INFO -    Sem posições? ✅ SIM
2025-11-05 03:10:41,578 - INFO - 💹 ETHUSDT: 3319.97000000 USDT
2025-11-05 03:10:41,580 - INFO - 📊 Análise Est.4:
2025-11-05 03:10:41,580 - INFO -    Preço: 3319.97 | MA21: 3324.49 | RSI: 36.06
2025-11-05 03:10:41,580 - INFO -    Preço > MA21? ❌ NÃO
2025-11-05 03:10:41,580 - INFO -    RSI < 70.0? ✅ SIM
2025-11-05 03:10:41,580 - INFO -    Sem posições? ✅ SIM
2025-11-05 03:11:11,856 - INFO - 💹 ETHUSDT: 3320.35000000 USDT
2025-11-05 03:11:11,856 - INFO - 📊 Análise Est.4:
2025-11-05 03:11:11,856 - INFO -    Preço: 3320.35 | MA21: 3324.50 | RSI: 36.81
2025-11-05 03:11:11,856 - INFO -    Preço > MA21? ❌ NÃO
2025-11-05 03:11:11,856 - INFO -    RSI < 70.0? ✅ SIM
2025-11-05 03:11:11,856 - INFO -    Sem posições? ✅ SIM
2025-11-05 03:11:42,128 - INFO - 💹 ETHUSDT: 3319.96000000 USDT
2025-11-05 03:11:42,128 - INFO - 📊 Análise Est.4:
2025-11-05 03:11:42,128 - INFO -    Preço: 3319.96 | MA21: 3324.05 | RSI: 37.35
2025-11-05 03:11:42,128 - INFO -    Preço > MA21? ❌ NÃO
2025-11-05 03:11:42,128 - INFO -    RSI < 70.0? ✅ SIM
2025-11-05 03:11:42,128 - INFO -    Sem posições? ✅ SIM
2025-11-05 03:12:12,388 - INFO - 💹 ETHUSDT: 3316.74000000 USDT
2025-11-05 03:12:12,404 - INFO - 📊 Análise Est.4:
2025-11-05 03:12:12,404 - INFO -    Preço: 3316.74 | MA21: 3323.90 | RSI: 33.85
2025-11-05 03:12:12,404 - INFO -    Preço > MA21? ❌ NÃO
2025-11-05 03:12:12,404 - INFO -    RSI < 70.0? ✅ SIM
2025-11-05 03:12:12,404 - INFO -    Sem posições? ✅ SIM
2025-11-05 03:12:42,686 - INFO - 💹 ETHUSDT: 3317.43000000 USDT
2025-11-05 03:12:42,686 - INFO - 📊 Análise Est.4:
2025-11-05 03:12:42,686 - INFO -    Preço: 3317.43 | MA21: 3323.39 | RSI: 37.45
2025-11-05 03:12:42,686 - INFO -    Preço > MA21? ❌ NÃO
2025-11-05 03:12:42,686 - INFO -    RSI < 70.0? ✅ SIM
2025-11-05 03:12:42,686 - INFO -    Sem posições? ✅ SIM
2025-11-05 03:13:12,955 - INFO - 💹 ETHUSDT: 3318.03000000 USDT
2025-11-05 03:13:12,955 - INFO - 📊 Análise Est.4:
2025-11-05 03:13:12,955 - INFO -    Preço: 3318.03 | MA21: 3323.42 | RSI: 38.57
2025-11-05 03:13:12,955 - INFO -    Preço > MA21? ❌ NÃO
2025-11-05 03:13:12,955 - INFO -    RSI < 70.0? ✅ SIM
2025-11-05 03:13:12,955 - INFO -    Sem posições? ✅ SIM
2025-11-05 03:13:43,237 - INFO - 💹 ETHUSDT: 3316.99000000 USDT
2025-11-05 03:13:43,237 - INFO - 📊 Análise Est.4:
2025-11-05 03:13:43,237 - INFO -    Preço: 3316.99 | MA21: 3322.95 | RSI: 37.57
2025-11-05 03:13:43,237 - INFO -    Preço > MA21? ❌ NÃO
2025-11-05 03:13:43,237 - INFO -    RSI < 70.0? ✅ SIM
2025-11-05 03:13:43,237 - INFO -    Sem posições? ✅ SIM
2025-11-05 03:14:13,508 - INFO - 💹 ETHUSDT: 3319.08000000 USDT
2025-11-05 03:14:13,508 - INFO - 📊 Análise Est.4:
2025-11-05 03:14:13,508 - INFO -    Preço: 3319.08 | MA21: 3322.53 | RSI: 44.33
2025-11-05 03:14:13,508 - INFO -    Preço > MA21? ❌ NÃO
2025-11-05 03:14:13,508 - INFO -    RSI < 70.0? ✅ SIM
2025-11-05 03:14:13,508 - INFO -    Sem posições? ✅ SIM
2025-11-05 03:14:43,794 - INFO - 💹 ETHUSDT: 3320.87000000 USDT
2025-11-05 03:14:43,794 - INFO - 📊 Análise Est.4:
2025-11-05 03:14:43,794 - INFO -    Preço: 3320.87 | MA21: 3322.62 | RSI: 47.36
2025-11-05 03:14:43,794 - INFO -    Preço > MA21? ❌ NÃO
2025-11-05 03:14:43,794 - INFO -    RSI < 70.0? ✅ SIM
2025-11-05 03:14:43,794 - INFO -    Sem posições? ✅ SIM
2025-11-05 03:15:14,080 - INFO - 💹 ETHUSDT: 3316.27000000 USDT
2025-11-05 03:15:14,080 - INFO - 📊 Análise Est.4:
2025-11-05 03:15:14,080 - INFO -    Preço: 3316.27 | MA21: 3321.87 | RSI: 36.03
2025-11-05 03:15:14,080 - INFO -    Preço > MA21? ❌ NÃO
2025-11-05 03:15:14,080 - INFO -    RSI < 70.0? ✅ SIM
2025-11-05 03:15:14,080 - INFO -    Sem posições? ✅ SIM
2025-11-05 03:15:44,361 - INFO - 💹 ETHUSDT: 3317.21000000 USDT
2025-11-05 03:15:44,361 - INFO - 📊 Análise Est.4:
2025-11-05 03:15:44,361 - INFO -    Preço: 3317.21 | MA21: 3321.92 | RSI: 37.72
2025-11-05 03:15:44,361 - INFO -    Preço > MA21? ❌ NÃO
2025-11-05 03:15:44,361 - INFO -    RSI < 70.0? ✅ SIM
2025-11-05 03:15:44,361 - INFO -    Sem posições? ✅ SIM
2025-11-05 03:16:14,637 - INFO - 💹 ETHUSDT: 3319.10000000 USDT
2025-11-05 03:16:14,637 - INFO - 📊 Análise Est.4:
2025-11-05 03:16:14,637 - INFO -    Preço: 3319.10 | MA21: 3321.66 | RSI: 39.68
2025-11-05 03:16:14,637 - INFO -    Preço > MA21? ❌ NÃO
2025-11-05 03:16:14,637 - INFO -    RSI < 70.0? ✅ SIM
2025-11-05 03:16:14,637 - INFO -    Sem posições? ✅ SIM
2025-11-05 03:16:44,915 - INFO - 💹 ETHUSDT: 3314.34000000 USDT
2025-11-05 03:16:44,915 - INFO - 📊 Análise Est.4:
2025-11-05 03:16:44,915 - INFO -    Preço: 3314.34 | MA21: 3321.44 | RSI: 34.67
2025-11-05 03:16:44,915 - INFO -    Preço > MA21? ❌ NÃO
2025-11-05 03:16:44,915 - INFO -    RSI < 70.0? ✅ SIM
2025-11-05 03:16:44,915 - INFO -    Sem posições? ✅ SIM
2025-11-05 03:17:15,178 - INFO - 💹 ETHUSDT: 3313.24000000 USDT
2025-11-05 03:17:15,178 - INFO - 📊 Análise Est.4:
2025-11-05 03:17:15,178 - INFO -    Preço: 3313.24 | MA21: 3320.65 | RSI: 34.92
2025-11-05 03:17:15,178 - INFO -    Preço > MA21? ❌ NÃO
2025-11-05 03:17:15,178 - INFO -    RSI < 70.0? ✅ SIM
2025-11-05 03:17:15,178 - INFO -    Sem posições? ✅ SIM
2025-11-05 03:17:45,460 - INFO - 💹 ETHUSDT: 3316.84000000 USDT
2025-11-05 03:17:45,460 - INFO - 📊 Análise Est.4:
2025-11-05 03:17:45,460 - INFO -    Preço: 3316.84 | MA21: 3320.83 | RSI: 40.58
2025-11-05 03:17:45,460 - INFO -    Preço > MA21? ❌ NÃO
2025-11-05 03:17:45,460 - INFO -    RSI < 70.0? ✅ SIM
2025-11-05 03:17:45,460 - INFO -    Sem posições? ✅ SIM
2025-11-05 03:18:15,749 - INFO - 💹 ETHUSDT: 3323.02000000 USDT
2025-11-05 03:18:15,749 - INFO - 📊 Análise Est.4:
2025-11-05 03:18:15,749 - INFO -    Preço: 3323.02 | MA21: 3320.60 | RSI: 51.71
2025-11-05 03:18:15,749 - INFO -    Preço > MA21? ✅ SIM
2025-11-05 03:18:15,749 - INFO -    RSI < 70.0? ✅ SIM
2025-11-05 03:18:15,749 - INFO -    Sem posições? ✅ SIM
2025-11-05 03:18:15,749 - INFO - 🟢 TODAS AS CONDIÇÕES ATENDIDAS - ABRINDO COMPRA!
2025-11-05 03:18:15,749 - INFO - 📈 Abrindo posição COMPRA
2025-11-05 03:18:15,749 - INFO -    Preço: 3323.02000000
2025-11-05 03:18:15,749 - INFO -    Quantidade: 0.00450000
2025-11-05 03:18:15,749 - INFO -    Valor: 15.0 USDT
2025-11-05 03:18:16,009 - INFO - ✅ Ordem executada: 12281723
2025-11-05 03:18:46,291 - INFO - 💹 ETHUSDT: 3329.74000000 USDT
2025-11-05 03:18:46,291 - INFO - 📊 Análise Est.4:
2025-11-05 03:18:46,291 - INFO -    Preço: 3329.74 | MA21: 3320.92 | RSI: 58.11
2025-11-05 03:18:46,291 - INFO -    Preço > MA21? ✅ SIM
2025-11-05 03:18:46,291 - INFO -    RSI < 70.0? ✅ SIM
2025-11-05 03:18:46,291 - INFO -    Sem posições? ❌ NÃO
2025-11-05 03:19:16,564 - INFO - 💹 ETHUSDT: 3449.33000000 USDT
2025-11-05 03:19:16,564 - INFO - 📊 Análise Est.4:
2025-11-05 03:19:16,564 - INFO -    Preço: 3449.33 | MA21: 3326.99 | RSI: 87.50
2025-11-05 03:19:16,564 - INFO -    Preço > MA21? ✅ SIM
2025-11-05 03:19:16,564 - INFO -    RSI < 70.0? ❌ NÃO
2025-11-05 03:19:16,564 - INFO -    Sem posições? ❌ NÃO
2025-11-05 03:19:16,564 - INFO - 🎯 Take Profit atingido! Preço: 3449.33000000
2025-11-05 03:19:16,564 - INFO - 🔄 Fechando posição COMPRA
2025-11-05 03:19:16,830 - INFO - ✅ Lucro: 0.57 USDT
2025-11-05 03:19:16,830 - INFO - ------------------------------------------------------------
2025-11-05 03:19:16,830 - INFO - 📊 ESTATÍSTICAS
2025-11-05 03:19:16,830 - INFO -    Total de trades: 16
2025-11-05 03:19:16,830 - INFO -    Trades vencedores: 12
2025-11-05 03:19:16,830 - INFO -    Win Rate: 75.0%
2025-11-05 03:19:16,830 - INFO -    Lucro diário: 3.25 USDT
2025-11-05 03:19:16,830 - INFO -    Lucro total: 3.25 USDT
2025-11-05 03:19:16,830 - INFO -    Posições abertas: 0
2025-11-05 03:19:16,830 - INFO - ------------------------------------------------------------
2025-11-05 03:19:47,096 - INFO - 💹 ETHUSDT: 3341.60000000 USDT
2025-11-05 03:19:47,096 - INFO - 📊 Análise Est.4:
2025-11-05 03:19:47,096 - INFO -    Preço: 3341.60 | MA21: 3321.86 | RSI: 65.90
2025-11-05 03:19:47,112 - INFO -    Preço > MA21? ✅ SIM
2025-11-05 03:19:47,112 - INFO -    RSI < 70.0? ✅ SIM
2025-11-05 03:19:47,112 - INFO -    Sem posições? ✅ SIM
2025-11-05 03:19:47,112 - INFO - 🟢 TODAS AS CONDIÇÕES ATENDIDAS - ABRINDO COMPRA!
2025-11-05 03:19:47,112 - INFO - 📈 Abrindo posição COMPRA
2025-11-05 03:19:47,112 - INFO -    Preço: 3341.60000000
2025-11-05 03:19:47,112 - INFO -    Quantidade: 0.00450000
2025-11-05 03:19:47,112 - INFO -    Valor: 15.0 USDT
2025-11-05 03:19:47,376 - INFO - ✅ Ordem executada: 12282048
2025-11-05 03:20:17,656 - INFO - 💹 ETHUSDT: 3336.36000000 USDT
2025-11-05 03:20:17,656 - INFO - 📊 Análise Est.4:
2025-11-05 03:20:17,656 - INFO -    Preço: 3336.36 | MA21: 3322.08 | RSI: 65.24
2025-11-05 03:20:17,656 - INFO -    Preço > MA21? ✅ SIM
2025-11-05 03:20:17,656 - INFO -    RSI < 70.0? ✅ SIM
2025-11-05 03:20:17,656 - INFO -    Sem posições? ❌ NÃO
2025-11-05 03:20:47,935 - INFO - 💹 ETHUSDT: 3336.94000000 USDT
2025-11-05 03:20:47,935 - INFO - 📊 Análise Est.4:
2025-11-05 03:20:47,935 - INFO -    Preço: 3336.94 | MA21: 3322.11 | RSI: 65.60
2025-11-05 03:20:47,935 - INFO -    Preço > MA21? ✅ SIM
2025-11-05 03:20:47,935 - INFO -    RSI < 70.0? ✅ SIM
2025-11-05 03:20:47,935 - INFO -    Sem posições? ❌ NÃO
2025-11-05 03:21:18,210 - INFO - 💹 ETHUSDT: 3332.26000000 USDT
2025-11-05 03:21:18,210 - INFO - 📊 Análise Est.4:
2025-11-05 03:21:18,210 - INFO -    Preço: 3332.26 | MA21: 3322.34 | RSI: 59.80
2025-11-05 03:21:18,210 - INFO -    Preço > MA21? ✅ SIM
2025-11-05 03:21:18,210 - INFO -    RSI < 70.0? ✅ SIM
2025-11-05 03:21:18,210 - INFO -    Sem posições? ❌ NÃO
2025-11-05 03:21:48,488 - INFO - 💹 ETHUSDT: 3321.08000000 USDT
2025-11-05 03:21:48,488 - INFO - 📊 Análise Est.4:
2025-11-05 03:21:48,488 - INFO -    Preço: 3321.08 | MA21: 3321.81 | RSI: 49.97
2025-11-05 03:21:48,488 - INFO -    Preço > MA21? ❌ NÃO
2025-11-05 03:21:48,488 - INFO -    RSI < 70.0? ✅ SIM
2025-11-05 03:21:48,488 - INFO -    Sem posições? ❌ NÃO
2025-11-05 03:22:18,752 - INFO - 💹 ETHUSDT: 3323.37000000 USDT
2025-11-05 03:22:18,752 - INFO - 📊 Análise Est.4:
2025-11-05 03:22:18,752 - INFO -    Preço: 3323.37 | MA21: 3321.84 | RSI: 57.73
2025-11-05 03:22:18,752 - INFO -    Preço > MA21? ✅ SIM
2025-11-05 03:22:18,752 - INFO -    RSI < 70.0? ✅ SIM
2025-11-05 03:22:18,752 - INFO -    Sem posições? ❌ NÃO
2025-11-05 03:22:49,040 - INFO - 💹 ETHUSDT: 3325.27000000 USDT
2025-11-05 03:22:49,040 - INFO - 📊 Análise Est.4:
2025-11-05 03:22:49,040 - INFO -    Preço: 3325.27 | MA21: 3321.93 | RSI: 59.05
2025-11-05 03:22:49,040 - INFO -    Preço > MA21? ✅ SIM
2025-11-05 03:22:49,040 - INFO -    RSI < 70.0? ✅ SIM
2025-11-05 03:22:49,040 - INFO -    Sem posições? ❌ NÃO
2025-11-05 03:23:19,310 - INFO - 💹 ETHUSDT: 3323.03000000 USDT
2025-11-05 03:23:19,310 - INFO - 📊 Análise Est.4:
2025-11-05 03:23:19,310 - INFO -    Preço: 3323.03 | MA21: 3321.69 | RSI: 52.84
2025-11-05 03:23:19,310 - INFO -    Preço > MA21? ✅ SIM
2025-11-05 03:23:19,310 - INFO -    RSI < 70.0? ✅ SIM
2025-11-05 03:23:19,310 - INFO -    Sem posições? ❌ NÃO
2025-11-05 03:23:49,588 - INFO - 💹 ETHUSDT: 3322.82000000 USDT
2025-11-05 03:23:49,588 - INFO - 📊 Análise Est.4:
2025-11-05 03:23:49,588 - INFO -    Preço: 3322.82 | MA21: 3321.68 | RSI: 52.63
2025-11-05 03:23:49,588 - INFO -    Preço > MA21? ✅ SIM
2025-11-05 03:23:49,588 - INFO -    RSI < 70.0? ✅ SIM
2025-11-05 03:23:49,588 - INFO -    Sem posições? ❌ NÃO
2025-11-05 03:24:19,868 - INFO - 💹 ETHUSDT: 3318.54000000 USDT
2025-11-05 03:24:19,868 - INFO - 📊 Análise Est.4:
2025-11-05 03:24:19,868 - INFO -    Preço: 3318.54 | MA21: 3321.19 | RSI: 48.43
2025-11-05 03:24:19,868 - INFO -    Preço > MA21? ❌ NÃO
2025-11-05 03:24:19,868 - INFO -    RSI < 70.0? ✅ SIM
2025-11-05 03:24:19,868 - INFO -    Sem posições? ❌ NÃO
2025-11-05 03:24:50,143 - INFO - 💹 ETHUSDT: 3323.48000000 USDT
2025-11-05 03:24:50,143 - INFO - 📊 Análise Est.4:
2025-11-05 03:24:50,143 - INFO -    Preço: 3323.48 | MA21: 3321.42 | RSI: 52.50
2025-11-05 03:24:50,143 - INFO -    Preço > MA21? ✅ SIM
2025-11-05 03:24:50,143 - INFO -    RSI < 70.0? ✅ SIM
2025-11-05 03:24:50,143 - INFO -    Sem posições? ❌ NÃO
2025-11-05 03:25:20,410 - INFO - 💹 ETHUSDT: 3325.24000000 USDT
2025-11-05 03:25:20,410 - INFO - 📊 Análise Est.4:
2025-11-05 03:25:20,410 - INFO -    Preço: 3325.24 | MA21: 3321.68 | RSI: 57.00
2025-11-05 03:25:20,410 - INFO -    Preço > MA21? ✅ SIM
2025-11-05 03:25:20,410 - INFO -    RSI < 70.0? ✅ SIM
2025-11-05 03:25:20,410 - INFO -    Sem posições? ❌ NÃO
2025-11-05 03:25:50,707 - INFO - 💹 ETHUSDT: 3321.61000000 USDT
2025-11-05 03:25:50,707 - INFO - 📊 Análise Est.4:
2025-11-05 03:25:50,707 - INFO -    Preço: 3321.61 | MA21: 3321.51 | RSI: 53.79
2025-11-05 03:25:50,707 - INFO -    Preço > MA21? ✅ SIM
2025-11-05 03:25:50,709 - INFO -    RSI < 70.0? ✅ SIM
2025-11-05 03:25:50,709 - INFO -    Sem posições? ❌ NÃO
2025-11-05 03:26:20,983 - INFO - 💹 ETHUSDT: 3321.56000000 USDT
2025-11-05 03:26:20,983 - INFO - 📊 Análise Est.4:
2025-11-05 03:26:20,983 - INFO -    Preço: 3321.56 | MA21: 3321.56 | RSI: 51.77
2025-11-05 03:26:20,983 - INFO -    Preço > MA21? ✅ SIM
2025-11-05 03:26:20,983 - INFO -    RSI < 70.0? ✅ SIM
2025-11-05 03:26:20,983 - INFO -    Sem posições? ❌ NÃO
2025-11-05 03:26:51,283 - INFO - 💹 ETHUSDT: 3320.93000000 USDT
2025-11-05 03:26:51,283 - INFO - 📊 Análise Est.4:
2025-11-05 03:26:51,283 - INFO -    Preço: 3320.93 | MA21: 3321.53 | RSI: 51.24
2025-11-05 03:26:51,283 - INFO -    Preço > MA21? ❌ NÃO
2025-11-05 03:26:51,283 - INFO -    RSI < 70.0? ✅ SIM
2025-11-05 03:26:51,283 - INFO -    Sem posições? ❌ NÃO
2025-11-05 03:27:21,551 - INFO - 💹 ETHUSDT: 3321.33000000 USDT
2025-11-05 03:27:21,551 - INFO - 📊 Análise Est.4:
2025-11-05 03:27:21,551 - INFO -    Preço: 3321.33 | MA21: 3321.63 | RSI: 51.82
2025-11-05 03:27:21,551 - INFO -    Preço > MA21? ❌ NÃO
2025-11-05 03:27:21,551 - INFO -    RSI < 70.0? ✅ SIM
2025-11-05 03:27:21,551 - INFO -    Sem posições? ❌ NÃO
2025-11-05 03:27:51,831 - INFO - 💹 ETHUSDT: 3321.94000000 USDT
2025-11-05 03:27:51,831 - INFO - 📊 Análise Est.4:
2025-11-05 03:27:51,831 - INFO -    Preço: 3321.94 | MA21: 3321.66 | RSI: 52.29
2025-11-05 03:27:51,831 - INFO -    Preço > MA21? ✅ SIM
2025-11-05 03:27:51,831 - INFO -    RSI < 70.0? ✅ SIM
2025-11-05 03:27:51,831 - INFO -    Sem posições? ❌ NÃO
2025-11-05 03:28:22,109 - INFO - 💹 ETHUSDT: 3321.23000000 USDT
2025-11-05 03:28:22,109 - INFO - 📊 Análise Est.4:
2025-11-05 03:28:22,109 - INFO -    Preço: 3321.23 | MA21: 3321.63 | RSI: 54.01
2025-11-05 03:28:22,109 - INFO -    Preço > MA21? ❌ NÃO
2025-11-05 03:28:22,109 - INFO -    RSI < 70.0? ✅ SIM
2025-11-05 03:28:22,109 - INFO -    Sem posições? ❌ NÃO
2025-11-05 03:28:52,388 - INFO - 💹 ETHUSDT: 3321.66000000 USDT
2025-11-05 03:28:52,388 - INFO - 📊 Análise Est.4:
2025-11-05 03:28:52,388 - INFO -    Preço: 3321.66 | MA21: 3321.65 | RSI: 54.34
2025-11-05 03:28:52,388 - INFO -    Preço > MA21? ✅ SIM
2025-11-05 03:28:52,388 - INFO -    RSI < 70.0? ✅ SIM
2025-11-05 03:28:52,388 - INFO -    Sem posições? ❌ NÃO
2025-11-05 03:29:22,672 - INFO - 💹 ETHUSDT: 3303.56000000 USDT
2025-11-05 03:29:22,672 - INFO - 📊 Análise Est.4:
2025-11-05 03:29:22,672 - INFO -    Preço: 3303.56 | MA21: 3321.12 | RSI: 39.53
2025-11-05 03:29:22,672 - INFO -    Preço > MA21? ❌ NÃO
2025-11-05 03:29:22,672 - INFO -    RSI < 70.0? ✅ SIM
2025-11-05 03:29:22,672 - INFO -    Sem posições? ❌ NÃO
2025-11-05 03:29:52,960 - INFO - 💹 ETHUSDT: 3324.87000000 USDT
2025-11-05 03:29:52,960 - INFO - 📊 Análise Est.4:
2025-11-05 03:29:52,960 - INFO -    Preço: 3324.87 | MA21: 3322.13 | RSI: 54.79
2025-11-05 03:29:52,962 - INFO -    Preço > MA21? ✅ SIM
2025-11-05 03:29:52,962 - INFO -    RSI < 70.0? ✅ SIM
2025-11-05 03:29:52,962 - INFO -    Sem posições? ❌ NÃO
2025-11-05 03:30:23,233 - INFO - 💹 ETHUSDT: 3325.15000000 USDT
2025-11-05 03:30:23,233 - INFO - 📊 Análise Est.4:
2025-11-05 03:30:23,233 - INFO -    Preço: 3325.15 | MA21: 3322.42 | RSI: 60.51
2025-11-05 03:30:23,233 - INFO -    Preço > MA21? ✅ SIM
2025-11-05 03:30:23,233 - INFO -    RSI < 70.0? ✅ SIM
2025-11-05 03:30:23,233 - INFO -    Sem posições? ❌ NÃO
2025-11-05 03:30:53,501 - INFO - 💹 ETHUSDT: 3326.43000000 USDT
2025-11-05 03:30:53,501 - INFO - 📊 Análise Est.4:
2025-11-05 03:30:53,501 - INFO -    Preço: 3326.43 | MA21: 3322.48 | RSI: 61.66
2025-11-05 03:30:53,501 - INFO -    Preço > MA21? ✅ SIM
2025-11-05 03:30:53,501 - INFO -    RSI < 70.0? ✅ SIM
2025-11-05 03:30:53,501 - INFO -    Sem posições? ❌ NÃO
2025-11-05 03:31:23,784 - INFO - 💹 ETHUSDT: 3326.61000000 USDT
2025-11-05 03:31:23,784 - INFO - 📊 Análise Est.4:
2025-11-05 03:31:23,784 - INFO -    Preço: 3326.61 | MA21: 3322.78 | RSI: 59.17
2025-11-05 03:31:23,784 - INFO -    Preço > MA21? ✅ SIM
2025-11-05 03:31:23,784 - INFO -    RSI < 70.0? ✅ SIM
2025-11-05 03:31:23,784 - INFO -    Sem posições? ❌ NÃO
2025-11-05 03:31:54,073 - INFO - 💹 ETHUSDT: 3325.21000000 USDT
2025-11-05 03:31:54,073 - INFO - 📊 Análise Est.4:
2025-11-05 03:31:54,073 - INFO -    Preço: 3325.21 | MA21: 3322.72 | RSI: 57.69
2025-11-05 03:31:54,073 - INFO -    Preço > MA21? ✅ SIM
2025-11-05 03:31:54,073 - INFO -    RSI < 70.0? ✅ SIM
2025-11-05 03:31:54,073 - INFO -    Sem posições? ❌ NÃO
2025-11-05 03:32:24,366 - INFO - 💹 ETHUSDT: 3326.97000000 USDT
2025-11-05 03:32:24,366 - INFO - 📊 Análise Est.4:
2025-11-05 03:32:24,366 - INFO -    Preço: 3326.97 | MA21: 3323.16 | RSI: 41.99
2025-11-05 03:32:24,366 - INFO -    Preço > MA21? ✅ SIM
2025-11-05 03:32:24,366 - INFO -    RSI < 70.0? ✅ SIM
2025-11-05 03:32:24,366 - INFO -    Sem posições? ❌ NÃO
2025-11-05 03:32:54,645 - INFO - 💹 ETHUSDT: 3326.99000000 USDT
2025-11-05 03:32:54,645 - INFO - 📊 Análise Est.4:
2025-11-05 03:32:54,645 - INFO -    Preço: 3326.99 | MA21: 3323.16 | RSI: 42.01
2025-11-05 03:32:54,645 - INFO -    Preço > MA21? ✅ SIM
2025-11-05 03:32:54,645 - INFO -    RSI < 70.0? ✅ SIM
2025-11-05 03:32:54,645 - INFO -    Sem posições? ❌ NÃO
2025-11-05 03:33:24,913 - INFO - 💹 ETHUSDT: 3327.66000000 USDT
2025-11-05 03:33:24,913 - INFO - 📊 Análise Est.4:
2025-11-05 03:33:24,913 - INFO -    Preço: 3327.66 | MA21: 3323.59 | RSI: 39.25
2025-11-05 03:33:24,913 - INFO -    Preço > MA21? ✅ SIM
2025-11-05 03:33:24,913 - INFO -    RSI < 70.0? ✅ SIM
2025-11-05 03:33:24,913 - INFO -    Sem posições? ❌ NÃO
2025-11-05 03:33:55,198 - INFO - 💹 ETHUSDT: 3329.49000000 USDT
2025-11-05 03:33:55,200 - INFO - 📊 Análise Est.4:
2025-11-05 03:33:55,200 - INFO -    Preço: 3329.49 | MA21: 3323.68 | RSI: 41.99
2025-11-05 03:33:55,200 - INFO -    Preço > MA21? ✅ SIM
2025-11-05 03:33:55,200 - INFO -    RSI < 70.0? ✅ SIM
2025-11-05 03:33:55,200 - INFO -    Sem posições? ❌ NÃO
2025-11-05 03:34:25,478 - INFO - 💹 ETHUSDT: 3329.99000000 USDT
2025-11-05 03:34:25,478 - INFO - 📊 Análise Est.4:
2025-11-05 03:34:25,478 - INFO -    Preço: 3329.99 | MA21: 3324.20 | RSI: 46.97
2025-11-05 03:34:25,478 - INFO -    Preço > MA21? ✅ SIM
2025-11-05 03:34:25,478 - INFO -    RSI < 70.0? ✅ SIM
2025-11-05 03:34:25,478 - INFO -    Sem posições? ❌ NÃO
2025-11-05 03:34:55,758 - INFO - 💹 ETHUSDT: 3329.99000000 USDT
2025-11-05 03:34:55,758 - INFO - 📊 Análise Est.4:
2025-11-05 03:34:55,759 - INFO -    Preço: 3329.99 | MA21: 3324.20 | RSI: 46.97
2025-11-05 03:34:55,759 - INFO -    Preço > MA21? ✅ SIM
2025-11-05 03:34:55,759 - INFO -    RSI < 70.0? ✅ SIM
2025-11-05 03:34:55,759 - INFO -    Sem posições? ❌ NÃO
2025-11-05 03:35:26,038 - INFO - 💹 ETHUSDT: 3331.09000000 USDT
2025-11-05 03:35:26,038 - INFO - 📊 Análise Est.4:
2025-11-05 03:35:26,038 - INFO -    Preço: 3331.09 | MA21: 3324.93 | RSI: 63.04
2025-11-05 03:35:26,038 - INFO -    Preço > MA21? ✅ SIM
2025-11-05 03:35:26,040 - INFO -    RSI < 70.0? ✅ SIM
2025-11-05 03:35:26,040 - INFO -    Sem posições? ❌ NÃO
2025-11-05 03:35:56,318 - INFO - 💹 ETHUSDT: 3331.66000000 USDT
2025-11-05 03:35:56,318 - INFO - 📊 Análise Est.4:
2025-11-05 03:35:56,318 - INFO -    Preço: 3331.66 | MA21: 3324.96 | RSI: 63.74
2025-11-05 03:35:56,318 - INFO -    Preço > MA21? ✅ SIM
2025-11-05 03:35:56,318 - INFO -    RSI < 70.0? ✅ SIM
2025-11-05 03:35:56,318 - INFO -    Sem posições? ❌ NÃO
2025-11-05 03:36:26,603 - INFO - 💹 ETHUSDT: 3331.11000000 USDT
2025-11-05 03:36:26,604 - INFO - 📊 Análise Est.4:
2025-11-05 03:36:26,604 - INFO -    Preço: 3331.11 | MA21: 3325.54 | RSI: 63.24
2025-11-05 03:36:26,604 - INFO -    Preço > MA21? ✅ SIM
2025-11-05 03:36:26,604 - INFO -    RSI < 70.0? ✅ SIM
2025-11-05 03:36:26,604 - INFO -    Sem posições? ❌ NÃO
2025-11-05 03:36:56,883 - INFO - 💹 ETHUSDT: 3331.39000000 USDT
2025-11-05 03:36:56,883 - INFO - 📊 Análise Est.4:
2025-11-05 03:36:56,883 - INFO -    Preço: 3331.39 | MA21: 3325.55 | RSI: 63.82
2025-11-05 03:36:56,883 - INFO -    Preço > MA21? ✅ SIM
2025-11-05 03:36:56,883 - INFO -    RSI < 70.0? ✅ SIM
2025-11-05 03:36:56,883 - INFO -    Sem posições? ❌ NÃO
2025-11-05 03:37:27,168 - INFO - 💹 ETHUSDT: 3330.88000000 USDT
2025-11-05 03:37:27,168 - INFO - 📊 Análise Est.4:
2025-11-05 03:37:27,168 - INFO -    Preço: 3330.88 | MA21: 3326.38 | RSI: 73.50
2025-11-05 03:37:27,168 - INFO -    Preço > MA21? ✅ SIM
2025-11-05 03:37:27,168 - INFO -    RSI < 70.0? ❌ NÃO
2025-11-05 03:37:27,168 - INFO -    Sem posições? ❌ NÃO
2025-11-05 03:37:57,434 - INFO - 💹 ETHUSDT: 3330.45000000 USDT
2025-11-05 03:37:57,434 - INFO - 📊 Análise Est.4:
2025-11-05 03:37:57,434 - INFO -    Preço: 3330.45 | MA21: 3326.36 | RSI: 72.31
2025-11-05 03:37:57,434 - INFO -    Preço > MA21? ✅ SIM
2025-11-05 03:37:57,434 - INFO -    RSI < 70.0? ❌ NÃO
2025-11-05 03:37:57,434 - INFO -    Sem posições? ❌ NÃO
2025-11-05 03:38:27,714 - INFO - 💹 ETHUSDT: 3330.45000000 USDT
2025-11-05 03:38:27,716 - INFO - 📊 Análise Est.4:
2025-11-05 03:38:27,716 - INFO -    Preço: 3330.45 | MA21: 3327.00 | RSI: 63.11
2025-11-05 03:38:27,716 - INFO -    Preço > MA21? ✅ SIM
2025-11-05 03:38:27,716 - INFO -    RSI < 70.0? ✅ SIM
2025-11-05 03:38:27,716 - INFO -    Sem posições? ❌ NÃO
2025-11-05 03:38:57,981 - INFO - 💹 ETHUSDT: 3325.29000000 USDT
2025-11-05 03:38:57,981 - INFO - 📊 Análise Est.4:
2025-11-05 03:38:57,981 - INFO -    Preço: 3325.29 | MA21: 3326.75 | RSI: 50.18
2025-11-05 03:38:57,981 - INFO -    Preço > MA21? ❌ NÃO
2025-11-05 03:38:57,981 - INFO -    RSI < 70.0? ✅ SIM
2025-11-05 03:38:57,981 - INFO -    Sem posições? ❌ NÃO
2025-11-05 03:39:28,266 - INFO - 💹 ETHUSDT: 3321.31000000 USDT
2025-11-05 03:39:28,266 - INFO - 📊 Análise Est.4:
2025-11-05 03:39:28,266 - INFO -    Preço: 3321.31 | MA21: 3326.05 | RSI: 47.06
2025-11-05 03:39:28,266 - INFO -    Preço > MA21? ❌ NÃO
2025-11-05 03:39:28,266 - INFO -    RSI < 70.0? ✅ SIM
2025-11-05 03:39:28,266 - INFO -    Sem posições? ❌ NÃO
2025-11-05 03:39:58,544 - INFO - 💹 ETHUSDT: 3321.00000000 USDT
2025-11-05 03:39:58,544 - INFO - 📊 Análise Est.4:
2025-11-05 03:39:58,544 - INFO -    Preço: 3321.00 | MA21: 3326.04 | RSI: 46.52
2025-11-05 03:39:58,544 - INFO -    Preço > MA21? ❌ NÃO
2025-11-05 03:39:58,544 - INFO -    RSI < 70.0? ✅ SIM
2025-11-05 03:39:58,544 - INFO -    Sem posições? ❌ NÃO
2025-11-05 03:40:28,825 - INFO - 💹 ETHUSDT: 3322.65000000 USDT
2025-11-05 03:40:28,825 - INFO - 📊 Análise Est.4:
2025-11-05 03:40:28,825 - INFO -    Preço: 3322.65 | MA21: 3325.18 | RSI: 51.81
2025-11-05 03:40:28,825 - INFO -    Preço > MA21? ❌ NÃO
2025-11-05 03:40:28,827 - INFO -    RSI < 70.0? ✅ SIM
2025-11-05 03:40:28,827 - INFO -    Sem posições? ❌ NÃO
2025-11-05 03:40:59,101 - INFO - 💹 ETHUSDT: 3321.99000000 USDT
2025-11-05 03:40:59,101 - INFO - 📊 Análise Est.4:
2025-11-05 03:40:59,101 - INFO -    Preço: 3321.99 | MA21: 3325.15 | RSI: 50.92
2025-11-05 03:40:59,101 - INFO -    Preço > MA21? ❌ NÃO
2025-11-05 03:40:59,101 - INFO -    RSI < 70.0? ✅ SIM
2025-11-05 03:40:59,101 - INFO -    Sem posições? ❌ NÃO
2025-11-05 03:41:29,399 - INFO - 💹 ETHUSDT: 3324.27000000 USDT
2025-11-05 03:41:29,399 - INFO - 📊 Análise Est.4:
2025-11-05 03:41:29,399 - INFO -    Preço: 3324.27 | MA21: 3324.73 | RSI: 53.99
2025-11-05 03:41:29,399 - INFO -    Preço > MA21? ❌ NÃO
2025-11-05 03:41:29,399 - INFO -    RSI < 70.0? ✅ SIM
2025-11-05 03:41:29,399 - INFO -    Sem posições? ❌ NÃO
2025-11-05 03:41:59,678 - INFO - 💹 ETHUSDT: 3325.21000000 USDT
2025-11-05 03:41:59,678 - INFO - 📊 Análise Est.4:
2025-11-05 03:41:59,678 - INFO -    Preço: 3325.21 | MA21: 3324.78 | RSI: 55.10
2025-11-05 03:41:59,678 - INFO -    Preço > MA21? ✅ SIM
2025-11-05 03:41:59,678 - INFO -    RSI < 70.0? ✅ SIM
2025-11-05 03:41:59,678 - INFO -    Sem posições? ❌ NÃO
2025-11-05 03:42:29,957 - INFO - 💹 ETHUSDT: 3321.99000000 USDT
2025-11-05 03:42:29,957 - INFO - 📊 Análise Est.4:
2025-11-05 03:42:29,957 - INFO -    Preço: 3321.99 | MA21: 3324.63 | RSI: 51.07
2025-11-05 03:42:29,957 - INFO -    Preço > MA21? ❌ NÃO
2025-11-05 03:42:29,957 - INFO -    RSI < 70.0? ✅ SIM
2025-11-05 03:42:29,957 - INFO -    Sem posições? ❌ NÃO
2025-11-05 03:43:00,236 - INFO - 💹 ETHUSDT: 3322.11000000 USDT
2025-11-05 03:43:00,236 - INFO - 📊 Análise Est.4:
2025-11-05 03:43:00,236 - INFO -    Preço: 3322.11 | MA21: 3324.64 | RSI: 51.23
2025-11-05 03:43:00,236 - INFO -    Preço > MA21? ❌ NÃO
2025-11-05 03:43:00,236 - INFO -    RSI < 70.0? ✅ SIM
2025-11-05 03:43:00,236 - INFO -    Sem posições? ❌ NÃO
2025-11-05 03:43:30,512 - INFO - 💹 ETHUSDT: 3322.56000000 USDT
2025-11-05 03:43:30,513 - INFO - 📊 Análise Est.4:
2025-11-05 03:43:30,513 - INFO -    Preço: 3322.56 | MA21: 3324.62 | RSI: 45.27
2025-11-05 03:43:30,513 - INFO -    Preço > MA21? ❌ NÃO
2025-11-05 03:43:30,513 - INFO -    RSI < 70.0? ✅ SIM
2025-11-05 03:43:30,513 - INFO -    Sem posições? ❌ NÃO
2025-11-05 03:44:00,792 - INFO - 💹 ETHUSDT: 3324.09000000 USDT
2025-11-05 03:44:00,792 - INFO - 📊 Análise Est.4:
2025-11-05 03:44:00,792 - INFO -    Preço: 3324.09 | MA21: 3324.69 | RSI: 47.60
2025-11-05 03:44:00,792 - INFO -    Preço > MA21? ❌ NÃO
2025-11-05 03:44:00,792 - INFO -    RSI < 70.0? ✅ SIM
2025-11-05 03:44:00,792 - INFO -    Sem posições? ❌ NÃO
2025-11-05 03:44:31,070 - INFO - 💹 ETHUSDT: 3327.56000000 USDT
2025-11-05 03:44:31,070 - INFO - 📊 Análise Est.4:
2025-11-05 03:44:31,070 - INFO -    Preço: 3327.56 | MA21: 3325.19 | RSI: 51.45
2025-11-05 03:44:31,070 - INFO -    Preço > MA21? ✅ SIM
2025-11-05 03:44:31,070 - INFO -    RSI < 70.0? ✅ SIM
2025-11-05 03:44:31,070 - INFO -    Sem posições? ❌ NÃO
2025-11-05 03:45:01,341 - INFO - 💹 ETHUSDT: 3327.82000000 USDT
2025-11-05 03:45:01,341 - INFO - 📊 Análise Est.4:
2025-11-05 03:45:01,341 - INFO -    Preço: 3327.82 | MA21: 3325.20 | RSI: 51.78
2025-11-05 03:45:01,341 - INFO -    Preço > MA21? ✅ SIM
2025-11-05 03:45:01,341 - INFO -    RSI < 70.0? ✅ SIM
2025-11-05 03:45:01,341 - INFO -    Sem posições? ❌ NÃO
2025-11-05 03:45:31,621 - INFO - 💹 ETHUSDT: 3324.06000000 USDT
2025-11-05 03:45:31,621 - INFO - 📊 Análise Est.4:
2025-11-05 03:45:31,621 - INFO -    Preço: 3324.06 | MA21: 3325.10 | RSI: 49.64
2025-11-05 03:45:31,621 - INFO -    Preço > MA21? ❌ NÃO
2025-11-05 03:45:31,621 - INFO -    RSI < 70.0? ✅ SIM
2025-11-05 03:45:31,621 - INFO -    Sem posições? ❌ NÃO
2025-11-05 03:46:01,885 - INFO - 💹 ETHUSDT: 3323.58000000 USDT
2025-11-05 03:46:01,885 - INFO - 📊 Análise Est.4:
2025-11-05 03:46:01,885 - INFO -    Preço: 3323.58 | MA21: 3325.08 | RSI: 49.03
2025-11-05 03:46:01,885 - INFO -    Preço > MA21? ❌ NÃO
2025-11-05 03:46:01,885 - INFO -    RSI < 70.0? ✅ SIM
2025-11-05 03:46:01,885 - INFO -    Sem posições? ❌ NÃO
2025-11-05 03:46:32,159 - INFO - 💹 ETHUSDT: 3323.31000000 USDT
2025-11-05 03:46:32,159 - INFO - 📊 Análise Est.4:
2025-11-05 03:46:32,159 - INFO -    Preço: 3323.31 | MA21: 3325.10 | RSI: 44.00
2025-11-05 03:46:32,175 - INFO -    Preço > MA21? ❌ NÃO
2025-11-05 03:46:32,175 - INFO -    RSI < 70.0? ✅ SIM
2025-11-05 03:46:32,175 - INFO -    Sem posições? ❌ NÃO
2025-11-05 03:47:02,452 - INFO - 💹 ETHUSDT: 3325.20000000 USDT
2025-11-05 03:47:02,454 - INFO - 📊 Análise Est.4:
2025-11-05 03:47:02,454 - INFO -    Preço: 3325.20 | MA21: 3325.19 | RSI: 46.73
2025-11-05 03:47:02,454 - INFO -    Preço > MA21? ✅ SIM
2025-11-05 03:47:02,454 - INFO -    RSI < 70.0? ✅ SIM
2025-11-05 03:47:02,454 - INFO -    Sem posições? ❌ NÃO
2025-11-05 03:47:32,729 - INFO - 💹 ETHUSDT: 3324.02000000 USDT
2025-11-05 03:47:32,729 - INFO - 📊 Análise Est.4:
2025-11-05 03:47:32,729 - INFO -    Preço: 3324.02 | MA21: 3325.25 | RSI: 42.09
2025-11-05 03:47:32,729 - INFO -    Preço > MA21? ❌ NÃO
2025-11-05 03:47:32,729 - INFO -    RSI < 70.0? ✅ SIM
2025-11-05 03:47:32,731 - INFO -    Sem posições? ❌ NÃO
2025-11-05 03:48:03,003 - INFO - 💹 ETHUSDT: 3324.05000000 USDT
2025-11-05 03:48:03,003 - INFO - 📊 Análise Est.4:
2025-11-05 03:48:03,003 - INFO -    Preço: 3324.05 | MA21: 3325.25 | RSI: 42.14
2025-11-05 03:48:03,003 - INFO -    Preço > MA21? ❌ NÃO
2025-11-05 03:48:03,005 - INFO -    RSI < 70.0? ✅ SIM
2025-11-05 03:48:03,005 - INFO -    Sem posições? ❌ NÃO
2025-11-05 03:48:33,277 - INFO - 💹 ETHUSDT: 3323.49000000 USDT
2025-11-05 03:48:33,279 - INFO - 📊 Análise Est.4:
2025-11-05 03:48:33,279 - INFO -    Preço: 3323.49 | MA21: 3325.36 | RSI: 39.00
2025-11-05 03:48:33,279 - INFO -    Preço > MA21? ❌ NÃO
2025-11-05 03:48:33,279 - INFO -    RSI < 70.0? ✅ SIM
2025-11-05 03:48:33,279 - INFO -    Sem posições? ❌ NÃO
2025-11-05 03:49:03,553 - INFO - 💹 ETHUSDT: 3323.83000000 USDT
2025-11-05 03:49:03,553 - INFO - 📊 Análise Est.4:
2025-11-05 03:49:03,553 - INFO -    Preço: 3323.83 | MA21: 3325.38 | RSI: 39.40
2025-11-05 03:49:03,553 - INFO -    Preço > MA21? ❌ NÃO
2025-11-05 03:49:03,553 - INFO -    RSI < 70.0? ✅ SIM
2025-11-05 03:49:03,553 - INFO -    Sem posições? ❌ NÃO
2025-11-05 03:49:33,829 - INFO - 💹 ETHUSDT: 3323.92000000 USDT
2025-11-05 03:49:33,829 - INFO - 📊 Análise Est.4:
2025-11-05 03:49:33,829 - INFO -    Preço: 3323.92 | MA21: 3325.51 | RSI: 38.09
2025-11-05 03:49:33,829 - INFO -    Preço > MA21? ❌ NÃO
2025-11-05 03:49:33,829 - INFO -    RSI < 70.0? ✅ SIM
2025-11-05 03:49:33,829 - INFO -    Sem posições? ❌ NÃO
2025-11-05 03:50:04,106 - INFO - 💹 ETHUSDT: 3324.99000000 USDT
2025-11-05 03:50:04,106 - INFO - 📊 Análise Est.4:
2025-11-05 03:50:04,106 - INFO -    Preço: 3324.99 | MA21: 3325.56 | RSI: 40.05
2025-11-05 03:50:04,106 - INFO -    Preço > MA21? ❌ NÃO
2025-11-05 03:50:04,106 - INFO -    RSI < 70.0? ✅ SIM
2025-11-05 03:50:04,106 - INFO -    Sem posições? ❌ NÃO
2025-11-05 03:50:34,390 - INFO - 💹 ETHUSDT: 3326.81000000 USDT
2025-11-05 03:50:34,390 - INFO - 📊 Análise Est.4:
2025-11-05 03:50:34,391 - INFO -    Preço: 3326.81 | MA21: 3325.67 | RSI: 43.69
2025-11-05 03:50:34,391 - INFO -    Preço > MA21? ✅ SIM
2025-11-05 03:50:34,391 - INFO -    RSI < 70.0? ✅ SIM
2025-11-05 03:50:34,391 - INFO -    Sem posições? ❌ NÃO
2025-11-05 03:51:04,685 - INFO - 💹 ETHUSDT: 3327.58000000 USDT
2025-11-05 03:51:04,685 - INFO - 📊 Análise Est.4:
2025-11-05 03:51:04,685 - INFO -    Preço: 3327.58 | MA21: 3325.71 | RSI: 44.90
2025-11-05 03:51:04,685 - INFO -    Preço > MA21? ✅ SIM
2025-11-05 03:51:04,685 - INFO -    RSI < 70.0? ✅ SIM
2025-11-05 03:51:04,685 - INFO -    Sem posições? ❌ NÃO
2025-11-05 03:51:34,964 - INFO - 💹 ETHUSDT: 3325.61000000 USDT
2025-11-05 03:51:34,964 - INFO - 📊 Análise Est.4:
2025-11-05 03:51:34,964 - INFO -    Preço: 3325.61 | MA21: 3325.64 | RSI: 43.22
2025-11-05 03:51:34,964 - INFO -    Preço > MA21? ❌ NÃO
2025-11-05 03:51:34,964 - INFO -    RSI < 70.0? ✅ SIM
2025-11-05 03:51:34,964 - INFO -    Sem posições? ❌ NÃO
2025-11-05 03:52:05,241 - INFO - 💹 ETHUSDT: 3327.43000000 USDT
2025-11-05 03:52:05,243 - INFO - 📊 Análise Est.4:
2025-11-05 03:52:05,243 - INFO -    Preço: 3327.43 | MA21: 3325.73 | RSI: 45.68
2025-11-05 03:52:05,243 - INFO -    Preço > MA21? ✅ SIM
2025-11-05 03:52:05,243 - INFO -    RSI < 70.0? ✅ SIM
2025-11-05 03:52:05,243 - INFO -    Sem posições? ❌ NÃO
2025-11-05 03:52:35,520 - INFO - 💹 ETHUSDT: 3330.71000000 USDT
2025-11-05 03:52:35,520 - INFO - 📊 Análise Est.4:
2025-11-05 03:52:35,520 - INFO -    Preço: 3330.71 | MA21: 3326.18 | RSI: 63.10
2025-11-05 03:52:35,520 - INFO -    Preço > MA21? ✅ SIM
2025-11-05 03:52:35,520 - INFO -    RSI < 70.0? ✅ SIM
2025-11-05 03:52:35,520 - INFO -    Sem posições? ❌ NÃO
2025-11-05 03:53:05,800 - INFO - 💹 ETHUSDT: 3330.44000000 USDT
2025-11-05 03:53:05,800 - INFO - 📊 Análise Est.4:
2025-11-05 03:53:05,804 - INFO -    Preço: 3330.44 | MA21: 3326.16 | RSI: 62.72
2025-11-05 03:53:05,804 - INFO -    Preço > MA21? ✅ SIM
2025-11-05 03:53:05,804 - INFO -    RSI < 70.0? ✅ SIM
2025-11-05 03:53:05,804 - INFO -    Sem posições? ❌ NÃO
2025-11-05 03:53:36,078 - INFO - 💹 ETHUSDT: 3330.72000000 USDT
2025-11-05 03:53:36,078 - INFO - 📊 Análise Est.4:
2025-11-05 03:53:36,078 - INFO -    Preço: 3330.72 | MA21: 3331.48 | RSI: 52.98
2025-11-05 03:53:36,078 - INFO -    Preço > MA21? ❌ NÃO
2025-11-05 03:53:36,078 - INFO -    RSI < 70.0? ✅ SIM
2025-11-05 03:53:36,078 - INFO -    Sem posições? ❌ NÃO
2025-11-05 03:54:06,352 - INFO - 💹 ETHUSDT: 3330.56000000 USDT
2025-11-05 03:54:06,352 - INFO - 📊 Análise Est.4:
2025-11-05 03:54:06,352 - INFO -    Preço: 3330.56 | MA21: 3331.47 | RSI: 52.95
2025-11-05 03:54:06,352 - INFO -    Preço > MA21? ❌ NÃO
2025-11-05 03:54:06,352 - INFO -    RSI < 70.0? ✅ SIM
2025-11-05 03:54:06,352 - INFO -    Sem posições? ❌ NÃO
2025-11-05 03:54:36,635 - INFO - 💹 ETHUSDT: 3330.21000000 USDT
2025-11-05 03:54:36,637 - INFO - 📊 Análise Est.4:
2025-11-05 03:54:36,637 - INFO -    Preço: 3330.21 | MA21: 3331.51 | RSI: 51.90
2025-11-05 03:54:36,637 - INFO -    Preço > MA21? ❌ NÃO
2025-11-05 03:54:36,637 - INFO -    RSI < 70.0? ✅ SIM
2025-11-05 03:54:36,637 - INFO -    Sem posições? ❌ NÃO
2025-11-05 03:55:06,911 - INFO - 💹 ETHUSDT: 3328.59000000 USDT
2025-11-05 03:55:06,911 - INFO - 📊 Análise Est.4:
2025-11-05 03:55:06,911 - INFO -    Preço: 3328.59 | MA21: 3331.43 | RSI: 51.54
2025-11-05 03:55:06,911 - INFO -    Preço > MA21? ❌ NÃO
2025-11-05 03:55:06,911 - INFO -    RSI < 70.0? ✅ SIM
2025-11-05 03:55:06,911 - INFO -    Sem posições? ❌ NÃO
2025-11-05 03:55:37,183 - INFO - 💹 ETHUSDT: 3329.41000000 USDT
2025-11-05 03:55:37,183 - INFO - 📊 Análise Est.4:
2025-11-05 03:55:37,183 - INFO -    Preço: 3329.41 | MA21: 3331.36 | RSI: 51.24
2025-11-05 03:55:37,183 - INFO -    Preço > MA21? ❌ NÃO
2025-11-05 03:55:37,183 - INFO -    RSI < 70.0? ✅ SIM
2025-11-05 03:55:37,183 - INFO -    Sem posições? ❌ NÃO
2025-11-05 03:56:07,476 - INFO - 💹 ETHUSDT: 3329.90000000 USDT
2025-11-05 03:56:07,476 - INFO - 📊 Análise Est.4:
2025-11-05 03:56:07,476 - INFO -    Preço: 3329.90 | MA21: 3331.38 | RSI: 51.34
2025-11-05 03:56:07,476 - INFO -    Preço > MA21? ❌ NÃO
2025-11-05 03:56:07,476 - INFO -    RSI < 70.0? ✅ SIM
2025-11-05 03:56:07,476 - INFO -    Sem posições? ❌ NÃO
2025-11-05 03:56:37,742 - INFO - 💹 ETHUSDT: 3332.52000000 USDT
2025-11-05 03:56:37,742 - INFO - 📊 Análise Est.4:
2025-11-05 03:56:37,742 - INFO -    Preço: 3332.52 | MA21: 3331.42 | RSI: 52.19
2025-11-05 03:56:37,742 - INFO -    Preço > MA21? ✅ SIM
2025-11-05 03:56:37,742 - INFO -    RSI < 70.0? ✅ SIM
2025-11-05 03:56:37,742 - INFO -    Sem posições? ❌ NÃO
2025-11-05 03:57:08,025 - INFO - 💹 ETHUSDT: 3331.78000000 USDT
2025-11-05 03:57:08,025 - INFO - 📊 Análise Est.4:
2025-11-05 03:57:08,025 - INFO -    Preço: 3331.78 | MA21: 3331.38 | RSI: 52.04
2025-11-05 03:57:08,025 - INFO -    Preço > MA21? ✅ SIM
2025-11-05 03:57:08,025 - INFO -    RSI < 70.0? ✅ SIM
2025-11-05 03:57:08,025 - INFO -    Sem posições? ❌ NÃO
2025-11-05 03:57:38,312 - INFO - 💹 ETHUSDT: 3333.89000000 USDT
2025-11-05 03:57:38,312 - INFO - 📊 Análise Est.4:
2025-11-05 03:57:38,312 - INFO -    Preço: 3333.89 | MA21: 3331.55 | RSI: 51.76
2025-11-05 03:57:38,312 - INFO -    Preço > MA21? ✅ SIM
2025-11-05 03:57:38,312 - INFO -    RSI < 70.0? ✅ SIM
2025-11-05 03:57:38,312 - INFO -    Sem posições? ❌ NÃO
2025-11-05 03:58:08,589 - INFO - 💹 ETHUSDT: 3333.83000000 USDT
2025-11-05 03:58:08,589 - INFO - 📊 Análise Est.4:
2025-11-05 03:58:08,589 - INFO -    Preço: 3333.83 | MA21: 3331.55 | RSI: 51.75
2025-11-05 03:58:08,591 - INFO -    Preço > MA21? ✅ SIM
2025-11-05 03:58:08,591 - INFO -    RSI < 70.0? ✅ SIM
2025-11-05 03:58:08,591 - INFO -    Sem posições? ❌ NÃO
2025-11-05 03:58:38,864 - INFO - 💹 ETHUSDT: 3333.83000000 USDT
2025-11-05 03:58:38,864 - INFO - 📊 Análise Est.4:
2025-11-05 03:58:38,864 - INFO -    Preço: 3333.83 | MA21: 3331.71 | RSI: 51.49
2025-11-05 03:58:38,864 - INFO -    Preço > MA21? ✅ SIM
2025-11-05 03:58:38,864 - INFO -    RSI < 70.0? ✅ SIM
2025-11-05 03:58:38,864 - INFO -    Sem posições? ❌ NÃO
2025-11-05 03:59:09,158 - INFO - 💹 ETHUSDT: 3333.48000000 USDT
2025-11-05 03:59:09,158 - INFO - 📊 Análise Est.4:
2025-11-05 03:59:09,158 - INFO -    Preço: 3333.48 | MA21: 3331.69 | RSI: 51.41
2025-11-05 03:59:09,160 - INFO -    Preço > MA21? ✅ SIM
2025-11-05 03:59:09,160 - INFO -    RSI < 70.0? ✅ SIM
2025-11-05 03:59:09,160 - INFO -    Sem posições? ❌ NÃO
2025-11-05 03:59:39,440 - INFO - 💹 ETHUSDT: 3335.47000000 USDT
2025-11-05 03:59:39,440 - INFO - 📊 Análise Est.4:
2025-11-05 03:59:39,440 - INFO -    Preço: 3335.47 | MA21: 3332.30 | RSI: 52.54
2025-11-05 03:59:39,440 - INFO -    Preço > MA21? ✅ SIM
2025-11-05 03:59:39,440 - INFO -    RSI < 70.0? ✅ SIM
2025-11-05 03:59:39,440 - INFO -    Sem posições? ❌ NÃO
2025-11-05 04:00:09,727 - INFO - 💹 ETHUSDT: 3337.12000000 USDT
2025-11-05 04:00:09,727 - INFO - 📊 Análise Est.4:
2025-11-05 04:00:09,727 - INFO -    Preço: 3337.12 | MA21: 3332.38 | RSI: 52.87
2025-11-05 04:00:09,727 - INFO -    Preço > MA21? ✅ SIM
2025-11-05 04:00:09,727 - INFO -    RSI < 70.0? ✅ SIM
2025-11-05 04:00:09,727 - INFO -    Sem posições? ❌ NÃO
2025-11-05 04:00:40,000 - INFO - 💹 ETHUSDT: 3338.14000000 USDT
2025-11-05 04:00:40,000 - INFO - 📊 Análise Est.4:
2025-11-05 04:00:40,000 - INFO -    Preço: 3338.14 | MA21: 3333.41 | RSI: 53.02
2025-11-05 04:00:40,000 - INFO -    Preço > MA21? ✅ SIM
2025-11-05 04:00:40,000 - INFO -    RSI < 70.0? ✅ SIM
2025-11-05 04:00:40,000 - INFO -    Sem posições? ❌ NÃO
2025-11-05 04:01:10,284 - INFO - 💹 ETHUSDT: 3337.24000000 USDT
2025-11-05 04:01:10,284 - INFO - 📊 Análise Est.4:
2025-11-05 04:01:10,290 - INFO -    Preço: 3337.24 | MA21: 3333.37 | RSI: 52.84
2025-11-05 04:01:10,290 - INFO -    Preço > MA21? ✅ SIM
2025-11-05 04:01:10,290 - INFO -    RSI < 70.0? ✅ SIM
2025-11-05 04:01:10,290 - INFO -    Sem posições? ❌ NÃO
2025-11-05 04:01:40,562 - INFO - 💹 ETHUSDT: 3336.36000000 USDT
2025-11-05 04:01:40,562 - INFO - 📊 Análise Est.4:
2025-11-05 04:01:40,562 - INFO -    Preço: 3336.36 | MA21: 3334.09 | RSI: 52.61
2025-11-05 04:01:40,562 - INFO -    Preço > MA21? ✅ SIM
2025-11-05 04:01:40,562 - INFO -    RSI < 70.0? ✅ SIM
2025-11-05 04:01:40,562 - INFO -    Sem posições? ❌ NÃO
2025-11-05 04:02:10,843 - INFO - 💹 ETHUSDT: 3330.19000000 USDT
2025-11-05 04:02:10,843 - INFO - 📊 Análise Est.4:
2025-11-05 04:02:10,843 - INFO -    Preço: 3330.19 | MA21: 3333.80 | RSI: 51.27
2025-11-05 04:02:10,843 - INFO -    Preço > MA21? ❌ NÃO
2025-11-05 04:02:10,843 - INFO -    RSI < 70.0? ✅ SIM
2025-11-05 04:02:10,843 - INFO -    Sem posições? ❌ NÃO
2025-11-05 04:02:41,119 - INFO - 💹 ETHUSDT: 3330.76000000 USDT
2025-11-05 04:02:41,119 - INFO - 📊 Análise Est.4:
2025-11-05 04:02:41,119 - INFO -    Preço: 3330.76 | MA21: 3334.14 | RSI: 51.43
2025-11-05 04:02:41,119 - INFO -    Preço > MA21? ❌ NÃO
2025-11-05 04:02:41,119 - INFO -    RSI < 70.0? ✅ SIM
2025-11-05 04:02:41,119 - INFO -    Sem posições? ❌ NÃO
2025-11-05 04:03:11,396 - INFO - 💹 ETHUSDT: 3332.75000000 USDT
2025-11-05 04:03:11,396 - INFO - 📊 Análise Est.4:
2025-11-05 04:03:11,396 - INFO -    Preço: 3332.75 | MA21: 3334.23 | RSI: 51.82
2025-11-05 04:03:11,397 - INFO -    Preço > MA21? ❌ NÃO
2025-11-05 04:03:11,397 - INFO -    RSI < 70.0? ✅ SIM
2025-11-05 04:03:11,397 - INFO -    Sem posições? ❌ NÃO
2025-11-05 04:03:41,668 - INFO - 💹 ETHUSDT: 3333.51000000 USDT
2025-11-05 04:03:41,668 - INFO - 📊 Análise Est.4:
2025-11-05 04:03:41,670 - INFO -    Preço: 3333.51 | MA21: 3334.78 | RSI: 51.46
2025-11-05 04:03:41,670 - INFO -    Preço > MA21? ❌ NÃO
2025-11-05 04:03:41,670 - INFO -    RSI < 70.0? ✅ SIM
2025-11-05 04:03:41,670 - INFO -    Sem posições? ❌ NÃO
2025-11-05 04:04:11,934 - INFO - 💹 ETHUSDT: 3329.16000000 USDT
2025-11-05 04:04:11,934 - INFO - 📊 Análise Est.4:
2025-11-05 04:04:11,934 - INFO -    Preço: 3329.16 | MA21: 3334.75 | RSI: 50.46
2025-11-05 04:04:11,934 - INFO -    Preço > MA21? ❌ NÃO
2025-11-05 04:04:11,934 - INFO -    RSI < 70.0? ✅ SIM
2025-11-05 04:04:11,934 - INFO -    Sem posições? ❌ NÃO
2025-11-05 04:04:42,236 - INFO - 💹 ETHUSDT: 3332.02000000 USDT
2025-11-05 04:04:42,236 - INFO - 📊 Análise Est.4:
2025-11-05 04:04:42,236 - INFO -    Preço: 3332.02 | MA21: 3334.88 | RSI: 51.03
2025-11-05 04:04:42,236 - INFO -    Preço > MA21? ❌ NÃO
2025-11-05 04:04:42,236 - INFO -    RSI < 70.0? ✅ SIM
2025-11-05 04:04:42,236 - INFO -    Sem posições? ❌ NÃO
2025-11-05 04:05:12,515 - INFO - 💹 ETHUSDT: 3329.68000000 USDT
2025-11-05 04:05:12,515 - INFO - 📊 Análise Est.4:
2025-11-05 04:05:12,515 - INFO -    Preço: 3329.68 | MA21: 3334.91 | RSI: 49.83
2025-11-05 04:05:12,515 - INFO -    Preço > MA21? ❌ NÃO
2025-11-05 04:05:12,515 - INFO -    RSI < 70.0? ✅ SIM
2025-11-05 04:05:12,515 - INFO -    Sem posições? ❌ NÃO
2025-11-05 04:05:42,785 - INFO - 💹 ETHUSDT: 3326.69000000 USDT
2025-11-05 04:05:42,785 - INFO - 📊 Análise Est.4:
2025-11-05 04:05:42,785 - INFO -    Preço: 3326.69 | MA21: 3334.77 | RSI: 49.22
2025-11-05 04:05:42,785 - INFO -    Preço > MA21? ❌ NÃO
2025-11-05 04:05:42,785 - INFO -    RSI < 70.0? ✅ SIM
2025-11-05 04:05:42,785 - INFO -    Sem posições? ❌ NÃO
2025-11-05 04:06:13,070 - INFO - 💹 ETHUSDT: 3326.69000000 USDT
2025-11-05 04:06:13,070 - INFO - 📊 Análise Est.4:
2025-11-05 04:06:13,070 - INFO -    Preço: 3326.69 | MA21: 3334.91 | RSI: 8.92
2025-11-05 04:06:13,070 - INFO -    Preço > MA21? ❌ NÃO
2025-11-05 04:06:13,070 - INFO -    RSI < 70.0? ✅ SIM
2025-11-05 04:06:13,070 - INFO -    Sem posições? ❌ NÃO
2025-11-05 04:06:43,345 - INFO - 💹 ETHUSDT: 3325.38000000 USDT
2025-11-05 04:06:43,347 - INFO - 📊 Análise Est.4:
2025-11-05 04:06:43,347 - INFO -    Preço: 3325.38 | MA21: 3334.85 | RSI: 8.84
2025-11-05 04:06:43,347 - INFO -    Preço > MA21? ❌ NÃO
2025-11-05 04:06:43,347 - INFO -    RSI < 70.0? ✅ SIM
2025-11-05 04:06:43,347 - INFO -    Sem posições? ❌ NÃO
2025-11-05 04:07:13,628 - INFO - 💹 ETHUSDT: 3325.07000000 USDT
2025-11-05 04:07:13,630 - INFO - 📊 Análise Est.4:
2025-11-05 04:07:13,630 - INFO -    Preço: 3325.07 | MA21: 3334.89 | RSI: 40.80
2025-11-05 04:07:13,630 - INFO -    Preço > MA21? ❌ NÃO
2025-11-05 04:07:13,630 - INFO -    RSI < 70.0? ✅ SIM
2025-11-05 04:07:13,630 - INFO -    Sem posições? ❌ NÃO
2025-11-05 04:07:43,903 - INFO - 💹 ETHUSDT: 3326.20000000 USDT
2025-11-05 04:07:43,903 - INFO - 📊 Análise Est.4:
2025-11-05 04:07:43,903 - INFO -    Preço: 3326.20 | MA21: 3334.95 | RSI: 42.96
2025-11-05 04:07:43,903 - INFO -    Preço > MA21? ❌ NÃO
2025-11-05 04:07:43,903 - INFO -    RSI < 70.0? ✅ SIM
2025-11-05 04:07:43,903 - INFO -    Sem posições? ❌ NÃO
2025-11-05 04:08:14,181 - INFO - 💹 ETHUSDT: 3325.10000000 USDT
2025-11-05 04:08:14,181 - INFO - 📊 Análise Est.4:
2025-11-05 04:08:14,181 - INFO -    Preço: 3325.10 | MA21: 3334.98 | RSI: 44.03
2025-11-05 04:08:14,181 - INFO -    Preço > MA21? ❌ NÃO
2025-11-05 04:08:14,181 - INFO -    RSI < 70.0? ✅ SIM
2025-11-05 04:08:14,181 - INFO -    Sem posições? ❌ NÃO
2025-11-05 04:08:44,452 - INFO - 💹 ETHUSDT: 3325.66000000 USDT
2025-11-05 04:08:44,452 - INFO - 📊 Análise Est.4:
2025-11-05 04:08:44,454 - INFO -    Preço: 3325.66 | MA21: 3335.00 | RSI: 44.89
2025-11-05 04:08:44,454 - INFO -    Preço > MA21? ❌ NÃO
2025-11-05 04:08:44,454 - INFO -    RSI < 70.0? ✅ SIM
2025-11-05 04:08:44,454 - INFO -    Sem posições? ❌ NÃO
2025-11-05 04:09:14,720 - INFO - 💹 ETHUSDT: 3325.34000000 USDT
2025-11-05 04:09:14,720 - INFO - 📊 Análise Est.4:
2025-11-05 04:09:14,720 - INFO -    Preço: 3325.34 | MA21: 3436.57 | RSI: 49.95
2025-11-05 04:09:14,720 - INFO -    Preço > MA21? ❌ NÃO
2025-11-05 04:09:14,720 - INFO -    RSI < 70.0? ✅ SIM
2025-11-05 04:09:14,720 - INFO -    Sem posições? ❌ NÃO
2025-11-05 04:09:44,994 - INFO - 💹 ETHUSDT: 3326.74000000 USDT
2025-11-05 04:09:44,994 - INFO - 📊 Análise Est.4:
2025-11-05 04:09:44,994 - INFO -    Preço: 3326.74 | MA21: 3436.63 | RSI: 49.96
2025-11-05 04:09:44,994 - INFO -    Preço > MA21? ❌ NÃO
2025-11-05 04:09:44,994 - INFO -    RSI < 70.0? ✅ SIM
2025-11-05 04:09:44,994 - INFO -    Sem posições? ❌ NÃO
2025-11-05 04:10:15,268 - INFO - 💹 ETHUSDT: 3328.40000000 USDT
2025-11-05 04:10:15,268 - INFO - 📊 Análise Est.4:
2025-11-05 04:10:15,268 - INFO -    Preço: 3328.40 | MA21: 3436.80 | RSI: 49.95
2025-11-05 04:10:15,268 - INFO -    Preço > MA21? ❌ NÃO
2025-11-05 04:10:15,268 - INFO -    RSI < 70.0? ✅ SIM
2025-11-05 04:10:15,268 - INFO -    Sem posições? ❌ NÃO
2025-11-05 04:10:45,557 - INFO - 💹 ETHUSDT: 3328.83000000 USDT
2025-11-05 04:10:45,557 - INFO - 📊 Análise Est.4:
2025-11-05 04:10:45,557 - INFO -    Preço: 3328.83 | MA21: 3436.83 | RSI: 49.96
2025-11-05 04:10:45,559 - INFO -    Preço > MA21? ❌ NÃO
2025-11-05 04:10:45,559 - INFO -    RSI < 70.0? ✅ SIM
2025-11-05 04:10:45,559 - INFO -    Sem posições? ❌ NÃO
2025-11-05 04:11:15,816 - INFO - 💹 ETHUSDT: 3327.73000000 USDT
2025-11-05 04:11:15,832 - INFO - 📊 Análise Est.4:
2025-11-05 04:11:15,832 - INFO -    Preço: 3327.73 | MA21: 3436.81 | RSI: 49.93
2025-11-05 04:11:15,832 - INFO -    Preço > MA21? ❌ NÃO
2025-11-05 04:11:15,832 - INFO -    RSI < 70.0? ✅ SIM
2025-11-05 04:11:15,832 - INFO -    Sem posições? ❌ NÃO
2025-11-05 04:11:46,108 - INFO - 💹 ETHUSDT: 3325.23000000 USDT
2025-11-05 04:11:46,108 - INFO - 📊 Análise Est.4:
2025-11-05 04:11:46,108 - INFO -    Preço: 3325.23 | MA21: 3436.69 | RSI: 49.90
2025-11-05 04:11:46,108 - INFO -    Preço > MA21? ❌ NÃO
2025-11-05 04:11:46,108 - INFO -    RSI < 70.0? ✅ SIM
2025-11-05 04:11:46,108 - INFO -    Sem posições? ❌ NÃO
2025-11-05 04:12:16,386 - INFO - 💹 ETHUSDT: 3320.46000000 USDT
2025-11-05 04:12:16,386 - INFO - 📊 Análise Est.4:
2025-11-05 04:12:16,386 - INFO -    Preço: 3320.46 | MA21: 3435.99 | RSI: 49.85
2025-11-05 04:12:16,386 - INFO -    Preço > MA21? ❌ NÃO
2025-11-05 04:12:16,386 - INFO -    RSI < 70.0? ✅ SIM
2025-11-05 04:12:16,386 - INFO -    Sem posições? ❌ NÃO
2025-11-05 04:12:46,662 - INFO - 💹 ETHUSDT: 3319.56000000 USDT
2025-11-05 04:12:46,662 - INFO - 📊 Análise Est.4:
2025-11-05 04:12:46,662 - INFO -    Preço: 3319.56 | MA21: 3435.95 | RSI: 49.84
2025-11-05 04:12:46,662 - INFO -    Preço > MA21? ❌ NÃO
2025-11-05 04:12:46,662 - INFO -    RSI < 70.0? ✅ SIM
2025-11-05 04:12:46,662 - INFO -    Sem posições? ❌ NÃO
2025-11-05 04:13:16,944 - INFO - 💹 ETHUSDT: 3322.44000000 USDT
2025-11-05 04:13:16,944 - INFO - 📊 Análise Est.4:
2025-11-05 04:13:16,944 - INFO -    Preço: 3322.44 | MA21: 3430.53 | RSI: 49.83
2025-11-05 04:13:16,944 - INFO -    Preço > MA21? ❌ NÃO
2025-11-05 04:13:16,944 - INFO -    RSI < 70.0? ✅ SIM
2025-11-05 04:13:16,944 - INFO -    Sem posições? ❌ NÃO
2025-11-05 04:13:47,222 - INFO - 💹 ETHUSDT: 3322.41000000 USDT
2025-11-05 04:13:47,222 - INFO - 📊 Análise Est.4:
2025-11-05 04:13:47,222 - INFO -    Preço: 3322.41 | MA21: 3430.53 | RSI: 49.83
2025-11-05 04:13:47,222 - INFO -    Preço > MA21? ❌ NÃO
2025-11-05 04:13:47,224 - INFO -    RSI < 70.0? ✅ SIM
2025-11-05 04:13:47,224 - INFO -    Sem posições? ❌ NÃO
2025-11-05 04:14:17,506 - INFO - 💹 ETHUSDT: 3325.25000000 USDT
2025-11-05 04:14:17,506 - INFO - 📊 Análise Est.4:
2025-11-05 04:14:17,506 - INFO -    Preço: 3325.25 | MA21: 3430.41 | RSI: 49.86
2025-11-05 04:14:17,506 - INFO -    Preço > MA21? ❌ NÃO
2025-11-05 04:14:17,506 - INFO -    RSI < 70.0? ✅ SIM
2025-11-05 04:14:17,506 - INFO -    Sem posições? ❌ NÃO
2025-11-05 04:14:47,783 - INFO - 💹 ETHUSDT: 3323.62000000 USDT
2025-11-05 04:14:47,783 - INFO - 📊 Análise Est.4:
2025-11-05 04:14:47,783 - INFO -    Preço: 3323.62 | MA21: 3430.33 | RSI: 49.84
2025-11-05 04:14:47,783 - INFO -    Preço > MA21? ❌ NÃO
2025-11-05 04:14:47,783 - INFO -    RSI < 70.0? ✅ SIM
2025-11-05 04:14:47,783 - INFO -    Sem posições? ❌ NÃO
2025-11-05 04:15:18,055 - INFO - 💹 ETHUSDT: 3325.34000000 USDT
2025-11-05 04:15:18,055 - INFO - 📊 Análise Est.4:
2025-11-05 04:15:18,055 - INFO -    Preço: 3325.34 | MA21: 3430.26 | RSI: 49.94
2025-11-05 04:15:18,055 - INFO -    Preço > MA21? ❌ NÃO
2025-11-05 04:15:18,055 - INFO -    RSI < 70.0? ✅ SIM
2025-11-05 04:15:18,055 - INFO -    Sem posições? ❌ NÃO
2025-11-05 04:15:48,328 - INFO - 💹 ETHUSDT: 3325.32000000 USDT
2025-11-05 04:15:48,330 - INFO - 📊 Análise Est.4:
2025-11-05 04:15:48,330 - INFO -    Preço: 3325.32 | MA21: 3430.26 | RSI: 49.94
2025-11-05 04:15:48,330 - INFO -    Preço > MA21? ❌ NÃO
2025-11-05 04:15:48,330 - INFO -    RSI < 70.0? ✅ SIM
2025-11-05 04:15:48,330 - INFO -    Sem posições? ❌ NÃO
2025-11-05 04:16:18,602 - INFO - 💹 ETHUSDT: 3324.00000000 USDT
2025-11-05 04:16:18,602 - INFO - 📊 Análise Est.4:
2025-11-05 04:16:18,602 - INFO -    Preço: 3324.00 | MA21: 3429.92 | RSI: 49.90
2025-11-05 04:16:18,602 - INFO -    Preço > MA21? ❌ NÃO
2025-11-05 04:16:18,602 - INFO -    RSI < 70.0? ✅ SIM
2025-11-05 04:16:18,602 - INFO -    Sem posições? ❌ NÃO
2025-11-05 04:16:48,878 - INFO - 💹 ETHUSDT: 3322.58000000 USDT
2025-11-05 04:16:48,878 - INFO - 📊 Análise Est.4:
2025-11-05 04:16:48,878 - INFO -    Preço: 3322.58 | MA21: 3429.85 | RSI: 49.88
2025-11-05 04:16:48,878 - INFO -    Preço > MA21? ❌ NÃO
2025-11-05 04:16:48,878 - INFO -    RSI < 70.0? ✅ SIM
2025-11-05 04:16:48,878 - INFO -    Sem posições? ❌ NÃO
2025-11-05 04:17:19,152 - INFO - 💹 ETHUSDT: 3323.01000000 USDT
2025-11-05 04:17:19,152 - INFO - 📊 Análise Est.4:
2025-11-05 04:17:19,152 - INFO -    Preço: 3323.01 | MA21: 3429.41 | RSI: 49.93
2025-11-05 04:17:19,152 - INFO -    Preço > MA21? ❌ NÃO
2025-11-05 04:17:19,152 - INFO -    RSI < 70.0? ✅ SIM
2025-11-05 04:17:19,152 - INFO -    Sem posições? ❌ NÃO
2025-11-05 04:17:49,423 - INFO - 💹 ETHUSDT: 3320.58000000 USDT
2025-11-05 04:17:49,423 - INFO - 📊 Análise Est.4:
2025-11-05 04:17:49,423 - INFO -    Preço: 3320.58 | MA21: 3429.30 | RSI: 49.90
2025-11-05 04:17:49,423 - INFO -    Preço > MA21? ❌ NÃO
2025-11-05 04:17:49,423 - INFO -    RSI < 70.0? ✅ SIM
2025-11-05 04:17:49,423 - INFO -    Sem posições? ❌ NÃO
2025-11-05 04:18:19,704 - INFO - 💹 ETHUSDT: 3322.00000000 USDT
2025-11-05 04:18:19,704 - INFO - 📊 Análise Est.4:
2025-11-05 04:18:19,704 - INFO -    Preço: 3322.00 | MA21: 3428.80 | RSI: 49.91
2025-11-05 04:18:19,704 - INFO -    Preço > MA21? ❌ NÃO
2025-11-05 04:18:19,704 - INFO -    RSI < 70.0? ✅ SIM
2025-11-05 04:18:19,704 - INFO -    Sem posições? ❌ NÃO
2025-11-05 04:18:49,992 - INFO - 💹 ETHUSDT: 3322.32000000 USDT
2025-11-05 04:18:49,992 - INFO - 📊 Análise Est.4:
2025-11-05 04:18:49,992 - INFO -    Preço: 3322.32 | MA21: 3428.82 | RSI: 49.91
2025-11-05 04:18:49,992 - INFO -    Preço > MA21? ❌ NÃO
2025-11-05 04:18:49,992 - INFO -    RSI < 70.0? ✅ SIM
2025-11-05 04:18:49,992 - INFO -    Sem posições? ❌ NÃO
2025-11-05 04:19:20,266 - INFO - 💹 ETHUSDT: 3322.74000000 USDT
2025-11-05 04:19:20,266 - INFO - 📊 Análise Est.4:
2025-11-05 04:19:20,266 - INFO -    Preço: 3322.74 | MA21: 3428.31 | RSI: 49.95
2025-11-05 04:19:20,266 - INFO -    Preço > MA21? ❌ NÃO
2025-11-05 04:19:20,266 - INFO -    RSI < 70.0? ✅ SIM
2025-11-05 04:19:20,266 - INFO -    Sem posições? ❌ NÃO
2025-11-05 04:19:50,544 - INFO - 💹 ETHUSDT: 3322.48000000 USDT
2025-11-05 04:19:50,544 - INFO - 📊 Análise Est.4:
2025-11-05 04:19:50,544 - INFO -    Preço: 3322.48 | MA21: 3428.29 | RSI: 49.95
2025-11-05 04:19:50,544 - INFO -    Preço > MA21? ❌ NÃO
2025-11-05 04:19:50,544 - INFO -    RSI < 70.0? ✅ SIM
2025-11-05 04:19:50,544 - INFO -    Sem posições? ❌ NÃO
2025-11-05 04:20:20,816 - INFO - 💹 ETHUSDT: 3321.35000000 USDT
2025-11-05 04:20:20,817 - INFO - 📊 Análise Est.4:
2025-11-05 04:20:20,817 - INFO -    Preço: 3321.35 | MA21: 3427.49 | RSI: 49.96
2025-11-05 04:20:20,817 - INFO -    Preço > MA21? ❌ NÃO
2025-11-05 04:20:20,817 - INFO -    RSI < 70.0? ✅ SIM
2025-11-05 04:20:20,817 - INFO -    Sem posições? ❌ NÃO
2025-11-05 04:20:51,084 - INFO - 💹 ETHUSDT: 3322.27000000 USDT
2025-11-05 04:20:51,084 - INFO - 📊 Análise Est.4:
2025-11-05 04:20:51,084 - INFO -    Preço: 3322.27 | MA21: 3427.53 | RSI: 49.97
2025-11-05 04:20:51,084 - INFO -    Preço > MA21? ❌ NÃO
2025-11-05 04:20:51,084 - INFO -    RSI < 70.0? ✅ SIM
2025-11-05 04:20:51,084 - INFO -    Sem posições? ❌ NÃO
2025-11-05 04:21:21,350 - INFO - 💹 ETHUSDT: 3315.66000000 USDT
2025-11-05 04:21:21,366 - INFO - 📊 Análise Est.4:
2025-11-05 04:21:21,366 - INFO -    Preço: 3315.66 | MA21: 3426.44 | RSI: 49.88
2025-11-05 04:21:21,366 - INFO -    Preço > MA21? ❌ NÃO
2025-11-05 04:21:21,366 - INFO -    RSI < 70.0? ✅ SIM
2025-11-05 04:21:21,366 - INFO -    Sem posições? ❌ NÃO
2025-11-05 04:21:51,635 - INFO - 💹 ETHUSDT: 3313.18000000 USDT
2025-11-05 04:21:51,635 - INFO - 📊 Análise Est.4:
2025-11-05 04:21:51,635 - INFO -    Preço: 3313.18 | MA21: 3426.33 | RSI: 49.85
2025-11-05 04:21:51,635 - INFO -    Preço > MA21? ❌ NÃO
2025-11-05 04:21:51,635 - INFO -    RSI < 70.0? ✅ SIM
2025-11-05 04:21:51,635 - INFO -    Sem posições? ❌ NÃO
2025-11-05 04:22:21,925 - INFO - 💹 ETHUSDT: 3312.82000000 USDT
2025-11-05 04:22:21,925 - INFO - 📊 Análise Est.4:
2025-11-05 04:22:21,925 - INFO -    Preço: 3312.82 | MA21: 3425.48 | RSI: 0.24
2025-11-05 04:22:21,925 - INFO -    Preço > MA21? ❌ NÃO
2025-11-05 04:22:21,925 - INFO -    RSI < 70.0? ✅ SIM
2025-11-05 04:22:21,925 - INFO -    Sem posições? ❌ NÃO
2025-11-05 04:22:52,205 - INFO - 💹 ETHUSDT: 3308.28000000 USDT
2025-11-05 04:22:52,205 - INFO - 📊 Análise Est.4:
2025-11-05 04:22:52,205 - INFO -    Preço: 3308.28 | MA21: 3425.27 | RSI: 0.24
2025-11-05 04:22:52,205 - INFO -    Preço > MA21? ❌ NÃO
2025-11-05 04:22:52,205 - INFO -    RSI < 70.0? ✅ SIM
2025-11-05 04:22:52,205 - INFO -    Sem posições? ❌ NÃO
2025-11-05 04:23:22,484 - INFO - 💹 ETHUSDT: 3306.64000000 USDT
2025-11-05 04:23:22,484 - INFO - 📊 Análise Est.4:
2025-11-05 04:23:22,484 - INFO -    Preço: 3306.64 | MA21: 3424.05 | RSI: 16.17
2025-11-05 04:23:22,484 - INFO -    Preço > MA21? ❌ NÃO
2025-11-05 04:23:22,484 - INFO -    RSI < 70.0? ✅ SIM
2025-11-05 04:23:22,484 - INFO -    Sem posições? ❌ NÃO
2025-11-05 04:23:52,763 - INFO - 💹 ETHUSDT: 3309.89000000 USDT
2025-11-05 04:23:52,763 - INFO - 📊 Análise Est.4:
2025-11-05 04:23:52,763 - INFO -    Preço: 3309.89 | MA21: 3424.21 | RSI: 19.73
2025-11-05 04:23:52,763 - INFO -    Preço > MA21? ❌ NÃO
2025-11-05 04:23:52,763 - INFO -    RSI < 70.0? ✅ SIM
2025-11-05 04:23:52,763 - INFO -    Sem posições? ❌ NÃO
2025-11-05 04:24:23,039 - INFO - 💹 ETHUSDT: 3313.68000000 USDT
2025-11-05 04:24:23,039 - INFO - 📊 Análise Est.4:
2025-11-05 04:24:23,039 - INFO -    Preço: 3313.68 | MA21: 3423.65 | RSI: 29.15
2025-11-05 04:24:23,039 - INFO -    Preço > MA21? ❌ NÃO
2025-11-05 04:24:23,039 - INFO -    RSI < 70.0? ✅ SIM
2025-11-05 04:24:23,039 - INFO -    Sem posições? ❌ NÃO
2025-11-05 04:24:53,320 - INFO - 💹 ETHUSDT: 3317.28000000 USDT
2025-11-05 04:24:53,320 - INFO - 📊 Análise Est.4:
2025-11-05 04:24:53,320 - INFO -    Preço: 3317.28 | MA21: 3423.82 | RSI: 35.99
2025-11-05 04:24:53,320 - INFO -    Preço > MA21? ❌ NÃO
2025-11-05 04:24:53,320 - INFO -    RSI < 70.0? ✅ SIM
2025-11-05 04:24:53,320 - INFO -    Sem posições? ❌ NÃO
2025-11-05 04:25:23,598 - INFO - 💹 ETHUSDT: 3316.45000000 USDT
2025-11-05 04:25:23,598 - INFO - 📊 Análise Est.4:
2025-11-05 04:25:23,598 - INFO -    Preço: 3316.45 | MA21: 3423.16 | RSI: 43.14
2025-11-05 04:25:23,598 - INFO -    Preço > MA21? ❌ NÃO
2025-11-05 04:25:23,598 - INFO -    RSI < 70.0? ✅ SIM
2025-11-05 04:25:23,598 - INFO -    Sem posições? ❌ NÃO
2025-11-05 04:25:53,866 - INFO - 💹 ETHUSDT: 3314.65000000 USDT
2025-11-05 04:25:53,866 - INFO - 📊 Análise Est.4:
2025-11-05 04:25:53,866 - INFO -    Preço: 3314.65 | MA21: 3423.07 | RSI: 40.63
2025-11-05 04:25:53,866 - INFO -    Preço > MA21? ❌ NÃO
2025-11-05 04:25:53,866 - INFO -    RSI < 70.0? ✅ SIM
2025-11-05 04:25:53,866 - INFO -    Sem posições? ❌ NÃO
2025-11-05 04:26:24,142 - INFO - 💹 ETHUSDT: 3319.34000000 USDT
2025-11-05 04:26:24,142 - INFO - 📊 Análise Est.4:
2025-11-05 04:26:24,142 - INFO -    Preço: 3319.34 | MA21: 3422.80 | RSI: 44.92
2025-11-05 04:26:24,142 - INFO -    Preço > MA21? ❌ NÃO
2025-11-05 04:26:24,142 - INFO -    RSI < 70.0? ✅ SIM
2025-11-05 04:26:24,142 - INFO -    Sem posições? ❌ NÃO
2025-11-05 04:26:54,438 - INFO - 💹 ETHUSDT: 3318.96000000 USDT
2025-11-05 04:26:54,438 - INFO - 📊 Análise Est.4:
2025-11-05 04:26:54,438 - INFO -    Preço: 3318.96 | MA21: 3422.78 | RSI: 44.22
2025-11-05 04:26:54,438 - INFO -    Preço > MA21? ❌ NÃO
2025-11-05 04:26:54,438 - INFO -    RSI < 70.0? ✅ SIM
2025-11-05 04:26:54,438 - INFO -    Sem posições? ❌ NÃO
2025-11-05 04:27:24,709 - INFO - 💹 ETHUSDT: 3317.19000000 USDT
2025-11-05 04:27:24,715 - INFO - 📊 Análise Est.4:
2025-11-05 04:27:24,715 - INFO -    Preço: 3317.19 | MA21: 3422.23 | RSI: 35.23
2025-11-05 04:27:24,715 - INFO -    Preço > MA21? ❌ NÃO
2025-11-05 04:27:24,715 - INFO -    RSI < 70.0? ✅ SIM
2025-11-05 04:27:24,715 - INFO -    Sem posições? ❌ NÃO
2025-11-05 04:27:54,994 - INFO - 💹 ETHUSDT: 3319.38000000 USDT
2025-11-05 04:27:54,994 - INFO - 📊 Análise Est.4:
2025-11-05 04:27:54,994 - INFO -    Preço: 3319.38 | MA21: 3422.34 | RSI: 40.04
2025-11-05 04:27:54,994 - INFO -    Preço > MA21? ❌ NÃO
2025-11-05 04:27:54,994 - INFO -    RSI < 70.0? ✅ SIM
2025-11-05 04:27:54,994 - INFO -    Sem posições? ❌ NÃO
2025-11-05 04:28:25,271 - INFO - 💹 ETHUSDT: 3319.43000000 USDT
2025-11-05 04:28:25,271 - INFO - 📊 Análise Est.4:
2025-11-05 04:28:25,271 - INFO -    Preço: 3319.43 | MA21: 3422.04 | RSI: 39.96
2025-11-05 04:28:25,271 - INFO -    Preço > MA21? ❌ NÃO
2025-11-05 04:28:25,271 - INFO -    RSI < 70.0? ✅ SIM
2025-11-05 04:28:25,271 - INFO -    Sem posições? ❌ NÃO
2025-11-05 04:28:55,545 - INFO - 💹 ETHUSDT: 3319.31000000 USDT
2025-11-05 04:28:55,545 - INFO - 📊 Análise Est.4:
2025-11-05 04:28:55,545 - INFO -    Preço: 3319.31 | MA21: 3422.03 | RSI: 39.76
2025-11-05 04:28:55,545 - INFO -    Preço > MA21? ❌ NÃO
2025-11-05 04:28:55,545 - INFO -    RSI < 70.0? ✅ SIM
2025-11-05 04:28:55,545 - INFO -    Sem posições? ❌ NÃO
2025-11-05 04:29:25,812 - INFO - 💹 ETHUSDT: 3320.54000000 USDT
2025-11-05 04:29:25,812 - INFO - 📊 Análise Est.4:
2025-11-05 04:29:25,812 - INFO -    Preço: 3320.54 | MA21: 3320.35 | RSI: 44.08
2025-11-05 04:29:25,812 - INFO -    Preço > MA21? ✅ SIM
2025-11-05 04:29:25,812 - INFO -    RSI < 70.0? ✅ SIM
2025-11-05 04:29:25,812 - INFO -    Sem posições? ❌ NÃO
2025-11-05 04:29:56,083 - INFO - 💹 ETHUSDT: 3320.85000000 USDT
2025-11-05 04:29:56,083 - INFO - 📊 Análise Est.4:
2025-11-05 04:29:56,083 - INFO -    Preço: 3320.85 | MA21: 3320.37 | RSI: 44.66
2025-11-05 04:29:56,083 - INFO -    Preço > MA21? ✅ SIM
2025-11-05 04:29:56,083 - INFO -    RSI < 70.0? ✅ SIM
2025-11-05 04:29:56,083 - INFO -    Sem posições? ❌ NÃO
2025-11-05 04:30:26,367 - INFO - 💹 ETHUSDT: 3320.48000000 USDT
2025-11-05 04:30:26,367 - INFO - 📊 Análise Est.4:
2025-11-05 04:30:26,367 - INFO -    Preço: 3320.48 | MA21: 3319.97 | RSI: 45.53
2025-11-05 04:30:26,367 - INFO -    Preço > MA21? ✅ SIM
2025-11-05 04:30:26,367 - INFO -    RSI < 70.0? ✅ SIM
2025-11-05 04:30:26,367 - INFO -    Sem posições? ❌ NÃO
2025-11-05 04:30:56,654 - INFO - 💹 ETHUSDT: 3321.70000000 USDT
2025-11-05 04:30:56,654 - INFO - 📊 Análise Est.4:
2025-11-05 04:30:56,654 - INFO -    Preço: 3321.70 | MA21: 3320.03 | RSI: 47.78
2025-11-05 04:30:56,654 - INFO -    Preço > MA21? ✅ SIM
2025-11-05 04:30:56,654 - INFO -    RSI < 70.0? ✅ SIM
2025-11-05 04:30:56,656 - INFO -    Sem posições? ❌ NÃO
2025-11-05 04:31:26,958 - INFO - 💹 ETHUSDT: 3317.89000000 USDT
2025-11-05 04:31:26,958 - INFO - 📊 Análise Est.4:
2025-11-05 04:31:26,958 - INFO -    Preço: 3317.89 | MA21: 3319.55 | RSI: 43.53
2025-11-05 04:31:26,958 - INFO -    Preço > MA21? ❌ NÃO
2025-11-05 04:31:26,958 - INFO -    RSI < 70.0? ✅ SIM
2025-11-05 04:31:26,958 - INFO -    Sem posições? ❌ NÃO
2025-11-05 04:31:57,236 - INFO - 💹 ETHUSDT: 3318.77000000 USDT
2025-11-05 04:31:57,236 - INFO - 📊 Análise Est.4:
2025-11-05 04:31:57,236 - INFO -    Preço: 3318.77 | MA21: 3319.59 | RSI: 44.77
2025-11-05 04:31:57,236 - INFO -    Preço > MA21? ❌ NÃO
2025-11-05 04:31:57,236 - INFO -    RSI < 70.0? ✅ SIM
2025-11-05 04:31:57,236 - INFO -    Sem posições? ❌ NÃO
2025-11-05 04:32:27,545 - INFO - 💹 ETHUSDT: 3325.60000000 USDT
2025-11-05 04:32:27,547 - INFO - 📊 Análise Est.4:
2025-11-05 04:32:27,547 - INFO -    Preço: 3325.60 | MA21: 3319.91 | RSI: 54.78
2025-11-05 04:32:27,547 - INFO -    Preço > MA21? ✅ SIM
2025-11-05 04:32:27,547 - INFO -    RSI < 70.0? ✅ SIM
2025-11-05 04:32:27,547 - INFO -    Sem posições? ❌ NÃO
2025-11-05 04:32:57,819 - INFO - 💹 ETHUSDT: 3323.67000000 USDT
2025-11-05 04:32:57,819 - INFO - 📊 Análise Est.4:
2025-11-05 04:32:57,819 - INFO -    Preço: 3323.67 | MA21: 3319.82 | RSI: 52.09
2025-11-05 04:32:57,819 - INFO -    Preço > MA21? ✅ SIM
2025-11-05 04:32:57,819 - INFO -    RSI < 70.0? ✅ SIM
2025-11-05 04:32:57,819 - INFO -    Sem posições? ❌ NÃO
2025-11-05 04:33:28,095 - INFO - 💹 ETHUSDT: 3321.29000000 USDT
2025-11-05 04:33:28,095 - INFO - 📊 Análise Est.4:
2025-11-05 04:33:28,095 - INFO -    Preço: 3321.29 | MA21: 3319.65 | RSI: 49.90
2025-11-05 04:33:28,095 - INFO -    Preço > MA21? ✅ SIM
2025-11-05 04:33:28,095 - INFO -    RSI < 70.0? ✅ SIM
2025-11-05 04:33:28,095 - INFO -    Sem posições? ❌ NÃO
2025-11-05 04:33:58,364 - INFO - 💹 ETHUSDT: 3324.78000000 USDT
2025-11-05 04:33:58,364 - INFO - 📊 Análise Est.4:
2025-11-05 04:33:58,364 - INFO -    Preço: 3324.78 | MA21: 3319.82 | RSI: 55.28
2025-11-05 04:33:58,364 - INFO -    Preço > MA21? ✅ SIM
2025-11-05 04:33:58,364 - INFO -    RSI < 70.0? ✅ SIM
2025-11-05 04:33:58,364 - INFO -    Sem posições? ❌ NÃO
2025-11-05 04:34:28,654 - INFO - 💹 ETHUSDT: 3326.77000000 USDT
2025-11-05 04:34:28,654 - INFO - 📊 Análise Est.4:
2025-11-05 04:34:28,654 - INFO -    Preço: 3326.77 | MA21: 3319.89 | RSI: 58.43
2025-11-05 04:34:28,654 - INFO -    Preço > MA21? ✅ SIM
2025-11-05 04:34:28,654 - INFO -    RSI < 70.0? ✅ SIM
2025-11-05 04:34:28,654 - INFO -    Sem posições? ❌ NÃO
2025-11-05 04:34:58,933 - INFO - 💹 ETHUSDT: 3325.11000000 USDT
2025-11-05 04:34:58,933 - INFO - 📊 Análise Est.4:
2025-11-05 04:34:58,933 - INFO -    Preço: 3325.11 | MA21: 3319.81 | RSI: 56.31
2025-11-05 04:34:58,933 - INFO -    Preço > MA21? ✅ SIM
2025-11-05 04:34:58,933 - INFO -    RSI < 70.0? ✅ SIM
2025-11-05 04:34:58,933 - INFO -    Sem posições? ❌ NÃO
2025-11-05 04:35:29,199 - INFO - 💹 ETHUSDT: 3324.41000000 USDT
2025-11-05 04:35:29,199 - INFO - 📊 Análise Est.4:
2025-11-05 04:35:29,199 - INFO -    Preço: 3324.41 | MA21: 3319.74 | RSI: 73.67
2025-11-05 04:35:29,199 - INFO -    Preço > MA21? ✅ SIM
2025-11-05 04:35:29,199 - INFO -    RSI < 70.0? ❌ NÃO
2025-11-05 04:35:29,215 - INFO -    Sem posições? ❌ NÃO
2025-11-05 04:35:59,487 - INFO - 💹 ETHUSDT: 3323.71000000 USDT
2025-11-05 04:35:59,487 - INFO - 📊 Análise Est.4:
2025-11-05 04:35:59,489 - INFO -    Preço: 3323.71 | MA21: 3319.70 | RSI: 71.62
2025-11-05 04:35:59,489 - INFO -    Preço > MA21? ✅ SIM
2025-11-05 04:35:59,489 - INFO -    RSI < 70.0? ❌ NÃO
2025-11-05 04:35:59,489 - INFO -    Sem posições? ❌ NÃO
2025-11-05 04:36:29,750 - INFO - 💹 ETHUSDT: 3320.00000000 USDT
2025-11-05 04:36:29,766 - INFO - 📊 Análise Est.4:
2025-11-05 04:36:29,766 - INFO -    Preço: 3320.00 | MA21: 3319.45 | RSI: 71.79
2025-11-05 04:36:29,766 - INFO -    Preço > MA21? ✅ SIM
2025-11-05 04:36:29,766 - INFO -    RSI < 70.0? ❌ NÃO
2025-11-05 04:36:29,766 - INFO -    Sem posições? ❌ NÃO
2025-11-05 04:37:00,034 - INFO - 💹 ETHUSDT: 3324.48000000 USDT
2025-11-05 04:37:00,034 - INFO - 📊 Análise Est.4:
2025-11-05 04:37:00,034 - INFO -    Preço: 3324.48 | MA21: 3319.66 | RSI: 80.99
2025-11-05 04:37:00,034 - INFO -    Preço > MA21? ✅ SIM
2025-11-05 04:37:00,034 - INFO -    RSI < 70.0? ❌ NÃO
2025-11-05 04:37:00,034 - INFO -    Sem posições? ❌ NÃO
2025-11-05 04:37:30,326 - INFO - 💹 ETHUSDT: 3329.40000000 USDT
2025-11-05 04:37:30,326 - INFO - 📊 Análise Est.4:
2025-11-05 04:37:30,326 - INFO -    Preço: 3329.40 | MA21: 3320.05 | RSI: 81.22
2025-11-05 04:37:30,326 - INFO -    Preço > MA21? ✅ SIM
2025-11-05 04:37:30,328 - INFO -    RSI < 70.0? ❌ NÃO
2025-11-05 04:37:30,328 - INFO -    Sem posições? ❌ NÃO
2025-11-05 04:38:00,602 - INFO - 💹 ETHUSDT: 3328.79000000 USDT
2025-11-05 04:38:00,604 - INFO - 📊 Análise Est.4:
2025-11-05 04:38:00,604 - INFO -    Preço: 3328.79 | MA21: 3320.03 | RSI: 80.75
2025-11-05 04:38:00,604 - INFO -    Preço > MA21? ✅ SIM
2025-11-05 04:38:00,604 - INFO -    RSI < 70.0? ❌ NÃO
2025-11-05 04:38:00,604 - INFO -    Sem posições? ❌ NÃO
2025-11-05 04:38:30,882 - INFO - 💹 ETHUSDT: 3329.14000000 USDT
2025-11-05 04:38:30,882 - INFO - 📊 Análise Est.4:
2025-11-05 04:38:30,882 - INFO -    Preço: 3329.14 | MA21: 3320.37 | RSI: 78.64
2025-11-05 04:38:30,882 - INFO -    Preço > MA21? ✅ SIM
2025-11-05 04:38:30,882 - INFO -    RSI < 70.0? ❌ NÃO
2025-11-05 04:38:30,882 - INFO -    Sem posições? ❌ NÃO
2025-11-05 04:39:01,162 - INFO - 💹 ETHUSDT: 3329.99000000 USDT
2025-11-05 04:39:01,162 - INFO - 📊 Análise Est.4:
2025-11-05 04:39:01,162 - INFO -    Preço: 3329.99 | MA21: 3320.41 | RSI: 79.43
2025-11-05 04:39:01,164 - INFO -    Preço > MA21? ✅ SIM
2025-11-05 04:39:01,164 - INFO -    RSI < 70.0? ❌ NÃO
2025-11-05 04:39:01,164 - INFO -    Sem posições? ❌ NÃO
2025-11-05 04:39:31,439 - INFO - 💹 ETHUSDT: 3328.25000000 USDT
2025-11-05 04:39:31,439 - INFO - 📊 Análise Est.4:
2025-11-05 04:39:31,439 - INFO -    Preço: 3328.25 | MA21: 3320.69 | RSI: 74.42
2025-11-05 04:39:31,439 - INFO -    Preço > MA21? ✅ SIM
2025-11-05 04:39:31,439 - INFO -    RSI < 70.0? ❌ NÃO
2025-11-05 04:39:31,439 - INFO -    Sem posições? ❌ NÃO
2025-11-05 04:40:01,713 - INFO - 💹 ETHUSDT: 3329.99000000 USDT
2025-11-05 04:40:01,713 - INFO - 📊 Análise Est.4:
2025-11-05 04:40:01,713 - INFO -    Preço: 3329.99 | MA21: 3320.77 | RSI: 80.10
2025-11-05 04:40:01,713 - INFO -    Preço > MA21? ✅ SIM
2025-11-05 04:40:01,713 - INFO -    RSI < 70.0? ❌ NÃO
2025-11-05 04:40:01,713 - INFO -    Sem posições? ❌ NÃO
2025-11-05 04:40:31,984 - INFO - 💹 ETHUSDT: 3330.79000000 USDT
2025-11-05 04:40:31,984 - INFO - 📊 Análise Est.4:
2025-11-05 04:40:31,984 - INFO -    Preço: 3330.79 | MA21: 3321.26 | RSI: 83.89
2025-11-05 04:40:31,984 - INFO -    Preço > MA21? ✅ SIM
2025-11-05 04:40:31,984 - INFO -    RSI < 70.0? ❌ NÃO
2025-11-05 04:40:31,984 - INFO -    Sem posições? ❌ NÃO
2025-11-05 04:41:02,268 - INFO - 💹 ETHUSDT: 3333.26000000 USDT
2025-11-05 04:41:02,268 - INFO - 📊 Análise Est.4:
2025-11-05 04:41:02,268 - INFO -    Preço: 3333.26 | MA21: 3321.38 | RSI: 85.47
2025-11-05 04:41:02,268 - INFO -    Preço > MA21? ✅ SIM
2025-11-05 04:41:02,268 - INFO -    RSI < 70.0? ❌ NÃO
2025-11-05 04:41:02,268 - INFO -    Sem posições? ❌ NÃO
2025-11-05 04:41:32,551 - INFO - 💹 ETHUSDT: 3332.80000000 USDT
2025-11-05 04:41:32,551 - INFO - 📊 Análise Est.4:
2025-11-05 04:41:32,551 - INFO -    Preço: 3332.80 | MA21: 3321.94 | RSI: 80.98
2025-11-05 04:41:32,551 - INFO -    Preço > MA21? ✅ SIM
2025-11-05 04:41:32,551 - INFO -    RSI < 70.0? ❌ NÃO
2025-11-05 04:41:32,551 - INFO -    Sem posições? ❌ NÃO
2025-11-05 04:42:02,832 - INFO - 💹 ETHUSDT: 3333.55000000 USDT
2025-11-05 04:42:02,832 - INFO - 📊 Análise Est.4:
2025-11-05 04:42:02,832 - INFO -    Preço: 3333.55 | MA21: 3321.97 | RSI: 82.97
2025-11-05 04:42:02,832 - INFO -    Preço > MA21? ✅ SIM
2025-11-05 04:42:02,832 - INFO -    RSI < 70.0? ❌ NÃO
2025-11-05 04:42:02,832 - INFO -    Sem posições? ❌ NÃO
2025-11-05 04:42:33,350 - INFO - 💹 ETHUSDT: 3333.34000000 USDT
2025-11-05 04:42:33,350 - INFO - 📊 Análise Est.4:
2025-11-05 04:42:33,350 - INFO -    Preço: 3333.34 | MA21: 3322.95 | RSI: 81.16
2025-11-05 04:42:33,350 - INFO -    Preço > MA21? ✅ SIM
2025-11-05 04:42:33,350 - INFO -    RSI < 70.0? ❌ NÃO
2025-11-05 04:42:33,350 - INFO -    Sem posições? ❌ NÃO
2025-11-05 04:43:03,631 - INFO - 💹 ETHUSDT: 3333.34000000 USDT
2025-11-05 04:43:03,635 - INFO - 📊 Análise Est.4:
2025-11-05 04:43:03,635 - INFO -    Preço: 3333.34 | MA21: 3322.95 | RSI: 81.16
2025-11-05 04:43:03,635 - INFO -    Preço > MA21? ✅ SIM
2025-11-05 04:43:03,635 - INFO -    RSI < 70.0? ❌ NÃO
2025-11-05 04:43:03,635 - INFO -    Sem posições? ❌ NÃO
2025-11-05 04:43:33,912 - INFO - 💹 ETHUSDT: 3331.51000000 USDT
2025-11-05 04:43:33,912 - INFO - 📊 Análise Est.4:
2025-11-05 04:43:33,912 - INFO -    Preço: 3331.51 | MA21: 3324.02 | RSI: 74.72
2025-11-05 04:43:33,912 - INFO -    Preço > MA21? ✅ SIM
2025-11-05 04:43:33,912 - INFO -    RSI < 70.0? ❌ NÃO
2025-11-05 04:43:33,912 - INFO -    Sem posições? ❌ NÃO
2025-11-05 04:44:04,189 - INFO - 💹 ETHUSDT: 3330.00000000 USDT
2025-11-05 04:44:04,189 - INFO - 📊 Análise Est.4:
2025-11-05 04:44:04,189 - INFO -    Preço: 3330.00 | MA21: 3323.95 | RSI: 69.98
2025-11-05 04:44:04,189 - INFO -    Preço > MA21? ✅ SIM
2025-11-05 04:44:04,189 - INFO -    RSI < 70.0? ✅ SIM
2025-11-05 04:44:04,189 - INFO -    Sem posições? ❌ NÃO
2025-11-05 04:44:34,473 - INFO - 💹 ETHUSDT: 3331.31000000 USDT
2025-11-05 04:44:34,473 - INFO - 📊 Análise Est.4:
2025-11-05 04:44:34,473 - INFO -    Preço: 3331.31 | MA21: 3324.79 | RSI: 70.42
2025-11-05 04:44:34,473 - INFO -    Preço > MA21? ✅ SIM
2025-11-05 04:44:34,473 - INFO -    RSI < 70.0? ❌ NÃO
2025-11-05 04:44:34,473 - INFO -    Sem posições? ❌ NÃO
2025-11-05 04:45:04,749 - INFO - 💹 ETHUSDT: 3332.99000000 USDT
2025-11-05 04:45:04,749 - INFO - 📊 Análise Est.4:
2025-11-05 04:45:04,749 - INFO -    Preço: 3332.99 | MA21: 3324.87 | RSI: 72.34
2025-11-05 04:45:04,749 - INFO -    Preço > MA21? ✅ SIM
2025-11-05 04:45:04,749 - INFO -    RSI < 70.0? ❌ NÃO
2025-11-05 04:45:04,749 - INFO -    Sem posições? ❌ NÃO
2025-11-05 04:45:35,036 - INFO - 💹 ETHUSDT: 3333.90000000 USDT
2025-11-05 04:45:35,036 - INFO - 📊 Análise Est.4:
2025-11-05 04:45:35,036 - INFO -    Preço: 3333.90 | MA21: 3325.73 | RSI: 76.48
2025-11-05 04:45:35,036 - INFO -    Preço > MA21? ✅ SIM
2025-11-05 04:45:35,036 - INFO -    RSI < 70.0? ❌ NÃO
2025-11-05 04:45:35,036 - INFO -    Sem posições? ❌ NÃO
2025-11-05 04:46:05,310 - INFO - 💹 ETHUSDT: 3333.79000000 USDT
2025-11-05 04:46:05,310 - INFO - 📊 Análise Est.4:
2025-11-05 04:46:05,310 - INFO -    Preço: 3333.79 | MA21: 3325.73 | RSI: 76.38
2025-11-05 04:46:05,310 - INFO -    Preço > MA21? ✅ SIM
2025-11-05 04:46:05,310 - INFO -    RSI < 70.0? ❌ NÃO
2025-11-05 04:46:05,310 - INFO -    Sem posições? ❌ NÃO
2025-11-05 04:46:35,581 - INFO - 💹 ETHUSDT: 3333.87000000 USDT
2025-11-05 04:46:35,581 - INFO - 📊 Análise Est.4:
2025-11-05 04:46:35,581 - INFO -    Preço: 3333.87 | MA21: 3326.57 | RSI: 75.53
2025-11-05 04:46:35,581 - INFO -    Preço > MA21? ✅ SIM
2025-11-05 04:46:35,581 - INFO -    RSI < 70.0? ❌ NÃO
2025-11-05 04:46:35,581 - INFO -    Sem posições? ❌ NÃO
2025-11-05 04:47:05,872 - INFO - 💹 ETHUSDT: 3333.89000000 USDT
2025-11-05 04:47:05,872 - INFO - 📊 Análise Est.4:
2025-11-05 04:47:05,872 - INFO -    Preço: 3333.89 | MA21: 3326.57 | RSI: 75.55
2025-11-05 04:47:05,872 - INFO -    Preço > MA21? ✅ SIM
2025-11-05 04:47:05,872 - INFO -    RSI < 70.0? ❌ NÃO
2025-11-05 04:47:05,872 - INFO -    Sem posições? ❌ NÃO
2025-11-05 04:47:36,141 - INFO - 💹 ETHUSDT: 3334.05000000 USDT
2025-11-05 04:47:36,141 - INFO - 📊 Análise Est.4:
2025-11-05 04:47:36,141 - INFO -    Preço: 3334.05 | MA21: 3327.49 | RSI: 70.53
2025-11-05 04:47:36,141 - INFO -    Preço > MA21? ✅ SIM
2025-11-05 04:47:36,141 - INFO -    RSI < 70.0? ❌ NÃO
2025-11-05 04:47:36,141 - INFO -    Sem posições? ❌ NÃO
2025-11-05 04:48:06,426 - INFO - 💹 ETHUSDT: 3334.30000000 USDT
2025-11-05 04:48:06,426 - INFO - 📊 Análise Est.4:
2025-11-05 04:48:06,426 - INFO -    Preço: 3334.30 | MA21: 3327.50 | RSI: 71.32
2025-11-05 04:48:06,426 - INFO -    Preço > MA21? ✅ SIM
2025-11-05 04:48:06,426 - INFO -    RSI < 70.0? ❌ NÃO
2025-11-05 04:48:06,426 - INFO -    Sem posições? ❌ NÃO
2025-11-05 04:48:36,707 - INFO - 💹 ETHUSDT: 3332.63000000 USDT
2025-11-05 04:48:36,709 - INFO - 📊 Análise Est.4:
2025-11-05 04:48:36,709 - INFO -    Preço: 3332.63 | MA21: 3328.14 | RSI: 67.52
2025-11-05 04:48:36,709 - INFO -    Preço > MA21? ✅ SIM
2025-11-05 04:48:36,709 - INFO -    RSI < 70.0? ✅ SIM
2025-11-05 04:48:36,709 - INFO -    Sem posições? ❌ NÃO
2025-11-05 04:49:06,994 - INFO - 💹 ETHUSDT: 3333.84000000 USDT
2025-11-05 04:49:06,994 - INFO - 📊 Análise Est.4:
2025-11-05 04:49:06,994 - INFO -    Preço: 3333.84 | MA21: 3328.19 | RSI: 71.19
2025-11-05 04:49:06,994 - INFO -    Preço > MA21? ✅ SIM
2025-11-05 04:49:06,994 - INFO -    RSI < 70.0? ❌ NÃO
2025-11-05 04:49:06,994 - INFO -    Sem posições? ❌ NÃO
2025-11-05 04:49:37,272 - INFO - 💹 ETHUSDT: 3333.52000000 USDT
2025-11-05 04:49:37,276 - INFO - 📊 Análise Est.4:
2025-11-05 04:49:37,276 - INFO -    Preço: 3333.52 | MA21: 3328.81 | RSI: 77.23
2025-11-05 04:49:37,276 - INFO -    Preço > MA21? ✅ SIM
2025-11-05 04:49:37,276 - INFO -    RSI < 70.0? ❌ NÃO
2025-11-05 04:49:37,276 - INFO -    Sem posições? ❌ NÃO
2025-11-05 04:50:07,547 - INFO - 💹 ETHUSDT: 3333.96000000 USDT
2025-11-05 04:50:07,547 - INFO - 📊 Análise Est.4:
2025-11-05 04:50:07,547 - INFO -    Preço: 3333.96 | MA21: 3328.83 | RSI: 78.61
2025-11-05 04:50:07,549 - INFO -    Preço > MA21? ✅ SIM
2025-11-05 04:50:07,549 - INFO -    RSI < 70.0? ❌ NÃO
2025-11-05 04:50:07,549 - INFO -    Sem posições? ❌ NÃO
2025-11-05 04:50:37,828 - INFO - 💹 ETHUSDT: 3331.67000000 USDT
2025-11-05 04:50:37,828 - INFO - 📊 Análise Est.4:
2025-11-05 04:50:37,828 - INFO -    Preço: 3331.67 | MA21: 3329.32 | RSI: 64.51
2025-11-05 04:50:37,828 - INFO -    Preço > MA21? ✅ SIM
2025-11-05 04:50:37,828 - INFO -    RSI < 70.0? ✅ SIM
2025-11-05 04:50:37,828 - INFO -    Sem posições? ❌ NÃO
2025-11-05 04:51:08,103 - INFO - 💹 ETHUSDT: 3333.58000000 USDT
2025-11-05 04:51:08,103 - INFO - 📊 Análise Est.4:
2025-11-05 04:51:08,103 - INFO -    Preço: 3333.58 | MA21: 3329.41 | RSI: 70.62
2025-11-05 04:51:08,103 - INFO -    Preço > MA21? ✅ SIM
2025-11-05 04:51:08,103 - INFO -    RSI < 70.0? ❌ NÃO
2025-11-05 04:51:08,103 - INFO -    Sem posições? ❌ NÃO
2025-11-05 04:51:38,381 - INFO - 💹 ETHUSDT: 3331.31000000 USDT
2025-11-05 04:51:38,381 - INFO - 📊 Análise Est.4:
2025-11-05 04:51:38,381 - INFO -    Preço: 3331.31 | MA21: 3329.88 | RSI: 57.25
2025-11-05 04:51:38,381 - INFO -    Preço > MA21? ✅ SIM
2025-11-05 04:51:38,381 - INFO -    RSI < 70.0? ✅ SIM
2025-11-05 04:51:38,381 - INFO -    Sem posições? ❌ NÃO
2025-11-05 04:52:08,662 - INFO - 💹 ETHUSDT: 3334.36000000 USDT
2025-11-05 04:52:08,662 - INFO - 📊 Análise Est.4:
2025-11-05 04:52:08,662 - INFO -    Preço: 3334.36 | MA21: 3330.03 | RSI: 67.53
2025-11-05 04:52:08,662 - INFO -    Preço > MA21? ✅ SIM
2025-11-05 04:52:08,662 - INFO -    RSI < 70.0? ✅ SIM
2025-11-05 04:52:08,662 - INFO -    Sem posições? ❌ NÃO
2025-11-05 04:52:38,940 - INFO - 💹 ETHUSDT: 3333.53000000 USDT
2025-11-05 04:52:38,940 - INFO - 📊 Análise Est.4:
2025-11-05 04:52:38,940 - INFO -    Preço: 3333.53 | MA21: 3330.66 | RSI: 61.38
2025-11-05 04:52:38,940 - INFO -    Preço > MA21? ✅ SIM
2025-11-05 04:52:38,940 - INFO -    RSI < 70.0? ✅ SIM
2025-11-05 04:52:38,940 - INFO -    Sem posições? ❌ NÃO
2025-11-05 04:53:09,203 - INFO - 💹 ETHUSDT: 3331.88000000 USDT
2025-11-05 04:53:09,203 - INFO - 📊 Análise Est.4:
2025-11-05 04:53:09,203 - INFO -    Preço: 3331.88 | MA21: 3330.58 | RSI: 55.48
2025-11-05 04:53:09,203 - INFO -    Preço > MA21? ✅ SIM
2025-11-05 04:53:09,203 - INFO -    RSI < 70.0? ✅ SIM
2025-11-05 04:53:09,203 - INFO -    Sem posições? ❌ NÃO
2025-11-05 04:53:39,493 - INFO - 💹 ETHUSDT: 3335.65000000 USDT
2025-11-05 04:53:39,493 - INFO - 📊 Análise Est.4:
2025-11-05 04:53:39,493 - INFO -    Preço: 3335.65 | MA21: 3331.39 | RSI: 66.01
2025-11-05 04:53:39,493 - INFO -    Preço > MA21? ✅ SIM
2025-11-05 04:53:39,493 - INFO -    RSI < 70.0? ✅ SIM
2025-11-05 04:53:39,493 - INFO -    Sem posições? ❌ NÃO
2025-11-05 04:54:09,764 - INFO - 💹 ETHUSDT: 3335.65000000 USDT
2025-11-05 04:54:09,764 - INFO - 📊 Análise Est.4:
2025-11-05 04:54:09,764 - INFO -    Preço: 3335.65 | MA21: 3331.39 | RSI: 66.01
2025-11-05 04:54:09,764 - INFO -    Preço > MA21? ✅ SIM
2025-11-05 04:54:09,764 - INFO -    RSI < 70.0? ✅ SIM
2025-11-05 04:54:09,764 - INFO -    Sem posições? ❌ NÃO
2025-11-05 04:54:40,057 - INFO - 💹 ETHUSDT: 3337.49000000 USDT
2025-11-05 04:54:40,059 - INFO - 📊 Análise Est.4:
2025-11-05 04:54:40,059 - INFO -    Preço: 3337.49 | MA21: 3331.99 | RSI: 64.54
2025-11-05 04:54:40,059 - INFO -    Preço > MA21? ✅ SIM
2025-11-05 04:54:40,059 - INFO -    RSI < 70.0? ✅ SIM
2025-11-05 04:54:40,059 - INFO -    Sem posições? ❌ NÃO
2025-11-05 04:55:10,331 - INFO - 💹 ETHUSDT: 3337.00000000 USDT
2025-11-05 04:55:10,331 - INFO - 📊 Análise Est.4:
2025-11-05 04:55:10,331 - INFO -    Preço: 3337.00 | MA21: 3331.97 | RSI: 63.30
2025-11-05 04:55:10,331 - INFO -    Preço > MA21? ✅ SIM
2025-11-05 04:55:10,331 - INFO -    RSI < 70.0? ✅ SIM
2025-11-05 04:55:10,331 - INFO -    Sem posições? ❌ NÃO
2025-11-05 04:55:40,597 - INFO - 💹 ETHUSDT: 3337.21000000 USDT
2025-11-05 04:55:40,597 - INFO - 📊 Análise Est.4:
2025-11-05 04:55:40,597 - INFO -    Preço: 3337.21 | MA21: 3332.58 | RSI: 63.09
2025-11-05 04:55:40,597 - INFO -    Preço > MA21? ✅ SIM
2025-11-05 04:55:40,597 - INFO -    RSI < 70.0? ✅ SIM
2025-11-05 04:55:40,597 - INFO -    Sem posições? ❌ NÃO
2025-11-05 04:56:10,883 - INFO - 💹 ETHUSDT: 3337.46000000 USDT
2025-11-05 04:56:10,883 - INFO - 📊 Análise Est.4:
2025-11-05 04:56:10,883 - INFO -    Preço: 3337.46 | MA21: 3332.59 | RSI: 63.74
2025-11-05 04:56:10,883 - INFO -    Preço > MA21? ✅ SIM
2025-11-05 04:56:10,883 - INFO -    RSI < 70.0? ✅ SIM
2025-11-05 04:56:10,883 - INFO -    Sem posições? ❌ NÃO
2025-11-05 04:56:41,157 - INFO - 💹 ETHUSDT: 3340.22000000 USDT
2025-11-05 04:56:41,157 - INFO - 📊 Análise Est.4:
2025-11-05 04:56:41,157 - INFO -    Preço: 3340.22 | MA21: 3333.44 | RSI: 70.50
2025-11-05 04:56:41,157 - INFO -    Preço > MA21? ✅ SIM
2025-11-05 04:56:41,157 - INFO -    RSI < 70.0? ❌ NÃO
2025-11-05 04:56:41,157 - INFO -    Sem posições? ❌ NÃO
2025-11-05 04:57:11,428 - INFO - 💹 ETHUSDT: 3340.17000000 USDT
2025-11-05 04:57:11,428 - INFO - 📊 Análise Est.4:
2025-11-05 04:57:11,428 - INFO -    Preço: 3340.17 | MA21: 3333.44 | RSI: 70.41
2025-11-05 04:57:11,428 - INFO -    Preço > MA21? ✅ SIM
2025-11-05 04:57:11,428 - INFO -    RSI < 70.0? ❌ NÃO
2025-11-05 04:57:11,428 - INFO -    Sem posições? ❌ NÃO
2025-11-05 04:57:41,727 - INFO - 💹 ETHUSDT: 3333.07000000 USDT
2025-11-05 04:57:41,727 - INFO - 📊 Análise Est.4:
2025-11-05 04:57:41,727 - INFO -    Preço: 3333.07 | MA21: 3333.76 | RSI: 57.49
2025-11-05 04:57:41,727 - INFO -    Preço > MA21? ❌ NÃO
2025-11-05 04:57:41,727 - INFO -    RSI < 70.0? ✅ SIM
2025-11-05 04:57:41,727 - INFO -    Sem posições? ❌ NÃO
2025-11-05 04:58:12,001 - INFO - 💹 ETHUSDT: 3332.94000000 USDT
2025-11-05 04:58:12,001 - INFO - 📊 Análise Est.4:
2025-11-05 04:58:12,001 - INFO -    Preço: 3332.94 | MA21: 3333.75 | RSI: 57.13
2025-11-05 04:58:12,001 - INFO -    Preço > MA21? ❌ NÃO
2025-11-05 04:58:12,001 - INFO -    RSI < 70.0? ✅ SIM
2025-11-05 04:58:12,001 - INFO -    Sem posições? ❌ NÃO
2025-11-05 04:58:42,273 - INFO - 💹 ETHUSDT: 3331.40000000 USDT
2025-11-05 04:58:42,273 - INFO - 📊 Análise Est.4:
2025-11-05 04:58:42,273 - INFO -    Preço: 3331.40 | MA21: 3333.88 | RSI: 43.62
2025-11-05 04:58:42,273 - INFO -    Preço > MA21? ❌ NÃO
2025-11-05 04:58:42,273 - INFO -    RSI < 70.0? ✅ SIM
2025-11-05 04:58:42,273 - INFO -    Sem posições? ❌ NÃO
2025-11-05 04:59:12,559 - INFO - 💹 ETHUSDT: 3332.42000000 USDT
2025-11-05 04:59:12,559 - INFO - 📊 Análise Est.4:
2025-11-05 04:59:12,559 - INFO -    Preço: 3332.42 | MA21: 3333.93 | RSI: 46.18
2025-11-05 04:59:12,559 - INFO -    Preço > MA21? ❌ NÃO
2025-11-05 04:59:12,559 - INFO -    RSI < 70.0? ✅ SIM
2025-11-05 04:59:12,559 - INFO -    Sem posições? ❌ NÃO
2025-11-05 04:59:42,839 - INFO - 💹 ETHUSDT: 3332.15000000 USDT
2025-11-05 04:59:42,839 - INFO - 📊 Análise Est.4:
2025-11-05 04:59:42,839 - INFO -    Preço: 3332.15 | MA21: 3334.03 | RSI: 45.35
2025-11-05 04:59:42,839 - INFO -    Preço > MA21? ❌ NÃO
2025-11-05 04:59:42,839 - INFO -    RSI < 70.0? ✅ SIM
2025-11-05 04:59:42,839 - INFO -    Sem posições? ❌ NÃO
2025-11-05 05:00:13,108 - INFO - 💹 ETHUSDT: 3331.39000000 USDT
2025-11-05 05:00:13,108 - INFO - 📊 Análise Est.4:
2025-11-05 05:00:13,108 - INFO -    Preço: 3331.39 | MA21: 3334.02 | RSI: 40.73
2025-11-05 05:00:13,108 - INFO -    Preço > MA21? ❌ NÃO
2025-11-05 05:00:13,108 - INFO -    RSI < 70.0? ✅ SIM
2025-11-05 05:00:13,108 - INFO -    Sem posições? ❌ NÃO
2025-11-05 05:00:43,396 - INFO - 💹 ETHUSDT: 3324.74000000 USDT
2025-11-05 05:00:43,396 - INFO - 📊 Análise Est.4:
2025-11-05 05:00:43,396 - INFO -    Preço: 3324.74 | MA21: 3333.70 | RSI: 29.53
2025-11-05 05:00:43,396 - INFO -    Preço > MA21? ❌ NÃO
2025-11-05 05:00:43,396 - INFO -    RSI < 70.0? ✅ SIM
2025-11-05 05:00:43,396 - INFO -    Sem posições? ❌ NÃO
2025-11-05 05:01:13,672 - INFO - 💹 ETHUSDT: 3320.94000000 USDT
2025-11-05 05:01:13,672 - INFO - 📊 Análise Est.4:
2025-11-05 05:01:13,672 - INFO -    Preço: 3320.94 | MA21: 3332.94 | RSI: 25.83
2025-11-05 05:01:13,672 - INFO -    Preço > MA21? ❌ NÃO
2025-11-05 05:01:13,672 - INFO -    RSI < 70.0? ✅ SIM
2025-11-05 05:01:13,672 - INFO -    Sem posições? ❌ NÃO
2025-11-05 05:01:43,947 - INFO - 💹 ETHUSDT: 3321.52000000 USDT
2025-11-05 05:01:43,947 - INFO - 📊 Análise Est.4:
2025-11-05 05:01:43,947 - INFO -    Preço: 3321.52 | MA21: 3332.96 | RSI: 27.36
2025-11-05 05:01:43,947 - INFO -    Preço > MA21? ❌ NÃO
2025-11-05 05:01:43,947 - INFO -    RSI < 70.0? ✅ SIM
2025-11-05 05:01:43,947 - INFO -    Sem posições? ❌ NÃO
2025-11-05 05:02:14,231 - INFO - 💹 ETHUSDT: 3323.56000000 USDT
2025-11-05 05:02:14,231 - INFO - 📊 Análise Est.4:
2025-11-05 05:02:14,231 - INFO -    Preço: 3323.56 | MA21: 3332.58 | RSI: 32.74
2025-11-05 05:02:14,231 - INFO -    Preço > MA21? ❌ NÃO
2025-11-05 05:02:14,231 - INFO -    RSI < 70.0? ✅ SIM
2025-11-05 05:02:14,231 - INFO -    Sem posições? ❌ NÃO
2025-11-05 05:02:44,521 - INFO - 💹 ETHUSDT: 3320.63000000 USDT
2025-11-05 05:02:44,521 - INFO - 📊 Análise Est.4:
2025-11-05 05:02:44,521 - INFO -    Preço: 3320.63 | MA21: 3332.45 | RSI: 29.81
2025-11-05 05:02:44,521 - INFO -    Preço > MA21? ❌ NÃO
2025-11-05 05:02:44,521 - INFO -    RSI < 70.0? ✅ SIM
2025-11-05 05:02:44,521 - INFO -    Sem posições? ❌ NÃO
2025-11-05 05:03:14,789 - INFO - 💹 ETHUSDT: 3321.18000000 USDT
2025-11-05 05:03:14,789 - INFO - 📊 Análise Est.4:
2025-11-05 05:03:14,789 - INFO -    Preço: 3321.18 | MA21: 3331.90 | RSI: 31.11
2025-11-05 05:03:14,789 - INFO -    Preço > MA21? ❌ NÃO
2025-11-05 05:03:14,789 - INFO -    RSI < 70.0? ✅ SIM
2025-11-05 05:03:14,789 - INFO -    Sem posições? ❌ NÃO
2025-11-05 05:03:45,076 - INFO - 💹 ETHUSDT: 3320.43000000 USDT
2025-11-05 05:03:45,078 - INFO - 📊 Análise Est.4:
2025-11-05 05:03:45,078 - INFO -    Preço: 3320.43 | MA21: 3331.87 | RSI: 30.39
2025-11-05 05:03:45,078 - INFO -    Preço > MA21? ❌ NÃO
2025-11-05 05:03:45,078 - INFO -    RSI < 70.0? ✅ SIM
2025-11-05 05:03:45,078 - INFO -    Sem posições? ❌ NÃO
2025-11-05 05:04:15,362 - INFO - 💹 ETHUSDT: 3317.65000000 USDT
2025-11-05 05:04:15,362 - INFO - 📊 Análise Est.4:
2025-11-05 05:04:15,362 - INFO -    Preço: 3317.65 | MA21: 3331.15 | RSI: 26.81
2025-11-05 05:04:15,362 - INFO -    Preço > MA21? ❌ NÃO
2025-11-05 05:04:15,362 - INFO -    RSI < 70.0? ✅ SIM
2025-11-05 05:04:15,362 - INFO -    Sem posições? ❌ NÃO
2025-11-05 05:04:45,634 - INFO - 💹 ETHUSDT: 3318.50000000 USDT
2025-11-05 05:04:45,634 - INFO - 📊 Análise Est.4:
2025-11-05 05:04:45,634 - INFO -    Preço: 3318.50 | MA21: 3331.19 | RSI: 28.58
2025-11-05 05:04:45,634 - INFO -    Preço > MA21? ❌ NÃO
2025-11-05 05:04:45,634 - INFO -    RSI < 70.0? ✅ SIM
2025-11-05 05:04:45,634 - INFO -    Sem posições? ❌ NÃO
2025-11-05 05:05:15,911 - INFO - 💹 ETHUSDT: 3314.88000000 USDT
2025-11-05 05:05:15,911 - INFO - 📊 Análise Est.4:
2025-11-05 05:05:15,911 - INFO -    Preço: 3314.88 | MA21: 3330.11 | RSI: 23.20
2025-11-05 05:05:15,911 - INFO -    Preço > MA21? ❌ NÃO
2025-11-05 05:05:15,911 - INFO -    RSI < 70.0? ✅ SIM
2025-11-05 05:05:15,911 - INFO -    Sem posições? ❌ NÃO
2025-11-05 05:05:46,192 - INFO - 💹 ETHUSDT: 3318.46000000 USDT
2025-11-05 05:05:46,192 - INFO - 📊 Análise Est.4:
2025-11-05 05:05:46,192 - INFO -    Preço: 3318.46 | MA21: 3330.29 | RSI: 30.09
2025-11-05 05:05:46,192 - INFO -    Preço > MA21? ❌ NÃO
2025-11-05 05:05:46,192 - INFO -    RSI < 70.0? ✅ SIM
2025-11-05 05:05:46,192 - INFO -    Sem posições? ❌ NÃO
2025-11-05 05:06:16,475 - INFO - 💹 ETHUSDT: 3318.62000000 USDT
2025-11-05 05:06:16,475 - INFO - 📊 Análise Est.4:
2025-11-05 05:06:16,475 - INFO -    Preço: 3318.62 | MA21: 3329.58 | RSI: 30.15
2025-11-05 05:06:16,475 - INFO -    Preço > MA21? ❌ NÃO
2025-11-05 05:06:16,475 - INFO -    RSI < 70.0? ✅ SIM
2025-11-05 05:06:16,475 - INFO -    Sem posições? ❌ NÃO
2025-11-05 05:06:46,754 - INFO - 💹 ETHUSDT: 3316.81000000 USDT
2025-11-05 05:06:46,754 - INFO - 📊 Análise Est.4:
2025-11-05 05:06:46,754 - INFO -    Preço: 3316.81 | MA21: 3329.49 | RSI: 28.85
2025-11-05 05:06:46,754 - INFO -    Preço > MA21? ❌ NÃO
2025-11-05 05:06:46,754 - INFO -    RSI < 70.0? ✅ SIM
2025-11-05 05:06:46,754 - INFO -    Sem posições? ❌ NÃO
2025-11-05 05:07:17,024 - INFO - 💹 ETHUSDT: 3321.18000000 USDT
2025-11-05 05:07:17,024 - INFO - 📊 Análise Est.4:
2025-11-05 05:07:17,024 - INFO -    Preço: 3321.18 | MA21: 3329.06 | RSI: 32.58
2025-11-05 05:07:17,024 - INFO -    Preço > MA21? ❌ NÃO
2025-11-05 05:07:17,024 - INFO -    RSI < 70.0? ✅ SIM
2025-11-05 05:07:17,024 - INFO -    Sem posições? ❌ NÃO
2025-11-05 05:07:47,313 - INFO - 💹 ETHUSDT: 3321.85000000 USDT
2025-11-05 05:07:47,313 - INFO - 📊 Análise Est.4:
2025-11-05 05:07:47,313 - INFO -    Preço: 3321.85 | MA21: 3329.09 | RSI: 33.60
2025-11-05 05:07:47,313 - INFO -    Preço > MA21? ❌ NÃO
2025-11-05 05:07:47,313 - INFO -    RSI < 70.0? ✅ SIM
2025-11-05 05:07:47,313 - INFO -    Sem posições? ❌ NÃO
2025-11-05 05:08:17,594 - INFO - 💹 ETHUSDT: 3321.64000000 USDT
2025-11-05 05:08:17,594 - INFO - 📊 Análise Est.4:
2025-11-05 05:08:17,594 - INFO -    Preço: 3321.64 | MA21: 3328.46 | RSI: 31.07
2025-11-05 05:08:17,594 - INFO -    Preço > MA21? ❌ NÃO
2025-11-05 05:08:17,594 - INFO -    RSI < 70.0? ✅ SIM
2025-11-05 05:08:17,594 - INFO -    Sem posições? ❌ NÃO
2025-11-05 05:08:47,869 - INFO - 💹 ETHUSDT: 3320.91000000 USDT
2025-11-05 05:08:47,869 - INFO - 📊 Análise Est.4:
2025-11-05 05:08:47,869 - INFO -    Preço: 3320.91 | MA21: 3328.42 | RSI: 30.09
2025-11-05 05:08:47,869 - INFO -    Preço > MA21? ❌ NÃO
2025-11-05 05:08:47,869 - INFO -    RSI < 70.0? ✅ SIM
2025-11-05 05:08:47,869 - INFO -    Sem posições? ❌ NÃO
2025-11-05 05:09:18,149 - INFO - 💹 ETHUSDT: 3320.91000000 USDT
2025-11-05 05:09:18,149 - INFO - 📊 Análise Est.4:
2025-11-05 05:09:18,149 - INFO -    Preço: 3320.91 | MA21: 3327.81 | RSI: 29.29
2025-11-05 05:09:18,151 - INFO -    Preço > MA21? ❌ NÃO
2025-11-05 05:09:18,151 - INFO -    RSI < 70.0? ✅ SIM
2025-11-05 05:09:18,151 - INFO -    Sem posições? ❌ NÃO
2025-11-05 05:09:48,433 - INFO - 💹 ETHUSDT: 3320.85000000 USDT
2025-11-05 05:09:48,433 - INFO - 📊 Análise Est.4:
2025-11-05 05:09:48,435 - INFO -    Preço: 3320.85 | MA21: 3327.81 | RSI: 29.24
2025-11-05 05:09:48,435 - INFO -    Preço > MA21? ❌ NÃO
2025-11-05 05:09:48,435 - INFO -    RSI < 70.0? ✅ SIM
2025-11-05 05:09:48,435 - INFO -    Sem posições? ❌ NÃO
2025-11-05 05:10:18,701 - INFO - 💹 ETHUSDT: 3323.92000000 USDT
2025-11-05 05:10:18,701 - INFO - 📊 Análise Est.4:
2025-11-05 05:10:18,701 - INFO -    Preço: 3323.92 | MA21: 3327.52 | RSI: 29.81
2025-11-05 05:10:18,701 - INFO -    Preço > MA21? ❌ NÃO
2025-11-05 05:10:18,701 - INFO -    RSI < 70.0? ✅ SIM
2025-11-05 05:10:18,701 - INFO -    Sem posições? ❌ NÃO
2025-11-05 05:10:48,990 - INFO - 💹 ETHUSDT: 3319.40000000 USDT
2025-11-05 05:10:48,990 - INFO - 📊 Análise Est.4:
2025-11-05 05:10:48,990 - INFO -    Preço: 3319.40 | MA21: 3327.30 | RSI: 26.79
2025-11-05 05:10:48,990 - INFO -    Preço > MA21? ❌ NÃO
2025-11-05 05:10:48,990 - INFO -    RSI < 70.0? ✅ SIM
2025-11-05 05:10:48,990 - INFO -    Sem posições? ❌ NÃO
2025-11-05 05:11:19,267 - INFO - 💹 ETHUSDT: 3316.09000000 USDT
2025-11-05 05:11:19,271 - INFO - 📊 Análise Est.4:
2025-11-05 05:11:19,271 - INFO -    Preço: 3316.09 | MA21: 3326.48 | RSI: 29.37
2025-11-05 05:11:19,271 - INFO -    Preço > MA21? ❌ NÃO
2025-11-05 05:11:19,271 - INFO -    RSI < 70.0? ✅ SIM
2025-11-05 05:11:19,271 - INFO -    Sem posições? ❌ NÃO
2025-11-05 05:11:49,552 - INFO - 💹 ETHUSDT: 3317.39000000 USDT
2025-11-05 05:11:49,552 - INFO - 📊 Análise Est.4:
2025-11-05 05:11:49,552 - INFO -    Preço: 3317.39 | MA21: 3326.55 | RSI: 30.33
2025-11-05 05:11:49,552 - INFO -    Preço > MA21? ❌ NÃO
2025-11-05 05:11:49,552 - INFO -    RSI < 70.0? ✅ SIM
2025-11-05 05:11:49,552 - INFO -    Sem posições? ❌ NÃO
2025-11-05 05:12:19,835 - INFO - 💹 ETHUSDT: 3314.51000000 USDT
2025-11-05 05:12:19,835 - INFO - 📊 Análise Est.4:
2025-11-05 05:12:19,835 - INFO -    Preço: 3314.51 | MA21: 3325.46 | RSI: 28.62
2025-11-05 05:12:19,835 - INFO -    Preço > MA21? ❌ NÃO
2025-11-05 05:12:19,835 - INFO -    RSI < 70.0? ✅ SIM
2025-11-05 05:12:19,835 - INFO -    Sem posições? ❌ NÃO
2025-11-05 05:12:50,115 - INFO - 💹 ETHUSDT: 3322.97000000 USDT
2025-11-05 05:12:50,115 - INFO - 📊 Análise Est.4:
2025-11-05 05:12:50,115 - INFO -    Preço: 3322.97 | MA21: 3325.87 | RSI: 40.62
2025-11-05 05:12:50,118 - INFO -    Preço > MA21? ❌ NÃO
2025-11-05 05:12:50,118 - INFO -    RSI < 70.0? ✅ SIM
2025-11-05 05:12:50,118 - INFO -    Sem posições? ❌ NÃO
2025-11-05 05:13:20,393 - INFO - 💹 ETHUSDT: 3315.47000000 USDT
2025-11-05 05:13:20,393 - INFO - 📊 Análise Est.4:
2025-11-05 05:13:20,393 - INFO -    Preço: 3315.47 | MA21: 3324.63 | RSI: 31.47
2025-11-05 05:13:20,393 - INFO -    Preço > MA21? ❌ NÃO
2025-11-05 05:13:20,393 - INFO -    RSI < 70.0? ✅ SIM
2025-11-05 05:13:20,393 - INFO -    Sem posições? ❌ NÃO
2025-11-05 05:13:50,673 - INFO - 💹 ETHUSDT: 3315.37000000 USDT
2025-11-05 05:13:50,673 - INFO - 📊 Análise Est.4:
2025-11-05 05:13:50,673 - INFO -    Preço: 3315.37 | MA21: 3324.62 | RSI: 31.40
2025-11-05 05:13:50,674 - INFO -    Preço > MA21? ❌ NÃO
2025-11-05 05:13:50,674 - INFO -    RSI < 70.0? ✅ SIM
2025-11-05 05:13:50,674 - INFO -    Sem posições? ❌ NÃO
2025-11-05 05:14:20,948 - INFO - 💹 ETHUSDT: 3315.14000000 USDT
2025-11-05 05:14:20,953 - INFO - 📊 Análise Est.4:
2025-11-05 05:14:20,953 - INFO -    Preço: 3315.14 | MA21: 3323.69 | RSI: 41.28
2025-11-05 05:14:20,953 - INFO -    Preço > MA21? ❌ NÃO
2025-11-05 05:14:20,953 - INFO -    RSI < 70.0? ✅ SIM
2025-11-05 05:14:20,953 - INFO -    Sem posições? ❌ NÃO
2025-11-05 05:14:51,230 - INFO - 💹 ETHUSDT: 3316.55000000 USDT
2025-11-05 05:14:51,230 - INFO - 📊 Análise Est.4:
2025-11-05 05:14:51,230 - INFO -    Preço: 3316.55 | MA21: 3323.76 | RSI: 43.24
2025-11-05 05:14:51,230 - INFO -    Preço > MA21? ❌ NÃO
2025-11-05 05:14:51,231 - INFO -    RSI < 70.0? ✅ SIM
2025-11-05 05:14:51,231 - INFO -    Sem posições? ❌ NÃO
2025-11-05 05:15:21,508 - INFO - 💹 ETHUSDT: 3316.16000000 USDT
2025-11-05 05:15:21,508 - INFO - 📊 Análise Est.4:
2025-11-05 05:15:21,508 - INFO -    Preço: 3316.16 | MA21: 3322.74 | RSI: 37.52
2025-11-05 05:15:21,508 - INFO -    Preço > MA21? ❌ NÃO
2025-11-05 05:15:21,508 - INFO -    RSI < 70.0? ✅ SIM
2025-11-05 05:15:21,508 - INFO -    Sem posições? ❌ NÃO
2025-11-05 05:15:51,774 - INFO - 💹 ETHUSDT: 3313.01000000 USDT
2025-11-05 05:15:51,774 - INFO - 📊 Análise Est.4:
2025-11-05 05:15:51,774 - INFO -    Preço: 3313.01 | MA21: 3322.59 | RSI: 33.90
2025-11-05 05:15:51,774 - INFO -    Preço > MA21? ❌ NÃO
2025-11-05 05:15:51,774 - INFO -    RSI < 70.0? ✅ SIM
2025-11-05 05:15:51,774 - INFO -    Sem posições? ❌ NÃO
2025-11-05 05:16:22,060 - INFO - 💹 ETHUSDT: 3310.58000000 USDT
2025-11-05 05:16:22,065 - INFO - 📊 Análise Est.4:
2025-11-05 05:16:22,065 - INFO -    Preço: 3310.58 | MA21: 3321.22 | RSI: 33.66
2025-11-05 05:16:22,066 - INFO -    Preço > MA21? ❌ NÃO
2025-11-05 05:16:22,066 - INFO -    RSI < 70.0? ✅ SIM
2025-11-05 05:16:22,066 - INFO -    Sem posições? ❌ NÃO
2025-11-05 05:16:52,331 - INFO - 💹 ETHUSDT: 3311.19000000 USDT
2025-11-05 05:16:52,331 - INFO - 📊 Análise Est.4:
2025-11-05 05:16:52,331 - INFO -    Preço: 3311.19 | MA21: 3321.25 | RSI: 34.53
2025-11-05 05:16:52,331 - INFO -    Preço > MA21? ❌ NÃO
2025-11-05 05:16:52,331 - INFO -    RSI < 70.0? ✅ SIM
2025-11-05 05:16:52,331 - INFO -    Sem posições? ❌ NÃO
2025-11-05 05:17:22,628 - INFO - 💹 ETHUSDT: 3310.01000000 USDT
2025-11-05 05:17:22,628 - INFO - 📊 Análise Est.4:
2025-11-05 05:17:22,628 - INFO -    Preço: 3310.01 | MA21: 3319.75 | RSI: 37.21
2025-11-05 05:17:22,628 - INFO -    Preço > MA21? ❌ NÃO
2025-11-05 05:17:22,628 - INFO -    RSI < 70.0? ✅ SIM
2025-11-05 05:17:22,628 - INFO -    Sem posições? ❌ NÃO
2025-11-05 05:17:52,921 - INFO - 💹 ETHUSDT: 3308.23000000 USDT
2025-11-05 05:17:52,921 - INFO - 📊 Análise Est.4:
2025-11-05 05:17:52,921 - INFO -    Preço: 3308.23 | MA21: 3319.67 | RSI: 35.11
2025-11-05 05:17:52,921 - INFO -    Preço > MA21? ❌ NÃO
2025-11-05 05:17:52,921 - INFO -    RSI < 70.0? ✅ SIM
2025-11-05 05:17:52,921 - INFO -    Sem posições? ❌ NÃO
2025-11-05 05:18:23,200 - INFO - 💹 ETHUSDT: 3310.25000000 USDT
2025-11-05 05:18:23,200 - INFO - 📊 Análise Est.4:
2025-11-05 05:18:23,200 - INFO -    Preço: 3310.25 | MA21: 3318.65 | RSI: 41.76
2025-11-05 05:18:23,200 - INFO -    Preço > MA21? ❌ NÃO
2025-11-05 05:18:23,200 - INFO -    RSI < 70.0? ✅ SIM
2025-11-05 05:18:23,200 - INFO -    Sem posições? ❌ NÃO
2025-11-05 05:18:53,474 - INFO - 💹 ETHUSDT: 3311.48000000 USDT
2025-11-05 05:18:53,474 - INFO - 📊 Análise Est.4:
2025-11-05 05:18:53,474 - INFO -    Preço: 3311.48 | MA21: 3318.71 | RSI: 44.20
2025-11-05 05:18:53,474 - INFO -    Preço > MA21? ❌ NÃO
2025-11-05 05:18:53,474 - INFO -    RSI < 70.0? ✅ SIM
2025-11-05 05:18:53,474 - INFO -    Sem posições? ❌ NÃO
2025-11-05 05:19:23,757 - INFO - 💹 ETHUSDT: 3306.98000000 USDT
2025-11-05 05:19:23,757 - INFO - 📊 Análise Est.4:
2025-11-05 05:19:23,757 - INFO -    Preço: 3306.98 | MA21: 3317.48 | RSI: 29.86
2025-11-05 05:19:23,757 - INFO -    Preço > MA21? ❌ NÃO
2025-11-05 05:19:23,757 - INFO -    RSI < 70.0? ✅ SIM
2025-11-05 05:19:23,757 - INFO -    Sem posições? ❌ NÃO
2025-11-05 05:19:54,020 - INFO - 💹 ETHUSDT: 3306.99000000 USDT
2025-11-05 05:19:54,020 - INFO - 📊 Análise Est.4:
2025-11-05 05:19:54,020 - INFO -    Preço: 3306.99 | MA21: 3317.49 | RSI: 29.87
2025-11-05 05:19:54,020 - INFO -    Preço > MA21? ❌ NÃO
2025-11-05 05:19:54,020 - INFO -    RSI < 70.0? ✅ SIM
2025-11-05 05:19:54,020 - INFO -    Sem posições? ❌ NÃO
2025-11-05 05:20:24,298 - INFO - 💹 ETHUSDT: 3306.99000000 USDT
2025-11-05 05:20:24,298 - INFO - 📊 Análise Est.4:
2025-11-05 05:20:24,298 - INFO -    Preço: 3306.99 | MA21: 3316.32 | RSI: 23.34
2025-11-05 05:20:24,298 - INFO -    Preço > MA21? ❌ NÃO
2025-11-05 05:20:24,298 - INFO -    RSI < 70.0? ✅ SIM
2025-11-05 05:20:24,298 - INFO -    Sem posições? ❌ NÃO
2025-11-05 05:20:54,587 - INFO - 💹 ETHUSDT: 3307.15000000 USDT
2025-11-05 05:20:54,587 - INFO - 📊 Análise Est.4:
2025-11-05 05:20:54,587 - INFO -    Preço: 3307.15 | MA21: 3316.33 | RSI: 23.79
2025-11-05 05:20:54,587 - INFO -    Preço > MA21? ❌ NÃO
2025-11-05 05:20:54,587 - INFO -    RSI < 70.0? ✅ SIM
2025-11-05 05:20:54,587 - INFO -    Sem posições? ❌ NÃO
2025-11-05 05:21:24,853 - INFO - 💹 ETHUSDT: 3303.43000000 USDT
2025-11-05 05:21:24,853 - INFO - 📊 Análise Est.4:
2025-11-05 05:21:24,853 - INFO -    Preço: 3303.43 | MA21: 3315.43 | RSI: 20.63
2025-11-05 05:21:24,853 - INFO -    Preço > MA21? ❌ NÃO
2025-11-05 05:21:24,853 - INFO -    RSI < 70.0? ✅ SIM
2025-11-05 05:21:24,853 - INFO -    Sem posições? ❌ NÃO
2025-11-05 05:21:55,142 - INFO - 💹 ETHUSDT: 3306.77000000 USDT
2025-11-05 05:21:55,142 - INFO - 📊 Análise Est.4:
2025-11-05 05:21:55,142 - INFO -    Preço: 3306.77 | MA21: 3315.59 | RSI: 25.22
2025-11-05 05:21:55,142 - INFO -    Preço > MA21? ❌ NÃO
2025-11-05 05:21:55,142 - INFO -    RSI < 70.0? ✅ SIM
2025-11-05 05:21:55,142 - INFO -    Sem posições? ❌ NÃO
2025-11-05 05:22:25,416 - INFO - 💹 ETHUSDT: 3302.33000000 USDT
2025-11-05 05:22:25,416 - INFO - 📊 Análise Est.4:
2025-11-05 05:22:25,416 - INFO -    Preço: 3302.33 | MA21: 3314.36 | RSI: 20.09
2025-11-05 05:22:25,416 - INFO -    Preço > MA21? ❌ NÃO
2025-11-05 05:22:25,416 - INFO -    RSI < 70.0? ✅ SIM
2025-11-05 05:22:25,416 - INFO -    Sem posições? ❌ NÃO
2025-11-05 05:22:55,687 - INFO - 💹 ETHUSDT: 3294.55000000 USDT
2025-11-05 05:22:55,687 - INFO - 📊 Análise Est.4:
2025-11-05 05:22:55,687 - INFO -    Preço: 3294.55 | MA21: 3313.99 | RSI: 16.07
2025-11-05 05:22:55,702 - INFO -    Preço > MA21? ❌ NÃO
2025-11-05 05:22:55,702 - INFO -    RSI < 70.0? ✅ SIM
2025-11-05 05:22:55,702 - INFO -    Sem posições? ❌ NÃO
2025-11-05 05:23:25,981 - INFO - 💹 ETHUSDT: 3291.93000000 USDT
2025-11-05 05:23:25,982 - INFO - 📊 Análise Est.4:
2025-11-05 05:23:25,982 - INFO -    Preço: 3291.93 | MA21: 3312.58 | RSI: 8.42
2025-11-05 05:23:25,982 - INFO -    Preço > MA21? ❌ NÃO
2025-11-05 05:23:25,982 - INFO -    RSI < 70.0? ✅ SIM
2025-11-05 05:23:25,982 - INFO -    Sem posições? ❌ NÃO
2025-11-05 05:23:56,249 - INFO - 💹 ETHUSDT: 3287.22000000 USDT
2025-11-05 05:23:56,249 - INFO - 📊 Análise Est.4:
2025-11-05 05:23:56,249 - INFO -    Preço: 3287.22 | MA21: 3312.35 | RSI: 7.51
2025-11-05 05:23:56,249 - INFO -    Preço > MA21? ❌ NÃO
2025-11-05 05:23:56,249 - INFO -    RSI < 70.0? ✅ SIM
2025-11-05 05:23:56,249 - INFO -    Sem posições? ❌ NÃO
2025-11-05 05:24:26,524 - INFO - 💹 ETHUSDT: 3286.98000000 USDT
2025-11-05 05:24:26,524 - INFO - 📊 Análise Est.4:
2025-11-05 05:24:26,524 - INFO -    Preço: 3286.98 | MA21: 3310.86 | RSI: 9.28
2025-11-05 05:24:26,524 - INFO -    Preço > MA21? ❌ NÃO
2025-11-05 05:24:26,524 - INFO -    RSI < 70.0? ✅ SIM
2025-11-05 05:24:26,524 - INFO -    Sem posições? ❌ NÃO
2025-11-05 05:24:56,825 - INFO - 💹 ETHUSDT: 3285.56000000 USDT
2025-11-05 05:24:56,825 - INFO - 📊 Análise Est.4:
2025-11-05 05:24:56,831 - INFO -    Preço: 3285.56 | MA21: 3310.79 | RSI: 7.97
2025-11-05 05:24:56,831 - INFO -    Preço > MA21? ❌ NÃO
2025-11-05 05:24:56,831 - INFO -    RSI < 70.0? ✅ SIM
2025-11-05 05:24:56,831 - INFO -    Sem posições? ❌ NÃO
2025-11-05 05:25:27,111 - INFO - 💹 ETHUSDT: 3286.39000000 USDT
2025-11-05 05:25:27,113 - INFO - 📊 Análise Est.4:
2025-11-05 05:25:27,113 - INFO -    Preço: 3286.39 | MA21: 3309.46 | RSI: 9.81
2025-11-05 05:25:27,113 - INFO -    Preço > MA21? ❌ NÃO
2025-11-05 05:25:27,113 - INFO -    RSI < 70.0? ✅ SIM
2025-11-05 05:25:27,113 - INFO -    Sem posições? ❌ NÃO
2025-11-05 05:25:57,393 - INFO - 💹 ETHUSDT: 3292.66000000 USDT
2025-11-05 05:25:57,393 - INFO - 📊 Análise Est.4:
2025-11-05 05:25:57,395 - INFO -    Preço: 3292.66 | MA21: 3309.76 | RSI: 23.52
2025-11-05 05:25:57,395 - INFO -    Preço > MA21? ❌ NÃO
2025-11-05 05:25:57,395 - INFO -    RSI < 70.0? ✅ SIM
2025-11-05 05:25:57,395 - INFO -    Sem posições? ❌ NÃO
2025-11-05 05:26:27,992 - INFO - 💹 ETHUSDT: 3292.33000000 USDT
2025-11-05 05:26:27,992 - INFO - 📊 Análise Est.4:
2025-11-05 05:26:27,992 - INFO -    Preço: 3292.33 | MA21: 3308.42 | RSI: 19.90
2025-11-05 05:26:27,992 - INFO -    Preço > MA21? ❌ NÃO
2025-11-05 05:26:27,992 - INFO -    RSI < 70.0? ✅ SIM
2025-11-05 05:26:27,992 - INFO -    Sem posições? ❌ NÃO
2025-11-05 05:26:58,266 - INFO - 💹 ETHUSDT: 3290.07000000 USDT
2025-11-05 05:26:58,266 - INFO - 📊 Análise Est.4:
2025-11-05 05:26:58,266 - INFO -    Preço: 3290.07 | MA21: 3308.31 | RSI: 16.47
2025-11-05 05:26:58,266 - INFO -    Preço > MA21? ❌ NÃO
2025-11-05 05:26:58,266 - INFO -    RSI < 70.0? ✅ SIM
2025-11-05 05:26:58,266 - INFO -    Sem posições? ❌ NÃO
2025-11-05 05:27:28,551 - INFO - 💹 ETHUSDT: 3295.56000000 USDT
2025-11-05 05:27:28,551 - INFO - 📊 Análise Est.4:
2025-11-05 05:27:28,551 - INFO -    Preço: 3295.56 | MA21: 3307.16 | RSI: 25.61
2025-11-05 05:27:28,553 - INFO -    Preço > MA21? ❌ NÃO
2025-11-05 05:27:28,553 - INFO -    RSI < 70.0? ✅ SIM
2025-11-05 05:27:28,553 - INFO -    Sem posições? ❌ NÃO
2025-11-05 05:27:58,823 - INFO - 💹 ETHUSDT: 3296.09000000 USDT
2025-11-05 05:27:58,823 - INFO - 📊 Análise Est.4:
2025-11-05 05:27:58,823 - INFO -    Preço: 3296.09 | MA21: 3307.19 | RSI: 26.53
2025-11-05 05:27:58,823 - INFO -    Preço > MA21? ❌ NÃO
2025-11-05 05:27:58,823 - INFO -    RSI < 70.0? ✅ SIM
2025-11-05 05:27:58,823 - INFO -    Sem posições? ❌ NÃO
2025-11-05 05:28:29,620 - INFO - 💹 ETHUSDT: 3292.83000000 USDT
2025-11-05 05:28:29,622 - INFO - 📊 Análise Est.4:
2025-11-05 05:28:29,622 - INFO -    Preço: 3292.83 | MA21: 3305.68 | RSI: 20.54
2025-11-05 05:28:29,622 - INFO -    Preço > MA21? ❌ NÃO
2025-11-05 05:28:29,622 - INFO -    RSI < 70.0? ✅ SIM
2025-11-05 05:28:29,622 - INFO -    Sem posições? ❌ NÃO
2025-11-05 05:28:59,897 - INFO - 💹 ETHUSDT: 3293.80000000 USDT
2025-11-05 05:28:59,897 - INFO - 📊 Análise Est.4:
2025-11-05 05:28:59,897 - INFO -    Preço: 3293.80 | MA21: 3305.72 | RSI: 22.44
2025-11-05 05:28:59,897 - INFO -    Preço > MA21? ❌ NÃO
2025-11-05 05:28:59,897 - INFO -    RSI < 70.0? ✅ SIM
2025-11-05 05:28:59,897 - INFO -    Sem posições? ❌ NÃO
2025-11-05 05:29:30,176 - INFO - 💹 ETHUSDT: 3293.73000000 USDT
2025-11-05 05:29:30,178 - INFO - 📊 Análise Est.4:
2025-11-05 05:29:30,178 - INFO -    Preço: 3293.73 | MA21: 3304.43 | RSI: 25.60
2025-11-05 05:29:30,178 - INFO -    Preço > MA21? ❌ NÃO
2025-11-05 05:29:30,178 - INFO -    RSI < 70.0? ✅ SIM
2025-11-05 05:29:30,178 - INFO -    Sem posições? ❌ NÃO
2025-11-05 05:30:00,453 - INFO - 💹 ETHUSDT: 3295.66000000 USDT
2025-11-05 05:30:00,455 - INFO - 📊 Análise Est.4:
2025-11-05 05:30:00,455 - INFO -    Preço: 3295.66 | MA21: 3304.52 | RSI: 29.46
2025-11-05 05:30:00,455 - INFO -    Preço > MA21? ❌ NÃO
2025-11-05 05:30:00,455 - INFO -    RSI < 70.0? ✅ SIM
2025-11-05 05:30:00,455 - INFO -    Sem posições? ❌ NÃO
2025-11-05 05:30:30,729 - INFO - 💹 ETHUSDT: 3291.35000000 USDT
2025-11-05 05:30:30,729 - INFO - 📊 Análise Est.4:
2025-11-05 05:30:30,729 - INFO -    Preço: 3291.35 | MA21: 3302.97 | RSI: 27.01
2025-11-05 05:30:30,729 - INFO -    Preço > MA21? ❌ NÃO
2025-11-05 05:30:30,729 - INFO -    RSI < 70.0? ✅ SIM
2025-11-05 05:30:30,729 - INFO -    Sem posições? ❌ NÃO
2025-11-05 05:31:01,010 - INFO - 💹 ETHUSDT: 3288.56000000 USDT
2025-11-05 05:31:01,010 - INFO - 📊 Análise Est.4:
2025-11-05 05:31:01,010 - INFO -    Preço: 3288.56 | MA21: 3302.83 | RSI: 25.27
2025-11-05 05:31:01,010 - INFO -    Preço > MA21? ❌ NÃO
2025-11-05 05:31:01,010 - INFO -    RSI < 70.0? ✅ SIM
2025-11-05 05:31:01,010 - INFO -    Sem posições? ❌ NÃO
2025-11-05 05:31:31,284 - INFO - 💹 ETHUSDT: 3288.58000000 USDT
2025-11-05 05:31:31,284 - INFO - 📊 Análise Est.4:
2025-11-05 05:31:31,284 - INFO -    Preço: 3288.58 | MA21: 3301.28 | RSI: 27.13
2025-11-05 05:31:31,284 - INFO -    Preço > MA21? ❌ NÃO
2025-11-05 05:31:31,284 - INFO -    RSI < 70.0? ✅ SIM
2025-11-05 05:31:31,284 - INFO -    Sem posições? ❌ NÃO
2025-11-05 05:32:01,560 - INFO - 💹 ETHUSDT: 3294.17000000 USDT
2025-11-05 05:32:01,560 - INFO - 📊 Análise Est.4:
2025-11-05 05:32:01,560 - INFO -    Preço: 3294.17 | MA21: 3301.55 | RSI: 35.03
2025-11-05 05:32:01,560 - INFO -    Preço > MA21? ❌ NÃO
2025-11-05 05:32:01,560 - INFO -    RSI < 70.0? ✅ SIM
2025-11-05 05:32:01,562 - INFO -    Sem posições? ❌ NÃO
2025-11-05 05:32:31,840 - INFO - 💹 ETHUSDT: 3299.75000000 USDT
2025-11-05 05:32:31,840 - INFO - 📊 Análise Est.4:
2025-11-05 05:32:31,840 - INFO -    Preço: 3299.75 | MA21: 3300.91 | RSI: 39.78
2025-11-05 05:32:31,840 - INFO -    Preço > MA21? ❌ NÃO
2025-11-05 05:32:31,840 - INFO -    RSI < 70.0? ✅ SIM
2025-11-05 05:32:31,840 - INFO -    Sem posições? ❌ NÃO
2025-11-05 05:33:02,122 - INFO - 💹 ETHUSDT: 3307.47000000 USDT
2025-11-05 05:33:02,122 - INFO - 📊 Análise Est.4:
2025-11-05 05:33:02,122 - INFO -    Preço: 3307.47 | MA21: 3301.28 | RSI: 47.11
2025-11-05 05:33:02,122 - INFO -    Preço > MA21? ✅ SIM
2025-11-05 05:33:02,122 - INFO -    RSI < 70.0? ✅ SIM
2025-11-05 05:33:02,122 - INFO -    Sem posições? ❌ NÃO
2025-11-05 05:33:32,402 - INFO - 💹 ETHUSDT: 3308.77000000 USDT
2025-11-05 05:33:32,402 - INFO - 📊 Análise Est.4:
2025-11-05 05:33:32,402 - INFO -    Preço: 3308.77 | MA21: 3300.93 | RSI: 51.47
2025-11-05 05:33:32,402 - INFO -    Preço > MA21? ✅ SIM
2025-11-05 05:33:32,402 - INFO -    RSI < 70.0? ✅ SIM
2025-11-05 05:33:32,402 - INFO -    Sem posições? ❌ NÃO
2025-11-05 05:34:02,674 - INFO - 💹 ETHUSDT: 3306.61000000 USDT
2025-11-05 05:34:02,674 - INFO - 📊 Análise Est.4:
2025-11-05 05:34:02,674 - INFO -    Preço: 3306.61 | MA21: 3300.83 | RSI: 49.68
2025-11-05 05:34:02,674 - INFO -    Preço > MA21? ✅ SIM
2025-11-05 05:34:02,674 - INFO -    RSI < 70.0? ✅ SIM
2025-11-05 05:34:02,674 - INFO -    Sem posições? ❌ NÃO
2025-11-05 05:34:32,949 - INFO - 💹 ETHUSDT: 3304.58000000 USDT
2025-11-05 05:34:32,949 - INFO - 📊 Análise Est.4:
2025-11-05 05:34:32,949 - INFO -    Preço: 3304.58 | MA21: 3300.20 | RSI: 49.10
2025-11-05 05:34:32,949 - INFO -    Preço > MA21? ✅ SIM
2025-11-05 05:34:32,949 - INFO -    RSI < 70.0? ✅ SIM
2025-11-05 05:34:32,949 - INFO -    Sem posições? ❌ NÃO
2025-11-05 05:35:03,236 - INFO - 💹 ETHUSDT: 3303.94000000 USDT
2025-11-05 05:35:03,236 - INFO - 📊 Análise Est.4:
2025-11-05 05:35:03,238 - INFO -    Preço: 3303.94 | MA21: 3300.17 | RSI: 48.59
2025-11-05 05:35:03,238 - INFO -    Preço > MA21? ✅ SIM
2025-11-05 05:35:03,238 - INFO -    RSI < 70.0? ✅ SIM
2025-11-05 05:35:03,238 - INFO -    Sem posições? ❌ NÃO
2025-11-05 05:35:33,513 - INFO - 💹 ETHUSDT: 3308.14000000 USDT
2025-11-05 05:35:33,513 - INFO - 📊 Análise Est.4:
2025-11-05 05:35:33,513 - INFO -    Preço: 3308.14 | MA21: 3299.81 | RSI: 54.74
2025-11-05 05:35:33,513 - INFO -    Preço > MA21? ✅ SIM
2025-11-05 05:35:33,513 - INFO -    RSI < 70.0? ✅ SIM
2025-11-05 05:35:33,513 - INFO -    Sem posições? ❌ NÃO
2025-11-05 05:36:03,795 - INFO - 💹 ETHUSDT: 3304.24000000 USDT
2025-11-05 05:36:03,795 - INFO - 📊 Análise Est.4:
2025-11-05 05:36:03,795 - INFO -    Preço: 3304.24 | MA21: 3299.63 | RSI: 51.65
2025-11-05 05:36:03,795 - INFO -    Preço > MA21? ✅ SIM
2025-11-05 05:36:03,795 - INFO -    RSI < 70.0? ✅ SIM
2025-11-05 05:36:03,795 - INFO -    Sem posições? ❌ NÃO
2025-11-05 05:36:34,073 - INFO - 💹 ETHUSDT: 3305.61000000 USDT
2025-11-05 05:36:34,073 - INFO - 📊 Análise Est.4:
2025-11-05 05:36:34,075 - INFO -    Preço: 3305.61 | MA21: 3299.37 | RSI: 61.12
2025-11-05 05:36:34,075 - INFO -    Preço > MA21? ✅ SIM
2025-11-05 05:36:34,075 - INFO -    RSI < 70.0? ✅ SIM
2025-11-05 05:36:34,075 - INFO -    Sem posições? ❌ NÃO
2025-11-05 05:37:04,350 - INFO - 💹 ETHUSDT: 3305.65000000 USDT
2025-11-05 05:37:04,350 - INFO - 📊 Análise Est.4:
2025-11-05 05:37:04,350 - INFO -    Preço: 3305.65 | MA21: 3299.38 | RSI: 61.15
2025-11-05 05:37:04,350 - INFO -    Preço > MA21? ✅ SIM
2025-11-05 05:37:04,350 - INFO -    RSI < 70.0? ✅ SIM
2025-11-05 05:37:04,350 - INFO -    Sem posições? ❌ NÃO
2025-11-05 05:37:34,625 - INFO - 💹 ETHUSDT: 3299.19000000 USDT
2025-11-05 05:37:34,625 - INFO - 📊 Análise Est.4:
2025-11-05 05:37:34,625 - INFO -    Preço: 3299.19 | MA21: 3298.78 | RSI: 63.50
2025-11-05 05:37:34,627 - INFO -    Preço > MA21? ✅ SIM
2025-11-05 05:37:34,627 - INFO -    RSI < 70.0? ✅ SIM
2025-11-05 05:37:34,627 - INFO -    Sem posições? ❌ NÃO
2025-11-05 05:38:04,895 - INFO - 💹 ETHUSDT: 3303.31000000 USDT
2025-11-05 05:38:04,895 - INFO - 📊 Análise Est.4:
2025-11-05 05:38:04,895 - INFO -    Preço: 3303.31 | MA21: 3298.98 | RSI: 69.59
2025-11-05 05:38:04,895 - INFO -    Preço > MA21? ✅ SIM
2025-11-05 05:38:04,895 - INFO -    RSI < 70.0? ✅ SIM
2025-11-05 05:38:04,895 - INFO -    Sem posições? ❌ NÃO
2025-11-05 05:38:35,190 - INFO - 💹 ETHUSDT: 3305.86000000 USDT
2025-11-05 05:38:35,190 - INFO - 📊 Análise Est.4:
2025-11-05 05:38:35,190 - INFO -    Preço: 3305.86 | MA21: 3298.80 | RSI: 71.77
2025-11-05 05:38:35,190 - INFO -    Preço > MA21? ✅ SIM
2025-11-05 05:38:35,190 - INFO -    RSI < 70.0? ❌ NÃO
2025-11-05 05:38:35,190 - INFO -    Sem posições? ❌ NÃO
2025-11-05 05:39:05,455 - INFO - 💹 ETHUSDT: 3301.65000000 USDT
2025-11-05 05:39:05,455 - INFO - 📊 Análise Est.4:
2025-11-05 05:39:05,455 - INFO -    Preço: 3301.65 | MA21: 3298.60 | RSI: 67.44
2025-11-05 05:39:05,455 - INFO -    Preço > MA21? ✅ SIM
2025-11-05 05:39:05,455 - INFO -    RSI < 70.0? ✅ SIM
2025-11-05 05:39:05,455 - INFO -    Sem posições? ❌ NÃO
2025-11-05 05:39:35,726 - INFO - 💹 ETHUSDT: 3303.53000000 USDT
2025-11-05 05:39:35,726 - INFO - 📊 Análise Est.4:
2025-11-05 05:39:35,726 - INFO -    Preço: 3303.53 | MA21: 3298.21 | RSI: 64.85
2025-11-05 05:39:35,726 - INFO -    Preço > MA21? ✅ SIM
2025-11-05 05:39:35,726 - INFO -    RSI < 70.0? ✅ SIM
2025-11-05 05:39:35,726 - INFO -    Sem posições? ❌ NÃO
2025-11-05 05:40:06,006 - INFO - 💹 ETHUSDT: 3302.03000000 USDT
2025-11-05 05:40:06,006 - INFO - 📊 Análise Est.4:
2025-11-05 05:40:06,006 - INFO -    Preço: 3302.03 | MA21: 3298.14 | RSI: 63.57
2025-11-05 05:40:06,006 - INFO -    Preço > MA21? ✅ SIM
2025-11-05 05:40:06,006 - INFO -    RSI < 70.0? ✅ SIM
2025-11-05 05:40:06,006 - INFO -    Sem posições? ❌ NÃO
2025-11-05 05:40:36,289 - INFO - 💹 ETHUSDT: 3301.60000000 USDT
2025-11-05 05:40:36,289 - INFO - 📊 Análise Est.4:
2025-11-05 05:40:36,294 - INFO -    Preço: 3301.60 | MA21: 3297.88 | RSI: 62.17
2025-11-05 05:40:36,294 - INFO -    Preço > MA21? ✅ SIM
2025-11-05 05:40:36,294 - INFO -    RSI < 70.0? ✅ SIM
2025-11-05 05:40:36,294 - INFO -    Sem posições? ❌ NÃO
2025-11-05 05:41:06,569 - INFO - 💹 ETHUSDT: 3299.51000000 USDT
2025-11-05 05:41:06,569 - INFO - 📊 Análise Est.4:
2025-11-05 05:41:06,569 - INFO -    Preço: 3299.51 | MA21: 3297.78 | RSI: 59.14
2025-11-05 05:41:06,569 - INFO -    Preço > MA21? ✅ SIM
2025-11-05 05:41:06,569 - INFO -    RSI < 70.0? ✅ SIM
2025-11-05 05:41:06,569 - INFO -    Sem posições? ❌ NÃO
2025-11-05 05:41:36,828 - INFO - 💹 ETHUSDT: 3297.80000000 USDT
2025-11-05 05:41:36,828 - INFO - 📊 Análise Est.4:
2025-11-05 05:41:36,828 - INFO -    Preço: 3297.80 | MA21: 3297.41 | RSI: 55.85
2025-11-05 05:41:36,828 - INFO -    Preço > MA21? ✅ SIM
2025-11-05 05:41:36,828 - INFO -    RSI < 70.0? ✅ SIM
2025-11-05 05:41:36,828 - INFO -    Sem posições? ❌ NÃO
2025-11-05 05:42:07,116 - INFO - 💹 ETHUSDT: 3297.51000000 USDT
2025-11-05 05:42:07,116 - INFO - 📊 Análise Est.4:
2025-11-05 05:42:07,116 - INFO -    Preço: 3297.51 | MA21: 3297.39 | RSI: 55.48
2025-11-05 05:42:07,116 - INFO -    Preço > MA21? ✅ SIM
2025-11-05 05:42:07,116 - INFO -    RSI < 70.0? ✅ SIM
2025-11-05 05:42:07,116 - INFO -    Sem posições? ❌ NÃO
2025-11-05 05:42:37,392 - INFO - 💹 ETHUSDT: 3301.46000000 USDT
2025-11-05 05:42:37,392 - INFO - 📊 Análise Est.4:
2025-11-05 05:42:37,394 - INFO -    Preço: 3301.46 | MA21: 3297.40 | RSI: 58.64
2025-11-05 05:42:37,394 - INFO -    Preço > MA21? ✅ SIM
2025-11-05 05:42:37,394 - INFO -    RSI < 70.0? ✅ SIM
2025-11-05 05:42:37,394 - INFO -    Sem posições? ❌ NÃO
2025-11-05 05:43:07,663 - INFO - 💹 ETHUSDT: 3300.64000000 USDT
2025-11-05 05:43:07,663 - INFO - 📊 Análise Est.4:
2025-11-05 05:43:07,663 - INFO -    Preço: 3300.64 | MA21: 3297.36 | RSI: 57.87
2025-11-05 05:43:07,663 - INFO -    Preço > MA21? ✅ SIM
2025-11-05 05:43:07,663 - INFO -    RSI < 70.0? ✅ SIM
2025-11-05 05:43:07,663 - INFO -    Sem posições? ❌ NÃO
2025-11-05 05:43:37,939 - INFO - 💹 ETHUSDT: 3299.85000000 USDT
2025-11-05 05:43:37,939 - INFO - 📊 Análise Est.4:
2025-11-05 05:43:37,939 - INFO -    Preço: 3299.85 | MA21: 3297.63 | RSI: 54.89
2025-11-05 05:43:37,939 - INFO -    Preço > MA21? ✅ SIM
2025-11-05 05:43:37,939 - INFO -    RSI < 70.0? ✅ SIM
2025-11-05 05:43:37,939 - INFO -    Sem posições? ❌ NÃO
2025-11-05 05:44:08,215 - INFO - 💹 ETHUSDT: 3295.52000000 USDT
2025-11-05 05:44:08,215 - INFO - 📊 Análise Est.4:
2025-11-05 05:44:08,215 - INFO -    Preço: 3295.52 | MA21: 3297.42 | RSI: 49.85
2025-11-05 05:44:08,215 - INFO -    Preço > MA21? ❌ NÃO
2025-11-05 05:44:08,215 - INFO -    RSI < 70.0? ✅ SIM
2025-11-05 05:44:08,215 - INFO -    Sem posições? ❌ NÃO
2025-11-05 05:44:38,493 - INFO - 💹 ETHUSDT: 3292.81000000 USDT
2025-11-05 05:44:38,493 - INFO - 📊 Análise Est.4:
2025-11-05 05:44:38,493 - INFO -    Preço: 3292.81 | MA21: 3297.72 | RSI: 56.98
2025-11-05 05:44:38,493 - INFO -    Preço > MA21? ❌ NÃO
2025-11-05 05:44:38,493 - INFO -    RSI < 70.0? ✅ SIM
2025-11-05 05:44:38,493 - INFO -    Sem posições? ❌ NÃO
2025-11-05 05:45:08,763 - INFO - 💹 ETHUSDT: 3295.36000000 USDT
2025-11-05 05:45:08,763 - INFO - 📊 Análise Est.4:
2025-11-05 05:45:08,763 - INFO -    Preço: 3295.36 | MA21: 3297.85 | RSI: 60.73
2025-11-05 05:45:08,763 - INFO -    Preço > MA21? ❌ NÃO
2025-11-05 05:45:08,763 - INFO -    RSI < 70.0? ✅ SIM
2025-11-05 05:45:08,763 - INFO -    Sem posições? ❌ NÃO
2025-11-05 05:45:39,040 - INFO - 💹 ETHUSDT: 3297.81000000 USDT
2025-11-05 05:45:39,040 - INFO - 📊 Análise Est.4:
2025-11-05 05:45:39,040 - INFO -    Preço: 3297.81 | MA21: 3298.44 | RSI: 53.32
2025-11-05 05:45:39,040 - INFO -    Preço > MA21? ❌ NÃO
2025-11-05 05:45:39,040 - INFO -    RSI < 70.0? ✅ SIM
2025-11-05 05:45:39,040 - INFO -    Sem posições? ❌ NÃO
2025-11-05 05:46:09,326 - INFO - 💹 ETHUSDT: 3294.26000000 USDT
2025-11-05 05:46:09,326 - INFO - 📊 Análise Est.4:
2025-11-05 05:46:09,326 - INFO -    Preço: 3294.26 | MA21: 3298.27 | RSI: 47.83
2025-11-05 05:46:09,326 - INFO -    Preço > MA21? ❌ NÃO
2025-11-05 05:46:09,326 - INFO -    RSI < 70.0? ✅ SIM
2025-11-05 05:46:09,326 - INFO -    Sem posições? ❌ NÃO
2025-11-05 05:46:39,597 - INFO - 💹 ETHUSDT: 3287.89000000 USDT
2025-11-05 05:46:39,597 - INFO - 📊 Análise Est.4:
2025-11-05 05:46:39,597 - INFO -    Preço: 3287.89 | MA21: 3298.13 | RSI: 13.85
2025-11-05 05:46:39,597 - INFO -    Preço > MA21? ❌ NÃO
2025-11-05 05:46:39,597 - INFO -    RSI < 70.0? ✅ SIM
2025-11-05 05:46:39,597 - INFO -    Sem posições? ❌ NÃO
2025-11-05 05:47:09,875 - INFO - 💹 ETHUSDT: 3288.33000000 USDT
2025-11-05 05:47:09,875 - INFO - 📊 Análise Est.4:
2025-11-05 05:47:09,875 - INFO -    Preço: 3288.33 | MA21: 3298.15 | RSI: 14.08
2025-11-05 05:47:09,875 - INFO -    Preço > MA21? ❌ NÃO
2025-11-05 05:47:09,875 - INFO -    RSI < 70.0? ✅ SIM
2025-11-05 05:47:09,875 - INFO -    Sem posições? ❌ NÃO
2025-11-05 05:47:40,153 - INFO - 💹 ETHUSDT: 3284.50000000 USDT
2025-11-05 05:47:40,153 - INFO - 📊 Análise Est.4:
2025-11-05 05:47:40,153 - INFO -    Preço: 3284.50 | MA21: 3297.81 | RSI: 13.39
2025-11-05 05:47:40,153 - INFO -    Preço > MA21? ❌ NÃO
2025-11-05 05:47:40,153 - INFO -    RSI < 70.0? ✅ SIM
2025-11-05 05:47:40,153 - INFO -    Sem posições? ❌ NÃO
2025-11-05 05:48:10,428 - INFO - 💹 ETHUSDT: 3288.17000000 USDT
2025-11-05 05:48:10,428 - INFO - 📊 Análise Est.4:
2025-11-05 05:48:10,428 - INFO -    Preço: 3288.17 | MA21: 3297.98 | RSI: 15.41
2025-11-05 05:48:10,428 - INFO -    Preço > MA21? ❌ NÃO
2025-11-05 05:48:10,428 - INFO -    RSI < 70.0? ✅ SIM
2025-11-05 05:48:10,428 - INFO -    Sem posições? ❌ NÃO
2025-11-05 05:48:40,705 - INFO - 💹 ETHUSDT: 3287.01000000 USDT
2025-11-05 05:48:40,705 - INFO - 📊 Análise Est.4:
2025-11-05 05:48:40,705 - INFO -    Preço: 3287.01 | MA21: 3297.71 | RSI: 15.01
2025-11-05 05:48:40,705 - INFO -    Preço > MA21? ❌ NÃO
2025-11-05 05:48:40,705 - INFO -    RSI < 70.0? ✅ SIM
2025-11-05 05:48:40,705 - INFO -    Sem posições? ❌ NÃO
2025-11-05 05:49:10,979 - INFO - 💹 ETHUSDT: 3285.69000000 USDT
2025-11-05 05:49:10,979 - INFO - 📊 Análise Est.4:
2025-11-05 05:49:10,979 - INFO -    Preço: 3285.69 | MA21: 3297.65 | RSI: 14.26
2025-11-05 05:49:10,979 - INFO -    Preço > MA21? ❌ NÃO
2025-11-05 05:49:10,979 - INFO -    RSI < 70.0? ✅ SIM
2025-11-05 05:49:10,979 - INFO -    Sem posições? ❌ NÃO
2025-11-05 05:49:41,256 - INFO - 💹 ETHUSDT: 3286.30000000 USDT
2025-11-05 05:49:41,256 - INFO - 📊 Análise Est.4:
2025-11-05 05:49:41,256 - INFO -    Preço: 3286.30 | MA21: 3297.29 | RSI: 16.36
2025-11-05 05:49:41,256 - INFO -    Preço > MA21? ❌ NÃO
2025-11-05 05:49:41,256 - INFO -    RSI < 70.0? ✅ SIM
2025-11-05 05:49:41,256 - INFO -    Sem posições? ❌ NÃO
2025-11-05 05:50:11,541 - INFO - 💹 ETHUSDT: 3289.31000000 USDT
2025-11-05 05:50:11,541 - INFO - 📊 Análise Est.4:
2025-11-05 05:50:11,541 - INFO -    Preço: 3289.31 | MA21: 3297.44 | RSI: 24.85
2025-11-05 05:50:11,541 - INFO -    Preço > MA21? ❌ NÃO
2025-11-05 05:50:11,541 - INFO -    RSI < 70.0? ✅ SIM
2025-11-05 05:50:11,541 - INFO -    Sem posições? ❌ NÃO
2025-11-05 05:50:41,816 - INFO - 💹 ETHUSDT: 3297.06000000 USDT
2025-11-05 05:50:41,816 - INFO - 📊 Análise Est.4:
2025-11-05 05:50:41,816 - INFO -    Preço: 3297.06 | MA21: 3297.50 | RSI: 40.69
2025-11-05 05:50:41,816 - INFO -    Preço > MA21? ❌ NÃO
2025-11-05 05:50:41,816 - INFO -    RSI < 70.0? ✅ SIM
2025-11-05 05:50:41,818 - INFO -    Sem posições? ❌ NÃO
2025-11-05 05:51:12,094 - INFO - 💹 ETHUSDT: 3355.10000000 USDT
2025-11-05 05:51:12,094 - INFO - 📊 Análise Est.4:
2025-11-05 05:51:12,094 - INFO -    Preço: 3355.10 | MA21: 3300.27 | RSI: 76.85
2025-11-05 05:51:12,094 - INFO -    Preço > MA21? ✅ SIM
2025-11-05 05:51:12,094 - INFO -    RSI < 70.0? ❌ NÃO
2025-11-05 05:51:12,094 - INFO -    Sem posições? ❌ NÃO
2025-11-05 05:51:42,371 - INFO - 💹 ETHUSDT: 3305.33000000 USDT
2025-11-05 05:51:42,371 - INFO - 📊 Análise Est.4:
2025-11-05 05:51:42,373 - INFO -    Preço: 3305.33 | MA21: 3298.77 | RSI: 52.24
2025-11-05 05:51:42,373 - INFO -    Preço > MA21? ✅ SIM
2025-11-05 05:51:42,373 - INFO -    RSI < 70.0? ✅ SIM
2025-11-05 05:51:42,373 - INFO -    Sem posições? ❌ NÃO
2025-11-05 05:52:12,658 - INFO - 💹 ETHUSDT: 3305.55000000 USDT
2025-11-05 05:52:12,658 - INFO - 📊 Análise Est.4:
2025-11-05 05:52:12,658 - INFO -    Preço: 3305.55 | MA21: 3299.25 | RSI: 55.22
2025-11-05 05:52:12,658 - INFO -    Preço > MA21? ✅ SIM
2025-11-05 05:52:12,658 - INFO -    RSI < 70.0? ✅ SIM
2025-11-05 05:52:12,658 - INFO -    Sem posições? ❌ NÃO
2025-11-05 05:52:42,930 - INFO - 💹 ETHUSDT: 3301.68000000 USDT
2025-11-05 05:52:42,930 - INFO - 📊 Análise Est.4:
2025-11-05 05:52:42,930 - INFO -    Preço: 3301.68 | MA21: 3299.06 | RSI: 50.63
2025-11-05 05:52:42,930 - INFO -    Preço > MA21? ✅ SIM
2025-11-05 05:52:42,930 - INFO -    RSI < 70.0? ✅ SIM
2025-11-05 05:52:42,930 - INFO -    Sem posições? ❌ NÃO
2025-11-05 05:53:13,221 - INFO - 💹 ETHUSDT: 3299.99000000 USDT
2025-11-05 05:53:13,221 - INFO - 📊 Análise Est.4:
2025-11-05 05:53:13,221 - INFO -    Preço: 3299.99 | MA21: 3298.63 | RSI: 47.85
2025-11-05 05:53:13,221 - INFO -    Preço > MA21? ✅ SIM
2025-11-05 05:53:13,221 - INFO -    RSI < 70.0? ✅ SIM
2025-11-05 05:53:13,221 - INFO -    Sem posições? ❌ NÃO
2025-11-05 05:53:43,492 - INFO - 💹 ETHUSDT: 3306.62000000 USDT
2025-11-05 05:53:43,492 - INFO - 📊 Análise Est.4:
2025-11-05 05:53:43,492 - INFO -    Preço: 3306.62 | MA21: 3298.94 | RSI: 54.25
2025-11-05 05:53:43,492 - INFO -    Preço > MA21? ✅ SIM
2025-11-05 05:53:43,492 - INFO -    RSI < 70.0? ✅ SIM
2025-11-05 05:53:43,492 - INFO -    Sem posições? ❌ NÃO
2025-11-05 05:54:13,780 - INFO - 💹 ETHUSDT: 3296.77000000 USDT
2025-11-05 05:54:13,780 - INFO - 📊 Análise Est.4:
2025-11-05 05:54:13,780 - INFO -    Preço: 3296.77 | MA21: 3298.08 | RSI: 47.15
2025-11-05 05:54:13,780 - INFO -    Preço > MA21? ❌ NÃO
2025-11-05 05:54:13,780 - INFO -    RSI < 70.0? ✅ SIM
2025-11-05 05:54:13,780 - INFO -    Sem posições? ❌ NÃO
2025-11-05 05:54:44,046 - INFO - 💹 ETHUSDT: 3297.93000000 USDT
2025-11-05 05:54:44,046 - INFO - 📊 Análise Est.4:
2025-11-05 05:54:44,046 - INFO -    Preço: 3297.93 | MA21: 3298.14 | RSI: 48.40
2025-11-05 05:54:44,046 - INFO -    Preço > MA21? ❌ NÃO
2025-11-05 05:54:44,046 - INFO -    RSI < 70.0? ✅ SIM
2025-11-05 05:54:44,046 - INFO -    Sem posições? ❌ NÃO
2025-11-05 05:55:14,328 - INFO - 💹 ETHUSDT: 3300.21000000 USDT
2025-11-05 05:55:14,328 - INFO - 📊 Análise Est.4:
2025-11-05 05:55:14,328 - INFO -    Preço: 3300.21 | MA21: 3298.04 | RSI: 51.67
2025-11-05 05:55:14,328 - INFO -    Preço > MA21? ✅ SIM
2025-11-05 05:55:14,328 - INFO -    RSI < 70.0? ✅ SIM
2025-11-05 05:55:14,328 - INFO -    Sem posições? ❌ NÃO
2025-11-05 05:55:44,616 - INFO - 💹 ETHUSDT: 3304.33000000 USDT
2025-11-05 05:55:44,616 - INFO - 📊 Análise Est.4:
2025-11-05 05:55:44,616 - INFO -    Preço: 3304.33 | MA21: 3298.24 | RSI: 55.32
2025-11-05 05:55:44,616 - INFO -    Preço > MA21? ✅ SIM
2025-11-05 05:55:44,616 - INFO -    RSI < 70.0? ✅ SIM
2025-11-05 05:55:44,616 - INFO -    Sem posições? ❌ NÃO
2025-11-05 05:56:14,889 - INFO - 💹 ETHUSDT: 3305.45000000 USDT
2025-11-05 05:56:14,889 - INFO - 📊 Análise Est.4:
2025-11-05 05:56:14,889 - INFO -    Preço: 3305.45 | MA21: 3298.35 | RSI: 54.45
2025-11-05 05:56:14,889 - INFO -    Preço > MA21? ✅ SIM
2025-11-05 05:56:14,889 - INFO -    RSI < 70.0? ✅ SIM
2025-11-05 05:56:14,889 - INFO -    Sem posições? ❌ NÃO
2025-11-05 05:56:45,170 - INFO - 💹 ETHUSDT: 3300.92000000 USDT
2025-11-05 05:56:45,170 - INFO - 📊 Análise Est.4:
2025-11-05 05:56:45,170 - INFO -    Preço: 3300.92 | MA21: 3298.13 | RSI: 50.21
2025-11-05 05:56:45,170 - INFO -    Preço > MA21? ✅ SIM
2025-11-05 05:56:45,170 - INFO -    RSI < 70.0? ✅ SIM
2025-11-05 05:56:45,170 - INFO -    Sem posições? ❌ NÃO
2025-11-05 05:57:15,447 - INFO - 💹 ETHUSDT: 3301.28000000 USDT
2025-11-05 05:57:15,447 - INFO - 📊 Análise Est.4:
2025-11-05 05:57:15,447 - INFO -    Preço: 3301.28 | MA21: 3298.02 | RSI: 55.48
2025-11-05 05:57:15,447 - INFO -    Preço > MA21? ✅ SIM
2025-11-05 05:57:15,447 - INFO -    RSI < 70.0? ✅ SIM
2025-11-05 05:57:15,447 - INFO -    Sem posições? ❌ NÃO
2025-11-05 05:57:45,728 - INFO - 💹 ETHUSDT: 3300.02000000 USDT
2025-11-05 05:57:45,730 - INFO - 📊 Análise Est.4:
2025-11-05 05:57:45,730 - INFO -    Preço: 3300.02 | MA21: 3297.96 | RSI: 54.18
2025-11-05 05:57:45,730 - INFO -    Preço > MA21? ✅ SIM
2025-11-05 05:57:45,730 - INFO -    RSI < 70.0? ✅ SIM
2025-11-05 05:57:45,730 - INFO -    Sem posições? ❌ NÃO
2025-11-05 05:58:15,998 - INFO - 💹 ETHUSDT: 3299.20000000 USDT
2025-11-05 05:58:15,998 - INFO - 📊 Análise Est.4:
2025-11-05 05:58:15,998 - INFO -    Preço: 3299.20 | MA21: 3297.73 | RSI: 52.80
2025-11-05 05:58:15,998 - INFO -    Preço > MA21? ✅ SIM
2025-11-05 05:58:15,998 - INFO -    RSI < 70.0? ✅ SIM
2025-11-05 05:58:15,998 - INFO -    Sem posições? ❌ NÃO
2025-11-05 05:58:46,268 - INFO - 💹 ETHUSDT: 3299.33000000 USDT
2025-11-05 05:58:46,268 - INFO - 📊 Análise Est.4:
2025-11-05 05:58:46,268 - INFO -    Preço: 3299.33 | MA21: 3297.73 | RSI: 52.92
2025-11-05 05:58:46,268 - INFO -    Preço > MA21? ✅ SIM
2025-11-05 05:58:46,268 - INFO -    RSI < 70.0? ✅ SIM
2025-11-05 05:58:46,268 - INFO -    Sem posições? ❌ NÃO
2025-11-05 05:59:16,559 - INFO - 💹 ETHUSDT: 3303.99000000 USDT
2025-11-05 05:59:16,559 - INFO - 📊 Análise Est.4:
2025-11-05 05:59:16,559 - INFO -    Preço: 3303.99 | MA21: 3298.09 | RSI: 58.55
2025-11-05 05:59:16,559 - INFO -    Preço > MA21? ✅ SIM
2025-11-05 05:59:16,559 - INFO -    RSI < 70.0? ✅ SIM
2025-11-05 05:59:16,559 - INFO -    Sem posições? ❌ NÃO
2025-11-05 05:59:46,839 - INFO - 💹 ETHUSDT: 3301.58000000 USDT
2025-11-05 05:59:46,839 - INFO - 📊 Análise Est.4:
2025-11-05 05:59:46,839 - INFO -    Preço: 3301.58 | MA21: 3297.98 | RSI: 56.17
2025-11-05 05:59:46,839 - INFO -    Preço > MA21? ✅ SIM
2025-11-05 05:59:46,839 - INFO -    RSI < 70.0? ✅ SIM
2025-11-05 05:59:46,839 - INFO -    Sem posições? ❌ NÃO
2025-11-05 06:00:17,121 - INFO - 💹 ETHUSDT: 3300.84000000 USDT
2025-11-05 06:00:17,121 - INFO - 📊 Análise Est.4:
2025-11-05 06:00:17,121 - INFO -    Preço: 3300.84 | MA21: 3297.86 | RSI: 61.35
2025-11-05 06:00:17,121 - INFO -    Preço > MA21? ✅ SIM
2025-11-05 06:00:17,121 - INFO -    RSI < 70.0? ✅ SIM
2025-11-05 06:00:17,121 - INFO -    Sem posições? ❌ NÃO
2025-11-05 06:00:47,400 - INFO - 💹 ETHUSDT: 3299.52000000 USDT
2025-11-05 06:00:47,400 - INFO - 📊 Análise Est.4:
2025-11-05 06:00:47,400 - INFO -    Preço: 3299.52 | MA21: 3297.80 | RSI: 60.09
2025-11-05 06:00:47,400 - INFO -    Preço > MA21? ✅ SIM
2025-11-05 06:00:47,400 - INFO -    RSI < 70.0? ✅ SIM
2025-11-05 06:00:47,400 - INFO -    Sem posições? ❌ NÃO
2025-11-05 06:01:17,673 - INFO - 💹 ETHUSDT: 3299.45000000 USDT
2025-11-05 06:01:17,673 - INFO - 📊 Análise Est.4:
2025-11-05 06:01:17,673 - INFO -    Preço: 3299.45 | MA21: 3297.79 | RSI: 60.19
2025-11-05 06:01:17,673 - INFO -    Preço > MA21? ✅ SIM
2025-11-05 06:01:17,673 - INFO -    RSI < 70.0? ✅ SIM
2025-11-05 06:01:17,673 - INFO -    Sem posições? ❌ NÃO
2025-11-05 06:01:47,943 - INFO - 💹 ETHUSDT: 3301.90000000 USDT
2025-11-05 06:01:47,943 - INFO - 📊 Análise Est.4:
2025-11-05 06:01:47,943 - INFO -    Preço: 3301.90 | MA21: 3297.91 | RSI: 61.88
2025-11-05 06:01:47,943 - INFO -    Preço > MA21? ✅ SIM
2025-11-05 06:01:47,943 - INFO -    RSI < 70.0? ✅ SIM
2025-11-05 06:01:47,943 - INFO -    Sem posições? ❌ NÃO
2025-11-05 06:02:18,232 - INFO - 💹 ETHUSDT: 3296.28000000 USDT
2025-11-05 06:02:18,232 - INFO - 📊 Análise Est.4:
2025-11-05 06:02:18,232 - INFO -    Preço: 3296.28 | MA21: 3297.54 | RSI: 59.45
2025-11-05 06:02:18,232 - INFO -    Preço > MA21? ❌ NÃO
2025-11-05 06:02:18,232 - INFO -    RSI < 70.0? ✅ SIM
2025-11-05 06:02:18,232 - INFO -    Sem posições? ❌ NÃO
2025-11-05 06:02:48,499 - INFO - 💹 ETHUSDT: 3299.93000000 USDT
2025-11-05 06:02:48,499 - INFO - 📊 Análise Est.4:
2025-11-05 06:02:48,499 - INFO -    Preço: 3299.93 | MA21: 3297.71 | RSI: 61.93
2025-11-05 06:02:48,499 - INFO -    Preço > MA21? ✅ SIM
2025-11-05 06:02:48,499 - INFO -    RSI < 70.0? ✅ SIM
2025-11-05 06:02:48,499 - INFO -    Sem posições? ❌ NÃO
2025-11-05 06:03:18,785 - INFO - 💹 ETHUSDT: 3302.87000000 USDT
2025-11-05 06:03:18,785 - INFO - 📊 Análise Est.4:
2025-11-05 06:03:18,785 - INFO -    Preço: 3302.87 | MA21: 3297.95 | RSI: 61.49
2025-11-05 06:03:18,785 - INFO -    Preço > MA21? ✅ SIM
2025-11-05 06:03:18,785 - INFO -    RSI < 70.0? ✅ SIM
2025-11-05 06:03:18,785 - INFO -    Sem posições? ❌ NÃO
2025-11-05 06:03:49,061 - INFO - 💹 ETHUSDT: 3305.66000000 USDT
2025-11-05 06:03:49,061 - INFO - 📊 Análise Est.4:
2025-11-05 06:03:49,061 - INFO -    Preço: 3305.66 | MA21: 3298.09 | RSI: 63.23
2025-11-05 06:03:49,061 - INFO -    Preço > MA21? ✅ SIM
2025-11-05 06:03:49,061 - INFO -    RSI < 70.0? ✅ SIM
2025-11-05 06:03:49,061 - INFO -    Sem posições? ❌ NÃO
2025-11-05 06:04:19,345 - INFO - 💹 ETHUSDT: 3307.73000000 USDT
2025-11-05 06:04:19,345 - INFO - 📊 Análise Est.4:
2025-11-05 06:04:19,345 - INFO -    Preço: 3307.73 | MA21: 3298.77 | RSI: 52.48
2025-11-05 06:04:19,345 - INFO -    Preço > MA21? ✅ SIM
2025-11-05 06:04:19,345 - INFO -    RSI < 70.0? ✅ SIM
2025-11-05 06:04:19,345 - INFO -    Sem posições? ❌ NÃO
2025-11-05 06:04:49,621 - INFO - 💹 ETHUSDT: 3312.08000000 USDT
2025-11-05 06:04:49,621 - INFO - 📊 Análise Est.4:
2025-11-05 06:04:49,621 - INFO -    Preço: 3312.08 | MA21: 3298.97 | RSI: 56.44
2025-11-05 06:04:49,621 - INFO -    Preço > MA21? ✅ SIM
2025-11-05 06:04:49,621 - INFO -    RSI < 70.0? ✅ SIM
2025-11-05 06:04:49,621 - INFO -    Sem posições? ❌ NÃO
2025-11-05 06:05:19,893 - INFO - 💹 ETHUSDT: 3306.93000000 USDT
2025-11-05 06:05:19,893 - INFO - 📊 Análise Est.4:
2025-11-05 06:05:19,893 - INFO -    Preço: 3306.93 | MA21: 3299.24 | RSI: 51.42
2025-11-05 06:05:19,893 - INFO -    Preço > MA21? ✅ SIM
2025-11-05 06:05:19,893 - INFO -    RSI < 70.0? ✅ SIM
2025-11-05 06:05:19,893 - INFO -    Sem posições? ❌ NÃO
2025-11-05 06:05:50,171 - INFO - 💹 ETHUSDT: 3311.51000000 USDT
2025-11-05 06:05:50,171 - INFO - 📊 Análise Est.4:
2025-11-05 06:05:50,171 - INFO -    Preço: 3311.51 | MA21: 3299.46 | RSI: 55.62
2025-11-05 06:05:50,171 - INFO -    Preço > MA21? ✅ SIM
2025-11-05 06:05:50,171 - INFO -    RSI < 70.0? ✅ SIM
2025-11-05 06:05:50,171 - INFO -    Sem posições? ❌ NÃO
2025-11-05 06:06:20,446 - INFO - 💹 ETHUSDT: 3311.85000000 USDT
2025-11-05 06:06:20,446 - INFO - 📊 Análise Est.4:
2025-11-05 06:06:20,446 - INFO -    Preço: 3311.85 | MA21: 3300.24 | RSI: 62.41
2025-11-05 06:06:20,446 - INFO -    Preço > MA21? ✅ SIM
2025-11-05 06:06:20,446 - INFO -    RSI < 70.0? ✅ SIM
2025-11-05 06:06:20,446 - INFO -    Sem posições? ❌ NÃO
2025-11-05 06:06:50,723 - INFO - 💹 ETHUSDT: 3311.21000000 USDT
2025-11-05 06:06:50,723 - INFO - 📊 Análise Est.4:
2025-11-05 06:06:50,723 - INFO -    Preço: 3311.21 | MA21: 3300.21 | RSI: 61.90
2025-11-05 06:06:50,725 - INFO -    Preço > MA21? ✅ SIM
2025-11-05 06:06:50,725 - INFO -    RSI < 70.0? ✅ SIM
2025-11-05 06:06:50,725 - INFO -    Sem posições? ❌ NÃO
2025-11-05 06:07:20,999 - INFO - 💹 ETHUSDT: 3313.13000000 USDT
2025-11-05 06:07:21,001 - INFO - 📊 Análise Est.4:
2025-11-05 06:07:21,001 - INFO -    Preço: 3313.13 | MA21: 3301.47 | RSI: 67.84
2025-11-05 06:07:21,001 - INFO -    Preço > MA21? ✅ SIM
2025-11-05 06:07:21,001 - INFO -    RSI < 70.0? ✅ SIM
2025-11-05 06:07:21,001 - INFO -    Sem posições? ❌ NÃO
2025-11-05 06:07:51,276 - INFO - 💹 ETHUSDT: 3314.80000000 USDT
2025-11-05 06:07:51,278 - INFO - 📊 Análise Est.4:
2025-11-05 06:07:51,278 - INFO -    Preço: 3314.80 | MA21: 3301.55 | RSI: 68.97
2025-11-05 06:07:51,278 - INFO -    Preço > MA21? ✅ SIM
2025-11-05 06:07:51,278 - INFO -    RSI < 70.0? ✅ SIM
2025-11-05 06:07:51,278 - INFO -    Sem posições? ❌ NÃO
2025-11-05 06:08:21,553 - INFO - 💹 ETHUSDT: 3305.45000000 USDT
2025-11-05 06:08:21,553 - INFO - 📊 Análise Est.4:
2025-11-05 06:08:21,553 - INFO -    Preço: 3305.45 | MA21: 3302.32 | RSI: 55.14
2025-11-05 06:08:21,553 - INFO -    Preço > MA21? ✅ SIM
2025-11-05 06:08:21,553 - INFO -    RSI < 70.0? ✅ SIM
2025-11-05 06:08:21,553 - INFO -    Sem posições? ❌ NÃO
2025-11-05 06:08:51,839 - INFO - 💹 ETHUSDT: 3318.38000000 USDT
2025-11-05 06:08:51,839 - INFO - 📊 Análise Est.4:
2025-11-05 06:08:51,839 - INFO -    Preço: 3318.38 | MA21: 3302.94 | RSI: 69.07
2025-11-05 06:08:51,839 - INFO -    Preço > MA21? ✅ SIM
2025-11-05 06:08:51,839 - INFO -    RSI < 70.0? ✅ SIM
2025-11-05 06:08:51,839 - INFO -    Sem posições? ❌ NÃO
2025-11-05 06:09:22,118 - INFO - 💹 ETHUSDT: 3317.77000000 USDT
2025-11-05 06:09:22,118 - INFO - 📊 Análise Est.4:
2025-11-05 06:09:22,121 - INFO -    Preço: 3317.77 | MA21: 3304.43 | RSI: 64.75
2025-11-05 06:09:22,121 - INFO -    Preço > MA21? ✅ SIM
2025-11-05 06:09:22,121 - INFO -    RSI < 70.0? ✅ SIM
2025-11-05 06:09:22,121 - INFO -    Sem posições? ❌ NÃO
2025-11-05 06:09:52,391 - INFO - 💹 ETHUSDT: 3319.63000000 USDT
2025-11-05 06:09:52,391 - INFO - 📊 Análise Est.4:
2025-11-05 06:09:52,393 - INFO -    Preço: 3319.63 | MA21: 3304.52 | RSI: 66.25
2025-11-05 06:09:52,393 - INFO -    Preço > MA21? ✅ SIM
2025-11-05 06:09:52,393 - INFO -    RSI < 70.0? ✅ SIM
2025-11-05 06:09:52,393 - INFO -    Sem posições? ❌ NÃO
2025-11-05 06:10:22,669 - INFO - 💹 ETHUSDT: 3318.73000000 USDT
2025-11-05 06:10:22,669 - INFO - 📊 Análise Est.4:
2025-11-05 06:10:22,669 - INFO -    Preço: 3318.73 | MA21: 3306.01 | RSI: 69.73
2025-11-05 06:10:22,669 - INFO -    Preço > MA21? ✅ SIM
2025-11-05 06:10:22,669 - INFO -    RSI < 70.0? ✅ SIM
2025-11-05 06:10:22,669 - INFO -    Sem posições? ❌ NÃO
2025-11-05 06:10:52,947 - INFO - 💹 ETHUSDT: 3317.10000000 USDT
2025-11-05 06:10:52,947 - INFO - 📊 Análise Est.4:
2025-11-05 06:10:52,947 - INFO -    Preço: 3317.10 | MA21: 3305.94 | RSI: 67.25
2025-11-05 06:10:52,947 - INFO -    Preço > MA21? ✅ SIM
2025-11-05 06:10:52,947 - INFO -    RSI < 70.0? ✅ SIM
2025-11-05 06:10:52,947 - INFO -    Sem posições? ❌ NÃO
2025-11-05 06:11:23,239 - INFO - 💹 ETHUSDT: 3313.57000000 USDT
2025-11-05 06:11:23,239 - INFO - 📊 Análise Est.4:
2025-11-05 06:11:23,239 - INFO -    Preço: 3313.57 | MA21: 3306.21 | RSI: 65.19
2025-11-05 06:11:23,239 - INFO -    Preço > MA21? ✅ SIM
2025-11-05 06:11:23,239 - INFO -    RSI < 70.0? ✅ SIM
2025-11-05 06:11:23,239 - INFO -    Sem posições? ❌ NÃO
2025-11-05 06:11:53,519 - INFO - 💹 ETHUSDT: 3313.56000000 USDT
2025-11-05 06:11:53,519 - INFO - 📊 Análise Est.4:
2025-11-05 06:11:53,519 - INFO -    Preço: 3313.56 | MA21: 3306.21 | RSI: 65.17
2025-11-05 06:11:53,519 - INFO -    Preço > MA21? ✅ SIM
2025-11-05 06:11:53,519 - INFO -    RSI < 70.0? ✅ SIM
2025-11-05 06:11:53,519 - INFO -    Sem posições? ❌ NÃO
2025-11-05 06:12:23,806 - INFO - 💹 ETHUSDT: 3312.39000000 USDT
2025-11-05 06:12:23,806 - INFO - 📊 Análise Est.4:
2025-11-05 06:12:23,806 - INFO -    Preço: 3312.39 | MA21: 3306.48 | RSI: 59.61
2025-11-05 06:12:23,806 - INFO -    Preço > MA21? ✅ SIM
2025-11-05 06:12:23,806 - INFO -    RSI < 70.0? ✅ SIM
2025-11-05 06:12:23,806 - INFO -    Sem posições? ❌ NÃO
2025-11-05 06:12:54,077 - INFO - 💹 ETHUSDT: 3311.34000000 USDT
2025-11-05 06:12:54,077 - INFO - 📊 Análise Est.4:
2025-11-05 06:12:54,077 - INFO -    Preço: 3311.34 | MA21: 3306.43 | RSI: 58.21
2025-11-05 06:12:54,077 - INFO -    Preço > MA21? ✅ SIM
2025-11-05 06:12:54,077 - INFO -    RSI < 70.0? ✅ SIM
2025-11-05 06:12:54,077 - INFO -    Sem posições? ❌ NÃO
2025-11-05 06:13:24,349 - INFO - 💹 ETHUSDT: 3307.77000000 USDT
2025-11-05 06:13:24,349 - INFO - 📊 Análise Est.4:
2025-11-05 06:13:24,349 - INFO -    Preço: 3307.77 | MA21: 3306.74 | RSI: 58.32
2025-11-05 06:13:24,349 - INFO -    Preço > MA21? ✅ SIM
2025-11-05 06:13:24,349 - INFO -    RSI < 70.0? ✅ SIM
2025-11-05 06:13:24,349 - INFO -    Sem posições? ❌ NÃO
2025-11-05 06:13:54,640 - INFO - 💹 ETHUSDT: 3302.72000000 USDT
2025-11-05 06:13:54,640 - INFO - 📊 Análise Est.4:
2025-11-05 06:13:54,640 - INFO -    Preço: 3302.72 | MA21: 3306.50 | RSI: 52.39
2025-11-05 06:13:54,640 - INFO -    Preço > MA21? ❌ NÃO
2025-11-05 06:13:54,640 - INFO -    RSI < 70.0? ✅ SIM
2025-11-05 06:13:54,640 - INFO -    Sem posições? ❌ NÃO
2025-11-05 06:14:24,913 - INFO - 💹 ETHUSDT: 3306.10000000 USDT
2025-11-05 06:14:24,913 - INFO - 📊 Análise Est.4:
2025-11-05 06:14:24,913 - INFO -    Preço: 3306.10 | MA21: 3306.94 | RSI: 56.36
2025-11-05 06:14:24,913 - INFO -    Preço > MA21? ❌ NÃO
2025-11-05 06:14:24,913 - INFO -    RSI < 70.0? ✅ SIM
2025-11-05 06:14:24,913 - INFO -    Sem posições? ❌ NÃO
2025-11-05 06:14:55,217 - INFO - 💹 ETHUSDT: 3306.11000000 USDT
2025-11-05 06:14:55,217 - INFO - 📊 Análise Est.4:
2025-11-05 06:14:55,219 - INFO -    Preço: 3306.11 | MA21: 3306.94 | RSI: 56.37
2025-11-05 06:14:55,219 - INFO -    Preço > MA21? ❌ NÃO
2025-11-05 06:14:55,219 - INFO -    RSI < 70.0? ✅ SIM
2025-11-05 06:14:55,219 - INFO -    Sem posições? ❌ NÃO
2025-11-05 06:15:25,491 - INFO - 💹 ETHUSDT: 3305.45000000 USDT
2025-11-05 06:15:25,491 - INFO - 📊 Análise Est.4:
2025-11-05 06:15:25,491 - INFO -    Preço: 3305.45 | MA21: 3307.16 | RSI: 59.48
2025-11-05 06:15:25,491 - INFO -    Preço > MA21? ❌ NÃO
2025-11-05 06:15:25,491 - INFO -    RSI < 70.0? ✅ SIM
2025-11-05 06:15:25,491 - INFO -    Sem posições? ❌ NÃO
2025-11-05 06:15:55,766 - INFO - 💹 ETHUSDT: 3303.84000000 USDT
2025-11-05 06:15:55,766 - INFO - 📊 Análise Est.4:
2025-11-05 06:15:55,766 - INFO -    Preço: 3303.84 | MA21: 3307.08 | RSI: 57.56
2025-11-05 06:15:55,766 - INFO -    Preço > MA21? ❌ NÃO
2025-11-05 06:15:55,766 - INFO -    RSI < 70.0? ✅ SIM
2025-11-05 06:15:55,766 - INFO -    Sem posições? ❌ NÃO
2025-11-05 06:16:26,045 - INFO - 💹 ETHUSDT: 3304.10000000 USDT
2025-11-05 06:16:26,047 - INFO - 📊 Análise Est.4:
2025-11-05 06:16:26,047 - INFO -    Preço: 3304.10 | MA21: 3307.02 | RSI: 51.41
2025-11-05 06:16:26,047 - INFO -    Preço > MA21? ❌ NÃO
2025-11-05 06:16:26,047 - INFO -    RSI < 70.0? ✅ SIM
2025-11-05 06:16:26,047 - INFO -    Sem posições? ❌ NÃO
2025-11-05 06:16:56,323 - INFO - 💹 ETHUSDT: 3303.23000000 USDT
2025-11-05 06:16:56,323 - INFO - 📊 Análise Est.4:
2025-11-05 06:16:56,323 - INFO -    Preço: 3303.23 | MA21: 3306.98 | RSI: 50.41
2025-11-05 06:16:56,323 - INFO -    Preço > MA21? ❌ NÃO
2025-11-05 06:16:56,323 - INFO -    RSI < 70.0? ✅ SIM
2025-11-05 06:16:56,323 - INFO -    Sem posições? ❌ NÃO
2025-11-05 06:17:26,601 - INFO - 💹 ETHUSDT: 3310.38000000 USDT
2025-11-05 06:17:26,601 - INFO - 📊 Análise Est.4:
2025-11-05 06:17:26,603 - INFO -    Preço: 3310.38 | MA21: 3307.64 | RSI: 52.94
2025-11-05 06:17:26,603 - INFO -    Preço > MA21? ✅ SIM
2025-11-05 06:17:26,603 - INFO -    RSI < 70.0? ✅ SIM
2025-11-05 06:17:26,603 - INFO -    Sem posições? ❌ NÃO
2025-11-05 06:17:56,878 - INFO - 💹 ETHUSDT: 3309.28000000 USDT
2025-11-05 06:17:56,878 - INFO - 📊 Análise Est.4:
2025-11-05 06:17:56,878 - INFO -    Preço: 3309.28 | MA21: 3307.59 | RSI: 51.76
2025-11-05 06:17:56,878 - INFO -    Preço > MA21? ✅ SIM
2025-11-05 06:17:56,878 - INFO -    RSI < 70.0? ✅ SIM
2025-11-05 06:17:56,878 - INFO -    Sem posições? ❌ NÃO
2025-11-05 06:18:27,150 - INFO - 💹 ETHUSDT: 3309.55000000 USDT
2025-11-05 06:18:27,150 - INFO - 📊 Análise Est.4:
2025-11-05 06:18:27,150 - INFO -    Preço: 3309.55 | MA21: 3307.98 | RSI: 52.88
2025-11-05 06:18:27,150 - INFO -    Preço > MA21? ✅ SIM
2025-11-05 06:18:27,150 - INFO -    RSI < 70.0? ✅ SIM
2025-11-05 06:18:27,150 - INFO -    Sem posições? ❌ NÃO
2025-11-05 06:18:57,424 - INFO - 💹 ETHUSDT: 3306.04000000 USDT
2025-11-05 06:18:57,424 - INFO - 📊 Análise Est.4:
2025-11-05 06:18:57,424 - INFO -    Preço: 3306.04 | MA21: 3307.81 | RSI: 48.98
2025-11-05 06:18:57,424 - INFO -    Preço > MA21? ❌ NÃO
2025-11-05 06:18:57,424 - INFO -    RSI < 70.0? ✅ SIM
2025-11-05 06:18:57,424 - INFO -    Sem posições? ❌ NÃO
2025-11-05 06:19:27,714 - INFO - 💹 ETHUSDT: 3302.81000000 USDT
2025-11-05 06:19:27,714 - INFO - 📊 Análise Est.4:
2025-11-05 06:19:27,714 - INFO -    Preço: 3302.81 | MA21: 3307.60 | RSI: 41.63
2025-11-05 06:19:27,714 - INFO -    Preço > MA21? ❌ NÃO
2025-11-05 06:19:27,714 - INFO -    RSI < 70.0? ✅ SIM
2025-11-05 06:19:27,714 - INFO -    Sem posições? ❌ NÃO
2025-11-05 06:19:57,989 - INFO - 💹 ETHUSDT: 3299.73000000 USDT
2025-11-05 06:19:57,989 - INFO - 📊 Análise Est.4:
2025-11-05 06:19:57,989 - INFO -    Preço: 3299.73 | MA21: 3307.45 | RSI: 38.86
2025-11-05 06:19:57,989 - INFO -    Preço > MA21? ❌ NÃO
2025-11-05 06:19:57,989 - INFO -    RSI < 70.0? ✅ SIM
2025-11-05 06:19:57,989 - INFO -    Sem posições? ❌ NÃO
2025-11-05 06:20:28,263 - INFO - 💹 ETHUSDT: 3309.53000000 USDT
2025-11-05 06:20:28,263 - INFO - 📊 Análise Est.4:
2025-11-05 06:20:28,263 - INFO -    Preço: 3309.53 | MA21: 3307.86 | RSI: 46.84
2025-11-05 06:20:28,263 - INFO -    Preço > MA21? ✅ SIM
2025-11-05 06:20:28,263 - INFO -    RSI < 70.0? ✅ SIM
2025-11-05 06:20:28,263 - INFO -    Sem posições? ❌ NÃO
2025-11-05 06:20:58,546 - INFO - 💹 ETHUSDT: 3295.05000000 USDT
2025-11-05 06:20:58,546 - INFO - 📊 Análise Est.4:
2025-11-05 06:20:58,546 - INFO -    Preço: 3295.05 | MA21: 3307.17 | RSI: 31.60
2025-11-05 06:20:58,546 - INFO -    Preço > MA21? ❌ NÃO
2025-11-05 06:20:58,546 - INFO -    RSI < 70.0? ✅ SIM
2025-11-05 06:20:58,546 - INFO -    Sem posições? ❌ NÃO
2025-11-05 06:21:28,832 - INFO - 💹 ETHUSDT: 3294.57000000 USDT
2025-11-05 06:21:28,832 - INFO - 📊 Análise Est.4:
2025-11-05 06:21:28,832 - INFO -    Preço: 3294.57 | MA21: 3306.90 | RSI: 30.61
2025-11-05 06:21:28,832 - INFO -    Preço > MA21? ❌ NÃO
2025-11-05 06:21:28,832 - INFO -    RSI < 70.0? ✅ SIM
2025-11-05 06:21:28,832 - INFO -    Sem posições? ❌ NÃO
2025-11-05 06:21:59,118 - INFO - 💹 ETHUSDT: 3299.98000000 USDT
2025-11-05 06:21:59,118 - INFO - 📊 Análise Est.4:
2025-11-05 06:21:59,118 - INFO -    Preço: 3299.98 | MA21: 3307.16 | RSI: 37.49
2025-11-05 06:21:59,118 - INFO -    Preço > MA21? ❌ NÃO
2025-11-05 06:21:59,118 - INFO -    RSI < 70.0? ✅ SIM
2025-11-05 06:21:59,118 - INFO -    Sem posições? ❌ NÃO
2025-11-05 06:22:29,406 - INFO - 💹 ETHUSDT: 3304.01000000 USDT
2025-11-05 06:22:29,406 - INFO - 📊 Análise Est.4:
2025-11-05 06:22:29,406 - INFO -    Preço: 3304.01 | MA21: 3307.74 | RSI: 37.56
2025-11-05 06:22:29,406 - INFO -    Preço > MA21? ❌ NÃO
2025-11-05 06:22:29,406 - INFO -    RSI < 70.0? ✅ SIM
2025-11-05 06:22:29,406 - INFO -    Sem posições? ❌ NÃO
2025-11-05 06:22:59,693 - INFO - 💹 ETHUSDT: 3304.50000000 USDT
2025-11-05 06:22:59,693 - INFO - 📊 Análise Est.4:
2025-11-05 06:22:59,693 - INFO -    Preço: 3304.50 | MA21: 3307.76 | RSI: 37.93
2025-11-05 06:22:59,696 - INFO -    Preço > MA21? ❌ NÃO
2025-11-05 06:22:59,696 - INFO -    RSI < 70.0? ✅ SIM
2025-11-05 06:22:59,696 - INFO -    Sem posições? ❌ NÃO
2025-11-05 06:23:29,986 - INFO - 💹 ETHUSDT: 3304.33000000 USDT
2025-11-05 06:23:29,986 - INFO - 📊 Análise Est.4:
2025-11-05 06:23:29,986 - INFO -    Preço: 3304.33 | MA21: 3307.83 | RSI: 33.24
2025-11-05 06:23:29,986 - INFO -    Preço > MA21? ❌ NÃO
2025-11-05 06:23:29,986 - INFO -    RSI < 70.0? ✅ SIM
2025-11-05 06:23:29,986 - INFO -    Sem posições? ❌ NÃO
2025-11-05 06:24:00,268 - INFO - 💹 ETHUSDT: 3307.82000000 USDT
2025-11-05 06:24:00,268 - INFO - 📊 Análise Est.4:
2025-11-05 06:24:00,268 - INFO -    Preço: 3307.82 | MA21: 3308.00 | RSI: 37.41
2025-11-05 06:24:00,268 - INFO -    Preço > MA21? ❌ NÃO
2025-11-05 06:24:00,268 - INFO -    RSI < 70.0? ✅ SIM
2025-11-05 06:24:00,268 - INFO -    Sem posições? ❌ NÃO
2025-11-05 06:24:30,538 - INFO - 💹 ETHUSDT: 3303.55000000 USDT
2025-11-05 06:24:30,538 - INFO - 📊 Análise Est.4:
2025-11-05 06:24:30,538 - INFO -    Preço: 3303.55 | MA21: 3640.36 | RSI: 49.96
2025-11-05 06:24:30,538 - INFO -    Preço > MA21? ❌ NÃO
2025-11-05 06:24:30,538 - INFO -    RSI < 70.0? ✅ SIM
2025-11-05 06:24:30,538 - INFO -    Sem posições? ❌ NÃO
2025-11-05 06:25:00,823 - INFO - 💹 ETHUSDT: 3303.90000000 USDT
2025-11-05 06:25:00,823 - INFO - 📊 Análise Est.4:
2025-11-05 06:25:00,823 - INFO -    Preço: 3303.90 | MA21: 3640.37 | RSI: 49.96
2025-11-05 06:25:00,823 - INFO -    Preço > MA21? ❌ NÃO
2025-11-05 06:25:00,823 - INFO -    RSI < 70.0? ✅ SIM
2025-11-05 06:25:00,823 - INFO -    Sem posições? ❌ NÃO
2025-11-05 06:25:31,099 - INFO - 💹 ETHUSDT: 3304.19000000 USDT
2025-11-05 06:25:31,099 - INFO - 📊 Análise Est.4:
2025-11-05 06:25:31,099 - INFO -    Preço: 3304.19 | MA21: 3640.20 | RSI: 49.97
2025-11-05 06:25:31,099 - INFO -    Preço > MA21? ❌ NÃO
2025-11-05 06:25:31,099 - INFO -    RSI < 70.0? ✅ SIM
2025-11-05 06:25:31,099 - INFO -    Sem posições? ❌ NÃO
2025-11-05 06:26:01,367 - INFO - 💹 ETHUSDT: 3303.91000000 USDT
2025-11-05 06:26:01,367 - INFO - 📊 Análise Est.4:
2025-11-05 06:26:01,367 - INFO -    Preço: 3303.91 | MA21: 3640.19 | RSI: 49.97
2025-11-05 06:26:01,367 - INFO -    Preço > MA21? ❌ NÃO
2025-11-05 06:26:01,367 - INFO -    RSI < 70.0? ✅ SIM
2025-11-05 06:26:01,367 - INFO -    Sem posições? ❌ NÃO
2025-11-05 06:26:31,654 - INFO - 💹 ETHUSDT: 3307.46000000 USDT
2025-11-05 06:26:31,654 - INFO - 📊 Análise Est.4:
2025-11-05 06:26:31,654 - INFO -    Preço: 3307.46 | MA21: 3640.06 | RSI: 49.99
2025-11-05 06:26:31,654 - INFO -    Preço > MA21? ❌ NÃO
2025-11-05 06:26:31,654 - INFO -    RSI < 70.0? ✅ SIM
2025-11-05 06:26:31,654 - INFO -    Sem posições? ❌ NÃO
2025-11-05 06:27:01,923 - INFO - 💹 ETHUSDT: 3304.61000000 USDT
2025-11-05 06:27:01,939 - INFO - 📊 Análise Est.4:
2025-11-05 06:27:01,939 - INFO -    Preço: 3304.61 | MA21: 3639.92 | RSI: 49.98
2025-11-05 06:27:01,939 - INFO -    Preço > MA21? ❌ NÃO
2025-11-05 06:27:01,939 - INFO -    RSI < 70.0? ✅ SIM
2025-11-05 06:27:01,939 - INFO -    Sem posições? ❌ NÃO
2025-11-05 06:27:32,217 - INFO - 💹 ETHUSDT: 3305.69000000 USDT
2025-11-05 06:27:32,217 - INFO - 📊 Análise Est.4:
2025-11-05 06:27:32,217 - INFO -    Preço: 3305.69 | MA21: 3639.64 | RSI: 50.01
2025-11-05 06:27:32,217 - INFO -    Preço > MA21? ❌ NÃO
2025-11-05 06:27:32,217 - INFO -    RSI < 70.0? ✅ SIM
2025-11-05 06:27:32,217 - INFO -    Sem posições? ❌ NÃO
2025-11-05 06:28:02,496 - INFO - 💹 ETHUSDT: 3306.78000000 USDT
2025-11-05 06:28:02,496 - INFO - 📊 Análise Est.4:
2025-11-05 06:28:02,496 - INFO -    Preço: 3306.78 | MA21: 3639.69 | RSI: 50.01
2025-11-05 06:28:02,496 - INFO -    Preço > MA21? ❌ NÃO
2025-11-05 06:28:02,496 - INFO -    RSI < 70.0? ✅ SIM
2025-11-05 06:28:02,496 - INFO -    Sem posições? ❌ NÃO
2025-11-05 06:28:32,772 - INFO - 💹 ETHUSDT: 3650.42000000 USDT
2025-11-05 06:28:32,772 - INFO - 📊 Análise Est.4:
2025-11-05 06:28:32,772 - INFO -    Preço: 3650.42 | MA21: 3655.72 | RSI: 51.20
2025-11-05 06:28:32,772 - INFO -    Preço > MA21? ❌ NÃO
2025-11-05 06:28:32,772 - INFO -    RSI < 70.0? ✅ SIM
2025-11-05 06:28:32,772 - INFO -    Sem posições? ❌ NÃO
2025-11-05 06:28:32,772 - INFO - 🎯 Take Profit atingido! Preço: 3650.42000000
2025-11-05 06:28:32,772 - INFO - 🔄 Fechando posição COMPRA
2025-11-05 06:28:33,044 - INFO - ✅ Lucro: 1.39 USDT
2025-11-05 06:28:33,045 - INFO - ------------------------------------------------------------
2025-11-05 06:28:33,045 - INFO - 📊 ESTATÍSTICAS
2025-11-05 06:28:33,045 - INFO -    Total de trades: 17
2025-11-05 06:28:33,045 - INFO -    Trades vencedores: 13
2025-11-05 06:28:33,045 - INFO -    Win Rate: 76.5%
2025-11-05 06:28:33,045 - INFO -    Lucro diário: 4.64 USDT
2025-11-05 06:28:33,045 - INFO -    Lucro total: 4.64 USDT
2025-11-05 06:28:33,045 - INFO -    Posições abertas: 0
2025-11-05 06:28:33,045 - INFO - ------------------------------------------------------------
2025-11-05 06:29:03,317 - INFO - 💹 ETHUSDT: 3309.78000000 USDT
2025-11-05 06:29:03,317 - INFO - 📊 Análise Est.4:
2025-11-05 06:29:03,317 - INFO -    Preço: 3309.78 | MA21: 3639.50 | RSI: 50.02
2025-11-05 06:29:03,317 - INFO -    Preço > MA21? ❌ NÃO
2025-11-05 06:29:03,317 - INFO -    RSI < 70.0? ✅ SIM
2025-11-05 06:29:03,317 - INFO -    Sem posições? ✅ SIM
2025-11-05 06:29:33,584 - INFO - 💹 ETHUSDT: 3309.56000000 USDT
2025-11-05 06:29:33,584 - INFO - 📊 Análise Est.4:
2025-11-05 06:29:33,584 - INFO -    Preço: 3309.56 | MA21: 3639.10 | RSI: 50.02
2025-11-05 06:29:33,584 - INFO -    Preço > MA21? ❌ NÃO
2025-11-05 06:29:33,584 - INFO -    RSI < 70.0? ✅ SIM
2025-11-05 06:29:33,594 - INFO -    Sem posições? ✅ SIM
2025-11-05 06:30:03,862 - INFO - 💹 ETHUSDT: 3309.21000000 USDT
2025-11-05 06:30:03,862 - INFO - 📊 Análise Est.4:
2025-11-05 06:30:03,862 - INFO -    Preço: 3309.21 | MA21: 3639.09 | RSI: 50.02
2025-11-05 06:30:03,862 - INFO -    Preço > MA21? ❌ NÃO
2025-11-05 06:30:03,862 - INFO -    RSI < 70.0? ✅ SIM
2025-11-05 06:30:03,862 - INFO -    Sem posições? ✅ SIM
2025-11-05 06:30:34,128 - INFO - 💹 ETHUSDT: 3307.17000000 USDT
2025-11-05 06:30:34,128 - INFO - 📊 Análise Est.4:
2025-11-05 06:30:34,128 - INFO -    Preço: 3307.17 | MA21: 3638.42 | RSI: 50.00
2025-11-05 06:30:34,128 - INFO -    Preço > MA21? ❌ NÃO
2025-11-05 06:30:34,128 - INFO -    RSI < 70.0? ✅ SIM
2025-11-05 06:30:34,128 - INFO -    Sem posições? ✅ SIM
2025-11-05 06:31:04,419 - INFO - 💹 ETHUSDT: 3305.30000000 USDT
2025-11-05 06:31:04,419 - INFO - 📊 Análise Est.4:
2025-11-05 06:31:04,419 - INFO -    Preço: 3305.30 | MA21: 3638.33 | RSI: 49.99
2025-11-05 06:31:04,419 - INFO -    Preço > MA21? ❌ NÃO
2025-11-05 06:31:04,419 - INFO -    RSI < 70.0? ✅ SIM
2025-11-05 06:31:04,419 - INFO -    Sem posições? ✅ SIM
2025-11-05 06:31:34,693 - INFO - 💹 ETHUSDT: 3306.67000000 USDT
2025-11-05 06:31:34,693 - INFO - 📊 Análise Est.4:
2025-11-05 06:31:34,693 - INFO -    Preço: 3306.67 | MA21: 3637.95 | RSI: 50.00
2025-11-05 06:31:34,693 - INFO -    Preço > MA21? ❌ NÃO
2025-11-05 06:31:34,693 - INFO -    RSI < 70.0? ✅ SIM
2025-11-05 06:31:34,693 - INFO -    Sem posições? ✅ SIM
2025-11-05 06:32:04,972 - INFO - 💹 ETHUSDT: 3303.95000000 USDT
2025-11-05 06:32:04,972 - INFO - 📊 Análise Est.4:
2025-11-05 06:32:04,972 - INFO -    Preço: 3303.95 | MA21: 3637.82 | RSI: 49.99
2025-11-05 06:32:04,972 - INFO -    Preço > MA21? ❌ NÃO
2025-11-05 06:32:04,972 - INFO -    RSI < 70.0? ✅ SIM
2025-11-05 06:32:04,972 - INFO -    Sem posições? ✅ SIM
2025-11-05 06:32:35,243 - INFO - 💹 ETHUSDT: 3304.49000000 USDT
2025-11-05 06:32:35,243 - INFO - 📊 Análise Est.4:
2025-11-05 06:32:35,243 - INFO -    Preço: 3304.49 | MA21: 3637.44 | RSI: 50.01
2025-11-05 06:32:35,243 - INFO -    Preço > MA21? ❌ NÃO
2025-11-05 06:32:35,243 - INFO -    RSI < 70.0? ✅ SIM
2025-11-05 06:32:35,243 - INFO -    Sem posições? ✅ SIM
2025-11-05 06:33:05,506 - INFO - 💹 ETHUSDT: 3298.56000000 USDT
2025-11-05 06:33:05,506 - INFO - 📊 Análise Est.4:
2025-11-05 06:33:05,506 - INFO -    Preço: 3298.56 | MA21: 3637.16 | RSI: 49.99
2025-11-05 06:33:05,506 - INFO -    Preço > MA21? ❌ NÃO
2025-11-05 06:33:05,506 - INFO -    RSI < 70.0? ✅ SIM
2025-11-05 06:33:05,522 - INFO -    Sem posições? ✅ SIM
2025-11-05 06:33:35,791 - INFO - 💹 ETHUSDT: 3296.82000000 USDT
2025-11-05 06:33:35,791 - INFO - 📊 Análise Est.4:
2025-11-05 06:33:35,791 - INFO -    Preço: 3296.82 | MA21: 3636.53 | RSI: 49.99
2025-11-05 06:33:35,791 - INFO -    Preço > MA21? ❌ NÃO
2025-11-05 06:33:35,791 - INFO -    RSI < 70.0? ✅ SIM
2025-11-05 06:33:35,791 - INFO -    Sem posições? ✅ SIM
2025-11-05 06:34:06,085 - INFO - 💹 ETHUSDT: 3295.75000000 USDT
2025-11-05 06:34:06,085 - INFO - 📊 Análise Est.4:
2025-11-05 06:34:06,085 - INFO -    Preço: 3295.75 | MA21: 3636.48 | RSI: 49.99
2025-11-05 06:34:06,085 - INFO -    Preço > MA21? ❌ NÃO
2025-11-05 06:34:06,085 - INFO -    RSI < 70.0? ✅ SIM
2025-11-05 06:34:06,085 - INFO -    Sem posições? ✅ SIM
2025-11-05 06:34:36,365 - INFO - 💹 ETHUSDT: 3296.61000000 USDT
2025-11-05 06:34:36,365 - INFO - 📊 Análise Est.4:
2025-11-05 06:34:36,365 - INFO -    Preço: 3296.61 | MA21: 3636.19 | RSI: 50.01
2025-11-05 06:34:36,365 - INFO -    Preço > MA21? ❌ NÃO
2025-11-05 06:34:36,365 - INFO -    RSI < 70.0? ✅ SIM
2025-11-05 06:34:36,365 - INFO -    Sem posições? ✅ SIM
2025-11-05 06:35:06,646 - INFO - 💹 ETHUSDT: 3296.67000000 USDT
2025-11-05 06:35:06,646 - INFO - 📊 Análise Est.4:
2025-11-05 06:35:06,646 - INFO -    Preço: 3296.67 | MA21: 3636.19 | RSI: 50.01
2025-11-05 06:35:06,646 - INFO -    Preço > MA21? ❌ NÃO
2025-11-05 06:35:06,646 - INFO -    RSI < 70.0? ✅ SIM
2025-11-05 06:35:06,646 - INFO -    Sem posições? ✅ SIM
2025-11-05 06:35:36,905 - INFO - 💹 ETHUSDT: 3298.01000000 USDT
2025-11-05 06:35:36,905 - INFO - 📊 Análise Est.4:
2025-11-05 06:35:36,905 - INFO -    Preço: 3298.01 | MA21: 3635.86 | RSI: 49.98
2025-11-05 06:35:36,905 - INFO -    Preço > MA21? ❌ NÃO
2025-11-05 06:35:36,905 - INFO -    RSI < 70.0? ✅ SIM
2025-11-05 06:35:36,905 - INFO -    Sem posições? ✅ SIM
2025-11-05 06:36:07,198 - INFO - 💹 ETHUSDT: 3301.77000000 USDT
2025-11-05 06:36:07,198 - INFO - 📊 Análise Est.4:
2025-11-05 06:36:07,198 - INFO -    Preço: 3301.77 | MA21: 3636.04 | RSI: 49.99
2025-11-05 06:36:07,198 - INFO -    Preço > MA21? ❌ NÃO
2025-11-05 06:36:07,198 - INFO -    RSI < 70.0? ✅ SIM
2025-11-05 06:36:07,198 - INFO -    Sem posições? ✅ SIM
2025-11-05 06:36:37,471 - INFO - 💹 ETHUSDT: 3300.01000000 USDT
2025-11-05 06:36:37,471 - INFO - 📊 Análise Est.4:
2025-11-05 06:36:37,471 - INFO -    Preço: 3300.01 | MA21: 3635.86 | RSI: 49.98
2025-11-05 06:36:37,471 - INFO -    Preço > MA21? ❌ NÃO
2025-11-05 06:36:37,471 - INFO -    RSI < 70.0? ✅ SIM
2025-11-05 06:36:37,471 - INFO -    Sem posições? ✅ SIM
2025-11-05 06:37:07,771 - INFO - 💹 ETHUSDT: 3301.99000000 USDT
2025-11-05 06:37:07,771 - INFO - 📊 Análise Est.4:
2025-11-05 06:37:07,771 - INFO -    Preço: 3301.99 | MA21: 3635.95 | RSI: 49.99
2025-11-05 06:37:07,772 - INFO -    Preço > MA21? ❌ NÃO
2025-11-05 06:37:07,772 - INFO -    RSI < 70.0? ✅ SIM
2025-11-05 06:37:07,772 - INFO -    Sem posições? ✅ SIM
2025-11-05 06:37:38,050 - INFO - 💹 ETHUSDT: 3301.60000000 USDT
2025-11-05 06:37:38,050 - INFO - 📊 Análise Est.4:
2025-11-05 06:37:38,050 - INFO -    Preço: 3301.60 | MA21: 3635.64 | RSI: 0.18
2025-11-05 06:37:38,050 - INFO -    Preço > MA21? ❌ NÃO
2025-11-05 06:37:38,050 - INFO -    RSI < 70.0? ✅ SIM
2025-11-05 06:37:38,050 - INFO -    Sem posições? ✅ SIM
2025-11-05 06:38:08,324 - INFO - 💹 ETHUSDT: 3299.58000000 USDT
2025-11-05 06:38:08,324 - INFO - 📊 Análise Est.4:
2025-11-05 06:38:08,324 - INFO -    Preço: 3299.58 | MA21: 3635.55 | RSI: 0.18
2025-11-05 06:38:08,324 - INFO -    Preço > MA21? ❌ NÃO
2025-11-05 06:38:08,324 - INFO -    RSI < 70.0? ✅ SIM
2025-11-05 06:38:08,324 - INFO -    Sem posições? ✅ SIM
2025-11-05 06:38:38,603 - INFO - 💹 ETHUSDT: 3304.14000000 USDT
2025-11-05 06:38:38,603 - INFO - 📊 Análise Est.4:
2025-11-05 06:38:38,603 - INFO -    Preço: 3304.14 | MA21: 3635.41 | RSI: 51.70
2025-11-05 06:38:38,603 - INFO -    Preço > MA21? ❌ NÃO
2025-11-05 06:38:38,603 - INFO -    RSI < 70.0? ✅ SIM
2025-11-05 06:38:38,603 - INFO -    Sem posições? ✅ SIM
2025-11-05 06:39:08,886 - INFO - 💹 ETHUSDT: 3306.00000000 USDT
2025-11-05 06:39:08,886 - INFO - 📊 Análise Est.4:
2025-11-05 06:39:08,886 - INFO -    Preço: 3306.00 | MA21: 3635.49 | RSI: 54.23
2025-11-05 06:39:08,886 - INFO -    Preço > MA21? ❌ NÃO
2025-11-05 06:39:08,886 - INFO -    RSI < 70.0? ✅ SIM
2025-11-05 06:39:08,886 - INFO -    Sem posições? ✅ SIM
2025-11-05 06:39:39,171 - INFO - 💹 ETHUSDT: 3306.25000000 USDT
2025-11-05 06:39:39,171 - INFO - 📊 Análise Est.4:
2025-11-05 06:39:39,171 - INFO -    Preço: 3306.25 | MA21: 3635.66 | RSI: 53.36
2025-11-05 06:39:39,171 - INFO -    Preço > MA21? ❌ NÃO
2025-11-05 06:39:39,171 - INFO -    RSI < 70.0? ✅ SIM
2025-11-05 06:39:39,171 - INFO -    Sem posições? ✅ SIM
2025-11-05 06:40:09,449 - INFO - 💹 ETHUSDT: 3306.97000000 USDT
2025-11-05 06:40:09,449 - INFO - 📊 Análise Est.4:
2025-11-05 06:40:09,449 - INFO -    Preço: 3306.97 | MA21: 3635.70 | RSI: 54.31
2025-11-05 06:40:09,449 - INFO -    Preço > MA21? ❌ NÃO
2025-11-05 06:40:09,449 - INFO -    RSI < 70.0? ✅ SIM
2025-11-05 06:40:09,449 - INFO -    Sem posições? ✅ SIM
2025-11-05 06:40:39,718 - INFO - 💹 ETHUSDT: 3308.87000000 USDT
2025-11-05 06:40:39,718 - INFO - 📊 Análise Est.4:
2025-11-05 06:40:39,718 - INFO -    Preço: 3308.87 | MA21: 3636.17 | RSI: 54.13
2025-11-05 06:40:39,718 - INFO -    Preço > MA21? ❌ NÃO
2025-11-05 06:40:39,718 - INFO -    RSI < 70.0? ✅ SIM
2025-11-05 06:40:39,718 - INFO -    Sem posições? ✅ SIM
2025-11-05 06:41:10,003 - INFO - 💹 ETHUSDT: 3309.43000000 USDT
2025-11-05 06:41:10,003 - INFO - 📊 Análise Est.4:
2025-11-05 06:41:10,003 - INFO -    Preço: 3309.43 | MA21: 3636.19 | RSI: 54.84
2025-11-05 06:41:10,005 - INFO -    Preço > MA21? ❌ NÃO
2025-11-05 06:41:10,005 - INFO -    RSI < 70.0? ✅ SIM
2025-11-05 06:41:10,005 - INFO -    Sem posições? ✅ SIM
2025-11-05 06:41:40,283 - INFO - 💹 ETHUSDT: 3309.78000000 USDT
2025-11-05 06:41:40,283 - INFO - 📊 Análise Est.4:
2025-11-05 06:41:40,285 - INFO -    Preço: 3309.78 | MA21: 3636.93 | RSI: 54.23
2025-11-05 06:41:40,285 - INFO -    Preço > MA21? ❌ NÃO
2025-11-05 06:41:40,285 - INFO -    RSI < 70.0? ✅ SIM
2025-11-05 06:41:40,285 - INFO -    Sem posições? ✅ SIM
2025-11-05 06:42:10,562 - INFO - 💹 ETHUSDT: 3309.91000000 USDT
2025-11-05 06:42:10,562 - INFO - 📊 Análise Est.4:
2025-11-05 06:42:10,562 - INFO -    Preço: 3309.91 | MA21: 3636.93 | RSI: 54.40
2025-11-05 06:42:10,564 - INFO -    Preço > MA21? ❌ NÃO
2025-11-05 06:42:10,564 - INFO -    RSI < 70.0? ✅ SIM
2025-11-05 06:42:10,564 - INFO -    Sem posições? ✅ SIM
2025-11-05 06:42:40,850 - INFO - 💹 ETHUSDT: 3306.37000000 USDT
2025-11-05 06:42:40,850 - INFO - 📊 Análise Est.4:
2025-11-05 06:42:40,850 - INFO -    Preço: 3306.37 | MA21: 3637.02 | RSI: 45.63
2025-11-05 06:42:40,850 - INFO -    Preço > MA21? ❌ NÃO
2025-11-05 06:42:40,850 - INFO -    RSI < 70.0? ✅ SIM
2025-11-05 06:42:40,850 - INFO -    Sem posições? ✅ SIM
2025-11-05 06:43:11,123 - INFO - 💹 ETHUSDT: 3305.77000000 USDT
2025-11-05 06:43:11,123 - INFO - 📊 Análise Est.4:
2025-11-05 06:43:11,123 - INFO -    Preço: 3305.77 | MA21: 3637.00 | RSI: 44.89
2025-11-05 06:43:11,123 - INFO -    Preço > MA21? ❌ NÃO
2025-11-05 06:43:11,123 - INFO -    RSI < 70.0? ✅ SIM
2025-11-05 06:43:11,123 - INFO -    Sem posições? ✅ SIM
2025-11-05 06:43:41,405 - INFO - 💹 ETHUSDT: 3303.33000000 USDT
2025-11-05 06:43:41,405 - INFO - 📊 Análise Est.4:
2025-11-05 06:43:41,405 - INFO -    Preço: 3303.33 | MA21: 3636.91 | RSI: 42.09
2025-11-05 06:43:41,405 - INFO -    Preço > MA21? ❌ NÃO
2025-11-05 06:43:41,405 - INFO -    RSI < 70.0? ✅ SIM
2025-11-05 06:43:41,405 - INFO -    Sem posições? ✅ SIM
2025-11-05 06:44:11,680 - INFO - 💹 ETHUSDT: 3305.73000000 USDT
2025-11-05 06:44:11,680 - INFO - 📊 Análise Est.4:
2025-11-05 06:44:11,680 - INFO -    Preço: 3305.73 | MA21: 3637.03 | RSI: 44.98
2025-11-05 06:44:11,680 - INFO -    Preço > MA21? ❌ NÃO
2025-11-05 06:44:11,680 - INFO -    RSI < 70.0? ✅ SIM
2025-11-05 06:44:11,680 - INFO -    Sem posições? ✅ SIM
2025-11-05 06:44:41,958 - INFO - 💹 ETHUSDT: 3306.00000000 USDT
2025-11-05 06:44:41,958 - INFO - 📊 Análise Est.4:
2025-11-05 06:44:41,958 - INFO -    Preço: 3306.00 | MA21: 3304.38 | RSI: 51.01
2025-11-05 06:44:41,958 - INFO -    Preço > MA21? ✅ SIM
2025-11-05 06:44:41,958 - INFO -    RSI < 70.0? ✅ SIM
2025-11-05 06:44:41,958 - INFO -    Sem posições? ✅ SIM
2025-11-05 06:44:41,958 - INFO - 🟢 TODAS AS CONDIÇÕES ATENDIDAS - ABRINDO COMPRA!
2025-11-05 06:44:41,958 - INFO - 📈 Abrindo posição COMPRA
2025-11-05 06:44:41,958 - INFO -    Preço: 3306.00000000
2025-11-05 06:44:41,958 - INFO -    Quantidade: 0.00450000
2025-11-05 06:44:41,958 - INFO -    Valor: 15.0 USDT
2025-11-05 06:44:42,238 - INFO - ✅ Ordem executada: 12348746
2025-11-05 06:45:12,517 - INFO - 💹 ETHUSDT: 3306.84000000 USDT
2025-11-05 06:45:12,517 - INFO - 📊 Análise Est.4:
2025-11-05 06:45:12,517 - INFO -    Preço: 3306.84 | MA21: 3304.42 | RSI: 52.19
2025-11-05 06:45:12,517 - INFO -    Preço > MA21? ✅ SIM
2025-11-05 06:45:12,517 - INFO -    RSI < 70.0? ✅ SIM
2025-11-05 06:45:12,517 - INFO -    Sem posições? ❌ NÃO
2025-11-05 06:45:42,797 - INFO - 💹 ETHUSDT: 3301.82000000 USDT
2025-11-05 06:45:42,799 - INFO - 📊 Análise Est.4:
2025-11-05 06:45:42,799 - INFO -    Preço: 3301.82 | MA21: 3304.36 | RSI: 47.24
2025-11-05 06:45:42,799 - INFO -    Preço > MA21? ❌ NÃO
2025-11-05 06:45:42,799 - INFO -    RSI < 70.0? ✅ SIM
2025-11-05 06:45:42,799 - INFO -    Sem posições? ❌ NÃO
2025-11-05 06:46:13,068 - INFO - 💹 ETHUSDT: 3306.32000000 USDT
2025-11-05 06:46:13,068 - INFO - 📊 Análise Est.4:
2025-11-05 06:46:13,068 - INFO -    Preço: 3306.32 | MA21: 3304.69 | RSI: 63.50
2025-11-05 06:46:13,068 - INFO -    Preço > MA21? ✅ SIM
2025-11-05 06:46:13,068 - INFO -    RSI < 70.0? ✅ SIM
2025-11-05 06:46:13,068 - INFO -    Sem posições? ❌ NÃO
2025-11-05 06:46:43,358 - INFO - 💹 ETHUSDT: 3305.91000000 USDT
2025-11-05 06:46:43,358 - INFO - 📊 Análise Est.4:
2025-11-05 06:46:43,358 - INFO -    Preço: 3305.91 | MA21: 3304.67 | RSI: 62.61
2025-11-05 06:46:43,358 - INFO -    Preço > MA21? ✅ SIM
2025-11-05 06:46:43,358 - INFO -    RSI < 70.0? ✅ SIM
2025-11-05 06:46:43,358 - INFO -    Sem posições? ❌ NÃO
2025-11-05 06:47:13,634 - INFO - 💹 ETHUSDT: 3306.42000000 USDT
2025-11-05 06:47:13,634 - INFO - 📊 Análise Est.4:
2025-11-05 06:47:13,634 - INFO -    Preço: 3306.42 | MA21: 3304.72 | RSI: 70.52
2025-11-05 06:47:13,634 - INFO -    Preço > MA21? ✅ SIM
2025-11-05 06:47:13,634 - INFO -    RSI < 70.0? ❌ NÃO
2025-11-05 06:47:13,634 - INFO -    Sem posições? ❌ NÃO
2025-11-05 06:47:43,909 - INFO - 💹 ETHUSDT: 3306.76000000 USDT
2025-11-05 06:47:43,909 - INFO - 📊 Análise Est.4:
2025-11-05 06:47:43,909 - INFO -    Preço: 3306.76 | MA21: 3304.74 | RSI: 70.90
2025-11-05 06:47:43,909 - INFO -    Preço > MA21? ✅ SIM
2025-11-05 06:47:43,909 - INFO -    RSI < 70.0? ❌ NÃO
2025-11-05 06:47:43,909 - INFO -    Sem posições? ❌ NÃO
2025-11-05 06:48:14,184 - INFO - 💹 ETHUSDT: 3306.09000000 USDT
2025-11-05 06:48:14,184 - INFO - 📊 Análise Est.4:
2025-11-05 06:48:14,184 - INFO -    Preço: 3306.09 | MA21: 3304.67 | RSI: 67.95
2025-11-05 06:48:14,184 - INFO -    Preço > MA21? ✅ SIM
2025-11-05 06:48:14,186 - INFO -    RSI < 70.0? ✅ SIM
2025-11-05 06:48:14,186 - INFO -    Sem posições? ❌ NÃO
2025-11-05 06:48:44,962 - INFO - 💹 ETHUSDT: 3304.78000000 USDT
2025-11-05 06:48:44,962 - INFO - 📊 Análise Est.4:
2025-11-05 06:48:44,962 - INFO -    Preço: 3304.78 | MA21: 3304.61 | RSI: 64.56
2025-11-05 06:48:44,962 - INFO -    Preço > MA21? ✅ SIM
2025-11-05 06:48:44,964 - INFO -    RSI < 70.0? ✅ SIM
2025-11-05 06:48:44,964 - INFO -    Sem posições? ❌ NÃO
2025-11-05 06:49:15,246 - INFO - 💹 ETHUSDT: 3302.26000000 USDT
2025-11-05 06:49:15,246 - INFO - 📊 Análise Est.4:
2025-11-05 06:49:15,246 - INFO -    Preço: 3302.26 | MA21: 3304.14 | RSI: 51.01
2025-11-05 06:49:15,246 - INFO -    Preço > MA21? ❌ NÃO
2025-11-05 06:49:15,246 - INFO -    RSI < 70.0? ✅ SIM
2025-11-05 06:49:15,246 - INFO -    Sem posições? ❌ NÃO
2025-11-05 06:49:45,516 - INFO - 💹 ETHUSDT: 3307.56000000 USDT
2025-11-05 06:49:45,516 - INFO - 📊 Análise Est.4:
2025-11-05 06:49:45,516 - INFO -    Preço: 3307.56 | MA21: 3304.39 | RSI: 59.83
2025-11-05 06:49:45,516 - INFO -    Preço > MA21? ✅ SIM
2025-11-05 06:49:45,516 - INFO -    RSI < 70.0? ✅ SIM
2025-11-05 06:49:45,516 - INFO -    Sem posições? ❌ NÃO
2025-11-05 06:50:15,799 - INFO - 💹 ETHUSDT: 3309.85000000 USDT
2025-11-05 06:50:15,799 - INFO - 📊 Análise Est.4:
2025-11-05 06:50:15,799 - INFO -    Preço: 3309.85 | MA21: 3304.52 | RSI: 62.44
2025-11-05 06:50:15,799 - INFO -    Preço > MA21? ✅ SIM
2025-11-05 06:50:15,799 - INFO -    RSI < 70.0? ✅ SIM
2025-11-05 06:50:15,799 - INFO -    Sem posições? ❌ NÃO
2025-11-05 06:50:46,073 - INFO - 💹 ETHUSDT: 3311.65000000 USDT
2025-11-05 06:50:46,073 - INFO - 📊 Análise Est.4:
2025-11-05 06:50:46,073 - INFO -    Preço: 3311.65 | MA21: 3304.60 | RSI: 64.50
2025-11-05 06:50:46,073 - INFO -    Preço > MA21? ✅ SIM
2025-11-05 06:50:46,073 - INFO -    RSI < 70.0? ✅ SIM
2025-11-05 06:50:46,073 - INFO -    Sem posições? ❌ NÃO
2025-11-05 06:51:16,347 - INFO - 💹 ETHUSDT: 3310.31000000 USDT
2025-11-05 06:51:16,347 - INFO - 📊 Análise Est.4:
2025-11-05 06:51:16,347 - INFO -    Preço: 3310.31 | MA21: 3304.78 | RSI: 68.14
2025-11-05 06:51:16,347 - INFO -    Preço > MA21? ✅ SIM
2025-11-05 06:51:16,347 - INFO -    RSI < 70.0? ✅ SIM
2025-11-05 06:51:16,347 - INFO -    Sem posições? ❌ NÃO
2025-11-05 06:51:46,614 - INFO - 💹 ETHUSDT: 3308.54000000 USDT
2025-11-05 06:51:46,614 - INFO - 📊 Análise Est.4:
2025-11-05 06:51:46,614 - INFO -    Preço: 3308.54 | MA21: 3304.69 | RSI: 64.29
2025-11-05 06:51:46,614 - INFO -    Preço > MA21? ✅ SIM
2025-11-05 06:51:46,614 - INFO -    RSI < 70.0? ✅ SIM
2025-11-05 06:51:46,614 - INFO -    Sem posições? ❌ NÃO
2025-11-05 06:52:16,902 - INFO - 💹 ETHUSDT: 3308.68000000 USDT
2025-11-05 06:52:16,902 - INFO - 📊 Análise Est.4:
2025-11-05 06:52:16,902 - INFO -    Preço: 3308.68 | MA21: 3304.93 | RSI: 55.41
2025-11-05 06:52:16,902 - INFO -    Preço > MA21? ✅ SIM
2025-11-05 06:52:16,902 - INFO -    RSI < 70.0? ✅ SIM
2025-11-05 06:52:16,902 - INFO -    Sem posições? ❌ NÃO
2025-11-05 06:52:47,188 - INFO - 💹 ETHUSDT: 3310.70000000 USDT
2025-11-05 06:52:47,188 - INFO - 📊 Análise Est.4:
2025-11-05 06:52:47,188 - INFO -    Preço: 3310.70 | MA21: 3305.02 | RSI: 58.77
2025-11-05 06:52:47,188 - INFO -    Preço > MA21? ✅ SIM
2025-11-05 06:52:47,188 - INFO -    RSI < 70.0? ✅ SIM
2025-11-05 06:52:47,188 - INFO -    Sem posições? ❌ NÃO
2025-11-05 06:53:17,461 - INFO - 💹 ETHUSDT: 3311.75000000 USDT
2025-11-05 06:53:17,461 - INFO - 📊 Análise Est.4:
2025-11-05 06:53:17,461 - INFO -    Preço: 3311.75 | MA21: 3305.77 | RSI: 58.06
2025-11-05 06:53:17,461 - INFO -    Preço > MA21? ✅ SIM
2025-11-05 06:53:17,461 - INFO -    RSI < 70.0? ✅ SIM
2025-11-05 06:53:17,477 - INFO -    Sem posições? ❌ NÃO
2025-11-05 06:53:47,754 - INFO - 💹 ETHUSDT: 3306.91000000 USDT
2025-11-05 06:53:47,754 - INFO - 📊 Análise Est.4:
2025-11-05 06:53:47,754 - INFO -    Preço: 3306.91 | MA21: 3305.54 | RSI: 49.91
2025-11-05 06:53:47,754 - INFO -    Preço > MA21? ✅ SIM
2025-11-05 06:53:47,754 - INFO -    RSI < 70.0? ✅ SIM
2025-11-05 06:53:47,754 - INFO -    Sem posições? ❌ NÃO
2025-11-05 06:54:18,016 - INFO - 💹 ETHUSDT: 3306.69000000 USDT
2025-11-05 06:54:18,016 - INFO - 📊 Análise Est.4:
2025-11-05 06:54:18,016 - INFO -    Preço: 3306.69 | MA21: 3306.05 | RSI: 45.75
2025-11-05 06:54:18,016 - INFO -    Preço > MA21? ✅ SIM
2025-11-05 06:54:18,016 - INFO -    RSI < 70.0? ✅ SIM
2025-11-05 06:54:18,016 - INFO -    Sem posições? ❌ NÃO
2025-11-05 06:54:48,298 - INFO - 💹 ETHUSDT: 3306.29000000 USDT
2025-11-05 06:54:48,298 - INFO - 📊 Análise Est.4:
2025-11-05 06:54:48,298 - INFO -    Preço: 3306.29 | MA21: 3306.03 | RSI: 45.19
2025-11-05 06:54:48,298 - INFO -    Preço > MA21? ✅ SIM
2025-11-05 06:54:48,298 - INFO -    RSI < 70.0? ✅ SIM
2025-11-05 06:54:48,298 - INFO -    Sem posições? ❌ NÃO
2025-11-05 06:55:18,568 - INFO - 💹 ETHUSDT: 3307.58000000 USDT
2025-11-05 06:55:18,568 - INFO - 📊 Análise Est.4:
2025-11-05 06:55:18,568 - INFO -    Preço: 3307.58 | MA21: 3306.58 | RSI: 46.43
2025-11-05 06:55:18,568 - INFO -    Preço > MA21? ✅ SIM
2025-11-05 06:55:18,568 - INFO -    RSI < 70.0? ✅ SIM
2025-11-05 06:55:18,568 - INFO -    Sem posições? ❌ NÃO
2025-11-05 06:55:48,857 - INFO - 💹 ETHUSDT: 3308.87000000 USDT
2025-11-05 06:55:48,857 - INFO - 📊 Análise Est.4:
2025-11-05 06:55:48,857 - INFO -    Preço: 3308.87 | MA21: 3306.64 | RSI: 48.47
2025-11-05 06:55:48,857 - INFO -    Preço > MA21? ✅ SIM
2025-11-05 06:55:48,857 - INFO -    RSI < 70.0? ✅ SIM
2025-11-05 06:55:48,857 - INFO -    Sem posições? ❌ NÃO
2025-11-05 06:56:19,132 - INFO - 💹 ETHUSDT: 3309.01000000 USDT
2025-11-05 06:56:19,132 - INFO - 📊 Análise Est.4:
2025-11-05 06:56:19,132 - INFO -    Preço: 3309.01 | MA21: 3307.07 | RSI: 55.85
2025-11-05 06:56:19,132 - INFO -    Preço > MA21? ✅ SIM
2025-11-05 06:56:19,132 - INFO -    RSI < 70.0? ✅ SIM
2025-11-05 06:56:19,132 - INFO -    Sem posições? ❌ NÃO
2025-11-05 06:56:49,421 - INFO - 💹 ETHUSDT: 3309.46000000 USDT
2025-11-05 06:56:49,421 - INFO - 📊 Análise Est.4:
2025-11-05 06:56:49,421 - INFO -    Preço: 3309.46 | MA21: 3307.09 | RSI: 56.63
2025-11-05 06:56:49,421 - INFO -    Preço > MA21? ✅ SIM
2025-11-05 06:56:49,421 - INFO -    RSI < 70.0? ✅ SIM
2025-11-05 06:56:49,421 - INFO -    Sem posições? ❌ NÃO
2025-11-05 06:57:19,708 - INFO - 💹 ETHUSDT: 3308.70000000 USDT
2025-11-05 06:57:19,708 - INFO - 📊 Análise Est.4:
2025-11-05 06:57:19,708 - INFO -    Preço: 3308.70 | MA21: 3307.38 | RSI: 54.56
2025-11-05 06:57:19,708 - INFO -    Preço > MA21? ✅ SIM
2025-11-05 06:57:19,708 - INFO -    RSI < 70.0? ✅ SIM
2025-11-05 06:57:19,708 - INFO -    Sem posições? ❌ NÃO
2025-11-05 06:57:49,992 - INFO - 💹 ETHUSDT: 3306.38000000 USDT
2025-11-05 06:57:49,992 - INFO - 📊 Análise Est.4:
2025-11-05 06:57:49,992 - INFO -    Preço: 3306.38 | MA21: 3307.27 | RSI: 50.93
2025-11-05 06:57:49,992 - INFO -    Preço > MA21? ❌ NÃO
2025-11-05 06:57:49,992 - INFO -    RSI < 70.0? ✅ SIM
2025-11-05 06:57:49,992 - INFO -    Sem posições? ❌ NÃO
2025-11-05 06:58:20,265 - INFO - 💹 ETHUSDT: 3309.95000000 USDT
2025-11-05 06:58:20,267 - INFO - 📊 Análise Est.4:
2025-11-05 06:58:20,267 - INFO -    Preço: 3309.95 | MA21: 3307.79 | RSI: 54.30
2025-11-05 06:58:20,267 - INFO -    Preço > MA21? ✅ SIM
2025-11-05 06:58:20,267 - INFO -    RSI < 70.0? ✅ SIM
2025-11-05 06:58:20,267 - INFO -    Sem posições? ❌ NÃO
2025-11-05 06:58:50,542 - INFO - 💹 ETHUSDT: 3307.93000000 USDT
2025-11-05 06:58:50,542 - INFO - 📊 Análise Est.4:
2025-11-05 06:58:50,542 - INFO -    Preço: 3307.93 | MA21: 3307.69 | RSI: 51.60
2025-11-05 06:58:50,542 - INFO -    Preço > MA21? ✅ SIM
2025-11-05 06:58:50,542 - INFO -    RSI < 70.0? ✅ SIM
2025-11-05 06:58:50,542 - INFO -    Sem posições? ❌ NÃO
2025-11-05 06:59:20,817 - INFO - 💹 ETHUSDT: 3307.94000000 USDT
2025-11-05 06:59:20,820 - INFO - 📊 Análise Est.4:
2025-11-05 06:59:20,820 - INFO -    Preço: 3307.94 | MA21: 3307.78 | RSI: 52.41
2025-11-05 06:59:20,820 - INFO -    Preço > MA21? ✅ SIM
2025-11-05 06:59:20,820 - INFO -    RSI < 70.0? ✅ SIM
2025-11-05 06:59:20,820 - INFO -    Sem posições? ❌ NÃO
2025-11-05 06:59:51,092 - INFO - 💹 ETHUSDT: 3307.15000000 USDT
2025-11-05 06:59:51,092 - INFO - 📊 Análise Est.4:
2025-11-05 06:59:51,092 - INFO -    Preço: 3307.15 | MA21: 3307.75 | RSI: 51.21
2025-11-05 06:59:51,092 - INFO -    Preço > MA21? ❌ NÃO
2025-11-05 06:59:51,092 - INFO -    RSI < 70.0? ✅ SIM
2025-11-05 06:59:51,092 - INFO -    Sem posições? ❌ NÃO
2025-11-05 07:00:21,380 - INFO - 💹 ETHUSDT: 3307.52000000 USDT
2025-11-05 07:00:21,380 - INFO - 📊 Análise Est.4:
2025-11-05 07:00:21,382 - INFO -    Preço: 3307.52 | MA21: 3307.77 | RSI: 51.59
2025-11-05 07:00:21,382 - INFO -    Preço > MA21? ❌ NÃO
2025-11-05 07:00:21,382 - INFO -    RSI < 70.0? ✅ SIM
2025-11-05 07:00:21,382 - INFO -    Sem posições? ❌ NÃO
2025-11-05 07:00:51,654 - INFO - 💹 ETHUSDT: 3308.02000000 USDT
2025-11-05 07:00:51,654 - INFO - 📊 Análise Est.4:
2025-11-05 07:00:51,654 - INFO -    Preço: 3308.02 | MA21: 3307.80 | RSI: 52.28
2025-11-05 07:00:51,654 - INFO -    Preço > MA21? ✅ SIM
2025-11-05 07:00:51,654 - INFO -    RSI < 70.0? ✅ SIM
2025-11-05 07:00:51,654 - INFO -    Sem posições? ❌ NÃO
2025-11-05 07:01:21,923 - INFO - 💹 ETHUSDT: 3298.89000000 USDT
2025-11-05 07:01:21,923 - INFO - 📊 Análise Est.4:
2025-11-05 07:01:21,923 - INFO -    Preço: 3298.89 | MA21: 3307.23 | RSI: 41.48
2025-11-05 07:01:21,923 - INFO -    Preço > MA21? ❌ NÃO
2025-11-05 07:01:21,923 - INFO -    RSI < 70.0? ✅ SIM
2025-11-05 07:01:21,923 - INFO -    Sem posições? ❌ NÃO
2025-11-05 07:01:52,208 - INFO - 💹 ETHUSDT: 3296.40000000 USDT
2025-11-05 07:01:52,208 - INFO - 📊 Análise Est.4:
2025-11-05 07:01:52,208 - INFO -    Preço: 3296.40 | MA21: 3307.11 | RSI: 39.17
2025-11-05 07:01:52,208 - INFO -    Preço > MA21? ❌ NÃO
2025-11-05 07:01:52,208 - INFO -    RSI < 70.0? ✅ SIM
2025-11-05 07:01:52,208 - INFO -    Sem posições? ❌ NÃO
2025-11-05 07:02:22,480 - INFO - 💹 ETHUSDT: 3298.77000000 USDT
2025-11-05 07:02:22,480 - INFO - 📊 Análise Est.4:
2025-11-05 07:02:22,496 - INFO -    Preço: 3298.77 | MA21: 3306.69 | RSI: 45.47
2025-11-05 07:02:22,496 - INFO -    Preço > MA21? ❌ NÃO
2025-11-05 07:02:22,496 - INFO -    RSI < 70.0? ✅ SIM
2025-11-05 07:02:22,496 - INFO -    Sem posições? ❌ NÃO
2025-11-05 07:02:52,775 - INFO - 💹 ETHUSDT: 3297.16000000 USDT
2025-11-05 07:02:52,775 - INFO - 📊 Análise Est.4:
2025-11-05 07:02:52,775 - INFO -    Preço: 3297.16 | MA21: 3306.62 | RSI: 43.65
2025-11-05 07:02:52,775 - INFO -    Preço > MA21? ❌ NÃO
2025-11-05 07:02:52,775 - INFO -    RSI < 70.0? ✅ SIM
2025-11-05 07:02:52,775 - INFO -    Sem posições? ❌ NÃO
2025-11-05 07:03:23,054 - INFO - 💹 ETHUSDT: 3300.66000000 USDT
2025-11-05 07:03:23,054 - INFO - 📊 Análise Est.4:
2025-11-05 07:03:23,054 - INFO -    Preço: 3300.66 | MA21: 3306.68 | RSI: 37.76
2025-11-05 07:03:23,054 - INFO -    Preço > MA21? ❌ NÃO
2025-11-05 07:03:23,054 - INFO -    RSI < 70.0? ✅ SIM
2025-11-05 07:03:23,054 - INFO -    Sem posições? ❌ NÃO
2025-11-05 07:03:53,330 - INFO - 💹 ETHUSDT: 3299.25000000 USDT
2025-11-05 07:03:53,330 - INFO - 📊 Análise Est.4:
2025-11-05 07:03:53,330 - INFO -    Preço: 3299.25 | MA21: 3306.62 | RSI: 36.40
2025-11-05 07:03:53,330 - INFO -    Preço > MA21? ❌ NÃO
2025-11-05 07:03:53,330 - INFO -    RSI < 70.0? ✅ SIM
2025-11-05 07:03:53,330 - INFO -    Sem posições? ❌ NÃO
2025-11-05 07:04:23,598 - INFO - 💹 ETHUSDT: 3301.73000000 USDT
2025-11-05 07:04:23,598 - INFO - 📊 Análise Est.4:
2025-11-05 07:04:23,598 - INFO -    Preço: 3301.73 | MA21: 3306.47 | RSI: 39.08
2025-11-05 07:04:23,598 - INFO -    Preço > MA21? ❌ NÃO
2025-11-05 07:04:23,598 - INFO -    RSI < 70.0? ✅ SIM
2025-11-05 07:04:23,598 - INFO -    Sem posições? ❌ NÃO
2025-11-05 07:04:53,880 - INFO - 💹 ETHUSDT: 3300.12000000 USDT
2025-11-05 07:04:53,880 - INFO - 📊 Análise Est.4:
2025-11-05 07:04:53,880 - INFO -    Preço: 3300.12 | MA21: 3306.39 | RSI: 36.51
2025-11-05 07:04:53,880 - INFO -    Preço > MA21? ❌ NÃO
2025-11-05 07:04:53,880 - INFO -    RSI < 70.0? ✅ SIM
2025-11-05 07:04:53,880 - INFO -    Sem posições? ❌ NÃO
2025-11-05 07:05:24,163 - INFO - 💹 ETHUSDT: 3300.77000000 USDT
2025-11-05 07:05:24,163 - INFO - 📊 Análise Est.4:
2025-11-05 07:05:24,163 - INFO -    Preço: 3300.77 | MA21: 3306.13 | RSI: 39.23
2025-11-05 07:05:24,169 - INFO -    Preço > MA21? ❌ NÃO
2025-11-05 07:05:24,169 - INFO -    RSI < 70.0? ✅ SIM
2025-11-05 07:05:24,169 - INFO -    Sem posições? ❌ NÃO
2025-11-05 07:05:54,446 - INFO - 💹 ETHUSDT: 3299.59000000 USDT
2025-11-05 07:05:54,446 - INFO - 📊 Análise Est.4:
2025-11-05 07:05:54,446 - INFO -    Preço: 3299.59 | MA21: 3306.08 | RSI: 38.00
2025-11-05 07:05:54,446 - INFO -    Preço > MA21? ❌ NÃO
2025-11-05 07:05:54,446 - INFO -    RSI < 70.0? ✅ SIM
2025-11-05 07:05:54,446 - INFO -    Sem posições? ❌ NÃO
2025-11-05 07:06:24,723 - INFO - 💹 ETHUSDT: 3301.84000000 USDT
2025-11-05 07:06:24,723 - INFO - 📊 Análise Est.4:
2025-11-05 07:06:24,723 - INFO -    Preço: 3301.84 | MA21: 3305.88 | RSI: 33.90
2025-11-05 07:06:24,723 - INFO -    Preço > MA21? ❌ NÃO
2025-11-05 07:06:24,723 - INFO -    RSI < 70.0? ✅ SIM
2025-11-05 07:06:24,723 - INFO -    Sem posições? ❌ NÃO
2025-11-05 07:06:54,999 - INFO - 💹 ETHUSDT: 3297.72000000 USDT
2025-11-05 07:06:54,999 - INFO - 📊 Análise Est.4:
2025-11-05 07:06:54,999 - INFO -    Preço: 3297.72 | MA21: 3305.68 | RSI: 28.15
2025-11-05 07:06:54,999 - INFO -    Preço > MA21? ❌ NÃO
2025-11-05 07:06:54,999 - INFO -    RSI < 70.0? ✅ SIM
2025-11-05 07:06:54,999 - INFO -    Sem posições? ❌ NÃO
2025-11-05 07:07:25,270 - INFO - 💹 ETHUSDT: 3298.17000000 USDT
2025-11-05 07:07:25,270 - INFO - 📊 Análise Est.4:
2025-11-05 07:07:25,270 - INFO -    Preço: 3298.17 | MA21: 3305.31 | RSI: 34.99
2025-11-05 07:07:25,270 - INFO -    Preço > MA21? ❌ NÃO
2025-11-05 07:07:25,270 - INFO -    RSI < 70.0? ✅ SIM
2025-11-05 07:07:25,270 - INFO -    Sem posições? ❌ NÃO
2025-11-05 07:07:55,546 - INFO - 💹 ETHUSDT: 3297.34000000 USDT
2025-11-05 07:07:55,546 - INFO - 📊 Análise Est.4:
2025-11-05 07:07:55,546 - INFO -    Preço: 3297.34 | MA21: 3305.27 | RSI: 34.00
2025-11-05 07:07:55,546 - INFO -    Preço > MA21? ❌ NÃO
2025-11-05 07:07:55,546 - INFO -    RSI < 70.0? ✅ SIM
2025-11-05 07:07:55,546 - INFO -    Sem posições? ❌ NÃO
2025-11-05 07:08:25,815 - INFO - 💹 ETHUSDT: 3303.76000000 USDT
2025-11-05 07:08:25,815 - INFO - 📊 Análise Est.4:
2025-11-05 07:08:25,815 - INFO -    Preço: 3303.76 | MA21: 3305.33 | RSI: 44.63
2025-11-05 07:08:25,815 - INFO -    Preço > MA21? ❌ NÃO
2025-11-05 07:08:25,815 - INFO -    RSI < 70.0? ✅ SIM
2025-11-05 07:08:25,815 - INFO -    Sem posições? ❌ NÃO
2025-11-05 07:08:56,108 - INFO - 💹 ETHUSDT: 3298.95000000 USDT
2025-11-05 07:08:56,110 - INFO - 📊 Análise Est.4:
2025-11-05 07:08:56,110 - INFO -    Preço: 3298.95 | MA21: 3305.10 | RSI: 37.13
2025-11-05 07:08:56,110 - INFO -    Preço > MA21? ❌ NÃO
2025-11-05 07:08:56,112 - INFO -    RSI < 70.0? ✅ SIM
2025-11-05 07:08:56,112 - INFO -    Sem posições? ❌ NÃO
2025-11-05 07:09:26,385 - INFO - 💹 ETHUSDT: 3295.16000000 USDT
2025-11-05 07:09:26,385 - INFO - 📊 Análise Est.4:
2025-11-05 07:09:26,385 - INFO -    Preço: 3295.16 | MA21: 3304.75 | RSI: 26.40
2025-11-05 07:09:26,385 - INFO -    Preço > MA21? ❌ NÃO
2025-11-05 07:09:26,385 - INFO -    RSI < 70.0? ✅ SIM
2025-11-05 07:09:26,385 - INFO -    Sem posições? ❌ NÃO
2025-11-05 07:09:56,654 - INFO - 💹 ETHUSDT: 3296.77000000 USDT
2025-11-05 07:09:56,654 - INFO - 📊 Análise Est.4:
2025-11-05 07:09:56,654 - INFO -    Preço: 3296.77 | MA21: 3304.82 | RSI: 27.76
2025-11-05 07:09:56,654 - INFO -    Preço > MA21? ❌ NÃO
2025-11-05 07:09:56,654 - INFO -    RSI < 70.0? ✅ SIM
2025-11-05 07:09:56,654 - INFO -    Sem posições? ❌ NÃO
2025-11-05 07:10:26,945 - INFO - 💹 ETHUSDT: 3296.63000000 USDT
2025-11-05 07:10:26,945 - INFO - 📊 Análise Est.4:
2025-11-05 07:10:26,945 - INFO -    Preço: 3296.63 | MA21: 3303.26 | RSI: 41.14
2025-11-05 07:10:26,945 - INFO -    Preço > MA21? ❌ NÃO
2025-11-05 07:10:26,945 - INFO -    RSI < 70.0? ✅ SIM
2025-11-05 07:10:26,945 - INFO -    Sem posições? ❌ NÃO
2025-11-05 07:10:57,224 - INFO - 💹 ETHUSDT: 3296.08000000 USDT
2025-11-05 07:10:57,224 - INFO - 📊 Análise Est.4:
2025-11-05 07:10:57,224 - INFO -    Preço: 3296.08 | MA21: 3303.24 | RSI: 40.66
2025-11-05 07:10:57,224 - INFO -    Preço > MA21? ❌ NÃO
2025-11-05 07:10:57,224 - INFO -    RSI < 70.0? ✅ SIM
2025-11-05 07:10:57,224 - INFO -    Sem posições? ❌ NÃO
2025-11-05 07:11:27,489 - INFO - 💹 ETHUSDT: 3291.01000000 USDT
2025-11-05 07:11:27,489 - INFO - 📊 Análise Est.4:
2025-11-05 07:11:27,489 - INFO -    Preço: 3291.01 | MA21: 3302.23 | RSI: 38.09
2025-11-05 07:11:27,489 - INFO -    Preço > MA21? ❌ NÃO
2025-11-05 07:11:27,489 - INFO -    RSI < 70.0? ✅ SIM
2025-11-05 07:11:27,489 - INFO -    Sem posições? ❌ NÃO
2025-11-05 07:11:57,765 - INFO - 💹 ETHUSDT: 3291.51000000 USDT
2025-11-05 07:11:57,765 - INFO - 📊 Análise Est.4:
2025-11-05 07:11:57,765 - INFO -    Preço: 3291.51 | MA21: 3302.25 | RSI: 38.38
2025-11-05 07:11:57,765 - INFO -    Preço > MA21? ❌ NÃO
2025-11-05 07:11:57,765 - INFO -    RSI < 70.0? ✅ SIM
2025-11-05 07:11:57,765 - INFO -    Sem posições? ❌ NÃO
2025-11-05 07:12:28,053 - INFO - 💹 ETHUSDT: 3291.80000000 USDT
2025-11-05 07:12:28,053 - INFO - 📊 Análise Est.4:
2025-11-05 07:12:28,053 - INFO -    Preço: 3291.80 | MA21: 3301.45 | RSI: 37.72
2025-11-05 07:12:28,053 - INFO -    Preço > MA21? ❌ NÃO
2025-11-05 07:12:28,053 - INFO -    RSI < 70.0? ✅ SIM
2025-11-05 07:12:28,053 - INFO -    Sem posições? ❌ NÃO
2025-11-05 07:12:58,312 - INFO - 💹 ETHUSDT: 3294.42000000 USDT
2025-11-05 07:12:58,312 - INFO - 📊 Análise Est.4:
2025-11-05 07:12:58,312 - INFO -    Preço: 3294.42 | MA21: 3301.57 | RSI: 40.11
2025-11-05 07:12:58,312 - INFO -    Preço > MA21? ❌ NÃO
2025-11-05 07:12:58,312 - INFO -    RSI < 70.0? ✅ SIM
2025-11-05 07:12:58,312 - INFO -    Sem posições? ❌ NÃO
2025-11-05 07:13:28,602 - INFO - 💹 ETHUSDT: 3292.77000000 USDT
2025-11-05 07:13:28,602 - INFO - 📊 Análise Est.4:
2025-11-05 07:13:28,602 - INFO -    Preço: 3292.77 | MA21: 3300.53 | RSI: 39.08
2025-11-05 07:13:28,602 - INFO -    Preço > MA21? ❌ NÃO
2025-11-05 07:13:28,602 - INFO -    RSI < 70.0? ✅ SIM
2025-11-05 07:13:28,602 - INFO -    Sem posições? ❌ NÃO
2025-11-05 07:13:58,879 - INFO - 💹 ETHUSDT: 3291.60000000 USDT
2025-11-05 07:13:58,879 - INFO - 📊 Análise Est.4:
2025-11-05 07:13:58,879 - INFO -    Preço: 3291.60 | MA21: 3300.47 | RSI: 38.40
2025-11-05 07:13:58,879 - INFO -    Preço > MA21? ❌ NÃO
2025-11-05 07:13:58,879 - INFO -    RSI < 70.0? ✅ SIM
2025-11-05 07:13:58,879 - INFO -    Sem posições? ❌ NÃO
2025-11-05 07:14:29,159 - INFO - 💹 ETHUSDT: 3289.08000000 USDT
2025-11-05 07:14:29,159 - INFO - 📊 Análise Est.4:
2025-11-05 07:14:29,159 - INFO -    Preço: 3289.08 | MA21: 3299.60 | RSI: 37.30
2025-11-05 07:14:29,159 - INFO -    Preço > MA21? ❌ NÃO
2025-11-05 07:14:29,159 - INFO -    RSI < 70.0? ✅ SIM
2025-11-05 07:14:29,159 - INFO -    Sem posições? ❌ NÃO
2025-11-05 07:14:59,478 - INFO - 💹 ETHUSDT: 3294.43000000 USDT
2025-11-05 07:14:59,478 - INFO - 📊 Análise Est.4:
2025-11-05 07:14:59,480 - INFO -    Preço: 3294.43 | MA21: 3299.85 | RSI: 41.39
2025-11-05 07:14:59,480 - INFO -    Preço > MA21? ❌ NÃO
2025-11-05 07:14:59,480 - INFO -    RSI < 70.0? ✅ SIM
2025-11-05 07:14:59,480 - INFO -    Sem posições? ❌ NÃO
2025-11-05 07:15:29,753 - INFO - 💹 ETHUSDT: 3292.33000000 USDT
2025-11-05 07:15:29,753 - INFO - 📊 Análise Est.4:
2025-11-05 07:15:29,753 - INFO -    Preço: 3292.33 | MA21: 3299.07 | RSI: 44.84
2025-11-05 07:15:29,753 - INFO -    Preço > MA21? ❌ NÃO
2025-11-05 07:15:29,753 - INFO -    RSI < 70.0? ✅ SIM
2025-11-05 07:15:29,753 - INFO -    Sem posições? ❌ NÃO
2025-11-05 07:16:00,041 - INFO - 💹 ETHUSDT: 3292.23000000 USDT
2025-11-05 07:16:00,041 - INFO - 📊 Análise Est.4:
2025-11-05 07:16:00,041 - INFO -    Preço: 3292.23 | MA21: 3299.07 | RSI: 44.77
2025-11-05 07:16:00,041 - INFO -    Preço > MA21? ❌ NÃO
2025-11-05 07:16:00,041 - INFO -    RSI < 70.0? ✅ SIM
2025-11-05 07:16:00,041 - INFO -    Sem posições? ❌ NÃO
2025-11-05 07:16:30,322 - INFO - 💹 ETHUSDT: 3288.49000000 USDT
2025-11-05 07:16:30,322 - INFO - 📊 Análise Est.4:
2025-11-05 07:16:30,322 - INFO -    Preço: 3288.49 | MA21: 3297.88 | RSI: 38.21
2025-11-05 07:16:30,322 - INFO -    Preço > MA21? ❌ NÃO
2025-11-05 07:16:30,322 - INFO -    RSI < 70.0? ✅ SIM
2025-11-05 07:16:30,322 - INFO -    Sem posições? ❌ NÃO
2025-11-05 07:17:00,597 - INFO - 💹 ETHUSDT: 3290.08000000 USDT
2025-11-05 07:17:00,597 - INFO - 📊 Análise Est.4:
2025-11-05 07:17:00,597 - INFO -    Preço: 3290.08 | MA21: 3297.96 | RSI: 39.43
2025-11-05 07:17:00,597 - INFO -    Preço > MA21? ❌ NÃO
2025-11-05 07:17:00,597 - INFO -    RSI < 70.0? ✅ SIM
2025-11-05 07:17:00,597 - INFO -    Sem posições? ❌ NÃO
2025-11-05 07:17:30,870 - INFO - 💹 ETHUSDT: 3293.03000000 USDT
2025-11-05 07:17:30,870 - INFO - 📊 Análise Est.4:
2025-11-05 07:17:30,870 - INFO -    Preço: 3293.03 | MA21: 3297.26 | RSI: 44.21
2025-11-05 07:17:30,870 - INFO -    Preço > MA21? ❌ NÃO
2025-11-05 07:17:30,870 - INFO -    RSI < 70.0? ✅ SIM
2025-11-05 07:17:30,870 - INFO -    Sem posições? ❌ NÃO
2025-11-05 07:18:01,150 - INFO - 💹 ETHUSDT: 3293.75000000 USDT
2025-11-05 07:18:01,150 - INFO - 📊 Análise Est.4:
2025-11-05 07:18:01,150 - INFO -    Preço: 3293.75 | MA21: 3297.29 | RSI: 44.85
2025-11-05 07:18:01,150 - INFO -    Preço > MA21? ❌ NÃO
2025-11-05 07:18:01,150 - INFO -    RSI < 70.0? ✅ SIM
2025-11-05 07:18:01,150 - INFO -    Sem posições? ❌ NÃO
2025-11-05 07:18:31,433 - INFO - 💹 ETHUSDT: 3293.14000000 USDT
2025-11-05 07:18:31,433 - INFO - 📊 Análise Est.4:
2025-11-05 07:18:31,433 - INFO -    Preço: 3293.14 | MA21: 3296.64 | RSI: 43.88
2025-11-05 07:18:31,433 - INFO -    Preço > MA21? ❌ NÃO
2025-11-05 07:18:31,433 - INFO -    RSI < 70.0? ✅ SIM
2025-11-05 07:18:31,433 - INFO -    Sem posições? ❌ NÃO
2025-11-05 07:19:01,727 - INFO - 💹 ETHUSDT: 3292.05000000 USDT
2025-11-05 07:19:01,735 - INFO - 📊 Análise Est.4:
2025-11-05 07:19:01,735 - INFO -    Preço: 3292.05 | MA21: 3296.58 | RSI: 43.13
2025-11-05 07:19:01,735 - INFO -    Preço > MA21? ❌ NÃO
2025-11-05 07:19:01,735 - INFO -    RSI < 70.0? ✅ SIM
2025-11-05 07:19:01,735 - INFO -    Sem posições? ❌ NÃO
2025-11-05 07:19:32,013 - INFO - 💹 ETHUSDT: 3293.25000000 USDT
2025-11-05 07:19:32,013 - INFO - 📊 Análise Est.4:
2025-11-05 07:19:32,015 - INFO -    Preço: 3293.25 | MA21: 3295.78 | RSI: 45.13
2025-11-05 07:19:32,015 - INFO -    Preço > MA21? ❌ NÃO
2025-11-05 07:19:32,015 - INFO -    RSI < 70.0? ✅ SIM
2025-11-05 07:19:32,015 - INFO -    Sem posições? ❌ NÃO
2025-11-05 07:20:02,281 - INFO - 💹 ETHUSDT: 3292.19000000 USDT
2025-11-05 07:20:02,281 - INFO - 📊 Análise Est.4:
2025-11-05 07:20:02,281 - INFO -    Preço: 3292.19 | MA21: 3295.73 | RSI: 44.26
2025-11-05 07:20:02,281 - INFO -    Preço > MA21? ❌ NÃO
2025-11-05 07:20:02,281 - INFO -    RSI < 70.0? ✅ SIM
2025-11-05 07:20:02,281 - INFO -    Sem posições? ❌ NÃO
2025-11-05 07:20:32,560 - INFO - 💹 ETHUSDT: 3291.47000000 USDT
2025-11-05 07:20:32,560 - INFO - 📊 Análise Est.4:
2025-11-05 07:20:32,560 - INFO -    Preço: 3291.47 | MA21: 3294.92 | RSI: 44.80
2025-11-05 07:20:32,560 - INFO -    Preço > MA21? ❌ NÃO
2025-11-05 07:20:32,560 - INFO -    RSI < 70.0? ✅ SIM
2025-11-05 07:20:32,560 - INFO -    Sem posições? ❌ NÃO
2025-11-05 07:21:02,843 - INFO - 💹 ETHUSDT: 3289.59000000 USDT
2025-11-05 07:21:02,843 - INFO - 📊 Análise Est.4:
2025-11-05 07:21:02,843 - INFO -    Preço: 3289.59 | MA21: 3294.83 | RSI: 43.40
2025-11-05 07:21:02,843 - INFO -    Preço > MA21? ❌ NÃO
2025-11-05 07:21:02,843 - INFO -    RSI < 70.0? ✅ SIM
2025-11-05 07:21:02,843 - INFO -    Sem posições? ❌ NÃO
2025-11-05 07:21:33,125 - INFO - 💹 ETHUSDT: 3288.75000000 USDT
2025-11-05 07:21:33,125 - INFO - 📊 Análise Est.4:
2025-11-05 07:21:33,125 - INFO -    Preço: 3288.75 | MA21: 3293.98 | RSI: 40.29
2025-11-05 07:21:33,125 - INFO -    Preço > MA21? ❌ NÃO
2025-11-05 07:21:33,125 - INFO -    RSI < 70.0? ✅ SIM
2025-11-05 07:21:33,125 - INFO -    Sem posições? ❌ NÃO
2025-11-05 07:22:03,394 - INFO - 💹 ETHUSDT: 3292.00000000 USDT
2025-11-05 07:22:03,394 - INFO - 📊 Análise Est.4:
2025-11-05 07:22:03,394 - INFO -    Preço: 3292.00 | MA21: 3294.13 | RSI: 43.05
2025-11-05 07:22:03,394 - INFO -    Preço > MA21? ❌ NÃO
2025-11-05 07:22:03,394 - INFO -    RSI < 70.0? ✅ SIM
2025-11-05 07:22:03,394 - INFO -    Sem posições? ❌ NÃO
2025-11-05 07:22:33,662 - INFO - 💹 ETHUSDT: 3290.22000000 USDT
2025-11-05 07:22:33,662 - INFO - 📊 Análise Est.4:
2025-11-05 07:22:33,662 - INFO -    Preço: 3290.22 | MA21: 3293.74 | RSI: 43.60
2025-11-05 07:22:33,662 - INFO -    Preço > MA21? ❌ NÃO
2025-11-05 07:22:33,662 - INFO -    RSI < 70.0? ✅ SIM
2025-11-05 07:22:33,662 - INFO -    Sem posições? ❌ NÃO
2025-11-05 07:23:03,948 - INFO - 💹 ETHUSDT: 3288.80000000 USDT
2025-11-05 07:23:03,948 - INFO - 📊 Análise Est.4:
2025-11-05 07:23:03,948 - INFO -    Preço: 3288.80 | MA21: 3293.68 | RSI: 42.66
2025-11-05 07:23:03,948 - INFO -    Preço > MA21? ❌ NÃO
2025-11-05 07:23:03,948 - INFO -    RSI < 70.0? ✅ SIM
2025-11-05 07:23:03,948 - INFO -    Sem posições? ❌ NÃO
2025-11-05 07:23:34,227 - INFO - 💹 ETHUSDT: 3290.21000000 USDT
2025-11-05 07:23:34,227 - INFO - 📊 Análise Est.4:
2025-11-05 07:23:34,227 - INFO -    Preço: 3290.21 | MA21: 3293.11 | RSI: 64.51
2025-11-05 07:23:34,227 - INFO -    Preço > MA21? ❌ NÃO
2025-11-05 07:23:34,227 - INFO -    RSI < 70.0? ✅ SIM
2025-11-05 07:23:34,227 - INFO -    Sem posições? ❌ NÃO
2025-11-05 07:24:04,503 - INFO - 💹 ETHUSDT: 3294.14000000 USDT
2025-11-05 07:24:04,503 - INFO - 📊 Análise Est.4:
2025-11-05 07:24:04,503 - INFO -    Preço: 3294.14 | MA21: 3293.29 | RSI: 67.39
2025-11-05 07:24:04,503 - INFO -    Preço > MA21? ✅ SIM
2025-11-05 07:24:04,503 - INFO -    RSI < 70.0? ✅ SIM
2025-11-05 07:24:04,503 - INFO -    Sem posições? ❌ NÃO
2025-11-05 07:24:34,787 - INFO - 💹 ETHUSDT: 3294.09000000 USDT
2025-11-05 07:24:34,788 - INFO - 📊 Análise Est.4:
2025-11-05 07:24:34,788 - INFO -    Preço: 3294.09 | MA21: 3293.01 | RSI: 49.95
2025-11-05 07:24:34,789 - INFO -    Preço > MA21? ✅ SIM
2025-11-05 07:24:34,789 - INFO -    RSI < 70.0? ✅ SIM
2025-11-05 07:24:34,789 - INFO -    Sem posições? ❌ NÃO
2025-11-05 07:25:05,057 - INFO - 💹 ETHUSDT: 3298.01000000 USDT
2025-11-05 07:25:05,057 - INFO - 📊 Análise Est.4:
2025-11-05 07:25:05,057 - INFO -    Preço: 3298.01 | MA21: 3293.20 | RSI: 55.49
2025-11-05 07:25:05,057 - INFO -    Preço > MA21? ✅ SIM
2025-11-05 07:25:05,057 - INFO -    RSI < 70.0? ✅ SIM
2025-11-05 07:25:05,057 - INFO -    Sem posições? ❌ NÃO
2025-11-05 07:25:35,346 - INFO - 💹 ETHUSDT: 3296.16000000 USDT
2025-11-05 07:25:35,346 - INFO - 📊 Análise Est.4:
2025-11-05 07:25:35,346 - INFO -    Preço: 3296.16 | MA21: 3292.95 | RSI: 56.81
2025-11-05 07:25:35,346 - INFO -    Preço > MA21? ✅ SIM
2025-11-05 07:25:35,346 - INFO -    RSI < 70.0? ✅ SIM
2025-11-05 07:25:35,346 - INFO -    Sem posições? ❌ NÃO
2025-11-05 07:26:05,615 - INFO - 💹 ETHUSDT: 3298.20000000 USDT
2025-11-05 07:26:05,615 - INFO - 📊 Análise Est.4:
2025-11-05 07:26:05,615 - INFO -    Preço: 3298.20 | MA21: 3293.05 | RSI: 60.02
2025-11-05 07:26:05,615 - INFO -    Preço > MA21? ✅ SIM
2025-11-05 07:26:05,615 - INFO -    RSI < 70.0? ✅ SIM
2025-11-05 07:26:05,615 - INFO -    Sem posições? ❌ NÃO
2025-11-05 07:26:35,892 - INFO - 💹 ETHUSDT: 3294.85000000 USDT
2025-11-05 07:26:35,894 - INFO - 📊 Análise Est.4:
2025-11-05 07:26:35,894 - INFO -    Preço: 3294.85 | MA21: 3292.81 | RSI: 52.94
2025-11-05 07:26:35,894 - INFO -    Preço > MA21? ✅ SIM
2025-11-05 07:26:35,894 - INFO -    RSI < 70.0? ✅ SIM
2025-11-05 07:26:35,894 - INFO -    Sem posições? ❌ NÃO
2025-11-05 07:27:06,176 - INFO - 💹 ETHUSDT: 3293.27000000 USDT
2025-11-05 07:27:06,176 - INFO - 📊 Análise Est.4:
2025-11-05 07:27:06,176 - INFO -    Preço: 3293.27 | MA21: 3292.74 | RSI: 50.67
2025-11-05 07:27:06,176 - INFO -    Preço > MA21? ✅ SIM
2025-11-05 07:27:06,176 - INFO -    RSI < 70.0? ✅ SIM
2025-11-05 07:27:06,176 - INFO -    Sem posições? ❌ NÃO
2025-11-05 07:27:36,459 - INFO - 💹 ETHUSDT: 3293.98000000 USDT
2025-11-05 07:27:36,459 - INFO - 📊 Análise Est.4:
2025-11-05 07:27:36,461 - INFO -    Preço: 3293.98 | MA21: 3292.56 | RSI: 54.47
2025-11-05 07:27:36,461 - INFO -    Preço > MA21? ✅ SIM
2025-11-05 07:27:36,461 - INFO -    RSI < 70.0? ✅ SIM
2025-11-05 07:27:36,461 - INFO -    Sem posições? ❌ NÃO
2025-11-05 07:28:06,737 - INFO - 💹 ETHUSDT: 3296.49000000 USDT
2025-11-05 07:28:06,737 - INFO - 📊 Análise Est.4:
2025-11-05 07:28:06,737 - INFO -    Preço: 3296.49 | MA21: 3292.68 | RSI: 57.54
2025-11-05 07:28:06,737 - INFO -    Preço > MA21? ✅ SIM
2025-11-05 07:28:06,737 - INFO -    RSI < 70.0? ✅ SIM
2025-11-05 07:28:06,737 - INFO -    Sem posições? ❌ NÃO
2025-11-05 07:28:36,998 - INFO - 💹 ETHUSDT: 3294.30000000 USDT
2025-11-05 07:28:36,998 - INFO - 📊 Análise Est.4:
2025-11-05 07:28:36,998 - INFO -    Preço: 3294.30 | MA21: 3292.36 | RSI: 51.60
2025-11-05 07:28:37,014 - INFO -    Preço > MA21? ✅ SIM
2025-11-05 07:28:37,014 - INFO -    RSI < 70.0? ✅ SIM
2025-11-05 07:28:37,014 - INFO -    Sem posições? ❌ NÃO
2025-11-05 07:29:07,294 - INFO - 💹 ETHUSDT: 3294.73000000 USDT
2025-11-05 07:29:07,294 - INFO - 📊 Análise Est.4:
2025-11-05 07:29:07,294 - INFO -    Preço: 3294.73 | MA21: 3292.38 | RSI: 52.20
2025-11-05 07:29:07,294 - INFO -    Preço > MA21? ✅ SIM
2025-11-05 07:29:07,294 - INFO -    RSI < 70.0? ✅ SIM
2025-11-05 07:29:07,294 - INFO -    Sem posições? ❌ NÃO
2025-11-05 07:29:38,087 - INFO - 💹 ETHUSDT: 3296.47000000 USDT
2025-11-05 07:29:38,087 - INFO - 📊 Análise Est.4:
2025-11-05 07:29:38,088 - INFO -    Preço: 3296.47 | MA21: 3292.28 | RSI: 60.01
2025-11-05 07:29:38,088 - INFO -    Preço > MA21? ✅ SIM
2025-11-05 07:29:38,088 - INFO -    RSI < 70.0? ✅ SIM
2025-11-05 07:29:38,088 - INFO -    Sem posições? ❌ NÃO
2025-11-05 07:30:08,364 - INFO - 💹 ETHUSDT: 3295.99000000 USDT
2025-11-05 07:30:08,364 - INFO - 📊 Análise Est.4:
2025-11-05 07:30:08,364 - INFO -    Preço: 3295.99 | MA21: 3292.26 | RSI: 59.45
2025-11-05 07:30:08,364 - INFO -    Preço > MA21? ✅ SIM
2025-11-05 07:30:08,364 - INFO -    RSI < 70.0? ✅ SIM
2025-11-05 07:30:08,364 - INFO -    Sem posições? ❌ NÃO
2025-11-05 07:30:38,635 - INFO - 💹 ETHUSDT: 3295.50000000 USDT
2025-11-05 07:30:38,635 - INFO - 📊 Análise Est.4:
2025-11-05 07:30:38,635 - INFO -    Preço: 3295.50 | MA21: 3293.15 | RSI: 56.36
2025-11-05 07:30:38,635 - INFO -    Preço > MA21? ✅ SIM
2025-11-05 07:30:38,635 - INFO -    RSI < 70.0? ✅ SIM
2025-11-05 07:30:38,635 - INFO -    Sem posições? ❌ NÃO
2025-11-05 07:31:08,907 - INFO - 💹 ETHUSDT: 3296.39000000 USDT
2025-11-05 07:31:08,907 - INFO - 📊 Análise Est.4:
2025-11-05 07:31:08,907 - INFO -    Preço: 3296.39 | MA21: 3293.19 | RSI: 57.87
2025-11-05 07:31:08,907 - INFO -    Preço > MA21? ✅ SIM
2025-11-05 07:31:08,907 - INFO -    RSI < 70.0? ✅ SIM
2025-11-05 07:31:08,907 - INFO -    Sem posições? ❌ NÃO
2025-11-05 07:31:39,203 - INFO - 💹 ETHUSDT: 3300.49000000 USDT
2025-11-05 07:31:39,204 - INFO - 📊 Análise Est.4:
2025-11-05 07:31:39,204 - INFO -    Preço: 3300.49 | MA21: 3293.49 | RSI: 59.72
2025-11-05 07:31:39,204 - INFO -    Preço > MA21? ✅ SIM
2025-11-05 07:31:39,204 - INFO -    RSI < 70.0? ✅ SIM
2025-11-05 07:31:39,204 - INFO -    Sem posições? ❌ NÃO
2025-11-05 07:32:09,472 - INFO - 💹 ETHUSDT: 3298.63000000 USDT
2025-11-05 07:32:09,472 - INFO - 📊 Análise Est.4:
2025-11-05 07:32:09,472 - INFO -    Preço: 3298.63 | MA21: 3293.40 | RSI: 57.44
2025-11-05 07:32:09,472 - INFO -    Preço > MA21? ✅ SIM
2025-11-05 07:32:09,472 - INFO -    RSI < 70.0? ✅ SIM
2025-11-05 07:32:09,472 - INFO -    Sem posições? ❌ NÃO
2025-11-05 07:32:39,748 - INFO - 💹 ETHUSDT: 3297.95000000 USDT
2025-11-05 07:32:39,748 - INFO - 📊 Análise Est.4:
2025-11-05 07:32:39,748 - INFO -    Preço: 3297.95 | MA21: 3293.71 | RSI: 63.54
2025-11-05 07:32:39,748 - INFO -    Preço > MA21? ✅ SIM
2025-11-05 07:32:39,748 - INFO -    RSI < 70.0? ✅ SIM
2025-11-05 07:32:39,748 - INFO -    Sem posições? ❌ NÃO
2025-11-05 07:33:10,027 - INFO - 💹 ETHUSDT: 3297.65000000 USDT
2025-11-05 07:33:10,027 - INFO - 📊 Análise Est.4:
2025-11-05 07:33:10,027 - INFO -    Preço: 3297.65 | MA21: 3293.69 | RSI: 62.90
2025-11-05 07:33:10,027 - INFO -    Preço > MA21? ✅ SIM
2025-11-05 07:33:10,027 - INFO -    RSI < 70.0? ✅ SIM
2025-11-05 07:33:10,027 - INFO -    Sem posições? ❌ NÃO
2025-11-05 07:33:40,311 - INFO - 💹 ETHUSDT: 3297.17000000 USDT
2025-11-05 07:33:40,311 - INFO - 📊 Análise Est.4:
2025-11-05 07:33:40,311 - INFO -    Preço: 3297.17 | MA21: 3293.90 | RSI: 60.75
2025-11-05 07:33:40,311 - INFO -    Preço > MA21? ✅ SIM
2025-11-05 07:33:40,311 - INFO -    RSI < 70.0? ✅ SIM
2025-11-05 07:33:40,311 - INFO -    Sem posições? ❌ NÃO
2025-11-05 07:34:11,112 - INFO - 💹 ETHUSDT: 3297.32000000 USDT
2025-11-05 07:34:11,112 - INFO - 📊 Análise Est.4:
2025-11-05 07:34:11,112 - INFO -    Preço: 3297.32 | MA21: 3293.91 | RSI: 61.06
2025-11-05 07:34:11,112 - INFO -    Preço > MA21? ✅ SIM
2025-11-05 07:34:11,112 - INFO -    RSI < 70.0? ✅ SIM
2025-11-05 07:34:11,112 - INFO -    Sem posições? ❌ NÃO
2025-11-05 07:34:41,387 - INFO - 💹 ETHUSDT: 3300.44000000 USDT
2025-11-05 07:34:41,387 - INFO - 📊 Análise Est.4:
2025-11-05 07:34:41,387 - INFO -    Preço: 3300.44 | MA21: 3294.36 | RSI: 67.37
2025-11-05 07:34:41,387 - INFO -    Preço > MA21? ✅ SIM
2025-11-05 07:34:41,387 - INFO -    RSI < 70.0? ✅ SIM
2025-11-05 07:34:41,387 - INFO -    Sem posições? ❌ NÃO
2025-11-05 07:35:11,675 - INFO - 💹 ETHUSDT: 3297.08000000 USDT
2025-11-05 07:35:11,675 - INFO - 📊 Análise Est.4:
2025-11-05 07:35:11,675 - INFO -    Preço: 3297.08 | MA21: 3294.39 | RSI: 59.22
2025-11-05 07:35:11,675 - INFO -    Preço > MA21? ✅ SIM
2025-11-05 07:35:11,675 - INFO -    RSI < 70.0? ✅ SIM
2025-11-05 07:35:11,675 - INFO -    Sem posições? ❌ NÃO
2025-11-05 07:35:42,468 - INFO - 💹 ETHUSDT: 3297.87000000 USDT
2025-11-05 07:35:42,468 - INFO - 📊 Análise Est.4:
2025-11-05 07:35:42,468 - INFO -    Preço: 3297.87 | MA21: 3294.43 | RSI: 60.44
2025-11-05 07:35:42,468 - INFO -    Preço > MA21? ✅ SIM
2025-11-05 07:35:42,468 - INFO -    RSI < 70.0? ✅ SIM
2025-11-05 07:35:42,468 - INFO -    Sem posições? ❌ NÃO
2025-11-05 07:36:12,753 - INFO - 💹 ETHUSDT: 3297.32000000 USDT
2025-11-05 07:36:12,753 - INFO - 📊 Análise Est.4:
2025-11-05 07:36:12,753 - INFO -    Preço: 3297.32 | MA21: 3294.78 | RSI: 66.38
2025-11-05 07:36:12,753 - INFO -    Preço > MA21? ✅ SIM
2025-11-05 07:36:12,753 - INFO -    RSI < 70.0? ✅ SIM
2025-11-05 07:36:12,754 - INFO -    Sem posições? ❌ NÃO
2025-11-05 07:36:43,022 - INFO - 💹 ETHUSDT: 3297.67000000 USDT
2025-11-05 07:36:43,022 - INFO - 📊 Análise Est.4:
2025-11-05 07:36:43,022 - INFO -    Preço: 3297.67 | MA21: 3294.79 | RSI: 66.88
2025-11-05 07:36:43,022 - INFO -    Preço > MA21? ✅ SIM
2025-11-05 07:36:43,022 - INFO -    RSI < 70.0? ✅ SIM
2025-11-05 07:36:43,022 - INFO -    Sem posições? ❌ NÃO
2025-11-05 07:37:13,308 - INFO - 💹 ETHUSDT: 3296.07000000 USDT
2025-11-05 07:37:13,308 - INFO - 📊 Análise Est.4:
2025-11-05 07:37:13,308 - INFO -    Preço: 3296.07 | MA21: 3294.95 | RSI: 54.55
2025-11-05 07:37:13,308 - INFO -    Preço > MA21? ✅ SIM
2025-11-05 07:37:13,308 - INFO -    RSI < 70.0? ✅ SIM
2025-11-05 07:37:13,308 - INFO -    Sem posições? ❌ NÃO
2025-11-05 07:37:43,577 - INFO - 💹 ETHUSDT: 3298.36000000 USDT
2025-11-05 07:37:43,577 - INFO - 📊 Análise Est.4:
2025-11-05 07:37:43,577 - INFO -    Preço: 3298.36 | MA21: 3295.06 | RSI: 59.23
2025-11-05 07:37:43,577 - INFO -    Preço > MA21? ✅ SIM
2025-11-05 07:37:43,577 - INFO -    RSI < 70.0? ✅ SIM
2025-11-05 07:37:43,577 - INFO -    Sem posições? ❌ NÃO
2025-11-05 07:38:13,845 - INFO - 💹 ETHUSDT: 3301.46000000 USDT
2025-11-05 07:38:13,845 - INFO - 📊 Análise Est.4:
2025-11-05 07:38:13,845 - INFO -    Preço: 3301.46 | MA21: 3295.47 | RSI: 59.01
2025-11-05 07:38:13,845 - INFO -    Preço > MA21? ✅ SIM
2025-11-05 07:38:13,845 - INFO -    RSI < 70.0? ✅ SIM
2025-11-05 07:38:13,861 - INFO -    Sem posições? ❌ NÃO
2025-11-05 07:38:44,133 - INFO - 💹 ETHUSDT: 3299.62000000 USDT
2025-11-05 07:38:44,133 - INFO - 📊 Análise Est.4:
2025-11-05 07:38:44,133 - INFO -    Preço: 3299.62 | MA21: 3295.38 | RSI: 55.29
2025-11-05 07:38:44,133 - INFO -    Preço > MA21? ✅ SIM
2025-11-05 07:38:44,133 - INFO -    RSI < 70.0? ✅ SIM
2025-11-05 07:38:44,133 - INFO -    Sem posições? ❌ NÃO
2025-11-05 07:39:14,413 - INFO - 💹 ETHUSDT: 3291.57000000 USDT
2025-11-05 07:39:14,413 - INFO - 📊 Análise Est.4:
2025-11-05 07:39:14,413 - INFO -    Preço: 3291.57 | MA21: 3295.08 | RSI: 37.64
2025-11-05 07:39:14,415 - INFO -    Preço > MA21? ❌ NÃO
2025-11-05 07:39:14,415 - INFO -    RSI < 70.0? ✅ SIM
2025-11-05 07:39:14,415 - INFO -    Sem posições? ❌ NÃO
2025-11-05 07:39:44,681 - INFO - 💹 ETHUSDT: 3289.01000000 USDT
2025-11-05 07:39:44,681 - INFO - 📊 Análise Est.4:
2025-11-05 07:39:44,681 - INFO -    Preço: 3289.01 | MA21: 3294.96 | RSI: 34.35
2025-11-05 07:39:44,681 - INFO -    Preço > MA21? ❌ NÃO
2025-11-05 07:39:44,681 - INFO -    RSI < 70.0? ✅ SIM
2025-11-05 07:39:44,681 - INFO -    Sem posições? ❌ NÃO
2025-11-05 07:40:14,965 - INFO - 💹 ETHUSDT: 3290.74000000 USDT
2025-11-05 07:40:14,965 - INFO - 📊 Análise Est.4:
2025-11-05 07:40:14,965 - INFO -    Preço: 3290.74 | MA21: 3295.03 | RSI: 43.55
2025-11-05 07:40:14,965 - INFO -    Preço > MA21? ❌ NÃO
2025-11-05 07:40:14,965 - INFO -    RSI < 70.0? ✅ SIM
2025-11-05 07:40:14,965 - INFO -    Sem posições? ❌ NÃO
2025-11-05 07:40:45,264 - INFO - 💹 ETHUSDT: 3293.08000000 USDT
2025-11-05 07:40:45,264 - INFO - 📊 Análise Est.4:
2025-11-05 07:40:45,264 - INFO -    Preço: 3293.08 | MA21: 3295.15 | RSI: 48.73
2025-11-05 07:40:45,264 - INFO -    Preço > MA21? ❌ NÃO
2025-11-05 07:40:45,264 - INFO -    RSI < 70.0? ✅ SIM
2025-11-05 07:40:45,264 - INFO -    Sem posições? ❌ NÃO
2025-11-05 07:41:15,537 - INFO - 💹 ETHUSDT: 3292.76000000 USDT
2025-11-05 07:41:15,537 - INFO - 📊 Análise Est.4:
2025-11-05 07:41:15,537 - INFO -    Preço: 3292.76 | MA21: 3295.28 | RSI: 41.69
2025-11-05 07:41:15,537 - INFO -    Preço > MA21? ❌ NÃO
2025-11-05 07:41:15,537 - INFO -    RSI < 70.0? ✅ SIM
2025-11-05 07:41:15,537 - INFO -    Sem posições? ❌ NÃO
2025-11-05 07:41:45,822 - INFO - 💹 ETHUSDT: 3292.95000000 USDT
2025-11-05 07:41:45,822 - INFO - 📊 Análise Est.4:
2025-11-05 07:41:45,822 - INFO -    Preço: 3292.95 | MA21: 3295.29 | RSI: 42.18
2025-11-05 07:41:45,822 - INFO -    Preço > MA21? ❌ NÃO
2025-11-05 07:41:45,822 - INFO -    RSI < 70.0? ✅ SIM
2025-11-05 07:41:45,822 - INFO -    Sem posições? ❌ NÃO
2025-11-05 07:42:16,099 - INFO - 💹 ETHUSDT: 3293.76000000 USDT
2025-11-05 07:42:16,099 - INFO - 📊 Análise Est.4:
2025-11-05 07:42:16,099 - INFO -    Preço: 3293.76 | MA21: 3295.40 | RSI: 47.76
2025-11-05 07:42:16,099 - INFO -    Preço > MA21? ❌ NÃO
2025-11-05 07:42:16,099 - INFO -    RSI < 70.0? ✅ SIM
2025-11-05 07:42:16,099 - INFO -    Sem posições? ❌ NÃO
2025-11-05 07:42:46,373 - INFO - 💹 ETHUSDT: 3293.46000000 USDT
2025-11-05 07:42:46,373 - INFO - 📊 Análise Est.4:
2025-11-05 07:42:46,373 - INFO -    Preço: 3293.46 | MA21: 3295.38 | RSI: 47.11
2025-11-05 07:42:46,373 - INFO -    Preço > MA21? ❌ NÃO
2025-11-05 07:42:46,373 - INFO -    RSI < 70.0? ✅ SIM
2025-11-05 07:42:46,373 - INFO -    Sem posições? ❌ NÃO
2025-11-05 07:43:16,638 - INFO - 💹 ETHUSDT: 3294.69000000 USDT
2025-11-05 07:43:16,638 - INFO - 📊 Análise Est.4:
2025-11-05 07:43:16,638 - INFO -    Preço: 3294.69 | MA21: 3289.00 | RSI: 49.71
2025-11-05 07:43:16,638 - INFO -    Preço > MA21? ✅ SIM
2025-11-05 07:43:16,638 - INFO -    RSI < 70.0? ✅ SIM
2025-11-05 07:43:16,638 - INFO -    Sem posições? ❌ NÃO
2025-11-05 07:43:46,924 - INFO - 💹 ETHUSDT: 3295.07000000 USDT
2025-11-05 07:43:46,924 - INFO - 📊 Análise Est.4:
2025-11-05 07:43:46,924 - INFO -    Preço: 3295.07 | MA21: 3289.02 | RSI: 49.77
2025-11-05 07:43:46,924 - INFO -    Preço > MA21? ✅ SIM
2025-11-05 07:43:46,924 - INFO -    RSI < 70.0? ✅ SIM
2025-11-05 07:43:46,924 - INFO -    Sem posições? ❌ NÃO
2025-11-05 07:44:17,196 - INFO - 💹 ETHUSDT: 3295.36000000 USDT
2025-11-05 07:44:17,198 - INFO - 📊 Análise Est.4:
2025-11-05 07:44:17,198 - INFO -    Preço: 3295.36 | MA21: 3289.08 | RSI: 49.83
2025-11-05 07:44:17,198 - INFO -    Preço > MA21? ✅ SIM
2025-11-05 07:44:17,198 - INFO -    RSI < 70.0? ✅ SIM
2025-11-05 07:44:17,198 - INFO -    Sem posições? ❌ NÃO
2025-11-05 07:44:47,469 - INFO - 💹 ETHUSDT: 3295.36000000 USDT
2025-11-05 07:44:47,469 - INFO - 📊 Análise Est.4:
2025-11-05 07:44:47,469 - INFO -    Preço: 3295.36 | MA21: 3289.08 | RSI: 49.83
2025-11-05 07:44:47,469 - INFO -    Preço > MA21? ✅ SIM
2025-11-05 07:44:47,469 - INFO -    RSI < 70.0? ✅ SIM
2025-11-05 07:44:47,469 - INFO -    Sem posições? ❌ NÃO
2025-11-05 07:45:17,761 - INFO - 💹 ETHUSDT: 3295.32000000 USDT
2025-11-05 07:45:17,761 - INFO - 📊 Análise Est.4:
2025-11-05 07:45:17,761 - INFO -    Preço: 3295.32 | MA21: 3288.98 | RSI: 49.44
2025-11-05 07:45:17,761 - INFO -    Preço > MA21? ✅ SIM
2025-11-05 07:45:17,761 - INFO -    RSI < 70.0? ✅ SIM
2025-11-05 07:45:17,761 - INFO -    Sem posições? ❌ NÃO
2025-11-05 07:45:48,040 - INFO - 💹 ETHUSDT: 3292.64000000 USDT
2025-11-05 07:45:48,040 - INFO - 📊 Análise Est.4:
2025-11-05 07:45:48,040 - INFO -    Preço: 3292.64 | MA21: 3288.85 | RSI: 49.00
2025-11-05 07:45:48,040 - INFO -    Preço > MA21? ✅ SIM
2025-11-05 07:45:48,040 - INFO -    RSI < 70.0? ✅ SIM
2025-11-05 07:45:48,040 - INFO -    Sem posições? ❌ NÃO
2025-11-05 07:46:18,309 - INFO - 💹 ETHUSDT: 3287.16000000 USDT
2025-11-05 07:46:18,323 - INFO - 📊 Análise Est.4:
2025-11-05 07:46:18,323 - INFO -    Preço: 3287.16 | MA21: 3288.27 | RSI: 48.28
2025-11-05 07:46:18,323 - INFO -    Preço > MA21? ❌ NÃO
2025-11-05 07:46:18,324 - INFO -    RSI < 70.0? ✅ SIM
2025-11-05 07:46:18,324 - INFO -    Sem posições? ❌ NÃO
2025-11-05 07:46:48,598 - INFO - 💹 ETHUSDT: 3285.68000000 USDT
2025-11-05 07:46:48,600 - INFO - 📊 Análise Est.4:
2025-11-05 07:46:48,600 - INFO -    Preço: 3285.68 | MA21: 3288.20 | RSI: 48.05
2025-11-05 07:46:48,600 - INFO -    Preço > MA21? ❌ NÃO
2025-11-05 07:46:48,600 - INFO -    RSI < 70.0? ✅ SIM
2025-11-05 07:46:48,600 - INFO -    Sem posições? ❌ NÃO
2025-11-05 07:47:18,882 - INFO - 💹 ETHUSDT: 3285.80000000 USDT
2025-11-05 07:47:18,882 - INFO - 📊 Análise Est.4:
2025-11-05 07:47:18,882 - INFO -    Preço: 3285.80 | MA21: 3287.78 | RSI: 48.13
2025-11-05 07:47:18,882 - INFO -    Preço > MA21? ❌ NÃO
2025-11-05 07:47:18,882 - INFO -    RSI < 70.0? ✅ SIM
2025-11-05 07:47:18,882 - INFO -    Sem posições? ❌ NÃO
2025-11-05 07:47:49,159 - INFO - 💹 ETHUSDT: 3287.85000000 USDT
2025-11-05 07:47:49,159 - INFO - 📊 Análise Est.4:
2025-11-05 07:47:49,161 - INFO -    Preço: 3287.85 | MA21: 3287.88 | RSI: 48.47
2025-11-05 07:47:49,161 - INFO -    Preço > MA21? ❌ NÃO
2025-11-05 07:47:49,161 - INFO -    RSI < 70.0? ✅ SIM
2025-11-05 07:47:49,161 - INFO -    Sem posições? ❌ NÃO
2025-11-05 07:48:19,442 - INFO - 💹 ETHUSDT: 3287.86000000 USDT
2025-11-05 07:48:19,442 - INFO - 📊 Análise Est.4:
2025-11-05 07:48:19,442 - INFO -    Preço: 3287.86 | MA21: 3287.47 | RSI: 48.51
2025-11-05 07:48:19,442 - INFO -    Preço > MA21? ✅ SIM
2025-11-05 07:48:19,442 - INFO -    RSI < 70.0? ✅ SIM
2025-11-05 07:48:19,442 - INFO -    Sem posições? ❌ NÃO
2025-11-05 07:48:49,719 - INFO - 💹 ETHUSDT: 3287.40000000 USDT
2025-11-05 07:48:49,719 - INFO - 📊 Análise Est.4:
2025-11-05 07:48:49,719 - INFO -    Preço: 3287.40 | MA21: 3287.45 | RSI: 48.44
2025-11-05 07:48:49,719 - INFO -    Preço > MA21? ❌ NÃO
2025-11-05 07:48:49,719 - INFO -    RSI < 70.0? ✅ SIM
2025-11-05 07:48:49,719 - INFO -    Sem posições? ❌ NÃO
2025-11-05 07:49:19,997 - INFO - 💹 ETHUSDT: 3286.95000000 USDT
2025-11-05 07:49:19,999 - INFO - 📊 Análise Est.4:
2025-11-05 07:49:19,999 - INFO -    Preço: 3286.95 | MA21: 3287.05 | RSI: 48.33
2025-11-05 07:49:19,999 - INFO -    Preço > MA21? ❌ NÃO
2025-11-05 07:49:19,999 - INFO -    RSI < 70.0? ✅ SIM
2025-11-05 07:49:19,999 - INFO -    Sem posições? ❌ NÃO
2025-11-05 07:49:50,275 - INFO - 💹 ETHUSDT: 3283.52000000 USDT
2025-11-05 07:49:50,276 - INFO - 📊 Análise Est.4:
2025-11-05 07:49:50,277 - INFO -    Preço: 3283.52 | MA21: 3286.89 | RSI: 47.80
2025-11-05 07:49:50,277 - INFO -    Preço > MA21? ❌ NÃO
2025-11-05 07:49:50,277 - INFO -    RSI < 70.0? ✅ SIM
2025-11-05 07:49:50,277 - INFO -    Sem posições? ❌ NÃO
2025-11-05 07:50:20,556 - INFO - 💹 ETHUSDT: 3282.79000000 USDT
2025-11-05 07:50:20,556 - INFO - 📊 Análise Est.4:
2025-11-05 07:50:20,556 - INFO -    Preço: 3282.79 | MA21: 3286.21 | RSI: 47.88
2025-11-05 07:50:20,556 - INFO -    Preço > MA21? ❌ NÃO
2025-11-05 07:50:20,556 - INFO -    RSI < 70.0? ✅ SIM
2025-11-05 07:50:20,556 - INFO -    Sem posições? ❌ NÃO
2025-11-05 07:50:50,835 - INFO - 💹 ETHUSDT: 3281.58000000 USDT
2025-11-05 07:50:50,835 - INFO - 📊 Análise Est.4:
2025-11-05 07:50:50,835 - INFO -    Preço: 3281.58 | MA21: 3286.15 | RSI: 47.70
2025-11-05 07:50:50,835 - INFO -    Preço > MA21? ❌ NÃO
2025-11-05 07:50:50,835 - INFO -    RSI < 70.0? ✅ SIM
2025-11-05 07:50:50,835 - INFO -    Sem posições? ❌ NÃO
2025-11-05 07:51:21,107 - INFO - 💹 ETHUSDT: 3282.48000000 USDT
2025-11-05 07:51:21,107 - INFO - 📊 Análise Est.4:
2025-11-05 07:51:21,107 - INFO -    Preço: 3282.48 | MA21: 3285.48 | RSI: 47.32
2025-11-05 07:51:21,107 - INFO -    Preço > MA21? ❌ NÃO
2025-11-05 07:51:21,107 - INFO -    RSI < 70.0? ✅ SIM
2025-11-05 07:51:21,107 - INFO -    Sem posições? ❌ NÃO
2025-11-05 07:51:51,394 - INFO - 💹 ETHUSDT: 3282.27000000 USDT
2025-11-05 07:51:51,394 - INFO - 📊 Análise Est.4:
2025-11-05 07:51:51,394 - INFO -    Preço: 3282.27 | MA21: 3285.47 | RSI: 47.29
2025-11-05 07:51:51,394 - INFO -    Preço > MA21? ❌ NÃO
2025-11-05 07:51:51,394 - INFO -    RSI < 70.0? ✅ SIM
2025-11-05 07:51:51,394 - INFO -    Sem posições? ❌ NÃO
2025-11-05 07:52:21,679 - INFO - 💹 ETHUSDT: 3283.22000000 USDT
2025-11-05 07:52:21,679 - INFO - 📊 Análise Est.4:
2025-11-05 07:52:21,679 - INFO -    Preço: 3283.22 | MA21: 3284.78 | RSI: 48.64
2025-11-05 07:52:21,679 - INFO -    Preço > MA21? ❌ NÃO
2025-11-05 07:52:21,679 - INFO -    RSI < 70.0? ✅ SIM
2025-11-05 07:52:21,679 - INFO -    Sem posições? ❌ NÃO
2025-11-05 07:52:51,956 - INFO - 💹 ETHUSDT: 3283.44000000 USDT
2025-11-05 07:52:51,956 - INFO - 📊 Análise Est.4:
2025-11-05 07:52:51,956 - INFO -    Preço: 3283.44 | MA21: 3284.79 | RSI: 48.67
2025-11-05 07:52:51,958 - INFO -    Preço > MA21? ❌ NÃO
2025-11-05 07:52:51,958 - INFO -    RSI < 70.0? ✅ SIM
2025-11-05 07:52:51,958 - INFO -    Sem posições? ❌ NÃO
2025-11-05 07:53:22,226 - INFO - 💹 ETHUSDT: 3280.52000000 USDT
2025-11-05 07:53:22,226 - INFO - 📊 Análise Est.4:
2025-11-05 07:53:22,226 - INFO -    Preço: 3280.52 | MA21: 3283.83 | RSI: 48.34
2025-11-05 07:53:22,226 - INFO -    Preço > MA21? ❌ NÃO
2025-11-05 07:53:22,226 - INFO -    RSI < 70.0? ✅ SIM
2025-11-05 07:53:22,226 - INFO -    Sem posições? ❌ NÃO
2025-11-05 07:53:52,509 - INFO - 💹 ETHUSDT: 3283.50000000 USDT
2025-11-05 07:53:52,509 - INFO - 📊 Análise Est.4:
2025-11-05 07:53:52,512 - INFO -    Preço: 3283.50 | MA21: 3283.98 | RSI: 48.84
2025-11-05 07:53:52,512 - INFO -    Preço > MA21? ❌ NÃO
2025-11-05 07:53:52,512 - INFO -    RSI < 70.0? ✅ SIM
2025-11-05 07:53:52,512 - INFO -    Sem posições? ❌ NÃO
2025-11-05 07:54:22,788 - INFO - 💹 ETHUSDT: 3281.49000000 USDT
2025-11-05 07:54:22,788 - INFO - 📊 Análise Est.4:
2025-11-05 07:54:22,788 - INFO -    Preço: 3281.49 | MA21: 3283.21 | RSI: 48.19
2025-11-05 07:54:22,788 - INFO -    Preço > MA21? ❌ NÃO
2025-11-05 07:54:22,791 - INFO -    RSI < 70.0? ✅ SIM
2025-11-05 07:54:22,791 - INFO -    Sem posições? ❌ NÃO
2025-11-05 07:54:53,077 - INFO - 💹 ETHUSDT: 3281.09000000 USDT
2025-11-05 07:54:53,077 - INFO - 📊 Análise Est.4:
2025-11-05 07:54:53,077 - INFO -    Preço: 3281.09 | MA21: 3283.19 | RSI: 48.12
2025-11-05 07:54:53,077 - INFO -    Preço > MA21? ❌ NÃO
2025-11-05 07:54:53,077 - INFO -    RSI < 70.0? ✅ SIM
2025-11-05 07:54:53,077 - INFO -    Sem posições? ❌ NÃO
2025-11-05 07:55:23,344 - INFO - 💹 ETHUSDT: 3276.16000000 USDT
2025-11-05 07:55:23,344 - INFO - 📊 Análise Est.4:
2025-11-05 07:55:23,344 - INFO -    Preço: 3276.16 | MA21: 3281.96 | RSI: 47.21
2025-11-05 07:55:23,344 - INFO -    Preço > MA21? ❌ NÃO
2025-11-05 07:55:23,344 - INFO -    RSI < 70.0? ✅ SIM
2025-11-05 07:55:23,344 - INFO -    Sem posições? ❌ NÃO
2025-11-05 07:55:53,629 - INFO - 💹 ETHUSDT: 3278.19000000 USDT
2025-11-05 07:55:53,629 - INFO - 📊 Análise Est.4:
2025-11-05 07:55:53,629 - INFO -    Preço: 3278.19 | MA21: 3282.06 | RSI: 47.54
2025-11-05 07:55:53,629 - INFO -    Preço > MA21? ❌ NÃO
2025-11-05 07:55:53,629 - INFO -    RSI < 70.0? ✅ SIM
2025-11-05 07:55:53,629 - INFO -    Sem posições? ❌ NÃO
2025-11-05 07:56:23,905 - INFO - 💹 ETHUSDT: 3277.59000000 USDT
2025-11-05 07:56:23,905 - INFO - 📊 Análise Est.4:
2025-11-05 07:56:23,905 - INFO -    Preço: 3277.59 | MA21: 3281.11 | RSI: 84.63
2025-11-05 07:56:23,905 - INFO -    Preço > MA21? ❌ NÃO
2025-11-05 07:56:23,905 - INFO -    RSI < 70.0? ❌ NÃO
2025-11-05 07:56:23,905 - INFO -    Sem posições? ❌ NÃO
2025-11-05 07:56:54,188 - INFO - 💹 ETHUSDT: 3277.22000000 USDT
2025-11-05 07:56:54,188 - INFO - 📊 Análise Est.4:
2025-11-05 07:56:54,190 - INFO -    Preço: 3277.22 | MA21: 3281.09 | RSI: 84.45
2025-11-05 07:56:54,190 - INFO -    Preço > MA21? ❌ NÃO
2025-11-05 07:56:54,190 - INFO -    RSI < 70.0? ❌ NÃO
2025-11-05 07:56:54,190 - INFO -    Sem posições? ❌ NÃO
2025-11-05 07:57:24,463 - INFO - 💹 ETHUSDT: 3277.99000000 USDT
2025-11-05 07:57:24,463 - INFO - 📊 Análise Est.4:
2025-11-05 07:57:24,463 - INFO -    Preço: 3277.99 | MA21: 3280.23 | RSI: 27.16
2025-11-05 07:57:24,463 - INFO -    Preço > MA21? ❌ NÃO
2025-11-05 07:57:24,463 - INFO -    RSI < 70.0? ✅ SIM
2025-11-05 07:57:24,463 - INFO -    Sem posições? ❌ NÃO
2025-11-05 07:57:54,738 - INFO - 💹 ETHUSDT: 3277.35000000 USDT
2025-11-05 07:57:54,738 - INFO - 📊 Análise Est.4:
2025-11-05 07:57:54,738 - INFO -    Preço: 3277.35 | MA21: 3280.20 | RSI: 25.92
2025-11-05 07:57:54,738 - INFO -    Preço > MA21? ❌ NÃO
2025-11-05 07:57:54,738 - INFO -    RSI < 70.0? ✅ SIM
2025-11-05 07:57:54,738 - INFO -    Sem posições? ❌ NÃO
2025-11-05 07:58:25,020 - INFO - 💹 ETHUSDT: 3276.66000000 USDT
2025-11-05 07:58:25,021 - INFO - 📊 Análise Est.4:
2025-11-05 07:58:25,021 - INFO -    Preço: 3276.66 | MA21: 3279.11 | RSI: 25.31
2025-11-05 07:58:25,021 - INFO -    Preço > MA21? ❌ NÃO
2025-11-05 07:58:25,021 - INFO -    RSI < 70.0? ✅ SIM
2025-11-05 07:58:25,021 - INFO -    Sem posições? ❌ NÃO
2025-11-05 07:58:55,292 - INFO - 💹 ETHUSDT: 3279.57000000 USDT
2025-11-05 07:58:55,292 - INFO - 📊 Análise Est.4:
2025-11-05 07:58:55,292 - INFO -    Preço: 3279.57 | MA21: 3279.25 | RSI: 30.18
2025-11-05 07:58:55,292 - INFO -    Preço > MA21? ✅ SIM
2025-11-05 07:58:55,292 - INFO -    RSI < 70.0? ✅ SIM
2025-11-05 07:58:55,292 - INFO -    Sem posições? ❌ NÃO
2025-11-05 07:59:25,574 - INFO - 💹 ETHUSDT: 3279.65000000 USDT
2025-11-05 07:59:25,576 - INFO - 📊 Análise Est.4:
2025-11-05 07:59:25,576 - INFO -    Preço: 3279.65 | MA21: 3278.71 | RSI: 33.80
2025-11-05 07:59:25,576 - INFO -    Preço > MA21? ✅ SIM
2025-11-05 07:59:25,576 - INFO -    RSI < 70.0? ✅ SIM
2025-11-05 07:59:25,576 - INFO -    Sem posições? ❌ NÃO
2025-11-05 07:59:55,854 - INFO - 💹 ETHUSDT: 3278.55000000 USDT
2025-11-05 07:59:55,855 - INFO - 📊 Análise Est.4:
2025-11-05 07:59:55,855 - INFO -    Preço: 3278.55 | MA21: 3278.65 | RSI: 32.82
2025-11-05 07:59:55,855 - INFO -    Preço > MA21? ❌ NÃO
2025-11-05 07:59:55,855 - INFO -    RSI < 70.0? ✅ SIM
2025-11-05 07:59:55,855 - INFO -    Sem posições? ❌ NÃO
2025-11-05 08:00:26,135 - INFO - 💹 ETHUSDT: 3278.02000000 USDT
2025-11-05 08:00:26,135 - INFO - 📊 Análise Est.4:
2025-11-05 08:00:26,135 - INFO -    Preço: 3278.02 | MA21: 3278.05 | RSI: 39.41
2025-11-05 08:00:26,135 - INFO -    Preço > MA21? ❌ NÃO
2025-11-05 08:00:26,135 - INFO -    RSI < 70.0? ✅ SIM
2025-11-05 08:00:26,135 - INFO -    Sem posições? ❌ NÃO
2025-11-05 08:00:56,427 - INFO - 💹 ETHUSDT: 3278.57000000 USDT
2025-11-05 08:00:56,429 - INFO - 📊 Análise Est.4:
2025-11-05 08:00:56,429 - INFO -    Preço: 3278.57 | MA21: 3278.07 | RSI: 40.12
2025-11-05 08:00:56,429 - INFO -    Preço > MA21? ✅ SIM
2025-11-05 08:00:56,429 - INFO -    RSI < 70.0? ✅ SIM
2025-11-05 08:00:56,429 - INFO -    Sem posições? ❌ NÃO
2025-11-05 08:01:26,690 - INFO - 💹 ETHUSDT: 3278.26000000 USDT
2025-11-05 08:01:26,690 - INFO - 📊 Análise Est.4:
2025-11-05 08:01:26,690 - INFO -    Preço: 3278.26 | MA21: 3277.41 | RSI: 33.73
2025-11-05 08:01:26,690 - INFO -    Preço > MA21? ✅ SIM
2025-11-05 08:01:26,690 - INFO -    RSI < 70.0? ✅ SIM
2025-11-05 08:01:26,690 - INFO -    Sem posições? ❌ NÃO
2025-11-05 08:01:56,979 - INFO - 💹 ETHUSDT: 3278.19000000 USDT
2025-11-05 08:01:56,979 - INFO - 📊 Análise Est.4:
2025-11-05 08:01:56,979 - INFO -    Preço: 3278.19 | MA21: 3277.41 | RSI: 33.65
2025-11-05 08:01:56,979 - INFO -    Preço > MA21? ✅ SIM
2025-11-05 08:01:56,979 - INFO -    RSI < 70.0? ✅ SIM
2025-11-05 08:01:56,979 - INFO -    Sem posições? ❌ NÃO
2025-11-05 08:02:27,249 - INFO - 💹 ETHUSDT: 3277.48000000 USDT
2025-11-05 08:02:27,249 - INFO - 📊 Análise Est.4:
2025-11-05 08:02:27,249 - INFO -    Preço: 3277.48 | MA21: 3276.69 | RSI: 34.15
2025-11-05 08:02:27,249 - INFO -    Preço > MA21? ✅ SIM
2025-11-05 08:02:27,249 - INFO -    RSI < 70.0? ✅ SIM
2025-11-05 08:02:27,249 - INFO -    Sem posições? ❌ NÃO
2025-11-05 08:02:57,532 - INFO - 💹 ETHUSDT: 3277.52000000 USDT
2025-11-05 08:02:57,532 - INFO - 📊 Análise Est.4:
2025-11-05 08:02:57,534 - INFO -    Preço: 3277.52 | MA21: 3276.69 | RSI: 34.19
2025-11-05 08:02:57,534 - INFO -    Preço > MA21? ✅ SIM
2025-11-05 08:02:57,534 - INFO -    RSI < 70.0? ✅ SIM
2025-11-05 08:02:57,534 - INFO -    Sem posições? ❌ NÃO
2025-11-05 08:03:27,805 - INFO - 💹 ETHUSDT: 3278.52000000 USDT
2025-11-05 08:03:27,805 - INFO - 📊 Análise Est.4:
2025-11-05 08:03:27,805 - INFO -    Preço: 3278.52 | MA21: 3282.65 | RSI: 41.36
2025-11-05 08:03:27,805 - INFO -    Preço > MA21? ❌ NÃO
2025-11-05 08:03:27,805 - INFO -    RSI < 70.0? ✅ SIM
2025-11-05 08:03:27,805 - INFO -    Sem posições? ❌ NÃO
2025-11-05 08:03:58,082 - INFO - 💹 ETHUSDT: 3280.15000000 USDT
2025-11-05 08:03:58,082 - INFO - 📊 Análise Est.4:
2025-11-05 08:03:58,082 - INFO -    Preço: 3280.15 | MA21: 3282.73 | RSI: 44.99
2025-11-05 08:03:58,082 - INFO -    Preço > MA21? ❌ NÃO
2025-11-05 08:03:58,082 - INFO -    RSI < 70.0? ✅ SIM
2025-11-05 08:03:58,082 - INFO -    Sem posições? ❌ NÃO
2025-11-05 08:04:28,366 - INFO - 💹 ETHUSDT: 3282.78000000 USDT
2025-11-05 08:04:28,366 - INFO - 📊 Análise Est.4:
2025-11-05 08:04:28,366 - INFO -    Preço: 3282.78 | MA21: 3282.24 | RSI: 52.60
2025-11-05 08:04:28,366 - INFO -    Preço > MA21? ✅ SIM
2025-11-05 08:04:28,366 - INFO -    RSI < 70.0? ✅ SIM
2025-11-05 08:04:28,366 - INFO -    Sem posições? ❌ NÃO
2025-11-05 08:04:58,640 - INFO - 💹 ETHUSDT: 3281.66000000 USDT
2025-11-05 08:04:58,640 - INFO - 📊 Análise Est.4:
2025-11-05 08:04:58,640 - INFO -    Preço: 3281.66 | MA21: 3282.19 | RSI: 50.55
2025-11-05 08:04:58,640 - INFO -    Preço > MA21? ❌ NÃO
2025-11-05 08:04:58,640 - INFO -    RSI < 70.0? ✅ SIM
2025-11-05 08:04:58,640 - INFO -    Sem posições? ❌ NÃO
2025-11-05 08:05:28,913 - INFO - 💹 ETHUSDT: 3283.96000000 USDT
2025-11-05 08:05:28,913 - INFO - 📊 Análise Est.4:
2025-11-05 08:05:28,913 - INFO -    Preço: 3283.96 | MA21: 3281.70 | RSI: 51.38
2025-11-05 08:05:28,913 - INFO -    Preço > MA21? ✅ SIM
2025-11-05 08:05:28,913 - INFO -    RSI < 70.0? ✅ SIM
2025-11-05 08:05:28,913 - INFO -    Sem posições? ❌ NÃO
2025-11-05 08:05:59,192 - INFO - 💹 ETHUSDT: 3285.00000000 USDT
2025-11-05 08:05:59,192 - INFO - 📊 Análise Est.4:
2025-11-05 08:05:59,192 - INFO -    Preço: 3285.00 | MA21: 3281.75 | RSI: 53.19
2025-11-05 08:05:59,192 - INFO -    Preço > MA21? ✅ SIM
2025-11-05 08:05:59,192 - INFO -    RSI < 70.0? ✅ SIM
2025-11-05 08:05:59,192 - INFO -    Sem posições? ❌ NÃO
2025-11-05 08:06:29,468 - INFO - 💹 ETHUSDT: 3285.45000000 USDT
2025-11-05 08:06:29,468 - INFO - 📊 Análise Est.4:
2025-11-05 08:06:29,468 - INFO -    Preço: 3285.45 | MA21: 3281.51 | RSI: 59.07
2025-11-05 08:06:29,468 - INFO -    Preço > MA21? ✅ SIM
2025-11-05 08:06:29,468 - INFO -    RSI < 70.0? ✅ SIM
2025-11-05 08:06:29,468 - INFO -    Sem posições? ❌ NÃO
2025-11-05 08:06:59,751 - INFO - 💹 ETHUSDT: 3290.47000000 USDT
2025-11-05 08:06:59,751 - INFO - 📊 Análise Est.4:
2025-11-05 08:06:59,751 - INFO -    Preço: 3290.47 | MA21: 3281.75 | RSI: 66.25
2025-11-05 08:06:59,751 - INFO -    Preço > MA21? ✅ SIM
2025-11-05 08:06:59,751 - INFO -    RSI < 70.0? ✅ SIM
2025-11-05 08:06:59,751 - INFO -    Sem posições? ❌ NÃO
2025-11-05 08:07:30,027 - INFO - 💹 ETHUSDT: 3289.92000000 USDT
2025-11-05 08:07:30,027 - INFO - 📊 Análise Est.4:
2025-11-05 08:07:30,027 - INFO -    Preço: 3289.92 | MA21: 3281.99 | RSI: 61.96
2025-11-05 08:07:30,027 - INFO -    Preço > MA21? ✅ SIM
2025-11-05 08:07:30,027 - INFO -    RSI < 70.0? ✅ SIM
2025-11-05 08:07:30,027 - INFO -    Sem posições? ❌ NÃO
2025-11-05 08:08:00,301 - INFO - 💹 ETHUSDT: 3288.45000000 USDT
2025-11-05 08:08:00,301 - INFO - 📊 Análise Est.4:
2025-11-05 08:08:00,301 - INFO -    Preço: 3288.45 | MA21: 3281.92 | RSI: 58.85
2025-11-05 08:08:00,301 - INFO -    Preço > MA21? ✅ SIM
2025-11-05 08:08:00,301 - INFO -    RSI < 70.0? ✅ SIM
2025-11-05 08:08:00,301 - INFO -    Sem posições? ❌ NÃO
2025-11-05 08:08:30,580 - INFO - 💹 ETHUSDT: 3287.50000000 USDT
2025-11-05 08:08:30,580 - INFO - 📊 Análise Est.4:
2025-11-05 08:08:30,580 - INFO -    Preço: 3287.50 | MA21: 3281.90 | RSI: 74.55
2025-11-05 08:08:30,580 - INFO -    Preço > MA21? ✅ SIM
2025-11-05 08:08:30,580 - INFO -    RSI < 70.0? ❌ NÃO
2025-11-05 08:08:30,580 - INFO -    Sem posições? ❌ NÃO
2025-11-05 08:09:00,868 - INFO - 💹 ETHUSDT: 3276.00000000 USDT
2025-11-05 08:09:00,868 - INFO - 📊 Análise Est.4:
2025-11-05 08:09:00,868 - INFO -    Preço: 3276.00 | MA21: 3281.35 | RSI: 49.77
2025-11-05 08:09:00,868 - INFO -    Preço > MA21? ❌ NÃO
2025-11-05 08:09:00,868 - INFO -    RSI < 70.0? ✅ SIM
2025-11-05 08:09:00,868 - INFO -    Sem posições? ❌ NÃO
2025-11-05 08:09:31,145 - INFO - 💹 ETHUSDT: 3288.04000000 USDT
2025-11-05 08:09:31,145 - INFO - 📊 Análise Est.4:
2025-11-05 08:09:31,145 - INFO -    Preço: 3288.04 | MA21: 3282.05 | RSI: 72.08
2025-11-05 08:09:31,145 - INFO -    Preço > MA21? ✅ SIM
2025-11-05 08:09:31,145 - INFO -    RSI < 70.0? ❌ NÃO
2025-11-05 08:09:31,145 - INFO -    Sem posições? ❌ NÃO
2025-11-05 08:10:01,422 - INFO - 💹 ETHUSDT: 3289.21000000 USDT
2025-11-05 08:10:01,424 - INFO - 📊 Análise Est.4:
2025-11-05 08:10:01,424 - INFO -    Preço: 3289.21 | MA21: 3282.10 | RSI: 75.97
2025-11-05 08:10:01,424 - INFO -    Preço > MA21? ✅ SIM
2025-11-05 08:10:01,424 - INFO -    RSI < 70.0? ❌ NÃO
2025-11-05 08:10:01,424 - INFO -    Sem posições? ❌ NÃO
2025-11-05 08:10:31,700 - INFO - 💹 ETHUSDT: 3289.21000000 USDT
2025-11-05 08:10:31,700 - INFO - 📊 Análise Est.4:
2025-11-05 08:10:31,700 - INFO -    Preço: 3289.21 | MA21: 3282.41 | RSI: 78.62
2025-11-05 08:10:31,700 - INFO -    Preço > MA21? ✅ SIM
2025-11-05 08:10:31,700 - INFO -    RSI < 70.0? ❌ NÃO
2025-11-05 08:10:31,700 - INFO -    Sem posições? ❌ NÃO
2025-11-05 08:11:01,970 - INFO - 💹 ETHUSDT: 3289.21000000 USDT
2025-11-05 08:11:01,970 - INFO - 📊 Análise Est.4:
2025-11-05 08:11:01,970 - INFO -    Preço: 3289.21 | MA21: 3282.41 | RSI: 78.62
2025-11-05 08:11:01,970 - INFO -    Preço > MA21? ✅ SIM
2025-11-05 08:11:01,970 - INFO -    RSI < 70.0? ❌ NÃO
2025-11-05 08:11:01,970 - INFO -    Sem posições? ❌ NÃO
2025-11-05 08:11:32,248 - INFO - 💹 ETHUSDT: 3289.21000000 USDT
2025-11-05 08:11:32,248 - INFO - 📊 Análise Est.4:
2025-11-05 08:11:32,248 - INFO -    Preço: 3289.21 | MA21: 3282.78 | RSI: 78.88
2025-11-05 08:11:32,248 - INFO -    Preço > MA21? ✅ SIM
2025-11-05 08:11:32,248 - INFO -    RSI < 70.0? ❌ NÃO
2025-11-05 08:11:32,248 - INFO -    Sem posições? ❌ NÃO
2025-11-05 08:12:02,526 - ERROR - Erro ao obter candles: APIError(code=0): Invalid JSON error message from Binance: <html>
<head><title>502 Bad Gateway</title></head>
<body>
<center><h1>502 Bad Gateway</h1></center>
<hr><center>nginx</center>
</body>
</html>
<!-- a padding to disable MSIE and Chrome friendly error page -->
<!-- a padding to disable MSIE and Chrome friendly error page -->
<!-- a padding to disable MSIE and Chrome friendly error page -->
<!-- a padding to disable MSIE and Chrome friendly error page -->
<!-- a padding to disable MSIE and Chrome friendly error page -->
<!-- a padding to disable MSIE and Chrome friendly error page -->

2025-11-05 08:12:02,549 - WARNING - Dados insuficientes, aguardando...
2025-11-05 08:12:32,816 - ERROR - Erro ao obter candles: APIError(code=0): Invalid JSON error message from Binance: <html>
<head><title>502 Bad Gateway</title></head>
<body>
<center><h1>502 Bad Gateway</h1></center>
<hr><center>nginx</center>
</body>
</html>
<!-- a padding to disable MSIE and Chrome friendly error page -->
<!-- a padding to disable MSIE and Chrome friendly error page -->
<!-- a padding to disable MSIE and Chrome friendly error page -->
<!-- a padding to disable MSIE and Chrome friendly error page -->
<!-- a padding to disable MSIE and Chrome friendly error page -->
<!-- a padding to disable MSIE and Chrome friendly error page -->

2025-11-05 08:12:32,816 - WARNING - Dados insuficientes, aguardando...
2025-11-05 08:13:03,086 - ERROR - Erro ao obter candles: APIError(code=0): Invalid JSON error message from Binance: <html>
<head><title>502 Bad Gateway</title></head>
<body>
<center><h1>502 Bad Gateway</h1></center>
<hr><center>nginx</center>
</body>
</html>
<!-- a padding to disable MSIE and Chrome friendly error page -->
<!-- a padding to disable MSIE and Chrome friendly error page -->
<!-- a padding to disable MSIE and Chrome friendly error page -->
<!-- a padding to disable MSIE and Chrome friendly error page -->
<!-- a padding to disable MSIE and Chrome friendly error page -->
<!-- a padding to disable MSIE and Chrome friendly error page -->

2025-11-05 08:13:03,086 - WARNING - Dados insuficientes, aguardando...
2025-11-05 08:13:33,361 - ERROR - Erro ao obter candles: APIError(code=0): Invalid JSON error message from Binance: <html>
<head><title>502 Bad Gateway</title></head>
<body>
<center><h1>502 Bad Gateway</h1></center>
<hr><center>nginx</center>
</body>
</html>
<!-- a padding to disable MSIE and Chrome friendly error page -->
<!-- a padding to disable MSIE and Chrome friendly error page -->
<!-- a padding to disable MSIE and Chrome friendly error page -->
<!-- a padding to disable MSIE and Chrome friendly error page -->
<!-- a padding to disable MSIE and Chrome friendly error page -->
<!-- a padding to disable MSIE and Chrome friendly error page -->

2025-11-05 08:13:33,361 - WARNING - Dados insuficientes, aguardando...
2025-11-05 08:14:03,630 - ERROR - Erro ao obter candles: APIError(code=0): Invalid JSON error message from Binance: <html>
<head><title>502 Bad Gateway</title></head>
<body>
<center><h1>502 Bad Gateway</h1></center>
<hr><center>nginx</center>
</body>
</html>
<!-- a padding to disable MSIE and Chrome friendly error page -->
<!-- a padding to disable MSIE and Chrome friendly error page -->
<!-- a padding to disable MSIE and Chrome friendly error page -->
<!-- a padding to disable MSIE and Chrome friendly error page -->
<!-- a padding to disable MSIE and Chrome friendly error page -->
<!-- a padding to disable MSIE and Chrome friendly error page -->

2025-11-05 08:14:03,630 - WARNING - Dados insuficientes, aguardando...
2025-11-05 08:14:33,911 - ERROR - Erro ao obter candles: APIError(code=0): Invalid JSON error message from Binance: <html>
<head><title>502 Bad Gateway</title></head>
<body>
<center><h1>502 Bad Gateway</h1></center>
<hr><center>nginx</center>
</body>
</html>
<!-- a padding to disable MSIE and Chrome friendly error page -->
<!-- a padding to disable MSIE and Chrome friendly error page -->
<!-- a padding to disable MSIE and Chrome friendly error page -->
<!-- a padding to disable MSIE and Chrome friendly error page -->
<!-- a padding to disable MSIE and Chrome friendly error page -->
<!-- a padding to disable MSIE and Chrome friendly error page -->

2025-11-05 08:14:33,911 - WARNING - Dados insuficientes, aguardando...
2025-11-05 08:15:04,184 - ERROR - Erro ao obter candles: APIError(code=0): Invalid JSON error message from Binance: <html>
<head><title>502 Bad Gateway</title></head>
<body>
<center><h1>502 Bad Gateway</h1></center>
<hr><center>nginx</center>
</body>
</html>
<!-- a padding to disable MSIE and Chrome friendly error page -->
<!-- a padding to disable MSIE and Chrome friendly error page -->
<!-- a padding to disable MSIE and Chrome friendly error page -->
<!-- a padding to disable MSIE and Chrome friendly error page -->
<!-- a padding to disable MSIE and Chrome friendly error page -->
<!-- a padding to disable MSIE and Chrome friendly error page -->

2025-11-05 08:15:04,184 - WARNING - Dados insuficientes, aguardando...
2025-11-05 08:15:34,452 - ERROR - Erro ao obter candles: APIError(code=0): Invalid JSON error message from Binance: <html>
<head><title>502 Bad Gateway</title></head>
<body>
<center><h1>502 Bad Gateway</h1></center>
<hr><center>nginx</center>
</body>
</html>
<!-- a padding to disable MSIE and Chrome friendly error page -->
<!-- a padding to disable MSIE and Chrome friendly error page -->
<!-- a padding to disable MSIE and Chrome friendly error page -->
<!-- a padding to disable MSIE and Chrome friendly error page -->
<!-- a padding to disable MSIE and Chrome friendly error page -->
<!-- a padding to disable MSIE and Chrome friendly error page -->

2025-11-05 08:15:34,452 - WARNING - Dados insuficientes, aguardando...
2025-11-05 08:16:04,718 - ERROR - Erro ao obter candles: APIError(code=0): Invalid JSON error message from Binance: <html>
<head><title>502 Bad Gateway</title></head>
<body>
<center><h1>502 Bad Gateway</h1></center>
<hr><center>nginx</center>
</body>
</html>
<!-- a padding to disable MSIE and Chrome friendly error page -->
<!-- a padding to disable MSIE and Chrome friendly error page -->
<!-- a padding to disable MSIE and Chrome friendly error page -->
<!-- a padding to disable MSIE and Chrome friendly error page -->
<!-- a padding to disable MSIE and Chrome friendly error page -->
<!-- a padding to disable MSIE and Chrome friendly error page -->

2025-11-05 08:16:04,718 - WARNING - Dados insuficientes, aguardando...
2025-11-05 08:16:34,988 - ERROR - Erro ao obter candles: APIError(code=0): Invalid JSON error message from Binance: <html>
<head><title>502 Bad Gateway</title></head>
<body>
<center><h1>502 Bad Gateway</h1></center>
<hr><center>nginx</center>
</body>
</html>
<!-- a padding to disable MSIE and Chrome friendly error page -->
<!-- a padding to disable MSIE and Chrome friendly error page -->
<!-- a padding to disable MSIE and Chrome friendly error page -->
<!-- a padding to disable MSIE and Chrome friendly error page -->
<!-- a padding to disable MSIE and Chrome friendly error page -->
<!-- a padding to disable MSIE and Chrome friendly error page -->

2025-11-05 08:16:34,988 - WARNING - Dados insuficientes, aguardando...
2025-11-05 08:17:05,246 - ERROR - Erro ao obter candles: APIError(code=0): Invalid JSON error message from Binance: <html>
<head><title>502 Bad Gateway</title></head>
<body>
<center><h1>502 Bad Gateway</h1></center>
<hr><center>nginx</center>
</body>
</html>
<!-- a padding to disable MSIE and Chrome friendly error page -->
<!-- a padding to disable MSIE and Chrome friendly error page -->
<!-- a padding to disable MSIE and Chrome friendly error page -->
<!-- a padding to disable MSIE and Chrome friendly error page -->
<!-- a padding to disable MSIE and Chrome friendly error page -->
<!-- a padding to disable MSIE and Chrome friendly error page -->

2025-11-05 08:17:05,246 - WARNING - Dados insuficientes, aguardando...
2025-11-05 08:17:35,523 - ERROR - Erro ao obter candles: APIError(code=0): Invalid JSON error message from Binance: <html>
<head><title>502 Bad Gateway</title></head>
<body>
<center><h1>502 Bad Gateway</h1></center>
<hr><center>nginx</center>
</body>
</html>
<!-- a padding to disable MSIE and Chrome friendly error page -->
<!-- a padding to disable MSIE and Chrome friendly error page -->
<!-- a padding to disable MSIE and Chrome friendly error page -->
<!-- a padding to disable MSIE and Chrome friendly error page -->
<!-- a padding to disable MSIE and Chrome friendly error page -->
<!-- a padding to disable MSIE and Chrome friendly error page -->

2025-11-05 08:17:35,523 - WARNING - Dados insuficientes, aguardando...
2025-11-05 08:18:05,789 - ERROR - Erro ao obter candles: APIError(code=0): Invalid JSON error message from Binance: <html>
<head><title>502 Bad Gateway</title></head>
<body>
<center><h1>502 Bad Gateway</h1></center>
<hr><center>nginx</center>
</body>
</html>
<!-- a padding to disable MSIE and Chrome friendly error page -->
<!-- a padding to disable MSIE and Chrome friendly error page -->
<!-- a padding to disable MSIE and Chrome friendly error page -->
<!-- a padding to disable MSIE and Chrome friendly error page -->
<!-- a padding to disable MSIE and Chrome friendly error page -->
<!-- a padding to disable MSIE and Chrome friendly error page -->

2025-11-05 08:18:05,789 - WARNING - Dados insuficientes, aguardando...
2025-11-05 08:18:36,067 - ERROR - Erro ao obter candles: APIError(code=0): Invalid JSON error message from Binance: <html>
<head><title>502 Bad Gateway</title></head>
<body>
<center><h1>502 Bad Gateway</h1></center>
<hr><center>nginx</center>
</body>
</html>
<!-- a padding to disable MSIE and Chrome friendly error page -->
<!-- a padding to disable MSIE and Chrome friendly error page -->
<!-- a padding to disable MSIE and Chrome friendly error page -->
<!-- a padding to disable MSIE and Chrome friendly error page -->
<!-- a padding to disable MSIE and Chrome friendly error page -->
<!-- a padding to disable MSIE and Chrome friendly error page -->

2025-11-05 08:18:36,067 - WARNING - Dados insuficientes, aguardando...
2025-11-05 08:19:06,331 - ERROR - Erro ao obter candles: APIError(code=0): Invalid JSON error message from Binance: <html>
<head><title>502 Bad Gateway</title></head>
<body>
<center><h1>502 Bad Gateway</h1></center>
<hr><center>nginx</center>
</body>
</html>
<!-- a padding to disable MSIE and Chrome friendly error page -->
<!-- a padding to disable MSIE and Chrome friendly error page -->
<!-- a padding to disable MSIE and Chrome friendly error page -->
<!-- a padding to disable MSIE and Chrome friendly error page -->
<!-- a padding to disable MSIE and Chrome friendly error page -->
<!-- a padding to disable MSIE and Chrome friendly error page -->

2025-11-05 08:19:06,339 - WARNING - Dados insuficientes, aguardando...
2025-11-05 08:19:36,603 - ERROR - Erro ao obter candles: APIError(code=0): Invalid JSON error message from Binance: <html>
<head><title>502 Bad Gateway</title></head>
<body>
<center><h1>502 Bad Gateway</h1></center>
<hr><center>nginx</center>
</body>
</html>
<!-- a padding to disable MSIE and Chrome friendly error page -->
<!-- a padding to disable MSIE and Chrome friendly error page -->
<!-- a padding to disable MSIE and Chrome friendly error page -->
<!-- a padding to disable MSIE and Chrome friendly error page -->
<!-- a padding to disable MSIE and Chrome friendly error page -->
<!-- a padding to disable MSIE and Chrome friendly error page -->

2025-11-05 08:19:36,603 - WARNING - Dados insuficientes, aguardando...
2025-11-05 08:20:06,880 - ERROR - Erro ao obter candles: APIError(code=0): Invalid JSON error message from Binance: <html>
<head><title>502 Bad Gateway</title></head>
<body>
<center><h1>502 Bad Gateway</h1></center>
<hr><center>nginx</center>
</body>
</html>
<!-- a padding to disable MSIE and Chrome friendly error page -->
<!-- a padding to disable MSIE and Chrome friendly error page -->
<!-- a padding to disable MSIE and Chrome friendly error page -->
<!-- a padding to disable MSIE and Chrome friendly error page -->
<!-- a padding to disable MSIE and Chrome friendly error page -->
<!-- a padding to disable MSIE and Chrome friendly error page -->

2025-11-05 08:20:06,880 - WARNING - Dados insuficientes, aguardando...
2025-11-05 08:20:37,148 - ERROR - Erro ao obter candles: APIError(code=0): Invalid JSON error message from Binance: <html>
<head><title>502 Bad Gateway</title></head>
<body>
<center><h1>502 Bad Gateway</h1></center>
<hr><center>nginx</center>
</body>
</html>
<!-- a padding to disable MSIE and Chrome friendly error page -->
<!-- a padding to disable MSIE and Chrome friendly error page -->
<!-- a padding to disable MSIE and Chrome friendly error page -->
<!-- a padding to disable MSIE and Chrome friendly error page -->
<!-- a padding to disable MSIE and Chrome friendly error page -->
<!-- a padding to disable MSIE and Chrome friendly error page -->

2025-11-05 08:20:37,148 - WARNING - Dados insuficientes, aguardando...
2025-11-05 08:21:07,426 - ERROR - Erro ao obter candles: APIError(code=0): Invalid JSON error message from Binance: <html>
<head><title>502 Bad Gateway</title></head>
<body>
<center><h1>502 Bad Gateway</h1></center>
<hr><center>nginx</center>
</body>
</html>
<!-- a padding to disable MSIE and Chrome friendly error page -->
<!-- a padding to disable MSIE and Chrome friendly error page -->
<!-- a padding to disable MSIE and Chrome friendly error page -->
<!-- a padding to disable MSIE and Chrome friendly error page -->
<!-- a padding to disable MSIE and Chrome friendly error page -->
<!-- a padding to disable MSIE and Chrome friendly error page -->

2025-11-05 08:21:07,426 - WARNING - Dados insuficientes, aguardando...
2025-11-05 08:21:37,706 - ERROR - Erro ao obter candles: APIError(code=0): Invalid JSON error message from Binance: <html>
<head><title>502 Bad Gateway</title></head>
<body>
<center><h1>502 Bad Gateway</h1></center>
<hr><center>nginx</center>
</body>
</html>
<!-- a padding to disable MSIE and Chrome friendly error page -->
<!-- a padding to disable MSIE and Chrome friendly error page -->
<!-- a padding to disable MSIE and Chrome friendly error page -->
<!-- a padding to disable MSIE and Chrome friendly error page -->
<!-- a padding to disable MSIE and Chrome friendly error page -->
<!-- a padding to disable MSIE and Chrome friendly error page -->

2025-11-05 08:21:37,706 - WARNING - Dados insuficientes, aguardando...
2025-11-05 08:22:07,976 - ERROR - Erro ao obter candles: APIError(code=0): Invalid JSON error message from Binance: <html>
<head><title>502 Bad Gateway</title></head>
<body>
<center><h1>502 Bad Gateway</h1></center>
<hr><center>nginx</center>
</body>
</html>
<!-- a padding to disable MSIE and Chrome friendly error page -->
<!-- a padding to disable MSIE and Chrome friendly error page -->
<!-- a padding to disable MSIE and Chrome friendly error page -->
<!-- a padding to disable MSIE and Chrome friendly error page -->
<!-- a padding to disable MSIE and Chrome friendly error page -->
<!-- a padding to disable MSIE and Chrome friendly error page -->

2025-11-05 08:22:07,976 - WARNING - Dados insuficientes, aguardando...
2025-11-05 08:22:38,254 - ERROR - Erro ao obter candles: APIError(code=0): Invalid JSON error message from Binance: <html>
<head><title>502 Bad Gateway</title></head>
<body>
<center><h1>502 Bad Gateway</h1></center>
<hr><center>nginx</center>
</body>
</html>
<!-- a padding to disable MSIE and Chrome friendly error page -->
<!-- a padding to disable MSIE and Chrome friendly error page -->
<!-- a padding to disable MSIE and Chrome friendly error page -->
<!-- a padding to disable MSIE and Chrome friendly error page -->
<!-- a padding to disable MSIE and Chrome friendly error page -->
<!-- a padding to disable MSIE and Chrome friendly error page -->

2025-11-05 08:22:38,254 - WARNING - Dados insuficientes, aguardando...
2025-11-05 08:23:08,521 - ERROR - Erro ao obter candles: APIError(code=0): Invalid JSON error message from Binance: <html>
<head><title>502 Bad Gateway</title></head>
<body>
<center><h1>502 Bad Gateway</h1></center>
<hr><center>nginx</center>
</body>
</html>
<!-- a padding to disable MSIE and Chrome friendly error page -->
<!-- a padding to disable MSIE and Chrome friendly error page -->
<!-- a padding to disable MSIE and Chrome friendly error page -->
<!-- a padding to disable MSIE and Chrome friendly error page -->
<!-- a padding to disable MSIE and Chrome friendly error page -->
<!-- a padding to disable MSIE and Chrome friendly error page -->

2025-11-05 08:23:08,521 - WARNING - Dados insuficientes, aguardando...
2025-11-05 08:23:38,789 - ERROR - Erro ao obter candles: APIError(code=0): Invalid JSON error message from Binance: <html>
<head><title>502 Bad Gateway</title></head>
<body>
<center><h1>502 Bad Gateway</h1></center>
<hr><center>nginx</center>
</body>
</html>
<!-- a padding to disable MSIE and Chrome friendly error page -->
<!-- a padding to disable MSIE and Chrome friendly error page -->
<!-- a padding to disable MSIE and Chrome friendly error page -->
<!-- a padding to disable MSIE and Chrome friendly error page -->
<!-- a padding to disable MSIE and Chrome friendly error page -->
<!-- a padding to disable MSIE and Chrome friendly error page -->

2025-11-05 08:23:38,789 - WARNING - Dados insuficientes, aguardando...
2025-11-05 08:24:09,066 - ERROR - Erro ao obter candles: APIError(code=0): Invalid JSON error message from Binance: <html>
<head><title>502 Bad Gateway</title></head>
<body>
<center><h1>502 Bad Gateway</h1></center>
<hr><center>nginx</center>
</body>
</html>
<!-- a padding to disable MSIE and Chrome friendly error page -->
<!-- a padding to disable MSIE and Chrome friendly error page -->
<!-- a padding to disable MSIE and Chrome friendly error page -->
<!-- a padding to disable MSIE and Chrome friendly error page -->
<!-- a padding to disable MSIE and Chrome friendly error page -->
<!-- a padding to disable MSIE and Chrome friendly error page -->

2025-11-05 08:24:09,066 - WARNING - Dados insuficientes, aguardando...
2025-11-05 08:24:39,325 - ERROR - Erro ao obter candles: APIError(code=0): Invalid JSON error message from Binance: <html>
<head><title>502 Bad Gateway</title></head>
<body>
<center><h1>502 Bad Gateway</h1></center>
<hr><center>nginx</center>
</body>
</html>
<!-- a padding to disable MSIE and Chrome friendly error page -->
<!-- a padding to disable MSIE and Chrome friendly error page -->
<!-- a padding to disable MSIE and Chrome friendly error page -->
<!-- a padding to disable MSIE and Chrome friendly error page -->
<!-- a padding to disable MSIE and Chrome friendly error page -->
<!-- a padding to disable MSIE and Chrome friendly error page -->

2025-11-05 08:24:39,325 - WARNING - Dados insuficientes, aguardando...
2025-11-05 08:25:09,615 - ERROR - Erro ao obter candles: APIError(code=0): Invalid JSON error message from Binance: <html>
<head><title>502 Bad Gateway</title></head>
<body>
<center><h1>502 Bad Gateway</h1></center>
<hr><center>nginx</center>
</body>
</html>
<!-- a padding to disable MSIE and Chrome friendly error page -->
<!-- a padding to disable MSIE and Chrome friendly error page -->
<!-- a padding to disable MSIE and Chrome friendly error page -->
<!-- a padding to disable MSIE and Chrome friendly error page -->
<!-- a padding to disable MSIE and Chrome friendly error page -->
<!-- a padding to disable MSIE and Chrome friendly error page -->

2025-11-05 08:25:09,615 - WARNING - Dados insuficientes, aguardando...
2025-11-05 08:25:39,873 - ERROR - Erro ao obter candles: APIError(code=0): Invalid JSON error message from Binance: <html>
<head><title>502 Bad Gateway</title></head>
<body>
<center><h1>502 Bad Gateway</h1></center>
<hr><center>nginx</center>
</body>
</html>
<!-- a padding to disable MSIE and Chrome friendly error page -->
<!-- a padding to disable MSIE and Chrome friendly error page -->
<!-- a padding to disable MSIE and Chrome friendly error page -->
<!-- a padding to disable MSIE and Chrome friendly error page -->
<!-- a padding to disable MSIE and Chrome friendly error page -->
<!-- a padding to disable MSIE and Chrome friendly error page -->

2025-11-05 08:25:39,873 - WARNING - Dados insuficientes, aguardando...
2025-11-05 08:26:10,148 - ERROR - Erro ao obter candles: APIError(code=0): Invalid JSON error message from Binance: <html>
<head><title>502 Bad Gateway</title></head>
<body>
<center><h1>502 Bad Gateway</h1></center>
<hr><center>nginx</center>
</body>
</html>
<!-- a padding to disable MSIE and Chrome friendly error page -->
<!-- a padding to disable MSIE and Chrome friendly error page -->
<!-- a padding to disable MSIE and Chrome friendly error page -->
<!-- a padding to disable MSIE and Chrome friendly error page -->
<!-- a padding to disable MSIE and Chrome friendly error page -->
<!-- a padding to disable MSIE and Chrome friendly error page -->

2025-11-05 08:26:10,148 - WARNING - Dados insuficientes, aguardando...
2025-11-05 08:26:40,403 - ERROR - Erro ao obter candles: APIError(code=0): Invalid JSON error message from Binance: <html>
<head><title>502 Bad Gateway</title></head>
<body>
<center><h1>502 Bad Gateway</h1></center>
<hr><center>nginx</center>
</body>
</html>
<!-- a padding to disable MSIE and Chrome friendly error page -->
<!-- a padding to disable MSIE and Chrome friendly error page -->
<!-- a padding to disable MSIE and Chrome friendly error page -->
<!-- a padding to disable MSIE and Chrome friendly error page -->
<!-- a padding to disable MSIE and Chrome friendly error page -->
<!-- a padding to disable MSIE and Chrome friendly error page -->

2025-11-05 08:26:40,403 - WARNING - Dados insuficientes, aguardando...
2025-11-05 08:27:11,050 - ERROR - Erro ao obter candles: APIError(code=0): Invalid JSON error message from Binance: <html>
<head><title>502 Bad Gateway</title></head>
<body>
<center><h1>502 Bad Gateway</h1></center>
<hr><center>nginx</center>
</body>
</html>
<!-- a padding to disable MSIE and Chrome friendly error page -->
<!-- a padding to disable MSIE and Chrome friendly error page -->
<!-- a padding to disable MSIE and Chrome friendly error page -->
<!-- a padding to disable MSIE and Chrome friendly error page -->
<!-- a padding to disable MSIE and Chrome friendly error page -->
<!-- a padding to disable MSIE and Chrome friendly error page -->

2025-11-05 08:27:11,050 - WARNING - Dados insuficientes, aguardando...
2025-11-05 08:27:41,318 - ERROR - Erro ao obter candles: APIError(code=0): Invalid JSON error message from Binance: <html>
<head><title>502 Bad Gateway</title></head>
<body>
<center><h1>502 Bad Gateway</h1></center>
<hr><center>nginx</center>
</body>
</html>
<!-- a padding to disable MSIE and Chrome friendly error page -->
<!-- a padding to disable MSIE and Chrome friendly error page -->
<!-- a padding to disable MSIE and Chrome friendly error page -->
<!-- a padding to disable MSIE and Chrome friendly error page -->
<!-- a padding to disable MSIE and Chrome friendly error page -->
<!-- a padding to disable MSIE and Chrome friendly error page -->

2025-11-05 08:27:41,318 - WARNING - Dados insuficientes, aguardando...
2025-11-05 08:28:11,578 - ERROR - Erro ao obter candles: APIError(code=0): Invalid JSON error message from Binance: <html>
<head><title>502 Bad Gateway</title></head>
<body>
<center><h1>502 Bad Gateway</h1></center>
<hr><center>nginx</center>
</body>
</html>
<!-- a padding to disable MSIE and Chrome friendly error page -->
<!-- a padding to disable MSIE and Chrome friendly error page -->
<!-- a padding to disable MSIE and Chrome friendly error page -->
<!-- a padding to disable MSIE and Chrome friendly error page -->
<!-- a padding to disable MSIE and Chrome friendly error page -->
<!-- a padding to disable MSIE and Chrome friendly error page -->

2025-11-05 08:28:11,578 - WARNING - Dados insuficientes, aguardando...
2025-11-05 08:28:41,857 - ERROR - Erro ao obter candles: APIError(code=0): Invalid JSON error message from Binance: <html>
<head><title>502 Bad Gateway</title></head>
<body>
<center><h1>502 Bad Gateway</h1></center>
<hr><center>nginx</center>
</body>
</html>
<!-- a padding to disable MSIE and Chrome friendly error page -->
<!-- a padding to disable MSIE and Chrome friendly error page -->
<!-- a padding to disable MSIE and Chrome friendly error page -->
<!-- a padding to disable MSIE and Chrome friendly error page -->
<!-- a padding to disable MSIE and Chrome friendly error page -->
<!-- a padding to disable MSIE and Chrome friendly error page -->

2025-11-05 08:28:41,857 - WARNING - Dados insuficientes, aguardando...
2025-11-05 08:29:12,119 - ERROR - Erro ao obter candles: APIError(code=0): Invalid JSON error message from Binance: <html>
<head><title>502 Bad Gateway</title></head>
<body>
<center><h1>502 Bad Gateway</h1></center>
<hr><center>nginx</center>
</body>
</html>
<!-- a padding to disable MSIE and Chrome friendly error page -->
<!-- a padding to disable MSIE and Chrome friendly error page -->
<!-- a padding to disable MSIE and Chrome friendly error page -->
<!-- a padding to disable MSIE and Chrome friendly error page -->
<!-- a padding to disable MSIE and Chrome friendly error page -->
<!-- a padding to disable MSIE and Chrome friendly error page -->

2025-11-05 08:29:12,119 - WARNING - Dados insuficientes, aguardando...
2025-11-05 08:29:42,405 - ERROR - Erro ao obter candles: APIError(code=0): Invalid JSON error message from Binance: <html>
<head><title>502 Bad Gateway</title></head>
<body>
<center><h1>502 Bad Gateway</h1></center>
<hr><center>nginx</center>
</body>
</html>
<!-- a padding to disable MSIE and Chrome friendly error page -->
<!-- a padding to disable MSIE and Chrome friendly error page -->
<!-- a padding to disable MSIE and Chrome friendly error page -->
<!-- a padding to disable MSIE and Chrome friendly error page -->
<!-- a padding to disable MSIE and Chrome friendly error page -->
<!-- a padding to disable MSIE and Chrome friendly error page -->

2025-11-05 08:29:42,405 - WARNING - Dados insuficientes, aguardando...
2025-11-05 08:30:12,663 - ERROR - Erro ao obter candles: APIError(code=0): Invalid JSON error message from Binance: <html>
<head><title>502 Bad Gateway</title></head>
<body>
<center><h1>502 Bad Gateway</h1></center>
<hr><center>nginx</center>
</body>
</html>
<!-- a padding to disable MSIE and Chrome friendly error page -->
<!-- a padding to disable MSIE and Chrome friendly error page -->
<!-- a padding to disable MSIE and Chrome friendly error page -->
<!-- a padding to disable MSIE and Chrome friendly error page -->
<!-- a padding to disable MSIE and Chrome friendly error page -->
<!-- a padding to disable MSIE and Chrome friendly error page -->

2025-11-05 08:30:12,663 - WARNING - Dados insuficientes, aguardando...
2025-11-05 08:30:42,940 - ERROR - Erro ao obter candles: APIError(code=0): Invalid JSON error message from Binance: <html>
<head><title>502 Bad Gateway</title></head>
<body>
<center><h1>502 Bad Gateway</h1></center>
<hr><center>nginx</center>
</body>
</html>
<!-- a padding to disable MSIE and Chrome friendly error page -->
<!-- a padding to disable MSIE and Chrome friendly error page -->
<!-- a padding to disable MSIE and Chrome friendly error page -->
<!-- a padding to disable MSIE and Chrome friendly error page -->
<!-- a padding to disable MSIE and Chrome friendly error page -->
<!-- a padding to disable MSIE and Chrome friendly error page -->

2025-11-05 08:30:42,940 - WARNING - Dados insuficientes, aguardando...
2025-11-05 08:31:13,257 - ERROR - Erro ao obter candles: APIError(code=0): Invalid JSON error message from Binance: <html>
<head><title>502 Bad Gateway</title></head>
<body>
<center><h1>502 Bad Gateway</h1></center>
<hr><center>nginx</center>
</body>
</html>
<!-- a padding to disable MSIE and Chrome friendly error page -->
<!-- a padding to disable MSIE and Chrome friendly error page -->
<!-- a padding to disable MSIE and Chrome friendly error page -->
<!-- a padding to disable MSIE and Chrome friendly error page -->
<!-- a padding to disable MSIE and Chrome friendly error page -->
<!-- a padding to disable MSIE and Chrome friendly error page -->

2025-11-05 08:31:13,257 - WARNING - Dados insuficientes, aguardando...
2025-11-05 08:31:43,528 - ERROR - Erro ao obter candles: APIError(code=0): Invalid JSON error message from Binance: <html>
<head><title>502 Bad Gateway</title></head>
<body>
<center><h1>502 Bad Gateway</h1></center>
<hr><center>nginx</center>
</body>
</html>
<!-- a padding to disable MSIE and Chrome friendly error page -->
<!-- a padding to disable MSIE and Chrome friendly error page -->
<!-- a padding to disable MSIE and Chrome friendly error page -->
<!-- a padding to disable MSIE and Chrome friendly error page -->
<!-- a padding to disable MSIE and Chrome friendly error page -->
<!-- a padding to disable MSIE and Chrome friendly error page -->

2025-11-05 08:31:43,528 - WARNING - Dados insuficientes, aguardando...
2025-11-05 08:32:13,796 - ERROR - Erro ao obter candles: APIError(code=0): Invalid JSON error message from Binance: <html>
<head><title>502 Bad Gateway</title></head>
<body>
<center><h1>502 Bad Gateway</h1></center>
<hr><center>nginx</center>
</body>
</html>
<!-- a padding to disable MSIE and Chrome friendly error page -->
<!-- a padding to disable MSIE and Chrome friendly error page -->
<!-- a padding to disable MSIE and Chrome friendly error page -->
<!-- a padding to disable MSIE and Chrome friendly error page -->
<!-- a padding to disable MSIE and Chrome friendly error page -->
<!-- a padding to disable MSIE and Chrome friendly error page -->

2025-11-05 08:32:13,796 - WARNING - Dados insuficientes, aguardando...
2025-11-05 08:32:44,075 - ERROR - Erro ao obter candles: APIError(code=0): Invalid JSON error message from Binance: <html>
<head><title>502 Bad Gateway</title></head>
<body>
<center><h1>502 Bad Gateway</h1></center>
<hr><center>nginx</center>
</body>
</html>
<!-- a padding to disable MSIE and Chrome friendly error page -->
<!-- a padding to disable MSIE and Chrome friendly error page -->
<!-- a padding to disable MSIE and Chrome friendly error page -->
<!-- a padding to disable MSIE and Chrome friendly error page -->
<!-- a padding to disable MSIE and Chrome friendly error page -->
<!-- a padding to disable MSIE and Chrome friendly error page -->

2025-11-05 08:32:44,075 - WARNING - Dados insuficientes, aguardando...
2025-11-05 08:33:14,356 - ERROR - Erro ao obter candles: APIError(code=0): Invalid JSON error message from Binance: <html>
<head><title>502 Bad Gateway</title></head>
<body>
<center><h1>502 Bad Gateway</h1></center>
<hr><center>nginx</center>
</body>
</html>
<!-- a padding to disable MSIE and Chrome friendly error page -->
<!-- a padding to disable MSIE and Chrome friendly error page -->
<!-- a padding to disable MSIE and Chrome friendly error page -->
<!-- a padding to disable MSIE and Chrome friendly error page -->
<!-- a padding to disable MSIE and Chrome friendly error page -->
<!-- a padding to disable MSIE and Chrome friendly error page -->

2025-11-05 08:33:14,356 - WARNING - Dados insuficientes, aguardando...
2025-11-05 08:33:44,629 - ERROR - Erro ao obter candles: APIError(code=0): Invalid JSON error message from Binance: <html>
<head><title>502 Bad Gateway</title></head>
<body>
<center><h1>502 Bad Gateway</h1></center>
<hr><center>nginx</center>
</body>
</html>
<!-- a padding to disable MSIE and Chrome friendly error page -->
<!-- a padding to disable MSIE and Chrome friendly error page -->
<!-- a padding to disable MSIE and Chrome friendly error page -->
<!-- a padding to disable MSIE and Chrome friendly error page -->
<!-- a padding to disable MSIE and Chrome friendly error page -->
<!-- a padding to disable MSIE and Chrome friendly error page -->

2025-11-05 08:33:44,629 - WARNING - Dados insuficientes, aguardando...
2025-11-05 08:34:14,898 - ERROR - Erro ao obter candles: APIError(code=0): Invalid JSON error message from Binance: <html>
<head><title>502 Bad Gateway</title></head>
<body>
<center><h1>502 Bad Gateway</h1></center>
<hr><center>nginx</center>
</body>
</html>
<!-- a padding to disable MSIE and Chrome friendly error page -->
<!-- a padding to disable MSIE and Chrome friendly error page -->
<!-- a padding to disable MSIE and Chrome friendly error page -->
<!-- a padding to disable MSIE and Chrome friendly error page -->
<!-- a padding to disable MSIE and Chrome friendly error page -->
<!-- a padding to disable MSIE and Chrome friendly error page -->

2025-11-05 08:34:14,898 - WARNING - Dados insuficientes, aguardando...
2025-11-05 08:34:45,170 - ERROR - Erro ao obter candles: APIError(code=0): Invalid JSON error message from Binance: <html>
<head><title>502 Bad Gateway</title></head>
<body>
<center><h1>502 Bad Gateway</h1></center>
<hr><center>nginx</center>
</body>
</html>
<!-- a padding to disable MSIE and Chrome friendly error page -->
<!-- a padding to disable MSIE and Chrome friendly error page -->
<!-- a padding to disable MSIE and Chrome friendly error page -->
<!-- a padding to disable MSIE and Chrome friendly error page -->
<!-- a padding to disable MSIE and Chrome friendly error page -->
<!-- a padding to disable MSIE and Chrome friendly error page -->

2025-11-05 08:34:45,170 - WARNING - Dados insuficientes, aguardando...
2025-11-05 08:35:15,448 - ERROR - Erro ao obter candles: APIError(code=0): Invalid JSON error message from Binance: <html>
<head><title>502 Bad Gateway</title></head>
<body>
<center><h1>502 Bad Gateway</h1></center>
<hr><center>nginx</center>
</body>
</html>
<!-- a padding to disable MSIE and Chrome friendly error page -->
<!-- a padding to disable MSIE and Chrome friendly error page -->
<!-- a padding to disable MSIE and Chrome friendly error page -->
<!-- a padding to disable MSIE and Chrome friendly error page -->
<!-- a padding to disable MSIE and Chrome friendly error page -->
<!-- a padding to disable MSIE and Chrome friendly error page -->

2025-11-05 08:35:15,448 - WARNING - Dados insuficientes, aguardando...
2025-11-05 08:35:45,715 - ERROR - Erro ao obter candles: APIError(code=0): Invalid JSON error message from Binance: <html>
<head><title>502 Bad Gateway</title></head>
<body>
<center><h1>502 Bad Gateway</h1></center>
<hr><center>nginx</center>
</body>
</html>
<!-- a padding to disable MSIE and Chrome friendly error page -->
<!-- a padding to disable MSIE and Chrome friendly error page -->
<!-- a padding to disable MSIE and Chrome friendly error page -->
<!-- a padding to disable MSIE and Chrome friendly error page -->
<!-- a padding to disable MSIE and Chrome friendly error page -->
<!-- a padding to disable MSIE and Chrome friendly error page -->

2025-11-05 08:35:45,715 - WARNING - Dados insuficientes, aguardando...
2025-11-05 08:36:15,984 - ERROR - Erro ao obter candles: APIError(code=0): Invalid JSON error message from Binance: <html>
<head><title>502 Bad Gateway</title></head>
<body>
<center><h1>502 Bad Gateway</h1></center>
<hr><center>nginx</center>
</body>
</html>
<!-- a padding to disable MSIE and Chrome friendly error page -->
<!-- a padding to disable MSIE and Chrome friendly error page -->
<!-- a padding to disable MSIE and Chrome friendly error page -->
<!-- a padding to disable MSIE and Chrome friendly error page -->
<!-- a padding to disable MSIE and Chrome friendly error page -->
<!-- a padding to disable MSIE and Chrome friendly error page -->

2025-11-05 08:36:15,984 - WARNING - Dados insuficientes, aguardando...
2025-11-05 08:36:46,256 - ERROR - Erro ao obter candles: APIError(code=0): Invalid JSON error message from Binance: <html>
<head><title>502 Bad Gateway</title></head>
<body>
<center><h1>502 Bad Gateway</h1></center>
<hr><center>nginx</center>
</body>
</html>
<!-- a padding to disable MSIE and Chrome friendly error page -->
<!-- a padding to disable MSIE and Chrome friendly error page -->
<!-- a padding to disable MSIE and Chrome friendly error page -->
<!-- a padding to disable MSIE and Chrome friendly error page -->
<!-- a padding to disable MSIE and Chrome friendly error page -->
<!-- a padding to disable MSIE and Chrome friendly error page -->

2025-11-05 08:36:46,256 - WARNING - Dados insuficientes, aguardando...
2025-11-05 08:37:16,526 - ERROR - Erro ao obter candles: APIError(code=0): Invalid JSON error message from Binance: <html>
<head><title>502 Bad Gateway</title></head>
<body>
<center><h1>502 Bad Gateway</h1></center>
<hr><center>nginx</center>
</body>
</html>
<!-- a padding to disable MSIE and Chrome friendly error page -->
<!-- a padding to disable MSIE and Chrome friendly error page -->
<!-- a padding to disable MSIE and Chrome friendly error page -->
<!-- a padding to disable MSIE and Chrome friendly error page -->
<!-- a padding to disable MSIE and Chrome friendly error page -->
<!-- a padding to disable MSIE and Chrome friendly error page -->

2025-11-05 08:37:16,526 - WARNING - Dados insuficientes, aguardando...
2025-11-05 08:37:46,791 - ERROR - Erro ao obter candles: APIError(code=0): Invalid JSON error message from Binance: <html>
<head><title>502 Bad Gateway</title></head>
<body>
<center><h1>502 Bad Gateway</h1></center>
<hr><center>nginx</center>
</body>
</html>
<!-- a padding to disable MSIE and Chrome friendly error page -->
<!-- a padding to disable MSIE and Chrome friendly error page -->
<!-- a padding to disable MSIE and Chrome friendly error page -->
<!-- a padding to disable MSIE and Chrome friendly error page -->
<!-- a padding to disable MSIE and Chrome friendly error page -->
<!-- a padding to disable MSIE and Chrome friendly error page -->

2025-11-05 08:37:46,791 - WARNING - Dados insuficientes, aguardando...
2025-11-05 08:38:17,584 - ERROR - Erro ao obter candles: APIError(code=0): Invalid JSON error message from Binance: <html>
<head><title>502 Bad Gateway</title></head>
<body>
<center><h1>502 Bad Gateway</h1></center>
<hr><center>nginx</center>
</body>
</html>
<!-- a padding to disable MSIE and Chrome friendly error page -->
<!-- a padding to disable MSIE and Chrome friendly error page -->
<!-- a padding to disable MSIE and Chrome friendly error page -->
<!-- a padding to disable MSIE and Chrome friendly error page -->
<!-- a padding to disable MSIE and Chrome friendly error page -->
<!-- a padding to disable MSIE and Chrome friendly error page -->

2025-11-05 08:38:17,584 - WARNING - Dados insuficientes, aguardando...
2025-11-05 08:38:47,850 - ERROR - Erro ao obter candles: APIError(code=0): Invalid JSON error message from Binance: <html>
<head><title>502 Bad Gateway</title></head>
<body>
<center><h1>502 Bad Gateway</h1></center>
<hr><center>nginx</center>
</body>
</html>
<!-- a padding to disable MSIE and Chrome friendly error page -->
<!-- a padding to disable MSIE and Chrome friendly error page -->
<!-- a padding to disable MSIE and Chrome friendly error page -->
<!-- a padding to disable MSIE and Chrome friendly error page -->
<!-- a padding to disable MSIE and Chrome friendly error page -->
<!-- a padding to disable MSIE and Chrome friendly error page -->

2025-11-05 08:38:47,850 - WARNING - Dados insuficientes, aguardando...
2025-11-05 08:39:18,128 - ERROR - Erro ao obter candles: APIError(code=0): Invalid JSON error message from Binance: <html>
<head><title>502 Bad Gateway</title></head>
<body>
<center><h1>502 Bad Gateway</h1></center>
<hr><center>nginx</center>
</body>
</html>
<!-- a padding to disable MSIE and Chrome friendly error page -->
<!-- a padding to disable MSIE and Chrome friendly error page -->
<!-- a padding to disable MSIE and Chrome friendly error page -->
<!-- a padding to disable MSIE and Chrome friendly error page -->
<!-- a padding to disable MSIE and Chrome friendly error page -->
<!-- a padding to disable MSIE and Chrome friendly error page -->

2025-11-05 08:39:18,128 - WARNING - Dados insuficientes, aguardando...
2025-11-05 08:39:48,391 - ERROR - Erro ao obter candles: APIError(code=0): Invalid JSON error message from Binance: <html>
<head><title>502 Bad Gateway</title></head>
<body>
<center><h1>502 Bad Gateway</h1></center>
<hr><center>nginx</center>
</body>
</html>
<!-- a padding to disable MSIE and Chrome friendly error page -->
<!-- a padding to disable MSIE and Chrome friendly error page -->
<!-- a padding to disable MSIE and Chrome friendly error page -->
<!-- a padding to disable MSIE and Chrome friendly error page -->
<!-- a padding to disable MSIE and Chrome friendly error page -->
<!-- a padding to disable MSIE and Chrome friendly error page -->

2025-11-05 08:39:48,391 - WARNING - Dados insuficientes, aguardando...
2025-11-05 08:40:18,669 - ERROR - Erro ao obter candles: APIError(code=0): Invalid JSON error message from Binance: <html>
<head><title>502 Bad Gateway</title></head>
<body>
<center><h1>502 Bad Gateway</h1></center>
<hr><center>nginx</center>
</body>
</html>
<!-- a padding to disable MSIE and Chrome friendly error page -->
<!-- a padding to disable MSIE and Chrome friendly error page -->
<!-- a padding to disable MSIE and Chrome friendly error page -->
<!-- a padding to disable MSIE and Chrome friendly error page -->
<!-- a padding to disable MSIE and Chrome friendly error page -->
<!-- a padding to disable MSIE and Chrome friendly error page -->

2025-11-05 08:40:18,669 - WARNING - Dados insuficientes, aguardando...
2025-11-05 08:40:48,931 - ERROR - Erro ao obter candles: APIError(code=0): Invalid JSON error message from Binance: <html>
<head><title>502 Bad Gateway</title></head>
<body>
<center><h1>502 Bad Gateway</h1></center>
<hr><center>nginx</center>
</body>
</html>
<!-- a padding to disable MSIE and Chrome friendly error page -->
<!-- a padding to disable MSIE and Chrome friendly error page -->
<!-- a padding to disable MSIE and Chrome friendly error page -->
<!-- a padding to disable MSIE and Chrome friendly error page -->
<!-- a padding to disable MSIE and Chrome friendly error page -->
<!-- a padding to disable MSIE and Chrome friendly error page -->

2025-11-05 08:40:48,931 - WARNING - Dados insuficientes, aguardando...
2025-11-05 08:41:19,200 - ERROR - Erro ao obter candles: APIError(code=0): Invalid JSON error message from Binance: <html>
<head><title>502 Bad Gateway</title></head>
<body>
<center><h1>502 Bad Gateway</h1></center>
<hr><center>nginx</center>
</body>
</html>
<!-- a padding to disable MSIE and Chrome friendly error page -->
<!-- a padding to disable MSIE and Chrome friendly error page -->
<!-- a padding to disable MSIE and Chrome friendly error page -->
<!-- a padding to disable MSIE and Chrome friendly error page -->
<!-- a padding to disable MSIE and Chrome friendly error page -->
<!-- a padding to disable MSIE and Chrome friendly error page -->

2025-11-05 08:41:19,200 - WARNING - Dados insuficientes, aguardando...
2025-11-05 08:41:49,473 - ERROR - Erro ao obter candles: APIError(code=0): Invalid JSON error message from Binance: <html>
<head><title>502 Bad Gateway</title></head>
<body>
<center><h1>502 Bad Gateway</h1></center>
<hr><center>nginx</center>
</body>
</html>
<!-- a padding to disable MSIE and Chrome friendly error page -->
<!-- a padding to disable MSIE and Chrome friendly error page -->
<!-- a padding to disable MSIE and Chrome friendly error page -->
<!-- a padding to disable MSIE and Chrome friendly error page -->
<!-- a padding to disable MSIE and Chrome friendly error page -->
<!-- a padding to disable MSIE and Chrome friendly error page -->

2025-11-05 08:41:49,473 - WARNING - Dados insuficientes, aguardando...
2025-11-05 08:42:19,737 - ERROR - Erro ao obter candles: APIError(code=0): Invalid JSON error message from Binance: <html>
<head><title>502 Bad Gateway</title></head>
<body>
<center><h1>502 Bad Gateway</h1></center>
<hr><center>nginx</center>
</body>
</html>
<!-- a padding to disable MSIE and Chrome friendly error page -->
<!-- a padding to disable MSIE and Chrome friendly error page -->
<!-- a padding to disable MSIE and Chrome friendly error page -->
<!-- a padding to disable MSIE and Chrome friendly error page -->
<!-- a padding to disable MSIE and Chrome friendly error page -->
<!-- a padding to disable MSIE and Chrome friendly error page -->

2025-11-05 08:42:19,737 - WARNING - Dados insuficientes, aguardando...
2025-11-05 08:42:50,009 - ERROR - Erro ao obter candles: APIError(code=0): Invalid JSON error message from Binance: <html>
<head><title>502 Bad Gateway</title></head>
<body>
<center><h1>502 Bad Gateway</h1></center>
<hr><center>nginx</center>
</body>
</html>
<!-- a padding to disable MSIE and Chrome friendly error page -->
<!-- a padding to disable MSIE and Chrome friendly error page -->
<!-- a padding to disable MSIE and Chrome friendly error page -->
<!-- a padding to disable MSIE and Chrome friendly error page -->
<!-- a padding to disable MSIE and Chrome friendly error page -->
<!-- a padding to disable MSIE and Chrome friendly error page -->

2025-11-05 08:42:50,009 - WARNING - Dados insuficientes, aguardando...
2025-11-05 08:43:20,816 - ERROR - Erro ao obter candles: APIError(code=0): Invalid JSON error message from Binance: <html>
<head><title>502 Bad Gateway</title></head>
<body>
<center><h1>502 Bad Gateway</h1></center>
<hr><center>nginx</center>
</body>
</html>
<!-- a padding to disable MSIE and Chrome friendly error page -->
<!-- a padding to disable MSIE and Chrome friendly error page -->
<!-- a padding to disable MSIE and Chrome friendly error page -->
<!-- a padding to disable MSIE and Chrome friendly error page -->
<!-- a padding to disable MSIE and Chrome friendly error page -->
<!-- a padding to disable MSIE and Chrome friendly error page -->

2025-11-05 08:43:20,816 - WARNING - Dados insuficientes, aguardando...
2025-11-05 08:43:51,074 - ERROR - Erro ao obter candles: APIError(code=0): Invalid JSON error message from Binance: <html>
<head><title>502 Bad Gateway</title></head>
<body>
<center><h1>502 Bad Gateway</h1></center>
<hr><center>nginx</center>
</body>
</html>
<!-- a padding to disable MSIE and Chrome friendly error page -->
<!-- a padding to disable MSIE and Chrome friendly error page -->
<!-- a padding to disable MSIE and Chrome friendly error page -->
<!-- a padding to disable MSIE and Chrome friendly error page -->
<!-- a padding to disable MSIE and Chrome friendly error page -->
<!-- a padding to disable MSIE and Chrome friendly error page -->

2025-11-05 08:43:51,074 - WARNING - Dados insuficientes, aguardando...
2025-11-05 08:44:21,348 - ERROR - Erro ao obter candles: APIError(code=0): Invalid JSON error message from Binance: <html>
<head><title>502 Bad Gateway</title></head>
<body>
<center><h1>502 Bad Gateway</h1></center>
<hr><center>nginx</center>
</body>
</html>
<!-- a padding to disable MSIE and Chrome friendly error page -->
<!-- a padding to disable MSIE and Chrome friendly error page -->
<!-- a padding to disable MSIE and Chrome friendly error page -->
<!-- a padding to disable MSIE and Chrome friendly error page -->
<!-- a padding to disable MSIE and Chrome friendly error page -->
<!-- a padding to disable MSIE and Chrome friendly error page -->

2025-11-05 08:44:21,348 - WARNING - Dados insuficientes, aguardando...
2025-11-05 08:44:51,639 - ERROR - Erro ao obter candles: APIError(code=0): Invalid JSON error message from Binance: <html>
<head><title>502 Bad Gateway</title></head>
<body>
<center><h1>502 Bad Gateway</h1></center>
<hr><center>nginx</center>
</body>
</html>
<!-- a padding to disable MSIE and Chrome friendly error page -->
<!-- a padding to disable MSIE and Chrome friendly error page -->
<!-- a padding to disable MSIE and Chrome friendly error page -->
<!-- a padding to disable MSIE and Chrome friendly error page -->
<!-- a padding to disable MSIE and Chrome friendly error page -->
<!-- a padding to disable MSIE and Chrome friendly error page -->

2025-11-05 08:44:51,639 - WARNING - Dados insuficientes, aguardando...
2025-11-05 08:45:21,902 - ERROR - Erro ao obter candles: APIError(code=0): Invalid JSON error message from Binance: <html>
<head><title>502 Bad Gateway</title></head>
<body>
<center><h1>502 Bad Gateway</h1></center>
<hr><center>nginx</center>
</body>
</html>
<!-- a padding to disable MSIE and Chrome friendly error page -->
<!-- a padding to disable MSIE and Chrome friendly error page -->
<!-- a padding to disable MSIE and Chrome friendly error page -->
<!-- a padding to disable MSIE and Chrome friendly error page -->
<!-- a padding to disable MSIE and Chrome friendly error page -->
<!-- a padding to disable MSIE and Chrome friendly error page -->

2025-11-05 08:45:21,902 - WARNING - Dados insuficientes, aguardando...
2025-11-05 08:45:52,692 - ERROR - Erro ao obter candles: APIError(code=0): Invalid JSON error message from Binance: <html>
<head><title>502 Bad Gateway</title></head>
<body>
<center><h1>502 Bad Gateway</h1></center>
<hr><center>nginx</center>
</body>
</html>
<!-- a padding to disable MSIE and Chrome friendly error page -->
<!-- a padding to disable MSIE and Chrome friendly error page -->
<!-- a padding to disable MSIE and Chrome friendly error page -->
<!-- a padding to disable MSIE and Chrome friendly error page -->
<!-- a padding to disable MSIE and Chrome friendly error page -->
<!-- a padding to disable MSIE and Chrome friendly error page -->

2025-11-05 08:45:52,692 - WARNING - Dados insuficientes, aguardando...
2025-11-05 08:46:22,962 - ERROR - Erro ao obter candles: APIError(code=0): Invalid JSON error message from Binance: <html>
<head><title>502 Bad Gateway</title></head>
<body>
<center><h1>502 Bad Gateway</h1></center>
<hr><center>nginx</center>
</body>
</html>
<!-- a padding to disable MSIE and Chrome friendly error page -->
<!-- a padding to disable MSIE and Chrome friendly error page -->
<!-- a padding to disable MSIE and Chrome friendly error page -->
<!-- a padding to disable MSIE and Chrome friendly error page -->
<!-- a padding to disable MSIE and Chrome friendly error page -->
<!-- a padding to disable MSIE and Chrome friendly error page -->

2025-11-05 08:46:22,962 - WARNING - Dados insuficientes, aguardando...
2025-11-05 08:46:53,235 - ERROR - Erro ao obter candles: APIError(code=0): Invalid JSON error message from Binance: <html>
<head><title>502 Bad Gateway</title></head>
<body>
<center><h1>502 Bad Gateway</h1></center>
<hr><center>nginx</center>
</body>
</html>
<!-- a padding to disable MSIE and Chrome friendly error page -->
<!-- a padding to disable MSIE and Chrome friendly error page -->
<!-- a padding to disable MSIE and Chrome friendly error page -->
<!-- a padding to disable MSIE and Chrome friendly error page -->
<!-- a padding to disable MSIE and Chrome friendly error page -->
<!-- a padding to disable MSIE and Chrome friendly error page -->

2025-11-05 08:46:53,235 - WARNING - Dados insuficientes, aguardando...
2025-11-05 08:47:23,516 - ERROR - Erro ao obter candles: APIError(code=0): Invalid JSON error message from Binance: <html>
<head><title>502 Bad Gateway</title></head>
<body>
<center><h1>502 Bad Gateway</h1></center>
<hr><center>nginx</center>
</body>
</html>
<!-- a padding to disable MSIE and Chrome friendly error page -->
<!-- a padding to disable MSIE and Chrome friendly error page -->
<!-- a padding to disable MSIE and Chrome friendly error page -->
<!-- a padding to disable MSIE and Chrome friendly error page -->
<!-- a padding to disable MSIE and Chrome friendly error page -->
<!-- a padding to disable MSIE and Chrome friendly error page -->

2025-11-05 08:47:23,516 - WARNING - Dados insuficientes, aguardando...
2025-11-05 08:47:53,797 - ERROR - Erro ao obter candles: APIError(code=0): Invalid JSON error message from Binance: <html>
<head><title>502 Bad Gateway</title></head>
<body>
<center><h1>502 Bad Gateway</h1></center>
<hr><center>nginx</center>
</body>
</html>
<!-- a padding to disable MSIE and Chrome friendly error page -->
<!-- a padding to disable MSIE and Chrome friendly error page -->
<!-- a padding to disable MSIE and Chrome friendly error page -->
<!-- a padding to disable MSIE and Chrome friendly error page -->
<!-- a padding to disable MSIE and Chrome friendly error page -->
<!-- a padding to disable MSIE and Chrome friendly error page -->

2025-11-05 08:47:53,797 - WARNING - Dados insuficientes, aguardando...
2025-11-05 08:48:18,008 - INFO - ⚠️ Bot interrompido pelo usuário
2025-11-05 08:48:18,008 - INFO - 🔄 Fechando todas as posições abertas...
2025-11-05 08:48:18,298 - ERROR - Erro ao obter candles: APIError(code=0): Invalid JSON error message from Binance: <html>
<head><title>502 Bad Gateway</title></head>
<body>
<center><h1>502 Bad Gateway</h1></center>
<hr><center>nginx</center>
</body>
</html>
<!-- a padding to disable MSIE and Chrome friendly error page -->
<!-- a padding to disable MSIE and Chrome friendly error page -->
<!-- a padding to disable MSIE and Chrome friendly error page -->
<!-- a padding to disable MSIE and Chrome friendly error page -->
<!-- a padding to disable MSIE and Chrome friendly error page -->
<!-- a padding to disable MSIE and Chrome friendly error page -->

2025-11-05 08:48:18,298 - INFO - ------------------------------------------------------------
2025-11-05 08:48:18,298 - INFO - 📊 ESTATÍSTICAS
2025-11-05 08:48:18,298 - INFO -    Total de trades: 17
2025-11-05 08:48:18,298 - INFO -    Trades vencedores: 13
2025-11-05 08:48:18,298 - INFO -    Win Rate: 76.5%
2025-11-05 08:48:18,298 - INFO -    Lucro diário: 4.64 USDT
2025-11-05 08:48:18,298 - INFO -    Lucro total: 4.64 USDT
2025-11-05 08:48:18,298 - INFO -    Posições abertas: 1
2025-11-05 08:48:18,298 - INFO - ------------------------------------------------------------
2025-11-05 08:48:18,298 - INFO - 🔌 Desconectado da Binance
2025-11-05 08:48:57,496 - INFO - ============================================================
2025-11-05 08:48:57,498 - INFO - INICIANDO CONEXÃO COM BINANCE
2025-11-05 08:48:57,498 - INFO - ============================================================
2025-11-05 08:48:57,498 - INFO - 🧪 Modo: TESTNET (Conta Demo)
2025-11-05 08:48:58,257 - ERROR - ❌ Erro ao conectar: APIError(code=0): Invalid JSON error message from Binance: <html>
<head><title>502 Bad Gateway</title></head>
<body>
<center><h1>502 Bad Gateway</h1></center>
<hr><center>nginx</center>
</body>
</html>
<!-- a padding to disable MSIE and Chrome friendly error page -->
<!-- a padding to disable MSIE and Chrome friendly error page -->
<!-- a padding to disable MSIE and Chrome friendly error page -->
<!-- a padding to disable MSIE and Chrome friendly error page -->
<!-- a padding to disable MSIE and Chrome friendly error page -->
<!-- a padding to disable MSIE and Chrome friendly error page -->

2025-11-05 08:48:58,294 - ERROR - Traceback (most recent call last):
  File "C:\Users\dinha\Music\IQOption_PriceAction_Bot\bot_binance.py", line 152, in conectar
    self.client = Client(
                  ^^^^^^^
  File "C:\Users\dinha\AppData\Local\Programs\Python\Python311\Lib\site-packages\binance\client.py", line 53, in __init__
    self.ping()
  File "C:\Users\dinha\AppData\Local\Programs\Python\Python311\Lib\site-packages\binance\client.py", line 353, in ping
    return self._get("ping")
           ^^^^^^^^^^^^^^^^^
  File "C:\Users\dinha\AppData\Local\Programs\Python\Python311\Lib\site-packages\binance\client.py", line 185, in _get
    return self._request_api("get", path, signed, version, **kwargs)
           ^^^^^^^^^^^^^^^^^^^^^^^^^^^^^^^^^^^^^^^^^^^^^^^^^^^^^^^^^
  File "C:\Users\dinha\AppData\Local\Programs\Python\Python311\Lib\site-packages\binance\client.py", line 119, in _request_api
    return self._request(method, uri, signed, **kwargs)
           ^^^^^^^^^^^^^^^^^^^^^^^^^^^^^^^^^^^^^^^^^^^^
  File "C:\Users\dinha\AppData\Local\Programs\Python\Python311\Lib\site-packages\binance\client.py", line 91, in _request
    return self._handle_response(self.response)
           ^^^^^^^^^^^^^^^^^^^^^^^^^^^^^^^^^^^^
  File "C:\Users\dinha\AppData\Local\Programs\Python\Python311\Lib\site-packages\binance\client.py", line 100, in _handle_response
    raise BinanceAPIException(response, response.status_code, response.text)
binance.exceptions.BinanceAPIException: APIError(code=0): Invalid JSON error message from Binance: <html>
<head><title>502 Bad Gateway</title></head>
<body>
<center><h1>502 Bad Gateway</h1></center>
<hr><center>nginx</center>
</body>
</html>
<!-- a padding to disable MSIE and Chrome friendly error page -->
<!-- a padding to disable MSIE and Chrome friendly error page -->
<!-- a padding to disable MSIE and Chrome friendly error page -->
<!-- a padding to disable MSIE and Chrome friendly error page -->
<!-- a padding to disable MSIE and Chrome friendly error page -->
<!-- a padding to disable MSIE and Chrome friendly error page -->


2025-11-05 08:48:58,297 - ERROR - Falha na conexão. Verifique suas credenciais.
2025-11-05 09:29:44,874 - INFO - ============================================================
2025-11-05 09:29:44,874 - INFO - INICIANDO CONEXÃO COM BINANCE
2025-11-05 09:29:44,874 - INFO - ============================================================
2025-11-05 09:29:44,874 - INFO - 🧪 Modo: TESTNET (Conta Demo)
2025-11-05 09:29:45,744 - ERROR - ❌ Erro ao conectar: APIError(code=0): Invalid JSON error message from Binance: <html>
<head><title>502 Bad Gateway</title></head>
<body>
<center><h1>502 Bad Gateway</h1></center>
<hr><center>nginx</center>
</body>
</html>
<!-- a padding to disable MSIE and Chrome friendly error page -->
<!-- a padding to disable MSIE and Chrome friendly error page -->
<!-- a padding to disable MSIE and Chrome friendly error page -->
<!-- a padding to disable MSIE and Chrome friendly error page -->
<!-- a padding to disable MSIE and Chrome friendly error page -->
<!-- a padding to disable MSIE and Chrome friendly error page -->

2025-11-05 09:29:45,751 - ERROR - Traceback (most recent call last):
  File "C:\Users\dinha\Music\IQOption_PriceAction_Bot\bot_binance.py", line 152, in conectar
    self.client = Client(
                  ^^^^^^^
  File "C:\Users\dinha\AppData\Local\Programs\Python\Python311\Lib\site-packages\binance\client.py", line 53, in __init__
    self.ping()
  File "C:\Users\dinha\AppData\Local\Programs\Python\Python311\Lib\site-packages\binance\client.py", line 353, in ping
    return self._get("ping")
           ^^^^^^^^^^^^^^^^^
  File "C:\Users\dinha\AppData\Local\Programs\Python\Python311\Lib\site-packages\binance\client.py", line 185, in _get
    return self._request_api("get", path, signed, version, **kwargs)
           ^^^^^^^^^^^^^^^^^^^^^^^^^^^^^^^^^^^^^^^^^^^^^^^^^^^^^^^^^
  File "C:\Users\dinha\AppData\Local\Programs\Python\Python311\Lib\site-packages\binance\client.py", line 119, in _request_api
    return self._request(method, uri, signed, **kwargs)
           ^^^^^^^^^^^^^^^^^^^^^^^^^^^^^^^^^^^^^^^^^^^^
  File "C:\Users\dinha\AppData\Local\Programs\Python\Python311\Lib\site-packages\binance\client.py", line 91, in _request
    return self._handle_response(self.response)
           ^^^^^^^^^^^^^^^^^^^^^^^^^^^^^^^^^^^^
  File "C:\Users\dinha\AppData\Local\Programs\Python\Python311\Lib\site-packages\binance\client.py", line 100, in _handle_response
    raise BinanceAPIException(response, response.status_code, response.text)
binance.exceptions.BinanceAPIException: APIError(code=0): Invalid JSON error message from Binance: <html>
<head><title>502 Bad Gateway</title></head>
<body>
<center><h1>502 Bad Gateway</h1></center>
<hr><center>nginx</center>
</body>
</html>
<!-- a padding to disable MSIE and Chrome friendly error page -->
<!-- a padding to disable MSIE and Chrome friendly error page -->
<!-- a padding to disable MSIE and Chrome friendly error page -->
<!-- a padding to disable MSIE and Chrome friendly error page -->
<!-- a padding to disable MSIE and Chrome friendly error page -->
<!-- a padding to disable MSIE and Chrome friendly error page -->


2025-11-05 09:29:45,754 - ERROR - Falha na conexão. Verifique suas credenciais.
