2025-11-03 21:01:41,559 - INFO - 🤖 INICIANDO BOT...
2025-11-03 21:01:41,559 - INFO - ============================================================
2025-11-03 21:01:41,559 - INFO - INICIANDO CONEXÃO COM IQ OPTION
2025-11-03 21:01:41,559 - INFO - ============================================================
2025-11-03 21:01:45,243 - INFO - ✅ Modo: CONTA DEMO
2025-11-03 21:01:45,510 - INFO - 💰 Saldo disponível: $8103.15
2025-11-03 21:01:45,510 - INFO - 🔄 Fora do horário comercial - Usando EURUSD-OTC
2025-11-03 21:01:45,510 - INFO - ------------------------------------------------------------
2025-11-03 21:01:45,515 - INFO - 📊 Ativo: EURUSD-OTC
2025-11-03 21:01:45,515 - INFO -    🌐 Modo OTC ativado (mercado 24/7)
2025-11-03 21:01:45,515 - INFO - ⏱️ Timeframe: 1 minuto(s)
2025-11-03 21:01:45,515 - INFO - ⏳ Expiração: 1 minuto(s)
2025-11-03 21:01:45,515 - INFO - 💵 Valor por operação: $1.0
2025-11-03 21:01:45,515 - INFO - 🎯 Estratégia: 7
2025-11-03 21:01:45,515 - INFO - 🕒 Horário: 00:00 - 23:59
2025-11-03 21:01:45,517 - INFO - ------------------------------------------------------------
2025-11-03 21:01:45,517 - INFO - 🔍 Verificando disponibilidade do ativo...
2025-11-03 21:01:48,142 - WARNING - ⚠️ Erro ao verificar disponibilidade: 'underlying'
2025-11-03 21:01:48,143 - INFO - ============================================================
2025-11-03 21:01:48,143 - INFO - 🚀 Bot em execução!
2025-11-03 21:01:48,512 - INFO - 📊 EST 7: VENDA | Candle baixa + Close < MA21
2025-11-03 21:01:48,512 - INFO - 📈 Abrindo posição PUT
2025-11-03 21:01:48,512 - INFO -    Ativo: EURUSD-OTC | Valor: $1.0 | Exp: 1min
2025-11-03 21:01:49,941 - WARNING -    ⚠️ Erro ao verificar disponibilidade: 'underlying'
2025-11-03 21:01:50,641 - INFO -    ✅ Binary Option executada | ID: 13263762785
2025-11-03 21:01:50,642 - INFO - ✅ Posição PUT aberta | ID: 13263762785
2025-11-03 21:03:10,013 - INFO - ❌ TRADE PERDEDOR | Prejuízo: $-1.00
2025-11-03 21:03:10,013 - INFO - 📊 Win Rate: 0.0% (0/1)
2025-11-03 21:03:10,013 - INFO - 💰 Lucro Total: $-1.00
2025-11-03 21:03:10,013 - INFO - 💰 Lucro Diário: $-1.00
2025-11-03 21:04:11,472 - INFO - 📊 EST 7: VENDA | Candle baixa + Close < MA21
2025-11-03 21:04:11,472 - INFO - 📈 Abrindo posição PUT
2025-11-03 21:04:11,472 - INFO -    Ativo: EURUSD-OTC | Valor: $1.0 | Exp: 1min
2025-11-03 21:04:12,817 - WARNING -    ⚠️ Erro ao verificar disponibilidade: 'underlying'
2025-11-03 21:04:13,435 - INFO -    ✅ Binary Option executada | ID: 13263770547
2025-11-03 21:04:13,436 - INFO - ✅ Posição PUT aberta | ID: 13263770547
2025-11-03 21:05:09,921 - INFO - ❌ TRADE PERDEDOR | Prejuízo: $-1.00
2025-11-03 21:05:09,922 - INFO - 📊 Win Rate: 0.0% (0/2)
2025-11-03 21:05:09,922 - INFO - 💰 Lucro Total: $-2.00
2025-11-03 21:05:09,923 - INFO - 💰 Lucro Diário: $-2.00
2025-11-03 21:06:12,104 - INFO - 📊 EST 7: VENDA | Candle baixa + Close < MA21
2025-11-03 21:06:12,104 - INFO - 📈 Abrindo posição PUT
2025-11-03 21:06:12,104 - INFO -    Ativo: EURUSD-OTC | Valor: $1.0 | Exp: 1min
2025-11-03 21:06:14,588 - WARNING -    ⚠️ Erro ao verificar disponibilidade: 'underlying'
2025-11-03 21:06:15,244 - INFO -    ✅ Binary Option executada | ID: 13263776945
2025-11-03 21:06:15,246 - INFO - ✅ Posição PUT aberta | ID: 13263776945
2025-11-03 21:07:09,746 - INFO - ❌ TRADE PERDEDOR | Prejuízo: $-1.00
2025-11-03 21:07:09,747 - INFO - 📊 Win Rate: 0.0% (0/3)
2025-11-03 21:07:09,747 - INFO - 💰 Lucro Total: $-3.00
2025-11-03 21:07:09,748 - INFO - 💰 Lucro Diário: $-3.00
2025-11-03 21:07:25,003 - INFO - ⚠️ Bot interrompido pelo usuário
2025-11-03 21:07:25,004 - INFO - 🔌 Desconectado da IQ Option
2025-11-03 21:07:25,004 - INFO - ============================================================
2025-11-03 21:07:25,004 - INFO - 📊 RESUMO FINAL
2025-11-03 21:07:25,004 - INFO - ============================================================
2025-11-03 21:07:25,005 - INFO - Total de Trades: 3
2025-11-03 21:07:25,005 - INFO - Trades Vencedores: 0
2025-11-03 21:07:25,005 - INFO - Win Rate: 0.0%
2025-11-03 21:07:25,005 - INFO - Lucro Total: $-3.00
2025-11-03 21:07:25,005 - INFO - Lucro Diário: $-3.00
2025-11-03 21:07:25,005 - INFO - ============================================================
2025-11-03 21:09:58,259 - INFO - 🤖 INICIANDO BOT...
2025-11-03 21:09:58,259 - INFO - ============================================================
2025-11-03 21:09:58,259 - INFO - INICIANDO CONEXÃO COM IQ OPTION
2025-11-03 21:09:58,259 - INFO - ============================================================
2025-11-03 21:10:01,876 - INFO - ✅ Modo: CONTA DEMO
2025-11-03 21:10:02,182 - INFO - 💰 Saldo disponível: $8100.15
2025-11-03 21:10:02,183 - INFO - 🔄 Fora do horário comercial - Usando EURUSD-OTC
2025-11-03 21:10:02,183 - INFO - ------------------------------------------------------------
2025-11-03 21:10:02,183 - INFO - 📊 Ativo: EURUSD-OTC
2025-11-03 21:10:02,183 - INFO -    🌐 Modo OTC ativado (mercado 24/7)
2025-11-03 21:10:02,183 - INFO - ⏱️ Timeframe: 1 minuto(s)
2025-11-03 21:10:02,183 - INFO - ⏳ Expiração: 1 minuto(s)
2025-11-03 21:10:02,183 - INFO - 💵 Valor por operação: $1.0
2025-11-03 21:10:02,183 - INFO - 🎯 Estratégia: 3
2025-11-03 21:10:02,183 - INFO - 🕒 Horário: 00:00 - 23:59
2025-11-03 21:10:02,183 - INFO - ------------------------------------------------------------
2025-11-03 21:10:02,183 - INFO - 🔍 Verificando disponibilidade do ativo...
2025-11-03 21:10:04,598 - WARNING - ⚠️ Erro ao verificar disponibilidade: 'underlying'
2025-11-03 21:10:04,598 - INFO - ============================================================
2025-11-03 21:10:04,598 - INFO - 🚀 Bot em execução!
2025-11-03 21:19:18,058 - INFO - 📊 EST 3: Abrindo VENDA | RSI: 75.00
2025-11-03 21:19:18,058 - INFO - 📈 Abrindo posição PUT
2025-11-03 21:19:18,058 - INFO -    Ativo: EURUSD-OTC | Valor: $1.0 | Exp: 1min
2025-11-03 21:19:19,387 - WARNING -    ⚠️ Erro ao verificar disponibilidade: 'underlying'
2025-11-03 21:19:20,054 - INFO -    ✅ Binary Option executada | ID: 13263818988
2025-11-03 21:19:20,055 - INFO - ✅ Posição PUT aberta | ID: 13263818988
2025-11-03 21:20:10,118 - INFO - ✅ TRADE VENCEDOR | Lucro: $0.86
2025-11-03 21:20:10,118 - INFO - 📊 Win Rate: 100.0% (1/1)
2025-11-03 21:20:10,118 - INFO - 💰 Lucro Total: $0.86
2025-11-03 21:20:10,118 - INFO - 💰 Lucro Diário: $0.86
2025-11-03 21:23:09,633 - INFO - 📊 EST 3: Abrindo VENDA | RSI: 75.17
2025-11-03 21:23:09,634 - INFO - 📈 Abrindo posição PUT
2025-11-03 21:23:09,634 - INFO -    Ativo: EURUSD-OTC | Valor: $1.0 | Exp: 1min
2025-11-03 21:23:11,350 - WARNING -    ⚠️ Erro ao verificar disponibilidade: 'underlying'
2025-11-03 21:23:12,091 - INFO -    ✅ Binary Option executada | ID: 13263831698
2025-11-03 21:23:12,092 - INFO - ✅ Posição PUT aberta | ID: 13263831698
2025-11-03 21:24:09,704 - INFO - ❌ TRADE PERDEDOR | Prejuízo: $-1.00
2025-11-03 21:24:09,704 - INFO - 📊 Win Rate: 50.0% (1/2)
2025-11-03 21:24:09,705 - INFO - 💰 Lucro Total: $-0.14
2025-11-03 21:24:09,706 - INFO - 💰 Lucro Diário: $-0.14
2025-11-03 21:24:26,657 - INFO - 📊 EST 3: Abrindo VENDA | RSI: 75.35
2025-11-03 21:24:26,657 - INFO - 📈 Abrindo posição PUT
2025-11-03 21:24:26,657 - INFO -    Ativo: EURUSD-OTC | Valor: $1.0 | Exp: 1min
2025-11-03 21:24:28,321 - WARNING -    ⚠️ Erro ao verificar disponibilidade: 'underlying'
2025-11-03 21:24:28,982 - INFO -    ✅ Binary Option executada | ID: 13263836023
2025-11-03 21:24:28,982 - INFO - ✅ Posição PUT aberta | ID: 13263836023
2025-11-03 21:25:10,353 - INFO - ❌ TRADE PERDEDOR | Prejuízo: $-1.00
2025-11-03 21:25:10,354 - INFO - 📊 Win Rate: 33.3% (1/3)
2025-11-03 21:25:10,354 - INFO - 💰 Lucro Total: $-1.14
2025-11-03 21:25:10,355 - INFO - 💰 Lucro Diário: $-1.14
2025-11-03 21:26:02,777 - INFO - 📊 EST 3: Abrindo VENDA | RSI: 75.00
2025-11-03 21:26:02,778 - INFO - 📈 Abrindo posição PUT
2025-11-03 21:26:02,778 - INFO -    Ativo: EURUSD-OTC | Valor: $1.0 | Exp: 1min
2025-11-03 21:26:04,935 - WARNING -    ⚠️ Erro ao verificar disponibilidade: 'underlying'
2025-11-03 21:26:05,567 - INFO -    ✅ Binary Option executada | ID: 13263840938
2025-11-03 21:26:05,567 - INFO - ✅ Posição PUT aberta | ID: 13263840938
2025-11-03 21:27:09,471 - INFO - ✅ TRADE VENCEDOR | Lucro: $0.86
2025-11-03 21:27:09,471 - INFO - 📊 Win Rate: 50.0% (2/4)
2025-11-03 21:27:09,471 - INFO - 💰 Lucro Total: $-0.28
2025-11-03 21:27:09,471 - INFO - 💰 Lucro Diário: $-0.28
2025-11-03 21:28:45,113 - INFO - 📊 EST 3: Abrindo VENDA | RSI: 75.76
2025-11-03 21:28:45,113 - INFO - 📈 Abrindo posição PUT
2025-11-03 21:28:45,113 - INFO -    Ativo: EURUSD-OTC | Valor: $1.0 | Exp: 1min
2025-11-03 21:28:47,066 - WARNING -    ⚠️ Erro ao verificar disponibilidade: 'underlying'
2025-11-03 21:28:47,790 - INFO -    ✅ Binary Option executada | ID: 13263849585
2025-11-03 21:28:47,791 - INFO - ✅ Posição PUT aberta | ID: 13263849585
2025-11-03 21:30:09,775 - INFO - ✅ TRADE VENCEDOR | Lucro: $0.86
2025-11-03 21:30:09,775 - INFO - 📊 Win Rate: 60.0% (3/5)
2025-11-03 21:30:09,775 - INFO - 💰 Lucro Total: $0.58
2025-11-03 21:30:09,775 - INFO - 💰 Lucro Diário: $0.58
2025-11-03 21:30:12,360 - INFO - 📊 EST 3: Abrindo VENDA | RSI: 77.10
2025-11-03 21:30:12,360 - INFO - 📈 Abrindo posição PUT
2025-11-03 21:30:12,360 - INFO -    Ativo: EURUSD-OTC | Valor: $1.0 | Exp: 1min
2025-11-03 21:30:14,264 - WARNING -    ⚠️ Erro ao verificar disponibilidade: 'underlying'
2025-11-03 21:30:14,935 - INFO -    ✅ Binary Option executada | ID: 13263854648
2025-11-03 21:30:14,936 - INFO - ✅ Posição PUT aberta | ID: 13263854648
2025-11-03 21:31:09,510 - INFO - ❌ TRADE PERDEDOR | Prejuízo: $-1.00
2025-11-03 21:31:09,510 - INFO - 📊 Win Rate: 50.0% (3/6)
2025-11-03 21:31:09,510 - INFO - 💰 Lucro Total: $-0.42
2025-11-03 21:31:09,510 - INFO - 💰 Lucro Diário: $-0.42
2025-11-03 21:33:12,699 - INFO - 📊 EST 3: Abrindo VENDA | RSI: 75.21
2025-11-03 21:33:12,699 - INFO - 📈 Abrindo posição PUT
2025-11-03 21:33:12,699 - INFO -    Ativo: EURUSD-OTC | Valor: $1.0 | Exp: 1min
2025-11-03 21:33:14,635 - WARNING -    ⚠️ Erro ao verificar disponibilidade: 'underlying'
2025-11-03 21:33:15,386 - INFO -    ✅ Binary Option executada | ID: 13263864794
2025-11-03 21:33:15,387 - INFO - ✅ Posição PUT aberta | ID: 13263864794
2025-11-03 21:34:09,569 - INFO - ❌ TRADE PERDEDOR | Prejuízo: $-1.00
2025-11-03 21:34:09,569 - INFO - 📊 Win Rate: 42.9% (3/7)
2025-11-03 21:34:09,569 - INFO - 💰 Lucro Total: $-1.42
2025-11-03 21:34:09,569 - INFO - 💰 Lucro Diário: $-1.42
2025-11-03 21:34:16,097 - INFO - 📊 EST 3: Abrindo VENDA | RSI: 75.91
2025-11-03 21:34:16,097 - INFO - 📈 Abrindo posição PUT
2025-11-03 21:34:16,097 - INFO -    Ativo: EURUSD-OTC | Valor: $1.0 | Exp: 1min
2025-11-03 21:34:18,359 - WARNING -    ⚠️ Erro ao verificar disponibilidade: 'underlying'
2025-11-03 21:34:19,091 - INFO -    ✅ Binary Option executada | ID: 13263868261
2025-11-03 21:34:19,091 - INFO - ✅ Posição PUT aberta | ID: 13263868261
2025-11-03 21:40:09,749 - WARNING - ⚠️ Timeout ao verificar resultado
2025-11-03 21:42:06,420 - INFO - 📊 EST 3: Abrindo VENDA | RSI: 75.21
2025-11-03 21:42:06,420 - INFO - 📈 Abrindo posição PUT
2025-11-03 21:42:06,420 - INFO -    Ativo: EURUSD-OTC | Valor: $1.0 | Exp: 1min
2025-11-03 21:42:08,318 - WARNING -    ⚠️ Erro ao verificar disponibilidade: 'underlying'
2025-11-03 21:42:08,970 - INFO -    ✅ Binary Option executada | ID: 13263895224
2025-11-03 21:42:08,970 - INFO - ✅ Posição PUT aberta | ID: 13263895224
2025-11-03 21:43:09,696 - INFO - ❌ TRADE PERDEDOR | Prejuízo: $-1.00
2025-11-03 21:43:09,696 - INFO - 📊 Win Rate: 37.5% (3/8)
2025-11-03 21:43:09,696 - INFO - 💰 Lucro Total: $-2.42
2025-11-03 21:43:09,696 - INFO - 💰 Lucro Diário: $-2.42
2025-11-03 21:44:11,102 - INFO - 📊 EST 3: Abrindo VENDA | RSI: 75.61
2025-11-03 21:44:11,104 - INFO - 📈 Abrindo posição PUT
2025-11-03 21:44:11,104 - INFO -    Ativo: EURUSD-OTC | Valor: $1.0 | Exp: 1min
2025-11-03 21:44:13,403 - WARNING -    ⚠️ Erro ao verificar disponibilidade: 'underlying'
2025-11-03 21:44:14,040 - INFO -    ✅ Binary Option executada | ID: 13263903500
2025-11-03 21:44:14,041 - INFO - ✅ Posição PUT aberta | ID: 13263903500
2025-11-03 21:45:10,080 - INFO - ✅ TRADE VENCEDOR | Lucro: $0.86
2025-11-03 21:45:10,080 - INFO - 📊 Win Rate: 44.4% (4/9)
2025-11-03 21:45:10,080 - INFO - 💰 Lucro Total: $-1.56
2025-11-03 21:45:10,080 - INFO - 💰 Lucro Diário: $-1.56
2025-11-03 21:55:11,764 - INFO - 📊 EST 3: Abrindo COMPRA | RSI: 19.05
2025-11-03 21:55:11,764 - INFO - 📈 Abrindo posição CALL
2025-11-03 21:55:11,766 - INFO -    Ativo: EURUSD-OTC | Valor: $1.0 | Exp: 1min
2025-11-03 21:55:13,604 - WARNING -    ⚠️ Erro ao verificar disponibilidade: 'underlying'
2025-11-03 21:55:14,288 - INFO -    ✅ Binary Option executada | ID: 13263941421
2025-11-03 21:55:14,289 - INFO - ✅ Posição CALL aberta | ID: 13263941421
2025-11-03 21:56:09,450 - INFO - ❌ TRADE PERDEDOR | Prejuízo: $-1.00
2025-11-03 21:56:09,450 - INFO - 📊 Win Rate: 40.0% (4/10)
2025-11-03 21:56:09,450 - INFO - 💰 Lucro Total: $-2.56
2025-11-03 21:56:09,450 - INFO - 💰 Lucro Diário: $-2.56
2025-11-03 21:58:11,162 - INFO - 📊 EST 3: Abrindo COMPRA | RSI: 17.86
2025-11-03 21:58:11,162 - INFO - 📈 Abrindo posição CALL
2025-11-03 21:58:11,162 - INFO -    Ativo: EURUSD-OTC | Valor: $1.0 | Exp: 1min
2025-11-03 21:58:13,012 - WARNING -    ⚠️ Erro ao verificar disponibilidade: 'underlying'
2025-11-03 21:58:13,599 - INFO -    ✅ Binary Option executada | ID: 13263950659
2025-11-03 21:58:13,600 - INFO - ✅ Posição CALL aberta | ID: 13263950659
2025-11-03 21:59:09,443 - INFO - ✅ TRADE VENCEDOR | Lucro: $0.86
2025-11-03 21:59:09,443 - INFO - 📊 Win Rate: 45.5% (5/11)
2025-11-03 21:59:09,443 - INFO - 💰 Lucro Total: $-1.70
2025-11-03 21:59:09,443 - INFO - 💰 Lucro Diário: $-1.70
2025-11-03 22:00:56,761 - INFO - 📊 EST 3: Abrindo COMPRA | RSI: 24.09
2025-11-03 22:00:56,763 - INFO - 📈 Abrindo posição CALL
2025-11-03 22:00:56,763 - INFO -    Ativo: EURUSD-OTC | Valor: $1.0 | Exp: 1min
2025-11-03 22:00:58,822 - WARNING -    ⚠️ Erro ao verificar disponibilidade: 'underlying'
2025-11-03 22:00:59,396 - INFO -    ✅ Binary Option executada | ID: 13263958931
2025-11-03 22:00:59,397 - INFO - ✅ Posição CALL aberta | ID: 13263958931
2025-11-03 22:02:09,504 - INFO - ✅ TRADE VENCEDOR | Lucro: $0.86
2025-11-03 22:02:09,506 - INFO - 📊 Win Rate: 50.0% (6/12)
2025-11-03 22:02:09,506 - INFO - 💰 Lucro Total: $-0.84
2025-11-03 22:02:09,506 - INFO - 💰 Lucro Diário: $-0.84
2025-11-03 22:04:12,081 - INFO - 📊 EST 3: Abrindo VENDA | RSI: 90.00
2025-11-03 22:04:12,081 - INFO - 📈 Abrindo posição PUT
2025-11-03 22:04:12,081 - INFO -    Ativo: EURUSD-OTC | Valor: $1.0 | Exp: 1min
2025-11-03 22:04:13,904 - WARNING -    ⚠️ Erro ao verificar disponibilidade: 'underlying'
2025-11-03 22:04:14,493 - INFO -    ✅ Binary Option executada | ID: 13263968557
2025-11-03 22:04:14,493 - INFO - ✅ Posição PUT aberta | ID: 13263968557
2025-11-03 22:05:09,851 - INFO - ❌ TRADE PERDEDOR | Prejuízo: $-1.00
2025-11-03 22:05:09,851 - INFO - 📊 Win Rate: 46.2% (6/13)
2025-11-03 22:05:09,851 - INFO - 💰 Lucro Total: $-1.84
2025-11-03 22:05:09,851 - INFO - 💰 Lucro Diário: $-1.84
2025-11-03 22:05:24,402 - INFO - 📊 EST 3: Abrindo VENDA | RSI: 75.73
2025-11-03 22:05:24,402 - INFO - 📈 Abrindo posição PUT
2025-11-03 22:05:24,402 - INFO -    Ativo: EURUSD-OTC | Valor: $1.0 | Exp: 1min
2025-11-03 22:05:26,599 - WARNING -    ⚠️ Erro ao verificar disponibilidade: 'underlying'
2025-11-03 22:05:27,264 - INFO -    ✅ Binary Option executada | ID: 13263972542
2025-11-03 22:05:27,264 - INFO - ✅ Posição PUT aberta | ID: 13263972542
2025-11-03 22:06:09,942 - INFO - ❌ TRADE PERDEDOR | Prejuízo: $-1.00
2025-11-03 22:06:09,942 - INFO - 📊 Win Rate: 42.9% (6/14)
2025-11-03 22:06:09,942 - INFO - 💰 Lucro Total: $-2.84
2025-11-03 22:06:09,942 - INFO - 💰 Lucro Diário: $-2.84
2025-11-03 22:10:46,492 - INFO - 📊 EST 3: Abrindo VENDA | RSI: 79.46
2025-11-03 22:10:46,492 - INFO - 📈 Abrindo posição PUT
2025-11-03 22:10:46,492 - INFO -    Ativo: EURUSD-OTC | Valor: $1.0 | Exp: 1min
2025-11-03 22:10:48,691 - WARNING -    ⚠️ Erro ao verificar disponibilidade: 'underlying'
2025-11-03 22:10:49,497 - INFO -    ✅ Binary Option executada | ID: 13263989209
2025-11-03 22:10:49,498 - INFO - ✅ Posição PUT aberta | ID: 13263989209
2025-11-03 22:12:09,461 - INFO - ✅ TRADE VENCEDOR | Lucro: $0.86
2025-11-03 22:12:09,461 - INFO - 📊 Win Rate: 46.7% (7/15)
2025-11-03 22:12:09,461 - INFO - 💰 Lucro Total: $-1.98
2025-11-03 22:12:09,461 - INFO - 💰 Lucro Diário: $-1.98
2025-11-03 22:15:13,396 - INFO - 📊 EST 3: Abrindo COMPRA | RSI: 25.00
2025-11-03 22:15:13,397 - INFO - 📈 Abrindo posição CALL
2025-11-03 22:15:13,397 - INFO -    Ativo: EURUSD-OTC | Valor: $1.0 | Exp: 1min
2025-11-03 22:15:15,419 - WARNING -    ⚠️ Erro ao verificar disponibilidade: 'underlying'
2025-11-03 22:15:16,100 - INFO -    ✅ Binary Option executada | ID: 13264003386
2025-11-03 22:15:16,100 - INFO - ✅ Posição CALL aberta | ID: 13264003386
2025-11-03 22:16:09,505 - INFO - ✅ TRADE VENCEDOR | Lucro: $0.86
2025-11-03 22:16:09,505 - INFO - 📊 Win Rate: 50.0% (8/16)
2025-11-03 22:16:09,505 - INFO - 💰 Lucro Total: $-1.12
2025-11-03 22:16:09,505 - INFO - 💰 Lucro Diário: $-1.12
2025-11-03 22:19:35,433 - INFO - ⚠️ Bot interrompido pelo usuário
2025-11-03 22:19:35,434 - INFO - 🔌 Desconectado da IQ Option
2025-11-03 22:19:35,434 - INFO - ============================================================
2025-11-03 22:19:35,435 - INFO - 📊 RESUMO FINAL
2025-11-03 22:19:35,435 - INFO - ============================================================
2025-11-03 22:19:35,436 - INFO - Total de Trades: 16
2025-11-03 22:19:35,436 - INFO - Trades Vencedores: 8
2025-11-03 22:19:35,436 - INFO - Win Rate: 50.0%
2025-11-03 22:19:35,436 - INFO - Lucro Total: $-1.12
2025-11-03 22:19:35,436 - INFO - Lucro Diário: $-1.12
2025-11-03 22:19:35,436 - INFO - ============================================================
2025-11-03 22:20:14,427 - INFO - 🤖 INICIANDO BOT...
2025-11-03 22:20:14,427 - INFO - ============================================================
2025-11-03 22:20:14,427 - INFO - INICIANDO CONEXÃO COM IQ OPTION
2025-11-03 22:20:14,427 - INFO - ============================================================
2025-11-03 22:20:16,903 - INFO - ✅ Modo: CONTA DEMO
2025-11-03 22:20:17,218 - INFO - 💰 Saldo disponível: $8099.03
2025-11-03 22:20:17,219 - INFO - 🔄 Fora do horário comercial - Usando EURUSD-OTC
2025-11-03 22:20:17,219 - INFO - ------------------------------------------------------------
2025-11-03 22:20:17,219 - INFO - 📊 Ativo: EURUSD-OTC
2025-11-03 22:20:17,219 - INFO -    🌐 Modo OTC ativado (mercado 24/7)
2025-11-03 22:20:17,219 - INFO - ⏱️ Timeframe: 1 minuto(s)
2025-11-03 22:20:17,219 - INFO - ⏳ Expiração: 1 minuto(s)
2025-11-03 22:20:17,219 - INFO - 💵 Valor por operação: $1.0
2025-11-03 22:20:17,219 - INFO - 🎯 Estratégia: 3
2025-11-03 22:20:17,219 - INFO - 🕒 Horário: 00:00 - 23:59
2025-11-03 22:20:17,219 - INFO - ------------------------------------------------------------
2025-11-03 22:20:17,219 - INFO - 🔍 Verificando disponibilidade do ativo...
2025-11-03 22:20:19,583 - WARNING - ⚠️ Erro ao verificar disponibilidade: 'underlying'
2025-11-03 22:20:19,626 - INFO - ============================================================
2025-11-03 22:20:19,626 - INFO - 🚀 Bot em execução!
2025-11-03 22:29:13,031 - INFO - ⚠️ Bot interrompido pelo usuário
2025-11-03 22:29:13,033 - INFO - 🔌 Desconectado da IQ Option
2025-11-03 22:29:13,033 - INFO - ============================================================
2025-11-03 22:29:13,035 - INFO - 📊 RESUMO FINAL
2025-11-03 22:29:13,035 - INFO - ============================================================
2025-11-03 22:29:13,036 - INFO - Total de Trades: 0
2025-11-03 22:29:13,036 - INFO - Trades Vencedores: 0
2025-11-03 22:29:13,036 - INFO - Lucro Total: $0.00
2025-11-03 22:29:13,036 - INFO - Lucro Diário: $0.00
2025-11-03 22:29:13,036 - INFO - ============================================================
2025-11-03 22:29:23,021 - INFO - 🤖 INICIANDO BOT...
2025-11-03 22:29:23,021 - INFO - ============================================================
2025-11-03 22:29:23,021 - INFO - INICIANDO CONEXÃO COM IQ OPTION
2025-11-03 22:29:23,021 - INFO - ============================================================
2025-11-03 22:29:25,712 - INFO - ✅ Modo: CONTA DEMO
2025-11-03 22:29:26,114 - INFO - 💰 Saldo disponível: $8099.03
2025-11-03 22:29:26,114 - INFO - 🔄 Fora do horário comercial - Usando EURUSD-OTC
2025-11-03 22:29:26,114 - INFO - ------------------------------------------------------------
2025-11-03 22:29:26,114 - INFO - 📊 Ativo: EURUSD-OTC
2025-11-03 22:29:26,114 - INFO -    🌐 Modo OTC ativado (mercado 24/7)
2025-11-03 22:29:26,114 - INFO - ⏱️ Timeframe: 1 minuto(s)
2025-11-03 22:29:26,114 - INFO - ⏳ Expiração: 1 minuto(s)
2025-11-03 22:29:26,114 - INFO - 💵 Valor por operação: $1.0
2025-11-03 22:29:26,114 - INFO - 🎯 Estratégia: 3
2025-11-03 22:29:26,114 - INFO - 🕒 Horário: 00:00 - 23:59
2025-11-03 22:29:26,114 - INFO - ------------------------------------------------------------
2025-11-03 22:29:26,114 - INFO - 🔍 Verificando disponibilidade do ativo...
2025-11-03 22:29:28,898 - WARNING - ⚠️ Erro ao verificar disponibilidade: 'underlying'
2025-11-03 22:29:28,898 - INFO - ============================================================
2025-11-03 22:29:28,898 - INFO - 🚀 Bot em execução!
2025-11-03 22:32:26,075 - ERROR - **error** get_candles need reconnect
2025-11-03 22:32:32,643 - ERROR - **error** get_candles need reconnect
2025-11-03 22:37:51,063 - INFO - 🤖 INICIANDO BOT...
2025-11-03 22:37:51,063 - INFO - ============================================================
2025-11-03 22:37:51,063 - INFO - INICIANDO CONEXÃO COM IQ OPTION
2025-11-03 22:37:51,063 - INFO - ============================================================
2025-11-03 22:37:53,685 - INFO - ✅ Modo: CONTA DEMO
2025-11-03 22:37:54,039 - INFO - 💰 Saldo disponível: $8099.03
2025-11-03 22:37:54,039 - INFO - 🔄 Fora do horário comercial - Usando EURUSD-OTC
2025-11-03 22:37:54,039 - INFO - ------------------------------------------------------------
2025-11-03 22:37:54,039 - INFO - 📊 Ativo: EURUSD-OTC
2025-11-03 22:37:54,039 - INFO -    🌐 Modo OTC ativado (mercado 24/7)
2025-11-03 22:37:54,039 - INFO - ⏱️ Timeframe: 1 minuto(s)
2025-11-03 22:37:54,039 - INFO - ⏳ Expiração: 1 minuto(s)
2025-11-03 22:37:54,039 - INFO - 💵 Valor por operação: $1.0
2025-11-03 22:37:54,039 - INFO - 🎯 Estratégia: 4
2025-11-03 22:37:54,039 - INFO - 🕒 Horário: 00:00 - 23:59
2025-11-03 22:37:54,039 - INFO - ------------------------------------------------------------
2025-11-03 22:37:54,039 - INFO - 🔍 Verificando disponibilidade do ativo...
2025-11-03 22:37:56,427 - WARNING - ⚠️ Erro ao verificar disponibilidade: 'underlying'
2025-11-03 22:37:56,430 - INFO - ============================================================
2025-11-03 22:37:56,430 - INFO - 🚀 Bot em execução!
2025-11-03 22:38:11,575 - INFO - 📊 EST 4: SETUP VENDA detectado | Aguardando pullback à MA21
2025-11-03 22:38:11,575 - INFO - 📊 EST 4: PULLBACK VENDA! Preço: 1.15413 | MA21: 1.15441
2025-11-03 22:38:11,575 - INFO - 📈 Abrindo posição PUT
2025-11-03 22:38:11,575 - INFO -    Ativo: EURUSD-OTC | Valor: $1.0 | Exp: 1min
2025-11-03 22:38:12,786 - WARNING -    ⚠️ Erro ao verificar disponibilidade: 'underlying'
2025-11-03 22:38:13,478 - INFO -    ✅ Binary Option executada | ID: 13264079782
2025-11-03 22:38:13,478 - INFO - ✅ Posição PUT aberta | ID: 13264079782
2025-11-03 22:39:09,569 - INFO - ❌ TRADE PERDEDOR | Prejuízo: $-1.00
2025-11-03 22:39:09,570 - INFO - 📊 Win Rate: 0.0% (0/1)
2025-11-03 22:39:09,570 - INFO - 💰 Lucro Total: $-1.00
2025-11-03 22:39:09,570 - INFO - 💰 Lucro Diário: $-1.00
2025-11-03 22:39:10,828 - INFO - 📊 EST 4: SETUP VENDA detectado | Aguardando pullback à MA21
2025-11-03 22:39:10,828 - INFO - 📊 EST 4: PULLBACK VENDA! Preço: 1.15414 | MA21: 1.15441
2025-11-03 22:39:10,828 - INFO - 📈 Abrindo posição PUT
2025-11-03 22:39:10,828 - INFO -    Ativo: EURUSD-OTC | Valor: $1.0 | Exp: 1min
2025-11-03 22:39:11,983 - WARNING -    ⚠️ Erro ao verificar disponibilidade: 'underlying'
2025-11-03 22:39:12,549 - INFO -    ✅ Binary Option executada | ID: 13264082667
2025-11-03 22:39:12,550 - INFO - ✅ Posição PUT aberta | ID: 13264082667
2025-11-03 22:40:09,847 - INFO - ✅ TRADE VENCEDOR | Lucro: $0.86
2025-11-03 22:40:09,847 - INFO - 📊 Win Rate: 50.0% (1/2)
2025-11-03 22:40:09,847 - INFO - 💰 Lucro Total: $-0.14
2025-11-03 22:40:09,847 - INFO - 💰 Lucro Diário: $-0.14
2025-11-03 22:40:12,463 - INFO - 📊 EST 4: SETUP VENDA detectado | Aguardando pullback à MA21
2025-11-03 22:40:12,463 - INFO - 📊 EST 4: PULLBACK VENDA! Preço: 1.15394 | MA21: 1.15434
2025-11-03 22:40:12,463 - INFO - 📈 Abrindo posição PUT
2025-11-03 22:40:12,463 - INFO -    Ativo: EURUSD-OTC | Valor: $1.0 | Exp: 1min
2025-11-03 22:40:14,499 - WARNING -    ⚠️ Erro ao verificar disponibilidade: 'underlying'
2025-11-03 22:40:15,161 - INFO -    ✅ Binary Option executada | ID: 13264086386
2025-11-03 22:40:15,165 - INFO - ✅ Posição PUT aberta | ID: 13264086386
2025-11-03 22:41:09,503 - INFO - ✅ TRADE VENCEDOR | Lucro: $0.86
2025-11-03 22:41:09,506 - INFO - 📊 Win Rate: 66.7% (2/3)
2025-11-03 22:41:09,506 - INFO - 💰 Lucro Total: $0.72
2025-11-03 22:41:09,506 - INFO - 💰 Lucro Diário: $0.72
2025-11-03 22:41:10,803 - INFO - 📊 EST 4: SETUP VENDA detectado | Aguardando pullback à MA21
2025-11-03 22:41:10,803 - INFO - 📊 EST 4: PULLBACK VENDA! Preço: 1.15386 | MA21: 1.15433
2025-11-03 22:41:10,803 - INFO - 📈 Abrindo posição PUT
2025-11-03 22:41:10,803 - INFO -    Ativo: EURUSD-OTC | Valor: $1.0 | Exp: 1min
2025-11-03 22:41:12,934 - WARNING -    ⚠️ Erro ao verificar disponibilidade: 'underlying'
2025-11-03 22:41:13,519 - INFO -    ✅ Binary Option executada | ID: 13264089748
2025-11-03 22:41:13,521 - INFO - ✅ Posição PUT aberta | ID: 13264089748
2025-11-03 22:42:09,633 - INFO - ✅ TRADE VENCEDOR | Lucro: $0.86
2025-11-03 22:42:09,633 - INFO - 📊 Win Rate: 75.0% (3/4)
2025-11-03 22:42:09,635 - INFO - 💰 Lucro Total: $1.58
2025-11-03 22:42:09,635 - INFO - 💰 Lucro Diário: $1.58
2025-11-03 22:42:10,914 - INFO - 📊 EST 4: SETUP VENDA detectado | Aguardando pullback à MA21
2025-11-03 22:42:10,914 - INFO - 📊 EST 4: PULLBACK VENDA! Preço: 1.15372 | MA21: 1.15427
2025-11-03 22:42:10,916 - INFO - 📈 Abrindo posição PUT
2025-11-03 22:42:10,917 - INFO -    Ativo: EURUSD-OTC | Valor: $1.0 | Exp: 1min
2025-11-03 22:42:12,778 - WARNING -    ⚠️ Erro ao verificar disponibilidade: 'underlying'
2025-11-03 22:42:13,483 - INFO -    ✅ Binary Option executada | ID: 13264093113
2025-11-03 22:42:13,484 - INFO - ✅ Posição PUT aberta | ID: 13264093113
2025-11-03 22:43:09,649 - INFO - ✅ TRADE VENCEDOR | Lucro: $0.86
2025-11-03 22:43:09,651 - INFO - 📊 Win Rate: 80.0% (4/5)
2025-11-03 22:43:09,651 - INFO - 💰 Lucro Total: $2.44
2025-11-03 22:43:09,651 - INFO - 💰 Lucro Diário: $2.44
2025-11-03 22:43:10,956 - INFO - 📊 EST 4: SETUP VENDA detectado | Aguardando pullback à MA21
2025-11-03 22:43:10,956 - INFO - 📊 EST 4: PULLBACK VENDA! Preço: 1.15366 | MA21: 1.15422
2025-11-03 22:43:10,962 - INFO - 📈 Abrindo posição PUT
2025-11-03 22:43:10,962 - INFO -    Ativo: EURUSD-OTC | Valor: $1.0 | Exp: 1min
2025-11-03 22:43:12,631 - WARNING -    ⚠️ Erro ao verificar disponibilidade: 'underlying'
2025-11-03 22:43:13,316 - INFO -    ✅ Binary Option executada | ID: 13264096386
2025-11-03 22:43:13,318 - INFO - ✅ Posição PUT aberta | ID: 13264096386
2025-11-03 22:44:09,505 - INFO - ✅ TRADE VENCEDOR | Lucro: $0.86
2025-11-03 22:44:09,509 - INFO - 📊 Win Rate: 83.3% (5/6)
2025-11-03 22:44:09,509 - INFO - 💰 Lucro Total: $3.30
2025-11-03 22:44:09,509 - INFO - 💰 Lucro Diário: $3.30
2025-11-03 22:44:10,876 - INFO - 📊 EST 4: SETUP VENDA detectado | Aguardando pullback à MA21
2025-11-03 22:44:10,876 - INFO - 📊 EST 4: PULLBACK VENDA! Preço: 1.15356 | MA21: 1.15416
2025-11-03 22:44:10,876 - INFO - 📈 Abrindo posição PUT
2025-11-03 22:44:10,877 - INFO -    Ativo: EURUSD-OTC | Valor: $1.0 | Exp: 1min
2025-11-03 22:44:12,546 - WARNING -    ⚠️ Erro ao verificar disponibilidade: 'underlying'
2025-11-03 22:44:13,192 - INFO -    ✅ Binary Option executada | ID: 13264099688
2025-11-03 22:44:13,192 - INFO - ✅ Posição PUT aberta | ID: 13264099688
2025-11-03 22:45:09,949 - INFO - ❌ TRADE PERDEDOR | Prejuízo: $-1.00
2025-11-03 22:45:09,952 - INFO - 📊 Win Rate: 71.4% (5/7)
2025-11-03 22:45:09,952 - INFO - 💰 Lucro Total: $2.30
2025-11-03 22:45:09,952 - INFO - 💰 Lucro Diário: $2.30
2025-11-03 22:47:11,091 - INFO - 📊 EST 4: SETUP VENDA detectado | Aguardando pullback à MA21
2025-11-03 22:47:11,093 - INFO - 📊 EST 4: PULLBACK VENDA! Preço: 1.15366 | MA21: 1.15400
2025-11-03 22:47:11,093 - INFO - 📈 Abrindo posição PUT
2025-11-03 22:47:11,093 - INFO -    Ativo: EURUSD-OTC | Valor: $1.0 | Exp: 1min
2025-11-03 22:47:13,201 - WARNING -    ⚠️ Erro ao verificar disponibilidade: 'underlying'
2025-11-03 22:47:13,894 - INFO -    ✅ Binary Option executada | ID: 13264110523
2025-11-03 22:47:13,894 - INFO - ✅ Posição PUT aberta | ID: 13264110523
2025-11-03 22:48:09,755 - INFO - ✅ TRADE VENCEDOR | Lucro: $0.86
2025-11-03 22:48:09,759 - INFO - 📊 Win Rate: 75.0% (6/8)
2025-11-03 22:48:09,759 - INFO - 💰 Lucro Total: $3.16
2025-11-03 22:48:09,761 - INFO - 💰 Lucro Diário: $3.16
2025-11-03 22:48:11,065 - INFO - 📊 EST 4: SETUP VENDA detectado | Aguardando pullback à MA21
2025-11-03 22:48:11,065 - INFO - 📊 EST 4: PULLBACK VENDA! Preço: 1.15353 | MA21: 1.15399
2025-11-03 22:48:11,065 - INFO - 📈 Abrindo posição PUT
2025-11-03 22:48:11,065 - INFO -    Ativo: EURUSD-OTC | Valor: $1.0 | Exp: 1min
2025-11-03 22:48:13,018 - WARNING -    ⚠️ Erro ao verificar disponibilidade: 'underlying'
2025-11-03 22:48:13,611 - INFO -    ✅ Binary Option executada | ID: 13264113950
2025-11-03 22:48:13,611 - INFO - ✅ Posição PUT aberta | ID: 13264113950
2025-11-03 22:49:09,823 - INFO - ❌ TRADE PERDEDOR | Prejuízo: $-1.00
2025-11-03 22:49:09,825 - INFO - 📊 Win Rate: 66.7% (6/9)
2025-11-03 22:49:09,825 - INFO - 💰 Lucro Total: $2.16
2025-11-03 22:49:09,827 - INFO - 💰 Lucro Diário: $2.16
2025-11-03 22:50:11,404 - INFO - 📊 EST 4: SETUP VENDA detectado | Aguardando pullback à MA21
2025-11-03 22:50:11,404 - INFO - 📊 EST 4: PULLBACK VENDA! Preço: 1.15336 | MA21: 1.15385
2025-11-03 22:50:11,404 - INFO - 📈 Abrindo posição PUT
2025-11-03 22:50:11,404 - INFO -    Ativo: EURUSD-OTC | Valor: $1.0 | Exp: 1min
2025-11-03 22:50:13,373 - WARNING -    ⚠️ Erro ao verificar disponibilidade: 'underlying'
2025-11-03 22:50:14,118 - INFO -    ✅ Binary Option executada | ID: 13264121416
2025-11-03 22:50:14,120 - INFO - ✅ Posição PUT aberta | ID: 13264121416
2025-11-03 22:51:09,586 - INFO - ✅ TRADE VENCEDOR | Lucro: $0.86
2025-11-03 22:51:09,586 - INFO - 📊 Win Rate: 70.0% (7/10)
2025-11-03 22:51:09,586 - INFO - 💰 Lucro Total: $3.02
2025-11-03 22:51:09,586 - INFO - 💰 Lucro Diário: $3.02
2025-11-03 22:51:10,928 - INFO - 📊 EST 4: SETUP VENDA detectado | Aguardando pullback à MA21
2025-11-03 22:51:10,929 - INFO - 📊 EST 4: PULLBACK VENDA! Preço: 1.15318 | MA21: 1.15383
2025-11-03 22:51:10,929 - INFO - 📈 Abrindo posição PUT
2025-11-03 22:51:10,930 - INFO -    Ativo: EURUSD-OTC | Valor: $1.0 | Exp: 1min
2025-11-03 22:51:13,226 - WARNING -    ⚠️ Erro ao verificar disponibilidade: 'underlying'
2025-11-03 22:51:13,943 - INFO -    ✅ Binary Option executada | ID: 13264124790
2025-11-03 22:51:13,944 - INFO - ✅ Posição PUT aberta | ID: 13264124790
2025-11-03 22:52:09,804 - INFO - ❌ TRADE PERDEDOR | Prejuízo: $-1.00
2025-11-03 22:52:09,805 - INFO - 📊 Win Rate: 63.6% (7/11)
2025-11-03 22:52:09,805 - INFO - 💰 Lucro Total: $2.02
2025-11-03 22:52:09,806 - INFO - 💰 Lucro Diário: $2.02
2025-11-03 22:54:11,586 - INFO - 📊 EST 4: SETUP VENDA detectado | Aguardando pullback à MA21
2025-11-03 22:54:11,586 - INFO - 📊 EST 4: PULLBACK VENDA! Preço: 1.15342 | MA21: 1.15370
2025-11-03 22:54:11,586 - INFO - 📈 Abrindo posição PUT
2025-11-03 22:54:11,586 - INFO -    Ativo: EURUSD-OTC | Valor: $1.0 | Exp: 1min
2025-11-03 22:54:13,535 - WARNING -    ⚠️ Erro ao verificar disponibilidade: 'underlying'
2025-11-03 22:54:14,227 - INFO -    ✅ Binary Option executada | ID: 13264134805
2025-11-03 22:54:14,227 - INFO - ✅ Posição PUT aberta | ID: 13264134805
2025-11-03 22:55:09,791 - INFO - ✅ TRADE VENCEDOR | Lucro: $0.86
2025-11-03 22:55:09,793 - INFO - 📊 Win Rate: 66.7% (8/12)
2025-11-03 22:55:09,793 - INFO - 💰 Lucro Total: $2.88
2025-11-03 22:55:09,793 - INFO - 💰 Lucro Diário: $2.88
2025-11-03 22:55:11,131 - INFO - 📊 EST 4: SETUP VENDA detectado | Aguardando pullback à MA21
2025-11-03 22:55:11,131 - INFO - 📊 EST 4: PULLBACK VENDA! Preço: 1.15331 | MA21: 1.15365
2025-11-03 22:55:11,141 - INFO - 📈 Abrindo posição PUT
2025-11-03 22:55:11,141 - INFO -    Ativo: EURUSD-OTC | Valor: $1.0 | Exp: 1min
2025-11-03 22:55:13,254 - WARNING -    ⚠️ Erro ao verificar disponibilidade: 'underlying'
2025-11-03 22:55:13,934 - INFO -    ✅ Binary Option executada | ID: 13264137870
2025-11-03 22:55:13,934 - INFO - ✅ Posição PUT aberta | ID: 13264137870
2025-11-03 22:56:09,874 - INFO - ❌ TRADE PERDEDOR | Prejuízo: $-1.00
2025-11-03 22:56:09,874 - INFO - 📊 Win Rate: 61.5% (8/13)
2025-11-03 22:56:09,874 - INFO - 💰 Lucro Total: $1.88
2025-11-03 22:56:09,874 - INFO - 💰 Lucro Diário: $1.88
2025-11-03 22:57:12,171 - INFO - 📊 EST 4: SETUP VENDA detectado | Aguardando pullback à MA21
2025-11-03 22:57:12,171 - INFO - 📊 EST 4: PULLBACK VENDA! Preço: 1.15305 | MA21: 1.15354
2025-11-03 22:57:12,171 - INFO - 📈 Abrindo posição PUT
2025-11-03 22:57:12,171 - INFO -    Ativo: EURUSD-OTC | Valor: $1.0 | Exp: 1min
2025-11-03 22:57:13,816 - WARNING -    ⚠️ Erro ao verificar disponibilidade: 'underlying'
2025-11-03 22:57:14,568 - INFO -    ✅ Binary Option executada | ID: 13264143912
2025-11-03 22:57:14,569 - INFO - ✅ Posição PUT aberta | ID: 13264143912
2025-11-03 23:03:10,690 - WARNING - ⚠️ Timeout ao verificar resultado
2025-11-03 23:05:12,220 - INFO - 📊 EST 4: SETUP VENDA detectado | Aguardando pullback à MA21
2025-11-03 23:05:12,220 - INFO - 📊 EST 4: PULLBACK VENDA! Preço: 1.15284 | MA21: 1.15317
2025-11-03 23:05:12,220 - INFO - 📈 Abrindo posição PUT
2025-11-03 23:05:12,220 - INFO -    Ativo: EURUSD-OTC | Valor: $1.0 | Exp: 1min
2025-11-03 23:05:13,571 - WARNING -    ⚠️ Erro ao verificar disponibilidade: 'underlying'
2025-11-03 23:05:14,251 - INFO -    ✅ Binary Option executada | ID: 13264170110
2025-11-03 23:05:14,251 - INFO - ✅ Posição PUT aberta | ID: 13264170110
2025-11-03 23:06:09,777 - INFO - ✅ TRADE VENCEDOR | Lucro: $0.86
2025-11-03 23:06:09,777 - INFO - 📊 Win Rate: 64.3% (9/14)
2025-11-03 23:06:09,777 - INFO - 💰 Lucro Total: $2.74
2025-11-03 23:06:09,777 - INFO - 💰 Lucro Diário: $2.74
2025-11-03 23:06:11,195 - INFO - 📊 EST 4: SETUP VENDA detectado | Aguardando pullback à MA21
2025-11-03 23:06:11,195 - INFO - 📊 EST 4: PULLBACK VENDA! Preço: 1.15271 | MA21: 1.15312
2025-11-03 23:06:11,195 - INFO - 📈 Abrindo posição PUT
2025-11-03 23:06:11,195 - INFO -    Ativo: EURUSD-OTC | Valor: $1.0 | Exp: 1min
2025-11-03 23:06:12,366 - WARNING -    ⚠️ Erro ao verificar disponibilidade: 'underlying'
2025-11-03 23:06:13,122 - INFO -    ✅ Binary Option executada | ID: 13264173284
2025-11-03 23:06:13,123 - INFO - ✅ Posição PUT aberta | ID: 13264173284
2025-11-03 23:07:10,068 - INFO - ✅ TRADE VENCEDOR | Lucro: $0.86
2025-11-03 23:07:10,070 - INFO - 📊 Win Rate: 66.7% (10/15)
2025-11-03 23:07:10,070 - INFO - 💰 Lucro Total: $3.60
2025-11-03 23:07:10,070 - INFO - 💰 Lucro Diário: $3.60
2025-11-03 23:07:11,409 - INFO - 📊 EST 4: SETUP VENDA detectado | Aguardando pullback à MA21
2025-11-03 23:07:11,414 - INFO - 📊 EST 4: PULLBACK VENDA! Preço: 1.15267 | MA21: 1.15307
2025-11-03 23:07:11,414 - INFO - 📈 Abrindo posição PUT
2025-11-03 23:07:11,414 - INFO -    Ativo: EURUSD-OTC | Valor: $1.0 | Exp: 1min
2025-11-03 23:07:13,182 - WARNING -    ⚠️ Erro ao verificar disponibilidade: 'underlying'
2025-11-03 23:07:13,923 - INFO -    ✅ Binary Option executada | ID: 13264176189
2025-11-03 23:07:13,926 - INFO - ✅ Posição PUT aberta | ID: 13264176189
2025-11-03 23:08:09,604 - INFO - ❌ TRADE PERDEDOR | Prejuízo: $-1.00
2025-11-03 23:08:09,604 - INFO - 📊 Win Rate: 62.5% (10/16)
2025-11-03 23:08:09,604 - INFO - 💰 Lucro Total: $2.60
2025-11-03 23:08:09,604 - INFO - 💰 Lucro Diário: $2.60
2025-11-03 23:08:10,889 - INFO - 📊 EST 4: SETUP VENDA detectado | Aguardando pullback à MA21
2025-11-03 23:08:10,902 - INFO - 📊 EST 4: PULLBACK VENDA! Preço: 1.15282 | MA21: 1.15309
2025-11-03 23:08:10,902 - INFO - 📈 Abrindo posição PUT
2025-11-03 23:08:10,902 - INFO -    Ativo: EURUSD-OTC | Valor: $1.0 | Exp: 1min
2025-11-03 23:08:12,183 - WARNING -    ⚠️ Erro ao verificar disponibilidade: 'underlying'
2025-11-03 23:08:12,815 - INFO -    ✅ Binary Option executada | ID: 13264179012
2025-11-03 23:08:12,818 - INFO - ✅ Posição PUT aberta | ID: 13264179012
2025-11-03 23:09:09,629 - INFO - ❌ TRADE PERDEDOR | Prejuízo: $-1.00
2025-11-03 23:09:09,629 - INFO - 📊 Win Rate: 58.8% (10/17)
2025-11-03 23:09:09,629 - INFO - 💰 Lucro Total: $1.60
2025-11-03 23:09:09,629 - INFO - 💰 Lucro Diário: $1.60
2025-11-03 23:10:11,363 - INFO - 📊 EST 4: SETUP VENDA detectado | Aguardando pullback à MA21
2025-11-03 23:10:11,363 - INFO - 📊 EST 4: PULLBACK VENDA! Preço: 1.15291 | MA21: 1.15304
2025-11-03 23:10:11,363 - INFO - 📈 Abrindo posição PUT
2025-11-03 23:10:11,363 - INFO -    Ativo: EURUSD-OTC | Valor: $1.0 | Exp: 1min
2025-11-03 23:10:12,665 - WARNING -    ⚠️ Erro ao verificar disponibilidade: 'underlying'
2025-11-03 23:10:13,458 - INFO -    ✅ Binary Option executada | ID: 13264185043
2025-11-03 23:10:13,460 - INFO - ✅ Posição PUT aberta | ID: 13264185043
2025-11-03 23:11:09,774 - INFO - ✅ TRADE VENCEDOR | Lucro: $0.86
2025-11-03 23:11:09,774 - INFO - 📊 Win Rate: 61.1% (11/18)
2025-11-03 23:11:09,774 - INFO - 💰 Lucro Total: $2.46
2025-11-03 23:11:09,774 - INFO - 💰 Lucro Diário: $2.46
2025-11-03 23:12:11,990 - INFO - 📊 EST 4: SETUP VENDA detectado | Aguardando pullback à MA21
2025-11-03 23:12:11,990 - INFO - 📊 EST 4: PULLBACK VENDA! Preço: 1.15247 | MA21: 1.15295
2025-11-03 23:12:11,990 - INFO - 📈 Abrindo posição PUT
2025-11-03 23:12:11,990 - INFO -    Ativo: EURUSD-OTC | Valor: $1.0 | Exp: 1min
2025-11-03 23:12:13,458 - WARNING -    ⚠️ Erro ao verificar disponibilidade: 'underlying'
2025-11-03 23:12:14,073 - INFO -    ✅ Binary Option executada | ID: 13264191429
2025-11-03 23:12:14,073 - INFO - ✅ Posição PUT aberta | ID: 13264191429
2025-11-03 23:13:09,605 - INFO - ✅ TRADE VENCEDOR | Lucro: $0.86
2025-11-03 23:13:09,606 - INFO - 📊 Win Rate: 63.2% (12/19)
2025-11-03 23:13:09,606 - INFO - 💰 Lucro Total: $3.32
2025-11-03 23:13:09,606 - INFO - 💰 Lucro Diário: $3.32
2025-11-03 23:13:10,951 - INFO - 📊 EST 4: SETUP VENDA detectado | Aguardando pullback à MA21
2025-11-03 23:13:10,951 - INFO - 📊 EST 4: PULLBACK VENDA! Preço: 1.15240 | MA21: 1.15294
2025-11-03 23:13:10,951 - INFO - 📈 Abrindo posição PUT
2025-11-03 23:13:10,951 - INFO -    Ativo: EURUSD-OTC | Valor: $1.0 | Exp: 1min
2025-11-03 23:13:12,213 - WARNING -    ⚠️ Erro ao verificar disponibilidade: 'underlying'
2025-11-03 23:13:12,951 - INFO -    ✅ Binary Option executada | ID: 13264194614
2025-11-03 23:13:12,952 - INFO - ✅ Posição PUT aberta | ID: 13264194614
2025-11-03 23:14:09,748 - INFO - ❌ TRADE PERDEDOR | Prejuízo: $-1.00
2025-11-03 23:14:09,748 - INFO - 📊 Win Rate: 60.0% (12/20)
2025-11-03 23:14:09,748 - INFO - 💰 Lucro Total: $2.32
2025-11-03 23:14:09,748 - INFO - 💰 Lucro Diário: $2.32
2025-11-03 23:15:11,783 - INFO - 📊 EST 4: SETUP VENDA detectado | Aguardando pullback à MA21
2025-11-03 23:15:11,783 - INFO - 📊 EST 4: PULLBACK VENDA! Preço: 1.15254 | MA21: 1.15285
2025-11-03 23:15:11,783 - INFO - 📈 Abrindo posição PUT
2025-11-03 23:15:11,783 - INFO -    Ativo: EURUSD-OTC | Valor: $1.0 | Exp: 1min
2025-11-03 23:15:13,088 - WARNING -    ⚠️ Erro ao verificar disponibilidade: 'underlying'
2025-11-03 23:15:13,811 - INFO -    ✅ Binary Option executada | ID: 13264201573
2025-11-03 23:15:13,813 - INFO - ✅ Posição PUT aberta | ID: 13264201573
2025-11-03 23:16:09,651 - INFO - ❌ TRADE PERDEDOR | Prejuízo: $-1.00
2025-11-03 23:16:09,651 - INFO - 📊 Win Rate: 57.1% (12/21)
2025-11-03 23:16:09,651 - INFO - 💰 Lucro Total: $1.32
2025-11-03 23:16:09,651 - INFO - 💰 Lucro Diário: $1.32
2025-11-03 23:16:10,908 - INFO - 📊 EST 4: SETUP VENDA detectado | Aguardando pullback à MA21
2025-11-03 23:16:10,908 - INFO - 📊 EST 4: PULLBACK VENDA! Preço: 1.15267 | MA21: 1.15287
2025-11-03 23:16:10,908 - INFO - 📈 Abrindo posição PUT
2025-11-03 23:16:10,908 - INFO -    Ativo: EURUSD-OTC | Valor: $1.0 | Exp: 1min
2025-11-03 23:16:12,185 - WARNING -    ⚠️ Erro ao verificar disponibilidade: 'underlying'
2025-11-03 23:16:12,908 - INFO -    ✅ Binary Option executada | ID: 13264204647
2025-11-03 23:16:12,910 - INFO - ✅ Posição PUT aberta | ID: 13264204647
2025-11-03 23:17:09,866 - INFO - ❌ TRADE PERDEDOR | Prejuízo: $-1.00
2025-11-03 23:17:09,866 - INFO - 📊 Win Rate: 54.5% (12/22)
2025-11-03 23:17:09,868 - INFO - 💰 Lucro Total: $0.32
2025-11-03 23:17:09,868 - INFO - 💰 Lucro Diário: $0.32
2025-11-03 23:19:12,140 - INFO - 📊 EST 4: SETUP COMPRA detectado | Aguardando pullback à MA21
2025-11-03 23:19:12,144 - INFO - 📊 EST 4: PULLBACK COMPRA! Preço: 1.15318 | MA21: 1.15293
2025-11-03 23:19:12,144 - INFO - 📈 Abrindo posição CALL
2025-11-03 23:19:12,144 - INFO -    Ativo: EURUSD-OTC | Valor: $1.0 | Exp: 1min
2025-11-03 23:19:13,432 - WARNING -    ⚠️ Erro ao verificar disponibilidade: 'underlying'
2025-11-03 23:19:14,127 - INFO -    ✅ Binary Option executada | ID: 13264215362
2025-11-03 23:19:14,127 - INFO - ✅ Posição CALL aberta | ID: 13264215362
2025-11-03 23:20:09,825 - INFO - ✅ TRADE VENCEDOR | Lucro: $0.86
2025-11-03 23:20:09,825 - INFO - 📊 Win Rate: 56.5% (13/23)
2025-11-03 23:20:09,825 - INFO - 💰 Lucro Total: $1.18
2025-11-03 23:20:09,825 - INFO - 💰 Lucro Diário: $1.18
2025-11-03 23:20:11,234 - INFO - 📊 EST 4: SETUP COMPRA detectado | Aguardando pullback à MA21
2025-11-03 23:20:11,234 - INFO - 📊 EST 4: PULLBACK COMPRA! Preço: 1.15318 | MA21: 1.15295
2025-11-03 23:20:11,234 - INFO - 📈 Abrindo posição CALL
2025-11-03 23:20:11,234 - INFO -    Ativo: EURUSD-OTC | Valor: $1.0 | Exp: 1min
2025-11-03 23:20:12,469 - WARNING -    ⚠️ Erro ao verificar disponibilidade: 'underlying'
2025-11-03 23:20:13,134 - INFO -    ✅ Binary Option executada | ID: 13264218776
2025-11-03 23:20:13,135 - INFO - ✅ Posição CALL aberta | ID: 13264218776
2025-11-03 23:21:09,886 - INFO - ❌ TRADE PERDEDOR | Prejuízo: $-1.00
2025-11-03 23:21:09,886 - INFO - 📊 Win Rate: 54.2% (13/24)
2025-11-03 23:21:09,886 - INFO - 💰 Lucro Total: $0.18
2025-11-03 23:21:09,886 - INFO - 💰 Lucro Diário: $0.18
2025-11-03 23:22:12,316 - INFO - 📊 EST 4: SETUP COMPRA detectado | Aguardando pullback à MA21
2025-11-03 23:22:12,316 - INFO - 📊 EST 4: PULLBACK COMPRA! Preço: 1.15316 | MA21: 1.15298
2025-11-03 23:22:12,316 - INFO - 📈 Abrindo posição CALL
2025-11-03 23:22:12,316 - INFO -    Ativo: EURUSD-OTC | Valor: $1.0 | Exp: 1min
2025-11-03 23:22:14,395 - WARNING -    ⚠️ Erro ao verificar disponibilidade: 'underlying'
2025-11-03 23:22:15,157 - INFO -    ✅ Binary Option executada | ID: 13264226179
2025-11-03 23:22:15,158 - INFO - ✅ Posição CALL aberta | ID: 13264226179
2025-11-03 23:23:09,795 - INFO - ✅ TRADE VENCEDOR | Lucro: $0.86
2025-11-03 23:23:09,795 - INFO - 📊 Win Rate: 56.0% (14/25)
2025-11-03 23:23:09,795 - INFO - 💰 Lucro Total: $1.04
2025-11-03 23:23:09,795 - INFO - 💰 Lucro Diário: $1.04
2025-11-03 23:23:11,177 - INFO - 📊 EST 4: SETUP COMPRA detectado | Aguardando pullback à MA21
2025-11-03 23:23:11,178 - INFO - 📊 EST 4: PULLBACK COMPRA! Preço: 1.15325 | MA21: 1.15298
2025-11-03 23:23:11,178 - INFO - 📈 Abrindo posição CALL
2025-11-03 23:23:11,178 - INFO -    Ativo: EURUSD-OTC | Valor: $1.0 | Exp: 1min
2025-11-03 23:23:12,972 - WARNING -    ⚠️ Erro ao verificar disponibilidade: 'underlying'
2025-11-03 23:23:13,570 - INFO -    ✅ Binary Option executada | ID: 13264228962
2025-11-03 23:23:13,570 - INFO - ✅ Posição CALL aberta | ID: 13264228962
2025-11-03 23:24:09,780 - INFO - ✅ TRADE VENCEDOR | Lucro: $0.86
2025-11-03 23:24:09,780 - INFO - 📊 Win Rate: 57.7% (15/26)
2025-11-03 23:24:09,781 - INFO - 💰 Lucro Total: $1.90
2025-11-03 23:24:09,781 - INFO - 💰 Lucro Diário: $1.90
2025-11-03 23:24:11,207 - INFO - 📊 EST 4: SETUP COMPRA detectado | Aguardando pullback à MA21
2025-11-03 23:24:11,207 - INFO - 📊 EST 4: PULLBACK COMPRA! Preço: 1.15339 | MA21: 1.15306
2025-11-03 23:24:11,207 - INFO - 📈 Abrindo posição CALL
2025-11-03 23:24:11,207 - INFO -    Ativo: EURUSD-OTC | Valor: $1.0 | Exp: 1min
2025-11-03 23:24:12,674 - WARNING -    ⚠️ Erro ao verificar disponibilidade: 'underlying'
2025-11-03 23:24:13,378 - INFO -    ✅ Binary Option executada | ID: 13264231916
2025-11-03 23:24:13,379 - INFO - ✅ Posição CALL aberta | ID: 13264231916
2025-11-03 23:25:09,574 - INFO - ✅ TRADE VENCEDOR | Lucro: $0.86
2025-11-03 23:25:09,574 - INFO - 📊 Win Rate: 59.3% (16/27)
2025-11-03 23:25:09,576 - INFO - 💰 Lucro Total: $2.76
2025-11-03 23:25:09,576 - INFO - 💰 Lucro Diário: $2.76
2025-11-03 23:25:10,907 - INFO - 📊 EST 4: SETUP COMPRA detectado | Aguardando pullback à MA21
2025-11-03 23:25:10,907 - INFO - 📊 EST 4: PULLBACK COMPRA! Preço: 1.15362 | MA21: 1.15308
2025-11-03 23:25:10,908 - INFO - 📈 Abrindo posição CALL
2025-11-03 23:25:10,908 - INFO -    Ativo: EURUSD-OTC | Valor: $1.0 | Exp: 1min
2025-11-03 23:25:12,605 - WARNING -    ⚠️ Erro ao verificar disponibilidade: 'underlying'
2025-11-03 23:25:13,366 - INFO -    ✅ Binary Option executada | ID: 13264235234
2025-11-03 23:25:13,366 - INFO - ✅ Posição CALL aberta | ID: 13264235234
2025-11-03 23:26:09,851 - INFO - ✅ TRADE VENCEDOR | Lucro: $0.86
2025-11-03 23:26:09,851 - INFO - 📊 Win Rate: 60.7% (17/28)
2025-11-03 23:26:09,852 - INFO - 💰 Lucro Total: $3.62
2025-11-03 23:26:09,852 - INFO - 💰 Lucro Diário: $3.62
2025-11-03 23:26:11,205 - INFO - 📊 EST 4: SETUP COMPRA detectado | Aguardando pullback à MA21
2025-11-03 23:26:11,205 - INFO - 📊 EST 4: PULLBACK COMPRA! Preço: 1.15396 | MA21: 1.15323
2025-11-03 23:26:11,206 - INFO - 📈 Abrindo posição CALL
2025-11-03 23:26:11,206 - INFO -    Ativo: EURUSD-OTC | Valor: $1.0 | Exp: 1min
2025-11-03 23:26:12,635 - WARNING -    ⚠️ Erro ao verificar disponibilidade: 'underlying'
2025-11-03 23:26:13,394 - INFO -    ✅ Binary Option executada | ID: 13264238759
2025-11-03 23:26:13,394 - INFO - ✅ Posição CALL aberta | ID: 13264238759
2025-11-03 23:27:09,754 - INFO - ✅ TRADE VENCEDOR | Lucro: $0.86
2025-11-03 23:27:09,755 - INFO - 📊 Win Rate: 62.1% (18/29)
2025-11-03 23:27:09,755 - INFO - 💰 Lucro Total: $4.48
2025-11-03 23:27:09,755 - INFO - 💰 Lucro Diário: $4.48
2025-11-03 23:27:11,175 - INFO - 📊 EST 4: SETUP COMPRA detectado | Aguardando pullback à MA21
2025-11-03 23:27:11,175 - INFO - 📊 EST 4: PULLBACK COMPRA! Preço: 1.15414 | MA21: 1.15333
2025-11-03 23:27:11,175 - INFO - 📈 Abrindo posição CALL
2025-11-03 23:27:11,175 - INFO -    Ativo: EURUSD-OTC | Valor: $1.0 | Exp: 1min
2025-11-03 23:27:13,154 - WARNING -    ⚠️ Erro ao verificar disponibilidade: 'underlying'
2025-11-03 23:27:13,856 - INFO -    ✅ Binary Option executada | ID: 13264241977
2025-11-03 23:27:13,857 - INFO - ✅ Posição CALL aberta | ID: 13264241977
2025-11-03 23:33:09,872 - WARNING - ⚠️ Timeout ao verificar resultado
2025-11-03 23:33:11,172 - INFO - 📊 EST 4: SETUP COMPRA detectado | Aguardando pullback à MA21
2025-11-03 23:33:11,172 - INFO - 📊 EST 4: PULLBACK COMPRA! Preço: 1.15430 | MA21: 1.15374
2025-11-03 23:33:11,172 - INFO - 📈 Abrindo posição CALL
2025-11-03 23:33:11,172 - INFO -    Ativo: EURUSD-OTC | Valor: $1.0 | Exp: 1min
2025-11-03 23:33:12,523 - WARNING -    ⚠️ Erro ao verificar disponibilidade: 'underlying'
2025-11-03 23:33:13,189 - INFO -    ✅ Binary Option executada | ID: 13264260404
2025-11-03 23:33:13,191 - INFO - ✅ Posição CALL aberta | ID: 13264260404
2025-11-03 23:34:09,985 - INFO - ✅ TRADE VENCEDOR | Lucro: $0.86
2025-11-03 23:34:09,985 - INFO - 📊 Win Rate: 63.3% (19/30)
2025-11-03 23:34:09,985 - INFO - 💰 Lucro Total: $5.34
2025-11-03 23:34:09,985 - INFO - 💰 Lucro Diário: $5.34
2025-11-03 23:34:11,305 - INFO - 📊 EST 4: SETUP COMPRA detectado | Aguardando pullback à MA21
2025-11-03 23:34:11,305 - INFO - 📊 EST 4: PULLBACK COMPRA! Preço: 1.15437 | MA21: 1.15380
2025-11-03 23:34:11,305 - INFO - 📈 Abrindo posição CALL
2025-11-03 23:34:11,319 - INFO -    Ativo: EURUSD-OTC | Valor: $1.0 | Exp: 1min
2025-11-03 23:34:13,313 - WARNING -    ⚠️ Erro ao verificar disponibilidade: 'underlying'
2025-11-03 23:34:14,098 - INFO -    ✅ Binary Option executada | ID: 13264263791
2025-11-03 23:34:14,098 - INFO - ✅ Posição CALL aberta | ID: 13264263791
2025-11-03 23:35:10,220 - INFO - ❌ TRADE PERDEDOR | Prejuízo: $-1.00
2025-11-03 23:35:10,221 - INFO - 📊 Win Rate: 61.3% (19/31)
2025-11-03 23:35:10,221 - INFO - 💰 Lucro Total: $4.34
2025-11-03 23:35:10,222 - INFO - 💰 Lucro Diário: $4.34
2025-11-03 23:40:12,420 - INFO - 📊 EST 4: SETUP VENDA detectado | Aguardando pullback à MA21
2025-11-03 23:40:12,420 - INFO - 📊 EST 4: PULLBACK VENDA! Preço: 1.15332 | MA21: 1.15368
2025-11-03 23:40:12,420 - INFO - 📈 Abrindo posição PUT
2025-11-03 23:40:12,420 - INFO -    Ativo: EURUSD-OTC | Valor: $1.0 | Exp: 1min
2025-11-03 23:40:14,117 - WARNING -    ⚠️ Erro ao verificar disponibilidade: 'underlying'
2025-11-03 23:40:14,758 - INFO -    ✅ Binary Option executada | ID: 13264284799
2025-11-03 23:40:14,760 - INFO - ✅ Posição PUT aberta | ID: 13264284799
2025-11-03 23:41:09,911 - INFO - ✅ TRADE VENCEDOR | Lucro: $0.86
2025-11-03 23:41:09,911 - INFO - 📊 Win Rate: 62.5% (20/32)
2025-11-03 23:41:09,911 - INFO - 💰 Lucro Total: $5.20
2025-11-03 23:41:09,911 - INFO - 💰 Lucro Diário: $5.20
2025-11-03 23:41:11,197 - INFO - 📊 EST 4: SETUP VENDA detectado | Aguardando pullback à MA21
2025-11-03 23:41:11,197 - INFO - 📊 EST 4: PULLBACK VENDA! Preço: 1.15308 | MA21: 1.15360
2025-11-03 23:41:11,197 - INFO - 📈 Abrindo posição PUT
2025-11-03 23:41:11,197 - INFO -    Ativo: EURUSD-OTC | Valor: $1.0 | Exp: 1min
2025-11-03 23:41:12,446 - WARNING -    ⚠️ Erro ao verificar disponibilidade: 'underlying'
2025-11-03 23:41:13,131 - INFO -    ✅ Binary Option executada | ID: 13264287924
2025-11-03 23:41:13,132 - INFO - ✅ Posição PUT aberta | ID: 13264287924
2025-11-03 23:42:09,888 - INFO - ❌ TRADE PERDEDOR | Prejuízo: $-1.00
2025-11-03 23:42:09,888 - INFO - 📊 Win Rate: 60.6% (20/33)
2025-11-03 23:42:09,888 - INFO - 💰 Lucro Total: $4.20
2025-11-03 23:42:09,888 - INFO - 💰 Lucro Diário: $4.20
2025-11-03 23:42:11,197 - INFO - 📊 EST 4: SETUP VENDA detectado | Aguardando pullback à MA21
2025-11-03 23:42:11,197 - INFO - 📊 EST 4: PULLBACK VENDA! Preço: 1.15311 | MA21: 1.15361
2025-11-03 23:42:11,197 - INFO - 📈 Abrindo posição PUT
2025-11-03 23:42:11,201 - INFO -    Ativo: EURUSD-OTC | Valor: $1.0 | Exp: 1min
2025-11-03 23:42:12,583 - WARNING -    ⚠️ Erro ao verificar disponibilidade: 'underlying'
2025-11-03 23:42:13,339 - INFO -    ✅ Binary Option executada | ID: 13264290716
2025-11-03 23:42:13,339 - INFO - ✅ Posição PUT aberta | ID: 13264290716
2025-11-03 23:43:09,855 - INFO - ❌ TRADE PERDEDOR | Prejuízo: $-1.00
2025-11-03 23:43:09,855 - INFO - 📊 Win Rate: 58.8% (20/34)
2025-11-03 23:43:09,855 - INFO - 💰 Lucro Total: $3.20
2025-11-03 23:43:09,855 - INFO - 💰 Lucro Diário: $3.20
2025-11-03 23:44:12,121 - INFO - 📊 EST 4: SETUP VENDA detectado | Aguardando pullback à MA21
2025-11-03 23:44:12,121 - INFO - 📊 EST 4: PULLBACK VENDA! Preço: 1.15288 | MA21: 1.15346
2025-11-03 23:44:12,121 - INFO - 📈 Abrindo posição PUT
2025-11-03 23:44:12,121 - INFO -    Ativo: EURUSD-OTC | Valor: $1.0 | Exp: 1min
2025-11-03 23:44:13,625 - WARNING -    ⚠️ Erro ao verificar disponibilidade: 'underlying'
2025-11-03 23:44:14,338 - INFO -    ✅ Binary Option executada | ID: 13264297422
2025-11-03 23:44:14,338 - INFO - ✅ Posição PUT aberta | ID: 13264297422
2025-11-03 23:45:10,208 - INFO - ❌ TRADE PERDEDOR | Prejuízo: $-1.00
2025-11-03 23:45:10,208 - INFO - 📊 Win Rate: 57.1% (20/35)
2025-11-03 23:45:10,208 - INFO - 💰 Lucro Total: $2.20
2025-11-03 23:45:10,208 - INFO - 💰 Lucro Diário: $2.20
2025-11-03 23:47:11,370 - INFO - 📊 EST 4: SETUP VENDA detectado | Aguardando pullback à MA21
2025-11-03 23:47:11,374 - INFO - 📊 EST 4: PULLBACK VENDA! Preço: 1.15318 | MA21: 1.15340
2025-11-03 23:47:11,374 - INFO - 📈 Abrindo posição PUT
2025-11-03 23:47:11,376 - INFO -    Ativo: EURUSD-OTC | Valor: $1.0 | Exp: 1min
2025-11-03 23:47:13,398 - WARNING -    ⚠️ Erro ao verificar disponibilidade: 'underlying'
2025-11-03 23:47:14,116 - INFO -    ✅ Binary Option executada | ID: 13264307170
2025-11-03 23:47:14,116 - INFO - ✅ Posição PUT aberta | ID: 13264307170
2025-11-03 23:48:09,622 - INFO - ❌ TRADE PERDEDOR | Prejuízo: $-1.00
2025-11-03 23:48:09,625 - INFO - 📊 Win Rate: 55.6% (20/36)
2025-11-03 23:48:09,625 - INFO - 💰 Lucro Total: $1.20
2025-11-03 23:48:09,625 - INFO - 💰 Lucro Diário: $1.20
2025-11-03 23:48:10,930 - INFO - 📊 EST 4: SETUP VENDA detectado | Aguardando pullback à MA21
2025-11-03 23:48:10,930 - INFO - 📊 EST 4: PULLBACK VENDA! Preço: 1.15328 | MA21: 1.15341
2025-11-03 23:48:10,930 - INFO - 📈 Abrindo posição PUT
2025-11-03 23:48:10,930 - INFO -    Ativo: EURUSD-OTC | Valor: $1.0 | Exp: 1min
2025-11-03 23:48:12,451 - WARNING -    ⚠️ Erro ao verificar disponibilidade: 'underlying'
2025-11-03 23:48:13,070 - INFO -    ✅ Binary Option executada | ID: 13264310451
2025-11-03 23:48:13,079 - INFO - ✅ Posição PUT aberta | ID: 13264310451
2025-11-03 23:49:09,850 - INFO - ✅ TRADE VENCEDOR | Lucro: $0.86
2025-11-03 23:49:09,851 - INFO - 📊 Win Rate: 56.8% (21/37)
2025-11-03 23:49:09,851 - INFO - 💰 Lucro Total: $2.06
2025-11-03 23:49:09,851 - INFO - 💰 Lucro Diário: $2.06
2025-11-03 23:49:12,479 - INFO - 📊 EST 4: SETUP VENDA detectado | Aguardando pullback à MA21
2025-11-03 23:49:12,479 - INFO - 📊 EST 4: PULLBACK VENDA! Preço: 1.15326 | MA21: 1.15338
2025-11-03 23:49:12,479 - INFO - 📈 Abrindo posição PUT
2025-11-03 23:49:12,479 - INFO -    Ativo: EURUSD-OTC | Valor: $1.0 | Exp: 1min
2025-11-03 23:49:14,050 - WARNING -    ⚠️ Erro ao verificar disponibilidade: 'underlying'
2025-11-03 23:49:14,688 - INFO -    ✅ Binary Option executada | ID: 13264313687
2025-11-03 23:49:14,689 - INFO - ✅ Posição PUT aberta | ID: 13264313687
2025-11-03 23:50:09,988 - INFO - ❌ TRADE PERDEDOR | Prejuízo: $-1.00
2025-11-03 23:50:09,988 - INFO - 📊 Win Rate: 55.3% (21/38)
2025-11-03 23:50:09,988 - INFO - 💰 Lucro Total: $1.06
2025-11-03 23:50:09,988 - INFO - 💰 Lucro Diário: $1.06
2025-11-03 23:52:11,334 - INFO - 📊 EST 4: SETUP COMPRA detectado | Aguardando pullback à MA21
2025-11-03 23:52:11,334 - INFO - 📊 EST 4: PULLBACK COMPRA! Preço: 1.15355 | MA21: 1.15344
2025-11-03 23:52:11,334 - INFO - 📈 Abrindo posição CALL
2025-11-03 23:52:11,334 - INFO -    Ativo: EURUSD-OTC | Valor: $1.0 | Exp: 1min
2025-11-03 23:52:12,595 - WARNING -    ⚠️ Erro ao verificar disponibilidade: 'underlying'
2025-11-03 23:52:13,276 - INFO -    ✅ Binary Option executada | ID: 13264322210
2025-11-03 23:52:13,276 - INFO - ✅ Posição CALL aberta | ID: 13264322210
2025-11-03 23:53:09,810 - INFO - ❌ TRADE PERDEDOR | Prejuízo: $-1.00
2025-11-03 23:53:09,810 - INFO - 📊 Win Rate: 53.8% (21/39)
2025-11-03 23:53:09,810 - INFO - 💰 Lucro Total: $0.06
2025-11-03 23:53:09,810 - INFO - 💰 Lucro Diário: $0.06
2025-11-03 23:53:11,144 - INFO - 📊 EST 4: SETUP COMPRA detectado | Aguardando pullback à MA21
2025-11-03 23:53:11,144 - INFO - 📊 EST 4: PULLBACK COMPRA! Preço: 1.15336 | MA21: 1.15342
2025-11-03 23:53:11,144 - INFO - 📈 Abrindo posição CALL
2025-11-03 23:53:11,144 - INFO -    Ativo: EURUSD-OTC | Valor: $1.0 | Exp: 1min
2025-11-03 23:53:12,613 - WARNING -    ⚠️ Erro ao verificar disponibilidade: 'underlying'
2025-11-03 23:53:13,239 - INFO -    ✅ Binary Option executada | ID: 13264324905
2025-11-03 23:53:13,239 - INFO - ✅ Posição CALL aberta | ID: 13264324905
2025-11-03 23:54:09,792 - INFO - ❌ TRADE PERDEDOR | Prejuízo: $-1.00
2025-11-03 23:54:09,792 - INFO - 📊 Win Rate: 52.5% (21/40)
2025-11-03 23:54:09,792 - INFO - 💰 Lucro Total: $-0.94
2025-11-03 23:54:09,792 - INFO - 💰 Lucro Diário: $-0.94
2025-11-03 23:54:11,163 - INFO - 📊 EST 4: SETUP VENDA detectado | Aguardando pullback à MA21
2025-11-03 23:54:11,163 - INFO - 📊 EST 4: PULLBACK VENDA! Preço: 1.15336 | MA21: 1.15341
2025-11-03 23:54:11,163 - INFO - 📈 Abrindo posição PUT
2025-11-03 23:54:11,163 - INFO -    Ativo: EURUSD-OTC | Valor: $1.0 | Exp: 1min
2025-11-03 23:54:12,614 - WARNING -    ⚠️ Erro ao verificar disponibilidade: 'underlying'
2025-11-03 23:54:13,324 - INFO -    ✅ Binary Option executada | ID: 13264328046
2025-11-03 23:54:13,325 - INFO - ✅ Posição PUT aberta | ID: 13264328046
2025-11-03 23:55:09,656 - INFO - ❌ TRADE PERDEDOR | Prejuízo: $-1.00
2025-11-03 23:55:09,656 - INFO - 📊 Win Rate: 51.2% (21/41)
2025-11-03 23:55:09,656 - INFO - 💰 Lucro Total: $-1.94
2025-11-03 23:55:09,656 - INFO - 💰 Lucro Diário: $-1.94
2025-11-03 23:55:10,970 - INFO - 📊 EST 4: SETUP VENDA detectado | Aguardando pullback à MA21
2025-11-03 23:55:10,970 - INFO - 📊 EST 4: PULLBACK VENDA! Preço: 1.15338 | MA21: 1.15341
2025-11-03 23:55:10,970 - INFO - 📈 Abrindo posição PUT
2025-11-03 23:55:10,970 - INFO -    Ativo: EURUSD-OTC | Valor: $1.0 | Exp: 1min
2025-11-03 23:55:12,493 - WARNING -    ⚠️ Erro ao verificar disponibilidade: 'underlying'
2025-11-03 23:55:13,169 - INFO -    ✅ Binary Option executada | ID: 13264331137
2025-11-03 23:55:13,170 - INFO - ✅ Posição PUT aberta | ID: 13264331137
2025-11-03 23:56:09,514 - INFO - ✅ TRADE VENCEDOR | Lucro: $0.86
2025-11-03 23:56:09,514 - INFO - 📊 Win Rate: 52.4% (22/42)
2025-11-03 23:56:09,514 - INFO - 💰 Lucro Total: $-1.08
2025-11-03 23:56:09,514 - INFO - 💰 Lucro Diário: $-1.08
2025-11-04 00:01:12,108 - INFO - 📊 EST 4: SETUP COMPRA detectado | Aguardando pullback à MA21
2025-11-04 00:01:12,108 - INFO - 📊 EST 4: PULLBACK COMPRA! Preço: 1.15355 | MA21: 1.15338
2025-11-04 00:01:12,108 - INFO - 📈 Abrindo posição CALL
2025-11-04 00:01:12,108 - INFO -    Ativo: EURUSD-OTC | Valor: $1.0 | Exp: 1min
2025-11-04 00:01:13,649 - WARNING -    ⚠️ Erro ao verificar disponibilidade: 'underlying'
2025-11-04 00:01:14,295 - INFO -    ✅ Binary Option executada | ID: 13264350516
2025-11-04 00:01:14,295 - INFO - ✅ Posição CALL aberta | ID: 13264350516
2025-11-04 00:02:09,775 - INFO - ❌ TRADE PERDEDOR | Prejuízo: $-1.00
2025-11-04 00:02:09,775 - INFO - 📊 Win Rate: 51.2% (22/43)
2025-11-04 00:02:09,775 - INFO - 💰 Lucro Total: $-2.08
2025-11-04 00:02:09,775 - INFO - 💰 Lucro Diário: $-2.08
2025-11-04 00:03:11,586 - INFO - 📊 EST 4: SETUP COMPRA detectado | Aguardando pullback à MA21
2025-11-04 00:03:11,586 - INFO - 📊 EST 4: PULLBACK COMPRA! Preço: 1.15349 | MA21: 1.15339
2025-11-04 00:03:11,586 - INFO - 📈 Abrindo posição CALL
2025-11-04 00:03:11,586 - INFO -    Ativo: EURUSD-OTC | Valor: $1.0 | Exp: 1min
2025-11-04 00:03:13,519 - WARNING -    ⚠️ Erro ao verificar disponibilidade: 'underlying'
2025-11-04 00:03:14,229 - INFO -    ✅ Binary Option executada | ID: 13264356399
2025-11-04 00:03:14,229 - INFO - ✅ Posição CALL aberta | ID: 13264356399
2025-11-04 00:04:09,852 - INFO - ✅ TRADE VENCEDOR | Lucro: $0.86
2025-11-04 00:04:09,852 - INFO - 📊 Win Rate: 52.3% (23/44)
2025-11-04 00:04:09,852 - INFO - 💰 Lucro Total: $-1.22
2025-11-04 00:04:09,852 - INFO - 💰 Lucro Diário: $-1.22
2025-11-04 00:04:11,141 - INFO - 📊 EST 4: SETUP COMPRA detectado | Aguardando pullback à MA21
2025-11-04 00:04:11,141 - INFO - 📊 EST 4: PULLBACK COMPRA! Preço: 1.15366 | MA21: 1.15343
2025-11-04 00:04:11,141 - INFO - 📈 Abrindo posição CALL
2025-11-04 00:04:11,141 - INFO -    Ativo: EURUSD-OTC | Valor: $1.0 | Exp: 1min
2025-11-04 00:04:13,137 - WARNING -    ⚠️ Erro ao verificar disponibilidade: 'underlying'
2025-11-04 00:04:13,850 - INFO -    ✅ Binary Option executada | ID: 13264359523
2025-11-04 00:04:13,850 - INFO - ✅ Posição CALL aberta | ID: 13264359523
2025-11-04 00:05:09,732 - INFO - ✅ TRADE VENCEDOR | Lucro: $0.86
2025-11-04 00:05:09,732 - INFO - 📊 Win Rate: 53.3% (24/45)
2025-11-04 00:05:09,732 - INFO - 💰 Lucro Total: $-0.36
2025-11-04 00:05:09,732 - INFO - 💰 Lucro Diário: $-0.36
2025-11-04 00:05:10,991 - INFO - 📊 EST 4: SETUP COMPRA detectado | Aguardando pullback à MA21
2025-11-04 00:05:10,991 - INFO - 📊 EST 4: PULLBACK COMPRA! Preço: 1.15370 | MA21: 1.15343
2025-11-04 00:05:10,991 - INFO - 📈 Abrindo posição CALL
2025-11-04 00:05:10,991 - INFO -    Ativo: EURUSD-OTC | Valor: $1.0 | Exp: 1min
2025-11-04 00:05:12,434 - WARNING -    ⚠️ Erro ao verificar disponibilidade: 'underlying'
2025-11-04 00:05:13,100 - INFO -    ✅ Binary Option executada | ID: 13264362471
2025-11-04 00:05:13,100 - INFO - ✅ Posição CALL aberta | ID: 13264362471
2025-11-04 00:06:09,746 - INFO - ✅ TRADE VENCEDOR | Lucro: $0.86
2025-11-04 00:06:09,746 - INFO - 📊 Win Rate: 54.3% (25/46)
2025-11-04 00:06:09,746 - INFO - 💰 Lucro Total: $0.50
2025-11-04 00:06:09,746 - INFO - 💰 Lucro Diário: $0.50
2025-11-04 00:06:11,086 - INFO - 📊 EST 4: SETUP COMPRA detectado | Aguardando pullback à MA21
2025-11-04 00:06:11,086 - INFO - 📊 EST 4: PULLBACK COMPRA! Preço: 1.15369 | MA21: 1.15345
2025-11-04 00:06:11,086 - INFO - 📈 Abrindo posição CALL
2025-11-04 00:06:11,086 - INFO -    Ativo: EURUSD-OTC | Valor: $1.0 | Exp: 1min
2025-11-04 00:06:12,625 - WARNING -    ⚠️ Erro ao verificar disponibilidade: 'underlying'
2025-11-04 00:06:13,276 - INFO -    ✅ Binary Option executada | ID: 13264365329
2025-11-04 00:06:13,276 - INFO - ✅ Posição CALL aberta | ID: 13264365329
2025-11-04 00:07:09,832 - INFO - ❌ TRADE PERDEDOR | Prejuízo: $-1.00
2025-11-04 00:07:09,832 - INFO - 📊 Win Rate: 53.2% (25/47)
2025-11-04 00:07:09,832 - INFO - 💰 Lucro Total: $-0.50
2025-11-04 00:07:09,832 - INFO - 💰 Lucro Diário: $-0.50
2025-11-04 00:08:11,179 - INFO - 📊 EST 4: SETUP COMPRA detectado | Aguardando pullback à MA21
2025-11-04 00:08:11,181 - INFO - 📊 EST 4: PULLBACK COMPRA! Preço: 1.15358 | MA21: 1.15347
2025-11-04 00:08:11,181 - INFO - 📈 Abrindo posição CALL
2025-11-04 00:08:11,183 - INFO -    Ativo: EURUSD-OTC | Valor: $1.0 | Exp: 1min
2025-11-04 00:08:12,574 - WARNING -    ⚠️ Erro ao verificar disponibilidade: 'underlying'
2025-11-04 00:08:13,373 - INFO -    ✅ Binary Option executada | ID: 13264371183
2025-11-04 00:08:13,373 - INFO - ✅ Posição CALL aberta | ID: 13264371183
2025-11-04 00:09:09,927 - INFO - ✅ TRADE VENCEDOR | Lucro: $0.86
2025-11-04 00:09:09,928 - INFO - 📊 Win Rate: 54.2% (26/48)
2025-11-04 00:09:09,928 - INFO - 💰 Lucro Total: $0.36
2025-11-04 00:09:09,928 - INFO - 💰 Lucro Diário: $0.36
2025-11-04 00:09:11,201 - INFO - 📊 EST 4: SETUP COMPRA detectado | Aguardando pullback à MA21
2025-11-04 00:09:11,201 - INFO - 📊 EST 4: PULLBACK COMPRA! Preço: 1.15368 | MA21: 1.15350
2025-11-04 00:09:11,203 - INFO - 📈 Abrindo posição CALL
2025-11-04 00:09:11,203 - INFO -    Ativo: EURUSD-OTC | Valor: $1.0 | Exp: 1min
2025-11-04 00:09:12,618 - WARNING -    ⚠️ Erro ao verificar disponibilidade: 'underlying'
2025-11-04 00:09:13,255 - INFO -    ✅ Binary Option executada | ID: 13264374130
2025-11-04 00:09:13,255 - INFO - ✅ Posição CALL aberta | ID: 13264374130
2025-11-04 00:10:09,537 - INFO - ❌ TRADE PERDEDOR | Prejuízo: $-1.00
2025-11-04 00:10:09,538 - INFO - 📊 Win Rate: 53.1% (26/49)
2025-11-04 00:10:09,539 - INFO - 💰 Lucro Total: $-0.64
2025-11-04 00:10:09,540 - INFO - 💰 Lucro Diário: $-0.64
2025-11-04 00:10:10,862 - INFO - 📊 EST 4: SETUP COMPRA detectado | Aguardando pullback à MA21
2025-11-04 00:10:10,862 - INFO - 📊 EST 4: PULLBACK COMPRA! Preço: 1.15332 | MA21: 1.15347
2025-11-04 00:10:10,862 - INFO - 📈 Abrindo posição CALL
2025-11-04 00:10:10,862 - INFO -    Ativo: EURUSD-OTC | Valor: $1.0 | Exp: 1min
2025-11-04 00:10:12,386 - WARNING -    ⚠️ Erro ao verificar disponibilidade: 'underlying'
2025-11-04 00:10:13,073 - INFO -    ✅ Binary Option executada | ID: 13264376937
2025-11-04 00:10:13,074 - INFO - ✅ Posição CALL aberta | ID: 13264376937
2025-11-04 00:11:09,578 - INFO - ✅ TRADE VENCEDOR | Lucro: $0.86
2025-11-04 00:11:09,579 - INFO - 📊 Win Rate: 54.0% (27/50)
2025-11-04 00:11:09,579 - INFO - 💰 Lucro Total: $0.22
2025-11-04 00:11:09,580 - INFO - 💰 Lucro Diário: $0.22
2025-11-04 00:12:12,535 - INFO - 📊 EST 4: SETUP VENDA detectado | Aguardando pullback à MA21
2025-11-04 00:12:12,535 - INFO - 📊 EST 4: PULLBACK VENDA! Preço: 1.15297 | MA21: 1.15337
2025-11-04 00:12:12,535 - INFO - 📈 Abrindo posição PUT
2025-11-04 00:12:12,535 - INFO -    Ativo: EURUSD-OTC | Valor: $1.0 | Exp: 1min
2025-11-04 00:12:14,602 - WARNING -    ⚠️ Erro ao verificar disponibilidade: 'underlying'
2025-11-04 00:12:15,311 - INFO -    ✅ Binary Option executada | ID: 13264382485
2025-11-04 00:12:15,313 - INFO - ✅ Posição PUT aberta | ID: 13264382485
2025-11-04 00:13:09,716 - INFO - ✅ TRADE VENCEDOR | Lucro: $0.86
2025-11-04 00:13:09,719 - INFO - 📊 Win Rate: 54.9% (28/51)
2025-11-04 00:13:09,719 - INFO - 💰 Lucro Total: $1.08
2025-11-04 00:13:09,719 - INFO - 💰 Lucro Diário: $1.08
2025-11-04 00:13:11,035 - INFO - 📊 EST 4: SETUP VENDA detectado | Aguardando pullback à MA21
2025-11-04 00:13:11,035 - INFO - 📊 EST 4: PULLBACK VENDA! Preço: 1.15277 | MA21: 1.15335
2025-11-04 00:13:11,035 - INFO - 📈 Abrindo posição PUT
2025-11-04 00:13:11,035 - INFO -    Ativo: EURUSD-OTC | Valor: $1.0 | Exp: 1min
2025-11-04 00:13:12,546 - WARNING -    ⚠️ Erro ao verificar disponibilidade: 'underlying'
2025-11-04 00:13:13,163 - INFO -    ✅ Binary Option executada | ID: 13264384916
2025-11-04 00:13:13,165 - INFO - ✅ Posição PUT aberta | ID: 13264384916
2025-11-04 00:14:09,515 - INFO - ✅ TRADE VENCEDOR | Lucro: $0.86
2025-11-04 00:14:09,519 - INFO - 📊 Win Rate: 55.8% (29/52)
2025-11-04 00:14:09,519 - INFO - 💰 Lucro Total: $1.94
2025-11-04 00:14:09,519 - INFO - 💰 Lucro Diário: $1.94
2025-11-04 00:14:10,883 - INFO - 📊 EST 4: SETUP VENDA detectado | Aguardando pullback à MA21
2025-11-04 00:14:10,883 - INFO - 📊 EST 4: PULLBACK VENDA! Preço: 1.15250 | MA21: 1.15327
2025-11-04 00:14:10,883 - INFO - 📈 Abrindo posição PUT
2025-11-04 00:14:10,883 - INFO -    Ativo: EURUSD-OTC | Valor: $1.0 | Exp: 1min
2025-11-04 00:14:12,456 - WARNING -    ⚠️ Erro ao verificar disponibilidade: 'underlying'
2025-11-04 00:14:13,239 - INFO -    ✅ Binary Option executada | ID: 13264387644
2025-11-04 00:14:13,239 - INFO - ✅ Posição PUT aberta | ID: 13264387644
2025-11-04 00:15:09,515 - INFO - ✅ TRADE VENCEDOR | Lucro: $0.86
2025-11-04 00:15:09,515 - INFO - 📊 Win Rate: 56.6% (30/53)
2025-11-04 00:15:09,515 - INFO - 💰 Lucro Total: $2.80
2025-11-04 00:15:09,515 - INFO - 💰 Lucro Diário: $2.80
2025-11-04 00:15:10,830 - INFO - 📊 EST 4: SETUP VENDA detectado | Aguardando pullback à MA21
2025-11-04 00:15:10,833 - INFO - 📊 EST 4: PULLBACK VENDA! Preço: 1.15237 | MA21: 1.15319
2025-11-04 00:15:10,833 - INFO - 📈 Abrindo posição PUT
2025-11-04 00:15:10,833 - INFO -    Ativo: EURUSD-OTC | Valor: $1.0 | Exp: 1min
2025-11-04 00:15:12,530 - WARNING -    ⚠️ Erro ao verificar disponibilidade: 'underlying'
2025-11-04 00:15:13,290 - INFO -    ✅ Binary Option executada | ID: 13264390445
2025-11-04 00:15:13,290 - INFO - ✅ Posição PUT aberta | ID: 13264390445
2025-11-04 00:16:09,558 - INFO - ❌ TRADE PERDEDOR | Prejuízo: $-1.00
2025-11-04 00:16:09,558 - INFO - 📊 Win Rate: 55.6% (30/54)
2025-11-04 00:16:09,558 - INFO - 💰 Lucro Total: $1.80
2025-11-04 00:16:09,558 - INFO - 💰 Lucro Diário: $1.80
2025-11-04 00:16:10,830 - INFO - 📊 EST 4: SETUP VENDA detectado | Aguardando pullback à MA21
2025-11-04 00:16:10,830 - INFO - 📊 EST 4: PULLBACK VENDA! Preço: 1.15244 | MA21: 1.15313
2025-11-04 00:16:10,830 - INFO - 📈 Abrindo posição PUT
2025-11-04 00:16:10,830 - INFO -    Ativo: EURUSD-OTC | Valor: $1.0 | Exp: 1min
2025-11-04 00:16:12,307 - WARNING -    ⚠️ Erro ao verificar disponibilidade: 'underlying'
2025-11-04 00:16:12,964 - INFO -    ✅ Binary Option executada | ID: 13264392956
2025-11-04 00:16:12,983 - INFO - ✅ Posição PUT aberta | ID: 13264392956
2025-11-04 00:17:09,562 - INFO - ❌ TRADE PERDEDOR | Prejuízo: $-1.00
2025-11-04 00:17:09,563 - INFO - 📊 Win Rate: 54.5% (30/55)
2025-11-04 00:17:09,563 - INFO - 💰 Lucro Total: $0.80
2025-11-04 00:17:09,563 - INFO - 💰 Lucro Diário: $0.80
2025-11-04 00:18:11,826 - INFO - 📊 EST 4: SETUP VENDA detectado | Aguardando pullback à MA21
2025-11-04 00:18:11,826 - INFO - 📊 EST 4: PULLBACK VENDA! Preço: 1.15251 | MA21: 1.15298
2025-11-04 00:18:11,826 - INFO - 📈 Abrindo posição PUT
2025-11-04 00:18:11,828 - INFO -    Ativo: EURUSD-OTC | Valor: $1.0 | Exp: 1min
2025-11-04 00:18:13,877 - WARNING -    ⚠️ Erro ao verificar disponibilidade: 'underlying'
2025-11-04 00:18:14,656 - INFO -    ✅ Binary Option executada | ID: 13264398139
2025-11-04 00:18:14,656 - INFO - ✅ Posição PUT aberta | ID: 13264398139
2025-11-04 00:19:09,647 - INFO - ❌ TRADE PERDEDOR | Prejuízo: $-1.00
2025-11-04 00:19:09,647 - INFO - 📊 Win Rate: 53.6% (30/56)
2025-11-04 00:19:09,647 - INFO - 💰 Lucro Total: $-0.20
2025-11-04 00:19:09,647 - INFO - 💰 Lucro Diário: $-0.20
2025-11-04 00:19:10,985 - INFO - 📊 EST 4: SETUP VENDA detectado | Aguardando pullback à MA21
2025-11-04 00:19:10,985 - INFO - 📊 EST 4: PULLBACK VENDA! Preço: 1.15272 | MA21: 1.15300
2025-11-04 00:19:10,985 - INFO - 📈 Abrindo posição PUT
2025-11-04 00:19:10,985 - INFO -    Ativo: EURUSD-OTC | Valor: $1.0 | Exp: 1min
2025-11-04 00:19:12,367 - WARNING -    ⚠️ Erro ao verificar disponibilidade: 'underlying'
2025-11-04 00:19:13,063 - INFO -    ✅ Binary Option executada | ID: 13264400700
2025-11-04 00:19:13,063 - INFO - ✅ Posição PUT aberta | ID: 13264400700
2025-11-04 00:20:09,698 - INFO - ❌ TRADE PERDEDOR | Prejuízo: $-1.00
2025-11-04 00:20:09,702 - INFO - 📊 Win Rate: 52.6% (30/57)
2025-11-04 00:20:09,703 - INFO - 💰 Lucro Total: $-1.20
2025-11-04 00:20:09,704 - INFO - 💰 Lucro Diário: $-1.20
2025-11-04 00:21:11,906 - INFO - 📊 EST 4: SETUP VENDA detectado | Aguardando pullback à MA21
2025-11-04 00:21:11,906 - INFO - 📊 EST 4: PULLBACK VENDA! Preço: 1.15254 | MA21: 1.15291
2025-11-04 00:21:11,906 - INFO - 📈 Abrindo posição PUT
2025-11-04 00:21:11,906 - INFO -    Ativo: EURUSD-OTC | Valor: $1.0 | Exp: 1min
2025-11-04 00:21:13,484 - WARNING -    ⚠️ Erro ao verificar disponibilidade: 'underlying'
2025-11-04 00:21:14,170 - INFO -    ✅ Binary Option executada | ID: 13264406507
2025-11-04 00:21:14,172 - INFO - ✅ Posição PUT aberta | ID: 13264406507
2025-11-04 00:22:09,643 - INFO - ✅ TRADE VENCEDOR | Lucro: $0.86
2025-11-04 00:22:09,643 - INFO - 📊 Win Rate: 53.4% (31/58)
2025-11-04 00:22:09,643 - INFO - 💰 Lucro Total: $-0.34
2025-11-04 00:22:09,643 - INFO - 💰 Lucro Diário: $-0.34
2025-11-04 00:22:10,969 - INFO - 📊 EST 4: SETUP VENDA detectado | Aguardando pullback à MA21
2025-11-04 00:22:10,969 - INFO - 📊 EST 4: PULLBACK VENDA! Preço: 1.15254 | MA21: 1.15291
2025-11-04 00:22:10,969 - INFO - 📈 Abrindo posição PUT
2025-11-04 00:22:10,969 - INFO -    Ativo: EURUSD-OTC | Valor: $1.0 | Exp: 1min
2025-11-04 00:22:12,461 - WARNING -    ⚠️ Erro ao verificar disponibilidade: 'underlying'
2025-11-04 00:22:13,239 - INFO -    ✅ Binary Option executada | ID: 13264409286
2025-11-04 00:22:13,239 - INFO - ✅ Posição PUT aberta | ID: 13264409286
2025-11-04 00:23:09,599 - INFO - ✅ TRADE VENCEDOR | Lucro: $0.86
2025-11-04 00:23:09,601 - INFO - 📊 Win Rate: 54.2% (32/59)
2025-11-04 00:23:09,601 - INFO - 💰 Lucro Total: $0.52
2025-11-04 00:23:09,601 - INFO - 💰 Lucro Diário: $0.52
2025-11-04 00:24:11,286 - INFO - 📊 EST 4: SETUP VENDA detectado | Aguardando pullback à MA21
2025-11-04 00:24:11,288 - INFO - 📊 EST 4: PULLBACK VENDA! Preço: 1.15247 | MA21: 1.15280
2025-11-04 00:24:11,288 - INFO - 📈 Abrindo posição PUT
2025-11-04 00:24:11,288 - INFO -    Ativo: EURUSD-OTC | Valor: $1.0 | Exp: 1min
2025-11-04 00:24:12,860 - WARNING -    ⚠️ Erro ao verificar disponibilidade: 'underlying'
2025-11-04 00:24:13,530 - INFO -    ✅ Binary Option executada | ID: 13264414088
2025-11-04 00:24:13,530 - INFO - ✅ Posição PUT aberta | ID: 13264414088
2025-11-04 00:25:09,599 - INFO - ✅ TRADE VENCEDOR | Lucro: $0.86
2025-11-04 00:25:09,602 - INFO - 📊 Win Rate: 55.0% (33/60)
2025-11-04 00:25:09,603 - INFO - 💰 Lucro Total: $1.38
2025-11-04 00:25:09,603 - INFO - 💰 Lucro Diário: $1.38
2025-11-04 00:25:10,867 - INFO - 📊 EST 4: SETUP VENDA detectado | Aguardando pullback à MA21
2025-11-04 00:25:10,867 - INFO - 📊 EST 4: PULLBACK VENDA! Preço: 1.15236 | MA21: 1.15279
2025-11-04 00:25:10,867 - INFO - 📈 Abrindo posição PUT
2025-11-04 00:25:10,867 - INFO -    Ativo: EURUSD-OTC | Valor: $1.0 | Exp: 1min
2025-11-04 00:25:12,534 - WARNING -    ⚠️ Erro ao verificar disponibilidade: 'underlying'
2025-11-04 00:25:13,190 - INFO -    ✅ Binary Option executada | ID: 13264416441
2025-11-04 00:25:13,191 - INFO - ✅ Posição PUT aberta | ID: 13264416441
2025-11-04 00:26:09,567 - INFO - ❌ TRADE PERDEDOR | Prejuízo: $-1.00
2025-11-04 00:26:09,567 - INFO - 📊 Win Rate: 54.1% (33/61)
2025-11-04 00:26:09,567 - INFO - 💰 Lucro Total: $0.38
2025-11-04 00:26:09,567 - INFO - 💰 Lucro Diário: $0.38
2025-11-04 00:26:10,873 - INFO - 📊 EST 4: SETUP VENDA detectado | Aguardando pullback à MA21
2025-11-04 00:26:10,873 - INFO - 📊 EST 4: PULLBACK VENDA! Preço: 1.15237 | MA21: 1.15276
2025-11-04 00:26:10,873 - INFO - 📈 Abrindo posição PUT
2025-11-04 00:26:10,873 - INFO -    Ativo: EURUSD-OTC | Valor: $1.0 | Exp: 1min
2025-11-04 00:26:12,509 - WARNING -    ⚠️ Erro ao verificar disponibilidade: 'underlying'
2025-11-04 00:26:13,223 - INFO -    ✅ Binary Option executada | ID: 13264419044
2025-11-04 00:26:13,225 - INFO - ✅ Posição PUT aberta | ID: 13264419044
2025-11-04 00:27:09,571 - INFO - ❌ TRADE PERDEDOR | Prejuízo: $-1.00
2025-11-04 00:27:09,571 - INFO - 📊 Win Rate: 53.2% (33/62)
2025-11-04 00:27:09,575 - INFO - 💰 Lucro Total: $-0.62
2025-11-04 00:27:09,575 - INFO - 💰 Lucro Diário: $-0.62
2025-11-04 00:30:11,313 - INFO - 📊 EST 4: SETUP VENDA detectado | Aguardando pullback à MA21
2025-11-04 00:30:11,313 - INFO - 📊 EST 4: PULLBACK VENDA! Preço: 1.15238 | MA21: 1.15265
2025-11-04 00:30:11,315 - INFO - 📈 Abrindo posição PUT
2025-11-04 00:30:11,315 - INFO -    Ativo: EURUSD-OTC | Valor: $1.0 | Exp: 1min
2025-11-04 00:30:12,643 - WARNING -    ⚠️ Erro ao verificar disponibilidade: 'underlying'
2025-11-04 00:30:13,610 - INFO -    ✅ Binary Option executada | ID: 13264429347
2025-11-04 00:30:13,610 - INFO - ✅ Posição PUT aberta | ID: 13264429347
2025-11-04 00:31:09,538 - INFO - ✅ TRADE VENCEDOR | Lucro: $0.86
2025-11-04 00:31:09,538 - INFO - 📊 Win Rate: 54.0% (34/63)
2025-11-04 00:31:09,538 - INFO - 💰 Lucro Total: $0.24
2025-11-04 00:31:09,538 - INFO - 💰 Lucro Diário: $0.24
2025-11-04 00:31:10,877 - INFO - 📊 EST 4: SETUP VENDA detectado | Aguardando pullback à MA21
2025-11-04 00:31:10,877 - INFO - 📊 EST 4: PULLBACK VENDA! Preço: 1.15224 | MA21: 1.15264
2025-11-04 00:31:10,877 - INFO - 📈 Abrindo posição PUT
2025-11-04 00:31:10,877 - INFO -    Ativo: EURUSD-OTC | Valor: $1.0 | Exp: 1min
2025-11-04 00:31:12,672 - WARNING -    ⚠️ Erro ao verificar disponibilidade: 'underlying'
2025-11-04 00:31:13,373 - INFO -    ✅ Binary Option executada | ID: 13264432033
2025-11-04 00:31:13,373 - INFO - ✅ Posição PUT aberta | ID: 13264432033
2025-11-04 00:32:09,717 - INFO - ✅ TRADE VENCEDOR | Lucro: $0.86
2025-11-04 00:32:09,718 - INFO - 📊 Win Rate: 54.7% (35/64)
2025-11-04 00:32:09,718 - INFO - 💰 Lucro Total: $1.10
2025-11-04 00:32:09,718 - INFO - 💰 Lucro Diário: $1.10
2025-11-04 00:32:11,054 - INFO - 📊 EST 4: SETUP VENDA detectado | Aguardando pullback à MA21
2025-11-04 00:32:11,054 - INFO - 📊 EST 4: PULLBACK VENDA! Preço: 1.15214 | MA21: 1.15259
2025-11-04 00:32:11,054 - INFO - 📈 Abrindo posição PUT
2025-11-04 00:32:11,054 - INFO -    Ativo: EURUSD-OTC | Valor: $1.0 | Exp: 1min
2025-11-04 00:32:12,695 - WARNING -    ⚠️ Erro ao verificar disponibilidade: 'underlying'
2025-11-04 00:32:13,419 - INFO -    ✅ Binary Option executada | ID: 13264434890
2025-11-04 00:32:13,420 - INFO - ✅ Posição PUT aberta | ID: 13264434890
2025-11-04 00:33:09,701 - INFO - ✅ TRADE VENCEDOR | Lucro: $0.86
2025-11-04 00:33:09,701 - INFO - 📊 Win Rate: 55.4% (36/65)
2025-11-04 00:33:09,701 - INFO - 💰 Lucro Total: $1.96
2025-11-04 00:33:09,701 - INFO - 💰 Lucro Diário: $1.96
2025-11-04 00:33:10,984 - INFO - 📊 EST 4: SETUP VENDA detectado | Aguardando pullback à MA21
2025-11-04 00:33:10,984 - INFO - 📊 EST 4: PULLBACK VENDA! Preço: 1.15192 | MA21: 1.15253
2025-11-04 00:33:10,984 - INFO - 📈 Abrindo posição PUT
2025-11-04 00:33:10,984 - INFO -    Ativo: EURUSD-OTC | Valor: $1.0 | Exp: 1min
2025-11-04 00:33:12,469 - WARNING -    ⚠️ Erro ao verificar disponibilidade: 'underlying'
2025-11-04 00:33:13,117 - INFO -    ✅ Binary Option executada | ID: 13264437948
2025-11-04 00:33:13,117 - INFO - ✅ Posição PUT aberta | ID: 13264437948
2025-11-04 00:34:09,745 - INFO - ❌ TRADE PERDEDOR | Prejuízo: $-1.00
2025-11-04 00:34:09,745 - INFO - 📊 Win Rate: 54.5% (36/66)
2025-11-04 00:34:09,745 - INFO - 💰 Lucro Total: $0.96
2025-11-04 00:34:09,745 - INFO - 💰 Lucro Diário: $0.96
2025-11-04 00:34:11,031 - INFO - 📊 EST 4: SETUP VENDA detectado | Aguardando pullback à MA21
2025-11-04 00:34:11,031 - INFO - 📊 EST 4: PULLBACK VENDA! Preço: 1.15209 | MA21: 1.15249
2025-11-04 00:34:11,031 - INFO - 📈 Abrindo posição PUT
2025-11-04 00:34:11,031 - INFO -    Ativo: EURUSD-OTC | Valor: $1.0 | Exp: 1min
2025-11-04 00:34:12,642 - WARNING -    ⚠️ Erro ao verificar disponibilidade: 'underlying'
2025-11-04 00:34:13,280 - INFO -    ✅ Binary Option executada | ID: 13264441011
2025-11-04 00:34:13,280 - INFO - ✅ Posição PUT aberta | ID: 13264441011
2025-11-04 00:35:10,026 - INFO - ✅ TRADE VENCEDOR | Lucro: $0.86
2025-11-04 00:35:10,026 - INFO - 📊 Win Rate: 55.2% (37/67)
2025-11-04 00:35:10,026 - INFO - 💰 Lucro Total: $1.82
2025-11-04 00:35:10,026 - INFO - 💰 Lucro Diário: $1.82
2025-11-04 00:35:11,346 - INFO - 📊 EST 4: SETUP VENDA detectado | Aguardando pullback à MA21
2025-11-04 00:35:11,346 - INFO - 📊 EST 4: PULLBACK VENDA! Preço: 1.15177 | MA21: 1.15236
2025-11-04 00:35:11,346 - INFO - 📈 Abrindo posição PUT
2025-11-04 00:35:11,346 - INFO -    Ativo: EURUSD-OTC | Valor: $1.0 | Exp: 1min
2025-11-04 00:35:13,324 - WARNING -    ⚠️ Erro ao verificar disponibilidade: 'underlying'
2025-11-04 00:35:14,094 - INFO -    ✅ Binary Option executada | ID: 13264443906
2025-11-04 00:35:14,094 - INFO - ✅ Posição PUT aberta | ID: 13264443906
2025-11-04 00:36:09,588 - INFO - ❌ TRADE PERDEDOR | Prejuízo: $-1.00
2025-11-04 00:36:09,589 - INFO - 📊 Win Rate: 54.4% (37/68)
2025-11-04 00:36:09,589 - INFO - 💰 Lucro Total: $0.82
2025-11-04 00:36:09,590 - INFO - 💰 Lucro Diário: $0.82
2025-11-04 00:36:10,912 - INFO - 📊 EST 4: SETUP VENDA detectado | Aguardando pullback à MA21
2025-11-04 00:36:10,912 - INFO - 📊 EST 4: PULLBACK VENDA! Preço: 1.15200 | MA21: 1.15239
2025-11-04 00:36:10,912 - INFO - 📈 Abrindo posição PUT
2025-11-04 00:36:10,912 - INFO -    Ativo: EURUSD-OTC | Valor: $1.0 | Exp: 1min
2025-11-04 00:36:12,433 - WARNING -    ⚠️ Erro ao verificar disponibilidade: 'underlying'
2025-11-04 00:36:13,041 - INFO -    ✅ Binary Option executada | ID: 13264446308
2025-11-04 00:36:13,042 - INFO - ✅ Posição PUT aberta | ID: 13264446308
2025-11-04 00:37:09,868 - INFO - ✅ TRADE VENCEDOR | Lucro: $0.86
2025-11-04 00:37:09,868 - INFO - 📊 Win Rate: 55.1% (38/69)
2025-11-04 00:37:09,868 - INFO - 💰 Lucro Total: $1.68
2025-11-04 00:37:09,868 - INFO - 💰 Lucro Diário: $1.68
2025-11-04 00:37:11,176 - INFO - 📊 EST 4: SETUP VENDA detectado | Aguardando pullback à MA21
2025-11-04 00:37:11,177 - INFO - 📊 EST 4: PULLBACK VENDA! Preço: 1.15203 | MA21: 1.15232
2025-11-04 00:37:11,177 - INFO - 📈 Abrindo posição PUT
2025-11-04 00:37:11,177 - INFO -    Ativo: EURUSD-OTC | Valor: $1.0 | Exp: 1min
2025-11-04 00:37:13,066 - WARNING -    ⚠️ Erro ao verificar disponibilidade: 'underlying'
2025-11-04 00:37:13,721 - INFO -    ✅ Binary Option executada | ID: 13264449574
2025-11-04 00:37:13,721 - INFO - ✅ Posição PUT aberta | ID: 13264449574
2025-11-04 00:38:10,076 - INFO - ✅ TRADE VENCEDOR | Lucro: $0.86
2025-11-04 00:38:10,076 - INFO - 📊 Win Rate: 55.7% (39/70)
2025-11-04 00:38:10,076 - INFO - 💰 Lucro Total: $2.54
2025-11-04 00:38:10,076 - INFO - 💰 Lucro Diário: $2.54
2025-11-04 00:38:11,422 - INFO - 📊 EST 4: SETUP VENDA detectado | Aguardando pullback à MA21
2025-11-04 00:38:11,423 - INFO - 📊 EST 4: PULLBACK VENDA! Preço: 1.15173 | MA21: 1.15225
2025-11-04 00:38:11,423 - INFO - 📈 Abrindo posição PUT
2025-11-04 00:38:11,424 - INFO -    Ativo: EURUSD-OTC | Valor: $1.0 | Exp: 1min
2025-11-04 00:38:12,797 - WARNING -    ⚠️ Erro ao verificar disponibilidade: 'underlying'
2025-11-04 00:38:13,526 - INFO -    ✅ Binary Option executada | ID: 13264452145
2025-11-04 00:38:13,526 - INFO - ✅ Posição PUT aberta | ID: 13264452145
2025-11-04 00:39:09,918 - INFO - ❌ TRADE PERDEDOR | Prejuízo: $-1.00
2025-11-04 00:39:09,918 - INFO - 📊 Win Rate: 54.9% (39/71)
2025-11-04 00:39:09,918 - INFO - 💰 Lucro Total: $1.54
2025-11-04 00:39:09,918 - INFO - 💰 Lucro Diário: $1.54
2025-11-04 00:44:11,298 - INFO - 📊 EST 4: SETUP COMPRA detectado | Aguardando pullback à MA21
2025-11-04 00:44:11,298 - INFO - 📊 EST 4: PULLBACK COMPRA! Preço: 1.15264 | MA21: 1.15235
2025-11-04 00:44:11,298 - INFO - 📈 Abrindo posição CALL
2025-11-04 00:44:11,298 - INFO -    Ativo: EURUSD-OTC | Valor: $1.0 | Exp: 1min
2025-11-04 00:44:12,968 - WARNING -    ⚠️ Erro ao verificar disponibilidade: 'underlying'
2025-11-04 00:44:13,541 - INFO -    ✅ Binary Option executada | ID: 13264468983
2025-11-04 00:44:13,541 - INFO - ✅ Posição CALL aberta | ID: 13264468983
2025-11-04 00:45:09,674 - INFO - ✅ TRADE VENCEDOR | Lucro: $0.86
2025-11-04 00:45:09,674 - INFO - 📊 Win Rate: 55.6% (40/72)
2025-11-04 00:45:09,674 - INFO - 💰 Lucro Total: $2.40
2025-11-04 00:45:09,674 - INFO - 💰 Lucro Diário: $2.40
2025-11-04 00:45:10,969 - INFO - 📊 EST 4: SETUP COMPRA detectado | Aguardando pullback à MA21
2025-11-04 00:45:10,969 - INFO - 📊 EST 4: PULLBACK COMPRA! Preço: 1.15278 | MA21: 1.15236
2025-11-04 00:45:10,969 - INFO - 📈 Abrindo posição CALL
2025-11-04 00:45:10,969 - INFO -    Ativo: EURUSD-OTC | Valor: $1.0 | Exp: 1min
2025-11-04 00:45:12,451 - WARNING -    ⚠️ Erro ao verificar disponibilidade: 'underlying'
2025-11-04 00:45:13,085 - INFO -    ✅ Binary Option executada | ID: 13264471924
2025-11-04 00:45:13,085 - INFO - ✅ Posição CALL aberta | ID: 13264471924
2025-11-04 00:46:09,930 - INFO - ✅ TRADE VENCEDOR | Lucro: $0.86
2025-11-04 00:46:09,930 - INFO - 📊 Win Rate: 56.2% (41/73)
2025-11-04 00:46:09,930 - INFO - 💰 Lucro Total: $3.26
2025-11-04 00:46:09,930 - INFO - 💰 Lucro Diário: $3.26
2025-11-04 00:46:11,277 - INFO - 📊 EST 4: SETUP COMPRA detectado | Aguardando pullback à MA21
2025-11-04 00:46:11,278 - INFO - 📊 EST 4: PULLBACK COMPRA! Preço: 1.15291 | MA21: 1.15241
2025-11-04 00:46:11,278 - INFO - 📈 Abrindo posição CALL
2025-11-04 00:46:11,278 - INFO -    Ativo: EURUSD-OTC | Valor: $1.0 | Exp: 1min
2025-11-04 00:46:12,608 - WARNING -    ⚠️ Erro ao verificar disponibilidade: 'underlying'
2025-11-04 00:46:13,238 - INFO -    ✅ Binary Option executada | ID: 13264474388
2025-11-04 00:46:13,238 - INFO - ✅ Posição CALL aberta | ID: 13264474388
2025-11-04 00:47:09,670 - INFO - ❌ TRADE PERDEDOR | Prejuízo: $-1.00
2025-11-04 00:47:09,670 - INFO - 📊 Win Rate: 55.4% (41/74)
2025-11-04 00:47:09,670 - INFO - 💰 Lucro Total: $2.26
2025-11-04 00:47:09,670 - INFO - 💰 Lucro Diário: $2.26
2025-11-04 00:47:10,965 - INFO - 📊 EST 4: SETUP COMPRA detectado | Aguardando pullback à MA21
2025-11-04 00:47:10,966 - INFO - 📊 EST 4: PULLBACK COMPRA! Preço: 1.15288 | MA21: 1.15245
2025-11-04 00:47:10,966 - INFO - 📈 Abrindo posição CALL
2025-11-04 00:47:10,966 - INFO -    Ativo: EURUSD-OTC | Valor: $1.0 | Exp: 1min
2025-11-04 00:47:12,436 - WARNING -    ⚠️ Erro ao verificar disponibilidade: 'underlying'
2025-11-04 00:47:13,123 - INFO -    ✅ Binary Option executada | ID: 13264477125
2025-11-04 00:47:13,123 - INFO - ✅ Posição CALL aberta | ID: 13264477125
2025-11-04 00:48:09,602 - INFO - ❌ TRADE PERDEDOR | Prejuízo: $-1.00
2025-11-04 00:48:09,602 - INFO - 📊 Win Rate: 54.7% (41/75)
2025-11-04 00:48:09,602 - INFO - 💰 Lucro Total: $1.26
2025-11-04 00:48:09,604 - INFO - 💰 Lucro Diário: $1.26
2025-11-04 00:50:11,354 - INFO - 📊 EST 4: SETUP COMPRA detectado | Aguardando pullback à MA21
2025-11-04 00:50:11,354 - INFO - 📊 EST 4: PULLBACK COMPRA! Preço: 1.15298 | MA21: 1.15258
2025-11-04 00:50:11,354 - INFO - 📈 Abrindo posição CALL
2025-11-04 00:50:11,354 - INFO -    Ativo: EURUSD-OTC | Valor: $1.0 | Exp: 1min
2025-11-04 00:50:12,786 - WARNING -    ⚠️ Erro ao verificar disponibilidade: 'underlying'
2025-11-04 00:50:13,440 - INFO -    ✅ Binary Option executada | ID: 13264484982
2025-11-04 00:50:13,442 - INFO - ✅ Posição CALL aberta | ID: 13264484982
2025-11-04 00:51:09,556 - INFO - ✅ TRADE VENCEDOR | Lucro: $0.86
2025-11-04 00:51:09,556 - INFO - 📊 Win Rate: 55.3% (42/76)
2025-11-04 00:51:09,556 - INFO - 💰 Lucro Total: $2.12
2025-11-04 00:51:09,556 - INFO - 💰 Lucro Diário: $2.12
2025-11-04 00:51:10,852 - INFO - 📊 EST 4: SETUP COMPRA detectado | Aguardando pullback à MA21
2025-11-04 00:51:10,853 - INFO - 📊 EST 4: PULLBACK COMPRA! Preço: 1.15312 | MA21: 1.15260
2025-11-04 00:51:10,853 - INFO - 📈 Abrindo posição CALL
2025-11-04 00:51:10,853 - INFO -    Ativo: EURUSD-OTC | Valor: $1.0 | Exp: 1min
2025-11-04 00:51:12,240 - WARNING -    ⚠️ Erro ao verificar disponibilidade: 'underlying'
2025-11-04 00:51:12,926 - INFO -    ✅ Binary Option executada | ID: 13264487869
2025-11-04 00:51:12,926 - INFO - ✅ Posição CALL aberta | ID: 13264487869
2025-11-04 00:52:09,740 - INFO - ✅ TRADE VENCEDOR | Lucro: $0.86
2025-11-04 00:52:09,740 - INFO - 📊 Win Rate: 55.8% (43/77)
2025-11-04 00:52:09,740 - INFO - 💰 Lucro Total: $2.98
2025-11-04 00:52:09,740 - INFO - 💰 Lucro Diário: $2.98
2025-11-04 00:52:11,052 - INFO - 📊 EST 4: SETUP COMPRA detectado | Aguardando pullback à MA21
2025-11-04 00:52:11,053 - INFO - 📊 EST 4: PULLBACK COMPRA! Preço: 1.15316 | MA21: 1.15265
2025-11-04 00:52:11,053 - INFO - 📈 Abrindo posição CALL
2025-11-04 00:52:11,053 - INFO -    Ativo: EURUSD-OTC | Valor: $1.0 | Exp: 1min
2025-11-04 00:52:12,653 - WARNING -    ⚠️ Erro ao verificar disponibilidade: 'underlying'
2025-11-04 00:52:13,321 - INFO -    ✅ Binary Option executada | ID: 13264490870
2025-11-04 00:52:13,321 - INFO - ✅ Posição CALL aberta | ID: 13264490870
2025-11-04 00:53:09,856 - INFO - ✅ TRADE VENCEDOR | Lucro: $0.86
2025-11-04 00:53:09,857 - INFO - 📊 Win Rate: 56.4% (44/78)
2025-11-04 00:53:09,857 - INFO - 💰 Lucro Total: $3.84
2025-11-04 00:53:09,857 - INFO - 💰 Lucro Diário: $3.84
2025-11-04 00:53:11,207 - INFO - 📊 EST 4: SETUP COMPRA detectado | Aguardando pullback à MA21
2025-11-04 00:53:11,208 - INFO - 📊 EST 4: PULLBACK COMPRA! Preço: 1.15335 | MA21: 1.15277
2025-11-04 00:53:11,208 - INFO - 📈 Abrindo posição CALL
2025-11-04 00:53:11,208 - INFO -    Ativo: EURUSD-OTC | Valor: $1.0 | Exp: 1min
2025-11-04 00:53:12,847 - WARNING -    ⚠️ Erro ao verificar disponibilidade: 'underlying'
2025-11-04 00:53:13,508 - INFO -    ✅ Binary Option executada | ID: 13264493932
2025-11-04 00:53:13,509 - INFO - ✅ Posição CALL aberta | ID: 13264493932
2025-11-04 00:54:09,597 - INFO - ✅ TRADE VENCEDOR | Lucro: $0.86
2025-11-04 00:54:09,597 - INFO - 📊 Win Rate: 57.0% (45/79)
2025-11-04 00:54:09,597 - INFO - 💰 Lucro Total: $4.70
2025-11-04 00:54:09,597 - INFO - 💰 Lucro Diário: $4.70
2025-11-04 00:54:10,929 - INFO - 📊 EST 4: SETUP COMPRA detectado | Aguardando pullback à MA21
2025-11-04 00:54:10,930 - INFO - 📊 EST 4: PULLBACK COMPRA! Preço: 1.15339 | MA21: 1.15277
2025-11-04 00:54:10,930 - INFO - 📈 Abrindo posição CALL
2025-11-04 00:54:10,930 - INFO -    Ativo: EURUSD-OTC | Valor: $1.0 | Exp: 1min
2025-11-04 00:54:12,459 - WARNING -    ⚠️ Erro ao verificar disponibilidade: 'underlying'
2025-11-04 00:54:13,207 - INFO -    ✅ Binary Option executada | ID: 13264496496
2025-11-04 00:54:13,208 - INFO - ✅ Posição CALL aberta | ID: 13264496496
2025-11-04 00:55:09,918 - INFO - ❌ TRADE PERDEDOR | Prejuízo: $-1.00
2025-11-04 00:55:09,918 - INFO - 📊 Win Rate: 56.2% (45/80)
2025-11-04 00:55:09,920 - INFO - 💰 Lucro Total: $3.70
2025-11-04 00:55:09,920 - INFO - 💰 Lucro Diário: $3.70
2025-11-04 00:55:11,212 - INFO - 📊 EST 4: SETUP COMPRA detectado | Aguardando pullback à MA21
2025-11-04 00:55:11,213 - INFO - 📊 EST 4: PULLBACK COMPRA! Preço: 1.15322 | MA21: 1.15281
2025-11-04 00:55:11,213 - INFO - 📈 Abrindo posição CALL
2025-11-04 00:55:11,213 - INFO -    Ativo: EURUSD-OTC | Valor: $1.0 | Exp: 1min
2025-11-04 00:55:12,970 - WARNING -    ⚠️ Erro ao verificar disponibilidade: 'underlying'
2025-11-04 00:55:13,547 - INFO -    ✅ Binary Option executada | ID: 13264499056
2025-11-04 00:55:13,547 - INFO - ✅ Posição CALL aberta | ID: 13264499056
2025-11-04 00:56:09,929 - INFO - ✅ TRADE VENCEDOR | Lucro: $0.86
2025-11-04 00:56:09,929 - INFO - 📊 Win Rate: 56.8% (46/81)
2025-11-04 00:56:09,929 - INFO - 💰 Lucro Total: $4.56
2025-11-04 00:56:09,929 - INFO - 💰 Lucro Diário: $4.56
2025-11-04 00:57:11,614 - INFO - 📊 EST 4: SETUP COMPRA detectado | Aguardando pullback à MA21
2025-11-04 00:57:11,614 - INFO - 📊 EST 4: PULLBACK COMPRA! Preço: 1.15329 | MA21: 1.15293
2025-11-04 00:57:11,614 - INFO - 📈 Abrindo posição CALL
2025-11-04 00:57:11,614 - INFO -    Ativo: EURUSD-OTC | Valor: $1.0 | Exp: 1min
2025-11-04 00:57:13,284 - WARNING -    ⚠️ Erro ao verificar disponibilidade: 'underlying'
2025-11-04 00:57:13,948 - INFO -    ✅ Binary Option executada | ID: 13264504531
2025-11-04 00:57:13,949 - INFO - ✅ Posição CALL aberta | ID: 13264504531
2025-11-04 00:58:10,022 - INFO - ✅ TRADE VENCEDOR | Lucro: $0.86
2025-11-04 00:58:10,022 - INFO - 📊 Win Rate: 57.3% (47/82)
2025-11-04 00:58:10,022 - INFO - 💰 Lucro Total: $5.42
2025-11-04 00:58:10,024 - INFO - 💰 Lucro Diário: $5.42
2025-11-04 00:58:11,357 - INFO - 📊 EST 4: SETUP COMPRA detectado | Aguardando pullback à MA21
2025-11-04 00:58:11,358 - INFO - 📊 EST 4: PULLBACK COMPRA! Preço: 1.15336 | MA21: 1.15297
2025-11-04 00:58:11,358 - INFO - 📈 Abrindo posição CALL
2025-11-04 00:58:11,358 - INFO -    Ativo: EURUSD-OTC | Valor: $1.0 | Exp: 1min
2025-11-04 00:58:12,956 - WARNING -    ⚠️ Erro ao verificar disponibilidade: 'underlying'
2025-11-04 00:58:13,744 - INFO -    ✅ Binary Option executada | ID: 13264507207
2025-11-04 00:58:13,744 - INFO - ✅ Posição CALL aberta | ID: 13264507207
2025-11-04 00:59:09,577 - INFO - ❌ TRADE PERDEDOR | Prejuízo: $-1.00
2025-11-04 00:59:09,577 - INFO - 📊 Win Rate: 56.6% (47/83)
2025-11-04 00:59:09,577 - INFO - 💰 Lucro Total: $4.42
2025-11-04 00:59:09,578 - INFO - 💰 Lucro Diário: $4.42
2025-11-04 00:59:10,875 - INFO - 📊 EST 4: SETUP COMPRA detectado | Aguardando pullback à MA21
2025-11-04 00:59:10,875 - INFO - 📊 EST 4: PULLBACK COMPRA! Preço: 1.15304 | MA21: 1.15294
2025-11-04 00:59:10,875 - INFO - 📈 Abrindo posição CALL
2025-11-04 00:59:10,876 - INFO -    Ativo: EURUSD-OTC | Valor: $1.0 | Exp: 1min
2025-11-04 00:59:12,250 - WARNING -    ⚠️ Erro ao verificar disponibilidade: 'underlying'
2025-11-04 00:59:12,967 - INFO -    ✅ Binary Option executada | ID: 13264509857
2025-11-04 00:59:12,967 - INFO - ✅ Posição CALL aberta | ID: 13264509857
2025-11-04 01:00:10,602 - INFO - ✅ TRADE VENCEDOR | Lucro: $0.86
2025-11-04 01:00:10,602 - INFO - 📊 Win Rate: 57.1% (48/84)
2025-11-04 01:00:10,602 - INFO - 💰 Lucro Total: $5.28
2025-11-04 01:00:10,602 - INFO - 💰 Lucro Diário: $5.28
2025-11-04 01:00:11,936 - INFO - 📊 EST 4: SETUP COMPRA detectado | Aguardando pullback à MA21
2025-11-04 01:00:11,936 - INFO - 📊 EST 4: PULLBACK COMPRA! Preço: 1.15316 | MA21: 1.15298
2025-11-04 01:00:11,937 - INFO - 📈 Abrindo posição CALL
2025-11-04 01:00:11,937 - INFO -    Ativo: EURUSD-OTC | Valor: $1.0 | Exp: 1min
2025-11-04 01:00:13,396 - WARNING -    ⚠️ Erro ao verificar disponibilidade: 'underlying'
2025-11-04 01:00:14,187 - INFO -    ✅ Binary Option executada | ID: 13264512349
2025-11-04 01:00:14,188 - INFO - ✅ Posição CALL aberta | ID: 13264512349
2025-11-04 01:01:09,857 - INFO - ✅ TRADE VENCEDOR | Lucro: $0.86
2025-11-04 01:01:09,857 - INFO - 📊 Win Rate: 57.6% (49/85)
2025-11-04 01:01:09,857 - INFO - 💰 Lucro Total: $6.14
2025-11-04 01:01:09,857 - INFO - 💰 Lucro Diário: $6.14
2025-11-04 01:01:11,245 - INFO - 📊 EST 4: SETUP COMPRA detectado | Aguardando pullback à MA21
2025-11-04 01:01:11,246 - INFO - 📊 EST 4: PULLBACK COMPRA! Preço: 1.15335 | MA21: 1.15303
2025-11-04 01:01:11,246 - INFO - 📈 Abrindo posição CALL
2025-11-04 01:01:11,246 - INFO -    Ativo: EURUSD-OTC | Valor: $1.0 | Exp: 1min
2025-11-04 01:01:12,866 - WARNING -    ⚠️ Erro ao verificar disponibilidade: 'underlying'
2025-11-04 01:01:13,478 - INFO -    ✅ Binary Option executada | ID: 13264515481
2025-11-04 01:01:13,478 - INFO - ✅ Posição CALL aberta | ID: 13264515481
2025-11-04 01:02:09,546 - INFO - ❌ TRADE PERDEDOR | Prejuízo: $-1.00
2025-11-04 01:02:09,546 - INFO - 📊 Win Rate: 57.0% (49/86)
2025-11-04 01:02:09,547 - INFO - 💰 Lucro Total: $5.14
2025-11-04 01:02:09,547 - INFO - 💰 Lucro Diário: $5.14
2025-11-04 01:02:10,851 - INFO - 📊 EST 4: SETUP COMPRA detectado | Aguardando pullback à MA21
2025-11-04 01:02:10,852 - INFO - 📊 EST 4: PULLBACK COMPRA! Preço: 1.15333 | MA21: 1.15303
2025-11-04 01:02:10,852 - INFO - 📈 Abrindo posição CALL
2025-11-04 01:02:10,852 - INFO -    Ativo: EURUSD-OTC | Valor: $1.0 | Exp: 1min
2025-11-04 01:02:12,562 - WARNING -    ⚠️ Erro ao verificar disponibilidade: 'underlying'
2025-11-04 01:02:13,184 - INFO -    ✅ Binary Option executada | ID: 13264518622
2025-11-04 01:02:13,184 - INFO - ✅ Posição CALL aberta | ID: 13264518622
2025-11-04 01:03:09,993 - INFO - ✅ TRADE VENCEDOR | Lucro: $0.86
2025-11-04 01:03:09,993 - INFO - 📊 Win Rate: 57.5% (50/87)
2025-11-04 01:03:09,995 - INFO - 💰 Lucro Total: $6.00
2025-11-04 01:03:09,995 - INFO - 💰 Lucro Diário: $6.00
2025-11-04 01:03:11,284 - INFO - 📊 EST 4: SETUP COMPRA detectado | Aguardando pullback à MA21
2025-11-04 01:03:11,285 - INFO - 📊 EST 4: PULLBACK COMPRA! Preço: 1.15363 | MA21: 1.15313
2025-11-04 01:03:11,285 - INFO - 📈 Abrindo posição CALL
2025-11-04 01:03:11,285 - INFO -    Ativo: EURUSD-OTC | Valor: $1.0 | Exp: 1min
2025-11-04 01:03:12,730 - WARNING -    ⚠️ Erro ao verificar disponibilidade: 'underlying'
2025-11-04 01:03:13,474 - INFO -    ✅ Binary Option executada | ID: 13264521621
2025-11-04 01:03:13,474 - INFO - ✅ Posição CALL aberta | ID: 13264521621
2025-11-04 01:04:09,854 - INFO - ❌ TRADE PERDEDOR | Prejuízo: $-1.00
2025-11-04 01:04:09,854 - INFO - 📊 Win Rate: 56.8% (50/88)
2025-11-04 01:04:09,854 - INFO - 💰 Lucro Total: $5.00
2025-11-04 01:04:09,854 - INFO - 💰 Lucro Diário: $5.00
2025-11-04 01:04:11,171 - INFO - 📊 EST 4: SETUP COMPRA detectado | Aguardando pullback à MA21
2025-11-04 01:04:11,172 - INFO - 📊 EST 4: PULLBACK COMPRA! Preço: 1.15356 | MA21: 1.15313
2025-11-04 01:04:11,172 - INFO - 📈 Abrindo posição CALL
2025-11-04 01:04:11,172 - INFO -    Ativo: EURUSD-OTC | Valor: $1.0 | Exp: 1min
2025-11-04 01:04:12,753 - WARNING -    ⚠️ Erro ao verificar disponibilidade: 'underlying'
2025-11-04 01:04:13,468 - INFO -    ✅ Binary Option executada | ID: 13264524301
2025-11-04 01:04:13,468 - INFO - ✅ Posição CALL aberta | ID: 13264524301
2025-11-04 01:05:09,908 - INFO - ✅ TRADE VENCEDOR | Lucro: $0.86
2025-11-04 01:05:09,908 - INFO - 📊 Win Rate: 57.3% (51/89)
2025-11-04 01:05:09,909 - INFO - 💰 Lucro Total: $5.86
2025-11-04 01:05:09,909 - INFO - 💰 Lucro Diário: $5.86
2025-11-04 01:05:11,246 - INFO - 📊 EST 4: SETUP COMPRA detectado | Aguardando pullback à MA21
2025-11-04 01:05:11,246 - INFO - 📊 EST 4: PULLBACK COMPRA! Preço: 1.15380 | MA21: 1.15325
2025-11-04 01:05:11,246 - INFO - 📈 Abrindo posição CALL
2025-11-04 01:05:11,246 - INFO -    Ativo: EURUSD-OTC | Valor: $1.0 | Exp: 1min
2025-11-04 01:05:12,896 - WARNING -    ⚠️ Erro ao verificar disponibilidade: 'underlying'
2025-11-04 01:05:13,659 - INFO -    ✅ Binary Option executada | ID: 13264527237
2025-11-04 01:05:13,659 - INFO - ✅ Posição CALL aberta | ID: 13264527237
2025-11-04 01:06:09,654 - INFO - ❌ TRADE PERDEDOR | Prejuízo: $-1.00
2025-11-04 01:06:09,654 - INFO - 📊 Win Rate: 56.7% (51/90)
2025-11-04 01:06:09,654 - INFO - 💰 Lucro Total: $4.86
2025-11-04 01:06:09,654 - INFO - 💰 Lucro Diário: $4.86
2025-11-04 01:06:10,959 - INFO - 📊 EST 4: SETUP COMPRA detectado | Aguardando pullback à MA21
2025-11-04 01:06:10,959 - INFO - 📊 EST 4: PULLBACK COMPRA! Preço: 1.15379 | MA21: 1.15324
2025-11-04 01:06:10,959 - INFO - 📈 Abrindo posição CALL
2025-11-04 01:06:10,959 - INFO -    Ativo: EURUSD-OTC | Valor: $1.0 | Exp: 1min
2025-11-04 01:06:12,486 - WARNING -    ⚠️ Erro ao verificar disponibilidade: 'underlying'
2025-11-04 01:06:13,193 - INFO -    ✅ Binary Option executada | ID: 13264530126
2025-11-04 01:06:13,194 - INFO - ✅ Posição CALL aberta | ID: 13264530126
2025-11-04 01:07:09,800 - INFO - ✅ TRADE VENCEDOR | Lucro: $0.86
2025-11-04 01:07:09,800 - INFO - 📊 Win Rate: 57.1% (52/91)
2025-11-04 01:07:09,800 - INFO - 💰 Lucro Total: $5.72
2025-11-04 01:07:09,800 - INFO - 💰 Lucro Diário: $5.72
2025-11-04 01:07:11,208 - INFO - 📊 EST 4: SETUP COMPRA detectado | Aguardando pullback à MA21
2025-11-04 01:07:11,208 - INFO - 📊 EST 4: PULLBACK COMPRA! Preço: 1.15389 | MA21: 1.15335
2025-11-04 01:07:11,208 - INFO - 📈 Abrindo posição CALL
2025-11-04 01:07:11,208 - INFO -    Ativo: EURUSD-OTC | Valor: $1.0 | Exp: 1min
2025-11-04 01:07:12,896 - WARNING -    ⚠️ Erro ao verificar disponibilidade: 'underlying'
2025-11-04 01:07:13,608 - INFO -    ✅ Binary Option executada | ID: 13264533110
2025-11-04 01:07:13,608 - INFO - ✅ Posição CALL aberta | ID: 13264533110
2025-11-04 01:13:09,931 - WARNING - ⚠️ Timeout ao verificar resultado
2025-11-04 01:13:11,193 - INFO - 📊 EST 4: SETUP COMPRA detectado | Aguardando pullback à MA21
2025-11-04 01:13:11,193 - INFO - 📊 EST 4: PULLBACK COMPRA! Preço: 1.15375 | MA21: 1.15347
2025-11-04 01:13:11,193 - INFO - 📈 Abrindo posição CALL
2025-11-04 01:13:11,193 - INFO -    Ativo: EURUSD-OTC | Valor: $1.0 | Exp: 1min
2025-11-04 01:13:12,731 - WARNING -    ⚠️ Erro ao verificar disponibilidade: 'underlying'
2025-11-04 01:13:13,424 - INFO -    ✅ Binary Option executada | ID: 13264547959
2025-11-04 01:13:13,424 - INFO - ✅ Posição CALL aberta | ID: 13264547959
2025-11-04 01:14:09,564 - INFO - ❌ TRADE PERDEDOR | Prejuízo: $-1.00
2025-11-04 01:14:09,564 - INFO - 📊 Win Rate: 56.5% (52/92)
2025-11-04 01:14:09,564 - INFO - 💰 Lucro Total: $4.72
2025-11-04 01:14:09,564 - INFO - 💰 Lucro Diário: $4.72
2025-11-04 01:14:10,946 - INFO - 📊 EST 4: SETUP COMPRA detectado | Aguardando pullback à MA21
2025-11-04 01:14:10,946 - INFO - 📊 EST 4: PULLBACK COMPRA! Preço: 1.15351 | MA21: 1.15345
2025-11-04 01:14:10,946 - INFO - 📈 Abrindo posição CALL
2025-11-04 01:14:10,946 - INFO -    Ativo: EURUSD-OTC | Valor: $1.0 | Exp: 1min
2025-11-04 01:14:12,633 - WARNING -    ⚠️ Erro ao verificar disponibilidade: 'underlying'
2025-11-04 01:14:13,369 - INFO -    ✅ Binary Option executada | ID: 13264550348
2025-11-04 01:14:13,369 - INFO - ✅ Posição CALL aberta | ID: 13264550348
2025-11-04 01:15:09,883 - INFO - ❌ TRADE PERDEDOR | Prejuízo: $-1.00
2025-11-04 01:15:09,883 - INFO - 📊 Win Rate: 55.9% (52/93)
2025-11-04 01:15:09,883 - INFO - 💰 Lucro Total: $3.72
2025-11-04 01:15:09,883 - INFO - 💰 Lucro Diário: $3.72
2025-11-04 01:15:11,240 - INFO - 📊 EST 4: SETUP VENDA detectado | Aguardando pullback à MA21
2025-11-04 01:15:11,240 - INFO - 📊 EST 4: PULLBACK VENDA! Preço: 1.15333 | MA21: 1.15343
2025-11-04 01:15:11,240 - INFO - 📈 Abrindo posição PUT
2025-11-04 01:15:11,240 - INFO -    Ativo: EURUSD-OTC | Valor: $1.0 | Exp: 1min
2025-11-04 01:15:12,691 - WARNING -    ⚠️ Erro ao verificar disponibilidade: 'underlying'
2025-11-04 01:15:13,766 - INFO -    ✅ Binary Option executada | ID: 13264552699
2025-11-04 01:15:13,766 - INFO - ✅ Posição PUT aberta | ID: 13264552699
2025-11-04 01:16:09,598 - INFO - ✅ TRADE VENCEDOR | Lucro: $0.86
2025-11-04 01:16:09,598 - INFO - 📊 Win Rate: 56.4% (53/94)
2025-11-04 01:16:09,598 - INFO - 💰 Lucro Total: $4.58
2025-11-04 01:16:09,598 - INFO - 💰 Lucro Diário: $4.58
2025-11-04 01:16:10,908 - INFO - 📊 EST 4: SETUP VENDA detectado | Aguardando pullback à MA21
2025-11-04 01:16:10,908 - INFO - 📊 EST 4: PULLBACK VENDA! Preço: 1.15315 | MA21: 1.15341
2025-11-04 01:16:10,908 - INFO - 📈 Abrindo posição PUT
2025-11-04 01:16:10,908 - INFO -    Ativo: EURUSD-OTC | Valor: $1.0 | Exp: 1min
2025-11-04 01:16:12,302 - WARNING -    ⚠️ Erro ao verificar disponibilidade: 'underlying'
2025-11-04 01:16:12,913 - INFO -    ✅ Binary Option executada | ID: 13264555047
2025-11-04 01:16:12,913 - INFO - ✅ Posição PUT aberta | ID: 13264555047
2025-11-04 01:17:09,902 - INFO - ✅ TRADE VENCEDOR | Lucro: $0.86
2025-11-04 01:17:09,902 - INFO - 📊 Win Rate: 56.8% (54/95)
2025-11-04 01:17:09,902 - INFO - 💰 Lucro Total: $5.44
2025-11-04 01:17:09,902 - INFO - 💰 Lucro Diário: $5.44
2025-11-04 01:17:11,281 - INFO - 📊 EST 4: SETUP VENDA detectado | Aguardando pullback à MA21
2025-11-04 01:17:11,281 - INFO - 📊 EST 4: PULLBACK VENDA! Preço: 1.15298 | MA21: 1.15334
2025-11-04 01:17:11,281 - INFO - 📈 Abrindo posição PUT
2025-11-04 01:17:11,281 - INFO -    Ativo: EURUSD-OTC | Valor: $1.0 | Exp: 1min
2025-11-04 01:17:12,867 - WARNING -    ⚠️ Erro ao verificar disponibilidade: 'underlying'
2025-11-04 01:17:13,561 - INFO -    ✅ Binary Option executada | ID: 13264557638
2025-11-04 01:17:13,561 - INFO - ✅ Posição PUT aberta | ID: 13264557638
2025-11-04 01:18:09,703 - INFO - ✅ TRADE VENCEDOR | Lucro: $0.86
2025-11-04 01:18:09,704 - INFO - 📊 Win Rate: 57.3% (55/96)
2025-11-04 01:18:09,704 - INFO - 💰 Lucro Total: $6.30
2025-11-04 01:18:09,704 - INFO - 💰 Lucro Diário: $6.30
2025-11-04 01:18:11,039 - INFO - 📊 EST 4: SETUP VENDA detectado | Aguardando pullback à MA21
2025-11-04 01:18:11,039 - INFO - 📊 EST 4: PULLBACK VENDA! Preço: 1.15298 | MA21: 1.15334
2025-11-04 01:18:11,039 - INFO - 📈 Abrindo posição PUT
2025-11-04 01:18:11,039 - INFO -    Ativo: EURUSD-OTC | Valor: $1.0 | Exp: 1min
2025-11-04 01:18:12,714 - WARNING -    ⚠️ Erro ao verificar disponibilidade: 'underlying'
2025-11-04 01:18:13,364 - INFO -    ✅ Binary Option executada | ID: 13264560288
2025-11-04 01:18:13,364 - INFO - ✅ Posição PUT aberta | ID: 13264560288
2025-11-04 01:19:09,903 - INFO - ❌ TRADE PERDEDOR | Prejuízo: $-1.00
2025-11-04 01:19:09,903 - INFO - 📊 Win Rate: 56.7% (55/97)
2025-11-04 01:19:09,903 - INFO - 💰 Lucro Total: $5.30
2025-11-04 01:19:09,904 - INFO - 💰 Lucro Diário: $5.30
2025-11-04 01:21:11,242 - INFO - 📊 EST 4: SETUP VENDA detectado | Aguardando pullback à MA21
2025-11-04 01:21:11,242 - INFO - 📊 EST 4: PULLBACK VENDA! Preço: 1.15302 | MA21: 1.15326
2025-11-04 01:21:11,242 - INFO - 📈 Abrindo posição PUT
2025-11-04 01:21:11,242 - INFO -    Ativo: EURUSD-OTC | Valor: $1.0 | Exp: 1min
2025-11-04 01:21:12,875 - WARNING -    ⚠️ Erro ao verificar disponibilidade: 'underlying'
2025-11-04 01:21:13,500 - INFO -    ✅ Binary Option executada | ID: 13264567739
2025-11-04 01:21:13,502 - INFO - ✅ Posição PUT aberta | ID: 13264567739
2025-11-04 01:22:09,626 - INFO - ✅ TRADE VENCEDOR | Lucro: $0.86
2025-11-04 01:22:09,626 - INFO - 📊 Win Rate: 57.1% (56/98)
2025-11-04 01:22:09,626 - INFO - 💰 Lucro Total: $6.16
2025-11-04 01:22:09,626 - INFO - 💰 Lucro Diário: $6.16
2025-11-04 01:22:10,877 - INFO - 📊 EST 4: SETUP VENDA detectado | Aguardando pullback à MA21
2025-11-04 01:22:10,877 - INFO - 📊 EST 4: PULLBACK VENDA! Preço: 1.15278 | MA21: 1.15324
2025-11-04 01:22:10,877 - INFO - 📈 Abrindo posição PUT
2025-11-04 01:22:10,877 - INFO -    Ativo: EURUSD-OTC | Valor: $1.0 | Exp: 1min
2025-11-04 01:22:12,390 - WARNING -    ⚠️ Erro ao verificar disponibilidade: 'underlying'
2025-11-04 01:22:13,025 - INFO -    ✅ Binary Option executada | ID: 13264570322
2025-11-04 01:22:13,025 - INFO - ✅ Posição PUT aberta | ID: 13264570322
2025-11-04 01:23:09,684 - INFO - ✅ TRADE VENCEDOR | Lucro: $0.86
2025-11-04 01:23:09,684 - INFO - 📊 Win Rate: 57.6% (57/99)
2025-11-04 01:23:09,684 - INFO - 💰 Lucro Total: $7.02
2025-11-04 01:23:09,684 - INFO - 💰 Lucro Diário: $7.02
2025-11-04 01:23:10,987 - INFO - 📊 EST 4: SETUP VENDA detectado | Aguardando pullback à MA21
2025-11-04 01:23:10,987 - INFO - 📊 EST 4: PULLBACK VENDA! Preço: 1.15258 | MA21: 1.15318
2025-11-04 01:23:10,987 - INFO - 📈 Abrindo posição PUT
2025-11-04 01:23:10,987 - INFO -    Ativo: EURUSD-OTC | Valor: $1.0 | Exp: 1min
2025-11-04 01:23:12,180 - WARNING -    ⚠️ Erro ao verificar disponibilidade: 'underlying'
2025-11-04 01:23:12,775 - INFO -    ✅ Binary Option executada | ID: 13264572700
2025-11-04 01:23:12,775 - INFO - ✅ Posição PUT aberta | ID: 13264572700
2025-11-04 01:24:09,718 - INFO - ✅ TRADE VENCEDOR | Lucro: $0.86
2025-11-04 01:24:09,718 - INFO - 📊 Win Rate: 58.0% (58/100)
2025-11-04 01:24:09,718 - INFO - 💰 Lucro Total: $7.88
2025-11-04 01:24:09,718 - INFO - 💰 Lucro Diário: $7.88
2025-11-04 01:24:11,044 - INFO - 📊 EST 4: SETUP VENDA detectado | Aguardando pullback à MA21
2025-11-04 01:24:11,044 - INFO - 📊 EST 4: PULLBACK VENDA! Preço: 1.15227 | MA21: 1.15310
2025-11-04 01:24:11,044 - INFO - 📈 Abrindo posição PUT
2025-11-04 01:24:11,044 - INFO -    Ativo: EURUSD-OTC | Valor: $1.0 | Exp: 1min
2025-11-04 01:24:12,782 - WARNING -    ⚠️ Erro ao verificar disponibilidade: 'underlying'
2025-11-04 01:24:13,409 - INFO -    ✅ Binary Option executada | ID: 13264575231
2025-11-04 01:24:13,409 - INFO - ✅ Posição PUT aberta | ID: 13264575231
2025-11-04 01:25:09,660 - INFO - ✅ TRADE VENCEDOR | Lucro: $0.86
2025-11-04 01:25:09,660 - INFO - 📊 Win Rate: 58.4% (59/101)
2025-11-04 01:25:09,660 - INFO - 💰 Lucro Total: $8.74
2025-11-04 01:25:09,660 - INFO - 💰 Lucro Diário: $8.74
2025-11-04 01:25:10,904 - INFO - 📊 EST 4: SETUP VENDA detectado | Aguardando pullback à MA21
2025-11-04 01:25:10,904 - INFO - 📊 EST 4: PULLBACK VENDA! Preço: 1.15223 | MA21: 1.15302
2025-11-04 01:25:10,904 - INFO - 📈 Abrindo posição PUT
2025-11-04 01:25:10,904 - INFO -    Ativo: EURUSD-OTC | Valor: $1.0 | Exp: 1min
2025-11-04 01:25:12,174 - WARNING -    ⚠️ Erro ao verificar disponibilidade: 'underlying'
2025-11-04 01:25:12,787 - INFO -    ✅ Binary Option executada | ID: 13264577745
2025-11-04 01:25:12,787 - INFO - ✅ Posição PUT aberta | ID: 13264577745
2025-11-04 01:26:09,834 - INFO - ✅ TRADE VENCEDOR | Lucro: $0.86
2025-11-04 01:26:09,834 - INFO - 📊 Win Rate: 58.8% (60/102)
2025-11-04 01:26:09,834 - INFO - 💰 Lucro Total: $9.60
2025-11-04 01:26:09,834 - INFO - 💰 Lucro Diário: $9.60
2025-11-04 01:26:11,089 - INFO - 📊 EST 4: SETUP VENDA detectado | Aguardando pullback à MA21
2025-11-04 01:26:11,089 - INFO - 📊 EST 4: PULLBACK VENDA! Preço: 1.15200 | MA21: 1.15292
2025-11-04 01:26:11,089 - INFO - 📈 Abrindo posição PUT
2025-11-04 01:26:11,091 - INFO -    Ativo: EURUSD-OTC | Valor: $1.0 | Exp: 1min
2025-11-04 01:26:12,459 - WARNING -    ⚠️ Erro ao verificar disponibilidade: 'underlying'
2025-11-04 01:26:13,106 - INFO -    ✅ Binary Option executada | ID: 13264580545
2025-11-04 01:26:13,106 - INFO - ✅ Posição PUT aberta | ID: 13264580545
2025-11-04 01:27:09,816 - INFO - ✅ TRADE VENCEDOR | Lucro: $0.86
2025-11-04 01:27:09,816 - INFO - 📊 Win Rate: 59.2% (61/103)
2025-11-04 01:27:09,816 - INFO - 💰 Lucro Total: $10.46
2025-11-04 01:27:09,816 - INFO - 💰 Lucro Diário: $10.46
2025-11-04 01:27:11,213 - INFO - 📊 EST 4: SETUP VENDA detectado | Aguardando pullback à MA21
2025-11-04 01:27:11,213 - INFO - 📊 EST 4: PULLBACK VENDA! Preço: 1.15177 | MA21: 1.15272
2025-11-04 01:27:11,213 - INFO - 📈 Abrindo posição PUT
2025-11-04 01:27:11,213 - INFO -    Ativo: EURUSD-OTC | Valor: $1.0 | Exp: 1min
2025-11-04 01:27:12,465 - WARNING -    ⚠️ Erro ao verificar disponibilidade: 'underlying'
2025-11-04 01:27:13,198 - INFO -    ✅ Binary Option executada | ID: 13264583313
2025-11-04 01:27:13,198 - INFO - ✅ Posição PUT aberta | ID: 13264583313
2025-11-04 01:28:10,053 - INFO - ❌ TRADE PERDEDOR | Prejuízo: $-1.00
2025-11-04 01:28:10,053 - INFO - 📊 Win Rate: 58.7% (61/104)
2025-11-04 01:28:10,053 - INFO - 💰 Lucro Total: $9.46
2025-11-04 01:28:10,053 - INFO - 💰 Lucro Diário: $9.46
2025-11-04 01:29:11,911 - INFO - 📊 EST 4: SETUP VENDA detectado | Aguardando pullback à MA21
2025-11-04 01:29:11,911 - INFO - 📊 EST 4: PULLBACK VENDA! Preço: 1.15179 | MA21: 1.15257
2025-11-04 01:29:11,911 - INFO - 📈 Abrindo posição PUT
2025-11-04 01:29:11,911 - INFO -    Ativo: EURUSD-OTC | Valor: $1.0 | Exp: 1min
2025-11-04 01:29:13,422 - WARNING -    ⚠️ Erro ao verificar disponibilidade: 'underlying'
2025-11-04 01:29:14,071 - INFO -    ✅ Binary Option executada | ID: 13264589688
2025-11-04 01:29:14,071 - INFO - ✅ Posição PUT aberta | ID: 13264589688
2025-11-04 01:30:11,351 - INFO - ✅ TRADE VENCEDOR | Lucro: $0.86
2025-11-04 01:30:11,351 - INFO - 📊 Win Rate: 59.0% (62/105)
2025-11-04 01:30:11,351 - INFO - 💰 Lucro Total: $10.32
2025-11-04 01:30:11,351 - INFO - 💰 Lucro Diário: $10.32
2025-11-04 01:30:12,611 - INFO - 📊 EST 4: SETUP VENDA detectado | Aguardando pullback à MA21
2025-11-04 01:30:12,612 - INFO - 📊 EST 4: PULLBACK VENDA! Preço: 1.15160 | MA21: 1.15247
2025-11-04 01:30:12,612 - INFO - 📈 Abrindo posição PUT
2025-11-04 01:30:12,612 - INFO -    Ativo: EURUSD-OTC | Valor: $1.0 | Exp: 1min
2025-11-04 01:30:14,436 - WARNING -    ⚠️ Erro ao verificar disponibilidade: 'underlying'
2025-11-04 01:30:15,270 - INFO -    ✅ Binary Option executada | ID: 13264592286
2025-11-04 01:30:15,270 - INFO - ✅ Posição PUT aberta | ID: 13264592286
2025-11-04 01:31:09,735 - INFO - ✅ TRADE VENCEDOR | Lucro: $0.86
2025-11-04 01:31:09,735 - INFO - 📊 Win Rate: 59.4% (63/106)
2025-11-04 01:31:09,735 - INFO - 💰 Lucro Total: $11.18
2025-11-04 01:31:09,735 - INFO - 💰 Lucro Diário: $11.18
2025-11-04 01:31:11,023 - INFO - 📊 EST 4: SETUP VENDA detectado | Aguardando pullback à MA21
2025-11-04 01:31:11,023 - INFO - 📊 EST 4: PULLBACK VENDA! Preço: 1.15152 | MA21: 1.15246
2025-11-04 01:31:11,023 - INFO - 📈 Abrindo posição PUT
2025-11-04 01:31:11,023 - INFO -    Ativo: EURUSD-OTC | Valor: $1.0 | Exp: 1min
2025-11-04 01:31:12,572 - WARNING -    ⚠️ Erro ao verificar disponibilidade: 'underlying'
2025-11-04 01:31:13,244 - INFO -    ✅ Binary Option executada | ID: 13264594931
2025-11-04 01:31:13,244 - INFO - ✅ Posição PUT aberta | ID: 13264594931
2025-11-04 01:32:09,770 - INFO - ✅ TRADE VENCEDOR | Lucro: $0.86
2025-11-04 01:32:09,770 - INFO - 📊 Win Rate: 59.8% (64/107)
2025-11-04 01:32:09,770 - INFO - 💰 Lucro Total: $12.04
2025-11-04 01:32:09,770 - INFO - 💰 Lucro Diário: $12.04
2025-11-04 01:32:11,117 - INFO - 📊 EST 4: SETUP VENDA detectado | Aguardando pullback à MA21
2025-11-04 01:32:11,117 - INFO - 📊 EST 4: PULLBACK VENDA! Preço: 1.15126 | MA21: 1.15235
2025-11-04 01:32:11,117 - INFO - 📈 Abrindo posição PUT
2025-11-04 01:32:11,117 - INFO -    Ativo: EURUSD-OTC | Valor: $1.0 | Exp: 1min
2025-11-04 01:32:12,470 - WARNING -    ⚠️ Erro ao verificar disponibilidade: 'underlying'
2025-11-04 01:32:13,116 - INFO -    ✅ Binary Option executada | ID: 13264597392
2025-11-04 01:32:13,116 - INFO - ✅ Posição PUT aberta | ID: 13264597392
2025-11-04 01:33:09,653 - INFO - ❌ TRADE PERDEDOR | Prejuízo: $-1.00
2025-11-04 01:33:09,653 - INFO - 📊 Win Rate: 59.3% (64/108)
2025-11-04 01:33:09,653 - INFO - 💰 Lucro Total: $11.04
2025-11-04 01:33:09,653 - INFO - 💰 Lucro Diário: $11.04
2025-11-04 01:33:10,946 - INFO - 📊 EST 4: SETUP VENDA detectado | Aguardando pullback à MA21
2025-11-04 01:33:10,948 - INFO - 📊 EST 4: PULLBACK VENDA! Preço: 1.15156 | MA21: 1.15228
2025-11-04 01:33:10,948 - INFO - 📈 Abrindo posição PUT
2025-11-04 01:33:10,948 - INFO -    Ativo: EURUSD-OTC | Valor: $1.0 | Exp: 1min
2025-11-04 01:33:12,596 - WARNING -    ⚠️ Erro ao verificar disponibilidade: 'underlying'
2025-11-04 01:33:13,377 - INFO -    ✅ Binary Option executada | ID: 13264600005
2025-11-04 01:33:13,377 - INFO - ✅ Posição PUT aberta | ID: 13264600005
2025-11-04 01:34:09,750 - INFO - ✅ TRADE VENCEDOR | Lucro: $0.86
2025-11-04 01:34:09,750 - INFO - 📊 Win Rate: 59.6% (65/109)
2025-11-04 01:34:09,750 - INFO - 💰 Lucro Total: $11.90
2025-11-04 01:34:09,750 - INFO - 💰 Lucro Diário: $11.90
2025-11-04 01:35:12,257 - INFO - 📊 EST 4: SETUP VENDA detectado | Aguardando pullback à MA21
2025-11-04 01:35:12,257 - INFO - 📊 EST 4: PULLBACK VENDA! Preço: 1.15143 | MA21: 1.15208
2025-11-04 01:35:12,257 - INFO - 📈 Abrindo posição PUT
2025-11-04 01:35:12,257 - INFO -    Ativo: EURUSD-OTC | Valor: $1.0 | Exp: 1min
2025-11-04 01:35:13,717 - WARNING -    ⚠️ Erro ao verificar disponibilidade: 'underlying'
2025-11-04 01:35:14,362 - INFO -    ✅ Binary Option executada | ID: 13264604917
2025-11-04 01:35:14,362 - INFO - ✅ Posição PUT aberta | ID: 13264604917
2025-11-04 01:36:09,700 - INFO - ✅ TRADE VENCEDOR | Lucro: $0.86
2025-11-04 01:36:09,700 - INFO - 📊 Win Rate: 60.0% (66/110)
2025-11-04 01:36:09,701 - INFO - 💰 Lucro Total: $12.76
2025-11-04 01:36:09,701 - INFO - 💰 Lucro Diário: $12.76
2025-11-04 01:36:11,042 - INFO - 📊 EST 4: SETUP VENDA detectado | Aguardando pullback à MA21
2025-11-04 01:36:11,042 - INFO - 📊 EST 4: PULLBACK VENDA! Preço: 1.15132 | MA21: 1.15207
2025-11-04 01:36:11,042 - INFO - 📈 Abrindo posição PUT
2025-11-04 01:36:11,042 - INFO -    Ativo: EURUSD-OTC | Valor: $1.0 | Exp: 1min
2025-11-04 01:36:12,772 - WARNING -    ⚠️ Erro ao verificar disponibilidade: 'underlying'
2025-11-04 01:36:13,457 - INFO -    ✅ Binary Option executada | ID: 13264607265
2025-11-04 01:36:13,457 - INFO - ✅ Posição PUT aberta | ID: 13264607265
2025-11-04 01:37:09,596 - INFO - ❌ TRADE PERDEDOR | Prejuízo: $-1.00
2025-11-04 01:37:09,596 - INFO - 📊 Win Rate: 59.5% (66/111)
2025-11-04 01:37:09,596 - INFO - 💰 Lucro Total: $11.76
2025-11-04 01:37:09,596 - INFO - 💰 Lucro Diário: $11.76
2025-11-04 01:37:10,910 - INFO - 📊 EST 4: SETUP VENDA detectado | Aguardando pullback à MA21
2025-11-04 01:37:10,910 - INFO - 📊 EST 4: PULLBACK VENDA! Preço: 1.15152 | MA21: 1.15202
2025-11-04 01:37:10,910 - INFO - 📈 Abrindo posição PUT
2025-11-04 01:37:10,910 - INFO -    Ativo: EURUSD-OTC | Valor: $1.0 | Exp: 1min
2025-11-04 01:37:12,130 - WARNING -    ⚠️ Erro ao verificar disponibilidade: 'underlying'
2025-11-04 01:37:12,875 - INFO -    ✅ Binary Option executada | ID: 13264609706
2025-11-04 01:37:12,875 - INFO - ✅ Posição PUT aberta | ID: 13264609706
2025-11-04 01:38:09,712 - INFO - ❌ TRADE PERDEDOR | Prejuízo: $-1.00
2025-11-04 01:38:09,712 - INFO - 📊 Win Rate: 58.9% (66/112)
2025-11-04 01:38:09,714 - INFO - 💰 Lucro Total: $10.76
2025-11-04 01:38:09,714 - INFO - 💰 Lucro Diário: $10.76
2025-11-04 01:39:11,196 - INFO - 📊 EST 4: SETUP VENDA detectado | Aguardando pullback à MA21
2025-11-04 01:39:11,196 - INFO - 📊 EST 4: PULLBACK VENDA! Preço: 1.15152 | MA21: 1.15190
2025-11-04 01:39:11,196 - INFO - 📈 Abrindo posição PUT
2025-11-04 01:39:11,197 - INFO -    Ativo: EURUSD-OTC | Valor: $1.0 | Exp: 1min
2025-11-04 01:39:12,873 - WARNING -    ⚠️ Erro ao verificar disponibilidade: 'underlying'
2025-11-04 01:39:13,620 - INFO -    ✅ Binary Option executada | ID: 13264614268
2025-11-04 01:39:13,620 - INFO - ✅ Posição PUT aberta | ID: 13264614268
2025-11-04 01:40:09,742 - INFO - ❌ TRADE PERDEDOR | Prejuízo: $-1.00
2025-11-04 01:40:09,742 - INFO - 📊 Win Rate: 58.4% (66/113)
2025-11-04 01:40:09,742 - INFO - 💰 Lucro Total: $9.76
2025-11-04 01:40:09,742 - INFO - 💰 Lucro Diário: $9.76
2025-11-04 01:40:11,072 - INFO - 📊 EST 4: SETUP VENDA detectado | Aguardando pullback à MA21
2025-11-04 01:40:11,072 - INFO - 📊 EST 4: PULLBACK VENDA! Preço: 1.15156 | MA21: 1.15190
2025-11-04 01:40:11,072 - INFO - 📈 Abrindo posição PUT
2025-11-04 01:40:11,072 - INFO -    Ativo: EURUSD-OTC | Valor: $1.0 | Exp: 1min
2025-11-04 01:40:12,873 - WARNING -    ⚠️ Erro ao verificar disponibilidade: 'underlying'
2025-11-04 01:40:13,540 - INFO -    ✅ Binary Option executada | ID: 13264616823
2025-11-04 01:40:13,540 - INFO - ✅ Posição PUT aberta | ID: 13264616823
2025-11-04 01:41:09,700 - INFO - ❌ TRADE PERDEDOR | Prejuízo: $-1.00
2025-11-04 01:41:09,700 - INFO - 📊 Win Rate: 57.9% (66/114)
2025-11-04 01:41:09,700 - INFO - 💰 Lucro Total: $8.76
2025-11-04 01:41:09,700 - INFO - 💰 Lucro Diário: $8.76
2025-11-04 01:42:12,224 - INFO - 📊 EST 4: SETUP VENDA detectado | Aguardando pullback à MA21
2025-11-04 01:42:12,224 - INFO - 📊 EST 4: PULLBACK VENDA! Preço: 1.15142 | MA21: 1.15181
2025-11-04 01:42:12,224 - INFO - 📈 Abrindo posição PUT
2025-11-04 01:42:12,224 - INFO -    Ativo: EURUSD-OTC | Valor: $1.0 | Exp: 1min
2025-11-04 01:42:13,813 - WARNING -    ⚠️ Erro ao verificar disponibilidade: 'underlying'
2025-11-04 01:42:14,448 - INFO -    ✅ Binary Option executada | ID: 13264622095
2025-11-04 01:42:14,448 - INFO - ✅ Posição PUT aberta | ID: 13264622095
2025-11-04 01:43:09,646 - INFO - ✅ TRADE VENCEDOR | Lucro: $0.86
2025-11-04 01:43:09,646 - INFO - 📊 Win Rate: 58.3% (67/115)
2025-11-04 01:43:09,646 - INFO - 💰 Lucro Total: $9.62
2025-11-04 01:43:09,646 - INFO - 💰 Lucro Diário: $9.62
2025-11-04 01:43:10,957 - INFO - 📊 EST 4: SETUP VENDA detectado | Aguardando pullback à MA21
2025-11-04 01:43:10,957 - INFO - 📊 EST 4: PULLBACK VENDA! Preço: 1.15124 | MA21: 1.15179
2025-11-04 01:43:10,957 - INFO - 📈 Abrindo posição PUT
2025-11-04 01:43:10,957 - INFO -    Ativo: EURUSD-OTC | Valor: $1.0 | Exp: 1min
2025-11-04 01:43:12,293 - WARNING -    ⚠️ Erro ao verificar disponibilidade: 'underlying'
2025-11-04 01:43:13,042 - INFO -    ✅ Binary Option executada | ID: 13264624337
2025-11-04 01:43:13,042 - INFO - ✅ Posição PUT aberta | ID: 13264624337
2025-11-04 01:44:09,676 - INFO - ❌ TRADE PERDEDOR | Prejuízo: $-1.00
2025-11-04 01:44:09,676 - INFO - 📊 Win Rate: 57.8% (67/116)
2025-11-04 01:44:09,676 - INFO - 💰 Lucro Total: $8.62
2025-11-04 01:44:09,676 - INFO - 💰 Lucro Diário: $8.62
2025-11-04 01:44:10,939 - INFO - 📊 EST 4: SETUP VENDA detectado | Aguardando pullback à MA21
2025-11-04 01:44:10,939 - INFO - 📊 EST 4: PULLBACK VENDA! Preço: 1.15131 | MA21: 1.15174
2025-11-04 01:44:10,939 - INFO - 📈 Abrindo posição PUT
2025-11-04 01:44:10,939 - INFO -    Ativo: EURUSD-OTC | Valor: $1.0 | Exp: 1min
2025-11-04 01:44:12,698 - WARNING -    ⚠️ Erro ao verificar disponibilidade: 'underlying'
2025-11-04 01:44:13,380 - INFO -    ✅ Binary Option executada | ID: 13264626683
2025-11-04 01:44:13,380 - INFO - ✅ Posição PUT aberta | ID: 13264626683
2025-11-04 01:45:10,040 - INFO - ✅ TRADE VENCEDOR | Lucro: $0.86
2025-11-04 01:45:10,040 - INFO - 📊 Win Rate: 58.1% (68/117)
2025-11-04 01:45:10,040 - INFO - 💰 Lucro Total: $9.48
2025-11-04 01:45:10,040 - INFO - 💰 Lucro Diário: $9.48
2025-11-04 01:45:12,608 - INFO - 📊 EST 4: SETUP VENDA detectado | Aguardando pullback à MA21
2025-11-04 01:45:12,608 - INFO - 📊 EST 4: PULLBACK VENDA! Preço: 1.15109 | MA21: 1.15163
2025-11-04 01:45:12,608 - INFO - 📈 Abrindo posição PUT
2025-11-04 01:45:12,608 - INFO -    Ativo: EURUSD-OTC | Valor: $1.0 | Exp: 1min
2025-11-04 01:45:14,332 - WARNING -    ⚠️ Erro ao verificar disponibilidade: 'underlying'
2025-11-04 01:45:15,041 - INFO -    ✅ Binary Option executada | ID: 13264629154
2025-11-04 01:45:15,042 - INFO - ✅ Posição PUT aberta | ID: 13264629154
2025-11-04 01:46:09,681 - INFO - ❌ TRADE PERDEDOR | Prejuízo: $-1.00
2025-11-04 01:46:09,681 - INFO - 📊 Win Rate: 57.6% (68/118)
2025-11-04 01:46:09,681 - INFO - 💰 Lucro Total: $8.48
2025-11-04 01:46:09,681 - INFO - 💰 Lucro Diário: $8.48
2025-11-04 01:46:11,014 - INFO - 📊 EST 4: SETUP VENDA detectado | Aguardando pullback à MA21
2025-11-04 01:46:11,014 - INFO - 📊 EST 4: PULLBACK VENDA! Preço: 1.15159 | MA21: 1.15168
2025-11-04 01:46:11,014 - INFO - 📈 Abrindo posição PUT
2025-11-04 01:46:11,014 - INFO -    Ativo: EURUSD-OTC | Valor: $1.0 | Exp: 1min
2025-11-04 01:46:12,641 - WARNING -    ⚠️ Erro ao verificar disponibilidade: 'underlying'
2025-11-04 01:46:13,347 - INFO -    ✅ Binary Option executada | ID: 13264631601
2025-11-04 01:46:13,347 - INFO - ✅ Posição PUT aberta | ID: 13264631601
2025-11-04 01:47:09,889 - INFO - ✅ TRADE VENCEDOR | Lucro: $0.86
2025-11-04 01:47:09,889 - INFO - 📊 Win Rate: 58.0% (69/119)
2025-11-04 01:47:09,889 - INFO - 💰 Lucro Total: $9.34
2025-11-04 01:47:09,889 - INFO - 💰 Lucro Diário: $9.34
2025-11-04 01:47:12,400 - INFO - 📊 EST 4: SETUP VENDA detectado | Aguardando pullback à MA21
2025-11-04 01:47:12,404 - INFO - 📊 EST 4: PULLBACK VENDA! Preço: 1.15152 | MA21: 1.15165
2025-11-04 01:47:12,404 - INFO - 📈 Abrindo posição PUT
2025-11-04 01:47:12,404 - INFO -    Ativo: EURUSD-OTC | Valor: $1.0 | Exp: 1min
2025-11-04 01:47:13,888 - WARNING -    ⚠️ Erro ao verificar disponibilidade: 'underlying'
2025-11-04 01:47:14,596 - INFO -    ✅ Binary Option executada | ID: 13264634303
2025-11-04 01:47:14,596 - INFO - ✅ Posição PUT aberta | ID: 13264634303
2025-11-04 01:48:09,826 - INFO - ❌ TRADE PERDEDOR | Prejuízo: $-1.00
2025-11-04 01:48:09,826 - INFO - 📊 Win Rate: 57.5% (69/120)
2025-11-04 01:48:09,826 - INFO - 💰 Lucro Total: $8.34
2025-11-04 01:48:09,826 - INFO - 💰 Lucro Diário: $8.34
2025-11-04 01:48:11,254 - INFO - 📊 EST 4: SETUP COMPRA detectado | Aguardando pullback à MA21
2025-11-04 01:48:11,254 - INFO - 📊 EST 4: PULLBACK COMPRA! Preço: 1.15177 | MA21: 1.15168
2025-11-04 01:48:11,254 - INFO - 📈 Abrindo posição CALL
2025-11-04 01:48:11,254 - INFO -    Ativo: EURUSD-OTC | Valor: $1.0 | Exp: 1min
2025-11-04 01:48:12,976 - WARNING -    ⚠️ Erro ao verificar disponibilidade: 'underlying'
2025-11-04 01:48:13,608 - INFO -    ✅ Binary Option executada | ID: 13264636216
2025-11-04 01:48:13,608 - INFO - ✅ Posição CALL aberta | ID: 13264636216
2025-11-04 01:49:09,791 - INFO - ✅ TRADE VENCEDOR | Lucro: $0.86
2025-11-04 01:49:09,791 - INFO - 📊 Win Rate: 57.9% (70/121)
2025-11-04 01:49:09,791 - INFO - 💰 Lucro Total: $9.20
2025-11-04 01:49:09,791 - INFO - 💰 Lucro Diário: $9.20
2025-11-04 01:49:11,152 - INFO - 📊 EST 4: SETUP COMPRA detectado | Aguardando pullback à MA21
2025-11-04 01:49:11,152 - INFO - 📊 EST 4: PULLBACK COMPRA! Preço: 1.15186 | MA21: 1.15168
2025-11-04 01:49:11,152 - INFO - 📈 Abrindo posição CALL
2025-11-04 01:49:11,152 - INFO -    Ativo: EURUSD-OTC | Valor: $1.0 | Exp: 1min
2025-11-04 01:49:14,206 - WARNING -    ⚠️ Erro ao verificar disponibilidade: 'underlying'
2025-11-04 01:49:14,839 - INFO -    ✅ Binary Option executada | ID: 13264638501
2025-11-04 01:49:14,839 - INFO - ✅ Posição CALL aberta | ID: 13264638501
2025-11-04 01:50:09,701 - INFO - ✅ TRADE VENCEDOR | Lucro: $0.86
2025-11-04 01:50:09,701 - INFO - 📊 Win Rate: 58.2% (71/122)
2025-11-04 01:50:09,701 - INFO - 💰 Lucro Total: $10.06
2025-11-04 01:50:09,701 - INFO - 💰 Lucro Diário: $10.06
2025-11-04 01:50:11,047 - INFO - 📊 EST 4: SETUP COMPRA detectado | Aguardando pullback à MA21
2025-11-04 01:50:11,047 - INFO - 📊 EST 4: PULLBACK COMPRA! Preço: 1.15204 | MA21: 1.15172
2025-11-04 01:50:11,047 - INFO - 📈 Abrindo posição CALL
2025-11-04 01:50:11,047 - INFO -    Ativo: EURUSD-OTC | Valor: $1.0 | Exp: 1min
2025-11-04 01:50:12,547 - WARNING -    ⚠️ Erro ao verificar disponibilidade: 'underlying'
2025-11-04 01:50:13,222 - INFO -    ✅ Binary Option executada | ID: 13264640576
2025-11-04 01:50:13,222 - INFO - ✅ Posição CALL aberta | ID: 13264640576
2025-11-04 01:51:09,883 - INFO - ❌ TRADE PERDEDOR | Prejuízo: $-1.00
2025-11-04 01:51:09,883 - INFO - 📊 Win Rate: 57.7% (71/123)
2025-11-04 01:51:09,883 - INFO - 💰 Lucro Total: $9.06
2025-11-04 01:51:09,883 - INFO - 💰 Lucro Diário: $9.06
2025-11-04 01:51:11,226 - INFO - 📊 EST 4: SETUP COMPRA detectado | Aguardando pullback à MA21
2025-11-04 01:51:11,226 - INFO - 📊 EST 4: PULLBACK COMPRA! Preço: 1.15196 | MA21: 1.15174
2025-11-04 01:51:11,226 - INFO - 📈 Abrindo posição CALL
2025-11-04 01:51:11,226 - INFO -    Ativo: EURUSD-OTC | Valor: $1.0 | Exp: 1min
2025-11-04 01:51:12,799 - WARNING -    ⚠️ Erro ao verificar disponibilidade: 'underlying'
2025-11-04 01:51:13,455 - INFO -    ✅ Binary Option executada | ID: 13264642883
2025-11-04 01:51:13,455 - INFO - ✅ Posição CALL aberta | ID: 13264642883
2025-11-04 01:52:09,859 - INFO - ✅ TRADE VENCEDOR | Lucro: $0.86
2025-11-04 01:52:09,859 - INFO - 📊 Win Rate: 58.1% (72/124)
2025-11-04 01:52:09,859 - INFO - 💰 Lucro Total: $9.92
2025-11-04 01:52:09,859 - INFO - 💰 Lucro Diário: $9.92
2025-11-04 01:52:11,241 - INFO - 📊 EST 4: SETUP COMPRA detectado | Aguardando pullback à MA21
2025-11-04 01:52:11,241 - INFO - 📊 EST 4: PULLBACK COMPRA! Preço: 1.15204 | MA21: 1.15179
2025-11-04 01:52:11,241 - INFO - 📈 Abrindo posição CALL
2025-11-04 01:52:11,241 - INFO -    Ativo: EURUSD-OTC | Valor: $1.0 | Exp: 1min
2025-11-04 01:52:13,034 - WARNING -    ⚠️ Erro ao verificar disponibilidade: 'underlying'
2025-11-04 01:52:13,666 - INFO -    ✅ Binary Option executada | ID: 13264645335
2025-11-04 01:52:13,666 - INFO - ✅ Posição CALL aberta | ID: 13264645335
2025-11-04 01:53:09,642 - INFO - ✅ TRADE VENCEDOR | Lucro: $0.86
2025-11-04 01:53:09,642 - INFO - 📊 Win Rate: 58.4% (73/125)
2025-11-04 01:53:09,642 - INFO - 💰 Lucro Total: $10.78
2025-11-04 01:53:09,642 - INFO - 💰 Lucro Diário: $10.78
2025-11-04 01:53:10,969 - INFO - 📊 EST 4: SETUP COMPRA detectado | Aguardando pullback à MA21
2025-11-04 01:53:10,969 - INFO - 📊 EST 4: PULLBACK COMPRA! Preço: 1.15223 | MA21: 1.15181
2025-11-04 01:53:10,969 - INFO - 📈 Abrindo posição CALL
2025-11-04 01:53:10,969 - INFO -    Ativo: EURUSD-OTC | Valor: $1.0 | Exp: 1min
2025-11-04 01:53:12,705 - WARNING -    ⚠️ Erro ao verificar disponibilidade: 'underlying'
2025-11-04 01:53:13,473 - INFO -    ✅ Binary Option executada | ID: 13264647899
2025-11-04 01:53:13,473 - INFO - ✅ Posição CALL aberta | ID: 13264647899
2025-11-04 01:54:09,658 - INFO - ✅ TRADE VENCEDOR | Lucro: $0.86
2025-11-04 01:54:09,658 - INFO - 📊 Win Rate: 58.7% (74/126)
2025-11-04 01:54:09,658 - INFO - 💰 Lucro Total: $11.64
2025-11-04 01:54:09,658 - INFO - 💰 Lucro Diário: $11.64
2025-11-04 01:54:10,921 - INFO - 📊 EST 4: SETUP COMPRA detectado | Aguardando pullback à MA21
2025-11-04 01:54:10,921 - INFO - 📊 EST 4: PULLBACK COMPRA! Preço: 1.15240 | MA21: 1.15186
2025-11-04 01:54:10,921 - INFO - 📈 Abrindo posição CALL
2025-11-04 01:54:10,921 - INFO -    Ativo: EURUSD-OTC | Valor: $1.0 | Exp: 1min
2025-11-04 01:54:12,511 - WARNING -    ⚠️ Erro ao verificar disponibilidade: 'underlying'
2025-11-04 01:54:13,180 - INFO -    ✅ Binary Option executada | ID: 13264649891
2025-11-04 01:54:13,180 - INFO - ✅ Posição CALL aberta | ID: 13264649891
2025-11-04 02:00:10,157 - WARNING - ⚠️ Timeout ao verificar resultado
2025-11-04 02:00:11,410 - INFO - 📊 EST 4: SETUP COMPRA detectado | Aguardando pullback à MA21
2025-11-04 02:00:11,410 - INFO - 📊 EST 4: PULLBACK COMPRA! Preço: 1.15238 | MA21: 1.15208
2025-11-04 02:00:11,410 - INFO - 📈 Abrindo posição CALL
2025-11-04 02:00:11,410 - INFO -    Ativo: EURUSD-OTC | Valor: $1.0 | Exp: 1min
2025-11-04 02:00:12,871 - WARNING -    ⚠️ Erro ao verificar disponibilidade: 'underlying'
2025-11-04 02:00:13,629 - INFO -    ✅ Binary Option executada | ID: 13264664277
2025-11-04 02:00:13,630 - INFO - ✅ Posição CALL aberta | ID: 13264664277
2025-11-04 02:01:09,851 - INFO - ❌ TRADE PERDEDOR | Prejuízo: $-1.00
2025-11-04 02:01:09,851 - INFO - 📊 Win Rate: 58.3% (74/127)
2025-11-04 02:01:09,851 - INFO - 💰 Lucro Total: $10.64
2025-11-04 02:01:09,851 - INFO - 💰 Lucro Diário: $10.64
2025-11-04 02:02:11,645 - INFO - 📊 EST 4: SETUP COMPRA detectado | Aguardando pullback à MA21
2025-11-04 02:02:11,645 - INFO - 📊 EST 4: PULLBACK COMPRA! Preço: 1.15236 | MA21: 1.15212
2025-11-04 02:02:11,645 - INFO - 📈 Abrindo posição CALL
2025-11-04 02:02:11,645 - INFO -    Ativo: EURUSD-OTC | Valor: $1.0 | Exp: 1min
2025-11-04 02:02:13,579 - WARNING -    ⚠️ Erro ao verificar disponibilidade: 'underlying'
2025-11-04 02:02:14,406 - INFO -    ✅ Binary Option executada | ID: 13264669052
2025-11-04 02:02:14,407 - INFO - ✅ Posição CALL aberta | ID: 13264669052
2025-11-04 02:03:09,630 - INFO - ✅ TRADE VENCEDOR | Lucro: $0.86
2025-11-04 02:03:09,630 - INFO - 📊 Win Rate: 58.6% (75/128)
2025-11-04 02:03:09,630 - INFO - 💰 Lucro Total: $11.50
2025-11-04 02:03:09,630 - INFO - 💰 Lucro Diário: $11.50
2025-11-04 02:03:10,910 - INFO - 📊 EST 4: SETUP COMPRA detectado | Aguardando pullback à MA21
2025-11-04 02:03:10,910 - INFO - 📊 EST 4: PULLBACK COMPRA! Preço: 1.15234 | MA21: 1.15212
2025-11-04 02:03:10,910 - INFO - 📈 Abrindo posição CALL
2025-11-04 02:03:10,910 - INFO -    Ativo: EURUSD-OTC | Valor: $1.0 | Exp: 1min
2025-11-04 02:03:12,343 - WARNING -    ⚠️ Erro ao verificar disponibilidade: 'underlying'
2025-11-04 02:03:13,309 - INFO -    ✅ Binary Option executada | ID: 13264671448
2025-11-04 02:03:13,309 - INFO - ✅ Posição CALL aberta | ID: 13264671448
2025-11-04 02:04:09,894 - INFO - ❌ TRADE PERDEDOR | Prejuízo: $-1.00
2025-11-04 02:04:09,894 - INFO - 📊 Win Rate: 58.1% (75/129)
2025-11-04 02:04:09,894 - INFO - 💰 Lucro Total: $10.50
2025-11-04 02:04:09,894 - INFO - 💰 Lucro Diário: $10.50
2025-11-04 02:04:11,728 - INFO - 📊 EST 4: SETUP COMPRA detectado | Aguardando pullback à MA21
2025-11-04 02:04:11,728 - INFO - 📊 EST 4: PULLBACK COMPRA! Preço: 1.15236 | MA21: 1.15216
2025-11-04 02:04:11,728 - INFO - 📈 Abrindo posição CALL
2025-11-04 02:04:11,728 - INFO -    Ativo: EURUSD-OTC | Valor: $1.0 | Exp: 1min
2025-11-04 02:04:13,348 - WARNING -    ⚠️ Erro ao verificar disponibilidade: 'underlying'
2025-11-04 02:04:14,055 - INFO -    ✅ Binary Option executada | ID: 13264673541
2025-11-04 02:04:14,055 - INFO - ✅ Posição CALL aberta | ID: 13264673541
2025-11-04 02:05:09,942 - INFO - ✅ TRADE VENCEDOR | Lucro: $0.86
2025-11-04 02:05:09,942 - INFO - 📊 Win Rate: 58.5% (76/130)
2025-11-04 02:05:09,942 - INFO - 💰 Lucro Total: $11.36
2025-11-04 02:05:09,942 - INFO - 💰 Lucro Diário: $11.36
2025-11-04 02:05:11,297 - INFO - 📊 EST 4: SETUP COMPRA detectado | Aguardando pullback à MA21
2025-11-04 02:05:11,297 - INFO - 📊 EST 4: PULLBACK COMPRA! Preço: 1.15247 | MA21: 1.15217
2025-11-04 02:05:11,297 - INFO - 📈 Abrindo posição CALL
2025-11-04 02:05:11,297 - INFO -    Ativo: EURUSD-OTC | Valor: $1.0 | Exp: 1min
2025-11-04 02:05:12,782 - WARNING -    ⚠️ Erro ao verificar disponibilidade: 'underlying'
2025-11-04 02:05:13,536 - INFO -    ✅ Binary Option executada | ID: 13264675528
2025-11-04 02:05:13,536 - INFO - ✅ Posição CALL aberta | ID: 13264675528
2025-11-04 02:06:09,775 - INFO - ✅ TRADE VENCEDOR | Lucro: $0.86
2025-11-04 02:06:09,775 - INFO - 📊 Win Rate: 58.8% (77/131)
2025-11-04 02:06:09,775 - INFO - 💰 Lucro Total: $12.22
2025-11-04 02:06:09,775 - INFO - 💰 Lucro Diário: $12.22
2025-11-04 02:06:11,081 - INFO - 📊 EST 4: SETUP COMPRA detectado | Aguardando pullback à MA21
2025-11-04 02:06:11,081 - INFO - 📊 EST 4: PULLBACK COMPRA! Preço: 1.15251 | MA21: 1.15220
2025-11-04 02:06:11,081 - INFO - 📈 Abrindo posição CALL
2025-11-04 02:06:11,081 - INFO -    Ativo: EURUSD-OTC | Valor: $1.0 | Exp: 1min
2025-11-04 02:06:12,490 - WARNING -    ⚠️ Erro ao verificar disponibilidade: 'underlying'
2025-11-04 02:06:13,104 - INFO -    ✅ Binary Option executada | ID: 13264678038
2025-11-04 02:06:13,104 - INFO - ✅ Posição CALL aberta | ID: 13264678038
2025-11-04 02:07:09,741 - INFO - ✅ TRADE VENCEDOR | Lucro: $0.86
2025-11-04 02:07:09,741 - INFO - 📊 Win Rate: 59.1% (78/132)
2025-11-04 02:07:09,741 - INFO - 💰 Lucro Total: $13.08
2025-11-04 02:07:09,741 - INFO - 💰 Lucro Diário: $13.08
2025-11-04 02:07:11,019 - INFO - 📊 EST 4: SETUP COMPRA detectado | Aguardando pullback à MA21
2025-11-04 02:07:11,023 - INFO - 📊 EST 4: PULLBACK COMPRA! Preço: 1.15263 | MA21: 1.15224
2025-11-04 02:07:11,023 - INFO - 📈 Abrindo posição CALL
2025-11-04 02:07:11,023 - INFO -    Ativo: EURUSD-OTC | Valor: $1.0 | Exp: 1min
2025-11-04 02:07:12,641 - WARNING -    ⚠️ Erro ao verificar disponibilidade: 'underlying'
2025-11-04 02:07:13,438 - INFO -    ✅ Binary Option executada | ID: 13264680597
2025-11-04 02:07:13,438 - INFO - ✅ Posição CALL aberta | ID: 13264680597
2025-11-04 02:08:09,633 - INFO - ✅ TRADE VENCEDOR | Lucro: $0.86
2025-11-04 02:08:09,633 - INFO - 📊 Win Rate: 59.4% (79/133)
2025-11-04 02:08:09,633 - INFO - 💰 Lucro Total: $13.94
2025-11-04 02:08:09,633 - INFO - 💰 Lucro Diário: $13.94
2025-11-04 02:08:10,998 - INFO - 📊 EST 4: SETUP COMPRA detectado | Aguardando pullback à MA21
2025-11-04 02:08:10,998 - INFO - 📊 EST 4: PULLBACK COMPRA! Preço: 1.15294 | MA21: 1.15230
2025-11-04 02:08:10,998 - INFO - 📈 Abrindo posição CALL
2025-11-04 02:08:10,998 - INFO -    Ativo: EURUSD-OTC | Valor: $1.0 | Exp: 1min
2025-11-04 02:08:12,602 - WARNING -    ⚠️ Erro ao verificar disponibilidade: 'underlying'
2025-11-04 02:08:13,286 - INFO -    ✅ Binary Option executada | ID: 13264682829
2025-11-04 02:08:13,286 - INFO - ✅ Posição CALL aberta | ID: 13264682829
2025-11-04 02:09:09,616 - INFO - ❌ TRADE PERDEDOR | Prejuízo: $-1.00
2025-11-04 02:09:09,616 - INFO - 📊 Win Rate: 59.0% (79/134)
2025-11-04 02:09:09,616 - INFO - 💰 Lucro Total: $12.94
2025-11-04 02:09:09,616 - INFO - 💰 Lucro Diário: $12.94
2025-11-04 02:09:10,938 - INFO - 📊 EST 4: SETUP COMPRA detectado | Aguardando pullback à MA21
2025-11-04 02:09:10,938 - INFO - 📊 EST 4: PULLBACK COMPRA! Preço: 1.15281 | MA21: 1.15235
2025-11-04 02:09:10,938 - INFO - 📈 Abrindo posição CALL
2025-11-04 02:09:10,938 - INFO -    Ativo: EURUSD-OTC | Valor: $1.0 | Exp: 1min
2025-11-04 02:09:12,139 - WARNING -    ⚠️ Erro ao verificar disponibilidade: 'underlying'
2025-11-04 02:09:12,735 - INFO -    ✅ Binary Option executada | ID: 13264685570
2025-11-04 02:09:12,735 - INFO - ✅ Posição CALL aberta | ID: 13264685570
2025-11-04 02:10:09,673 - INFO - ❌ TRADE PERDEDOR | Prejuízo: $-1.00
2025-11-04 02:10:09,673 - INFO - 📊 Win Rate: 58.5% (79/135)
2025-11-04 02:10:09,673 - INFO - 💰 Lucro Total: $11.94
2025-11-04 02:10:09,673 - INFO - 💰 Lucro Diário: $11.94
2025-11-04 02:13:12,287 - INFO - 📊 EST 4: SETUP COMPRA detectado | Aguardando pullback à MA21
2025-11-04 02:13:12,287 - INFO - 📊 EST 4: PULLBACK COMPRA! Preço: 1.15241 | MA21: 1.15239
2025-11-04 02:13:12,287 - INFO - 📈 Abrindo posição CALL
2025-11-04 02:13:12,287 - INFO -    Ativo: EURUSD-OTC | Valor: $1.0 | Exp: 1min
2025-11-04 02:13:14,009 - WARNING -    ⚠️ Erro ao verificar disponibilidade: 'underlying'
2025-11-04 02:13:14,619 - INFO -    ✅ Binary Option executada | ID: 13264694933
2025-11-04 02:13:14,619 - INFO - ✅ Posição CALL aberta | ID: 13264694933
2025-11-04 02:14:09,701 - INFO - ❌ TRADE PERDEDOR | Prejuízo: $-1.00
2025-11-04 02:14:09,701 - INFO - 📊 Win Rate: 58.1% (79/136)
2025-11-04 02:14:09,701 - INFO - 💰 Lucro Total: $10.94
2025-11-04 02:14:09,701 - INFO - 💰 Lucro Diário: $10.94
2025-11-04 02:14:10,961 - INFO - 📊 EST 4: SETUP COMPRA detectado | Aguardando pullback à MA21
2025-11-04 02:14:10,961 - INFO - 📊 EST 4: PULLBACK COMPRA! Preço: 1.15231 | MA21: 1.15238
2025-11-04 02:14:10,961 - INFO - 📈 Abrindo posição CALL
2025-11-04 02:14:10,961 - INFO -    Ativo: EURUSD-OTC | Valor: $1.0 | Exp: 1min
2025-11-04 02:14:12,240 - WARNING -    ⚠️ Erro ao verificar disponibilidade: 'underlying'
2025-11-04 02:14:12,942 - INFO -    ✅ Binary Option executada | ID: 13264696998
2025-11-04 02:14:12,942 - INFO - ✅ Posição CALL aberta | ID: 13264696998
2025-11-04 02:15:09,912 - INFO - ❌ TRADE PERDEDOR | Prejuízo: $-1.00
2025-11-04 02:15:09,912 - INFO - 📊 Win Rate: 57.7% (79/137)
2025-11-04 02:15:09,912 - INFO - 💰 Lucro Total: $9.94
2025-11-04 02:15:09,912 - INFO - 💰 Lucro Diário: $9.94
2025-11-04 02:15:11,252 - INFO - 📊 EST 4: SETUP VENDA detectado | Aguardando pullback à MA21
2025-11-04 02:15:11,254 - INFO - 📊 EST 4: PULLBACK VENDA! Preço: 1.15227 | MA21: 1.15236
2025-11-04 02:15:11,254 - INFO - 📈 Abrindo posição PUT
2025-11-04 02:15:11,254 - INFO -    Ativo: EURUSD-OTC | Valor: $1.0 | Exp: 1min
2025-11-04 02:15:12,688 - WARNING -    ⚠️ Erro ao verificar disponibilidade: 'underlying'
2025-11-04 02:15:13,372 - INFO -    ✅ Binary Option executada | ID: 13264699526
2025-11-04 02:15:13,372 - INFO - ✅ Posição PUT aberta | ID: 13264699526
2025-11-04 02:16:09,922 - INFO - ❌ TRADE PERDEDOR | Prejuízo: $-1.00
2025-11-04 02:16:09,922 - INFO - 📊 Win Rate: 57.2% (79/138)
2025-11-04 02:16:09,922 - INFO - 💰 Lucro Total: $8.94
2025-11-04 02:16:09,922 - INFO - 💰 Lucro Diário: $8.94
2025-11-04 02:16:11,264 - INFO - 📊 EST 4: SETUP COMPRA detectado | Aguardando pullback à MA21
2025-11-04 02:16:11,264 - INFO - 📊 EST 4: PULLBACK COMPRA! Preço: 1.15247 | MA21: 1.15238
2025-11-04 02:16:11,264 - INFO - 📈 Abrindo posição CALL
2025-11-04 02:16:11,264 - INFO -    Ativo: EURUSD-OTC | Valor: $1.0 | Exp: 1min
2025-11-04 02:16:13,010 - WARNING -    ⚠️ Erro ao verificar disponibilidade: 'underlying'
2025-11-04 02:16:13,661 - INFO -    ✅ Binary Option executada | ID: 13264702001
2025-11-04 02:16:13,662 - INFO - ✅ Posição CALL aberta | ID: 13264702001
2025-11-04 02:17:09,851 - INFO - ❌ TRADE PERDEDOR | Prejuízo: $-1.00
2025-11-04 02:17:09,851 - INFO - 📊 Win Rate: 56.8% (79/139)
2025-11-04 02:17:09,851 - INFO - 💰 Lucro Total: $7.94
2025-11-04 02:17:09,851 - INFO - 💰 Lucro Diário: $7.94
2025-11-04 02:18:11,888 - INFO - 📊 EST 4: SETUP VENDA detectado | Aguardando pullback à MA21
2025-11-04 02:18:11,888 - INFO - 📊 EST 4: PULLBACK VENDA! Preço: 1.15229 | MA21: 1.15236
2025-11-04 02:18:11,888 - INFO - 📈 Abrindo posição PUT
2025-11-04 02:18:11,888 - INFO -    Ativo: EURUSD-OTC | Valor: $1.0 | Exp: 1min
2025-11-04 02:18:13,500 - WARNING -    ⚠️ Erro ao verificar disponibilidade: 'underlying'
2025-11-04 02:18:14,563 - INFO -    ✅ Binary Option executada | ID: 13264706445
2025-11-04 02:18:14,563 - INFO - ✅ Posição PUT aberta | ID: 13264706445
2025-11-04 02:19:09,809 - INFO - ❌ TRADE PERDEDOR | Prejuízo: $-1.00
2025-11-04 02:19:09,809 - INFO - 📊 Win Rate: 56.4% (79/140)
2025-11-04 02:19:09,809 - INFO - 💰 Lucro Total: $6.94
2025-11-04 02:19:09,809 - INFO - 💰 Lucro Diário: $6.94
2025-11-04 02:19:11,058 - INFO - 📊 EST 4: SETUP VENDA detectado | Aguardando pullback à MA21
2025-11-04 02:19:11,058 - INFO - 📊 EST 4: PULLBACK VENDA! Preço: 1.15247 | MA21: 1.15238
2025-11-04 02:19:11,058 - INFO - 📈 Abrindo posição PUT
2025-11-04 02:19:11,058 - INFO -    Ativo: EURUSD-OTC | Valor: $1.0 | Exp: 1min
2025-11-04 02:19:12,372 - WARNING -    ⚠️ Erro ao verificar disponibilidade: 'underlying'
2025-11-04 02:19:13,034 - INFO -    ✅ Binary Option executada | ID: 13264708327
2025-11-04 02:19:13,034 - INFO - ✅ Posição PUT aberta | ID: 13264708327
2025-11-04 02:20:09,781 - INFO - ❌ TRADE PERDEDOR | Prejuízo: $-1.00
2025-11-04 02:20:09,781 - INFO - 📊 Win Rate: 56.0% (79/141)
2025-11-04 02:20:09,781 - INFO - 💰 Lucro Total: $5.94
2025-11-04 02:20:09,781 - INFO - 💰 Lucro Diário: $5.94
2025-11-04 02:20:11,020 - INFO - 📊 EST 4: SETUP COMPRA detectado | Aguardando pullback à MA21
2025-11-04 02:20:11,020 - INFO - 📊 EST 4: PULLBACK COMPRA! Preço: 1.15254 | MA21: 1.15239
2025-11-04 02:20:11,020 - INFO - 📈 Abrindo posição CALL
2025-11-04 02:20:11,020 - INFO -    Ativo: EURUSD-OTC | Valor: $1.0 | Exp: 1min
2025-11-04 02:20:12,111 - WARNING -    ⚠️ Erro ao verificar disponibilidade: 'underlying'
2025-11-04 02:20:12,718 - INFO -    ✅ Binary Option executada | ID: 13264710531
2025-11-04 02:20:12,718 - INFO - ✅ Posição CALL aberta | ID: 13264710531
2025-11-04 02:21:09,741 - INFO - ❌ TRADE PERDEDOR | Prejuízo: $-1.00
2025-11-04 02:21:09,741 - INFO - 📊 Win Rate: 55.6% (79/142)
2025-11-04 02:21:09,741 - INFO - 💰 Lucro Total: $4.94
2025-11-04 02:21:09,741 - INFO - 💰 Lucro Diário: $4.94
2025-11-04 02:21:11,031 - INFO - 📊 EST 4: SETUP COMPRA detectado | Aguardando pullback à MA21
2025-11-04 02:21:11,031 - INFO - 📊 EST 4: PULLBACK COMPRA! Preço: 1.15250 | MA21: 1.15240
2025-11-04 02:21:11,031 - INFO - 📈 Abrindo posição CALL
2025-11-04 02:21:11,031 - INFO -    Ativo: EURUSD-OTC | Valor: $1.0 | Exp: 1min
2025-11-04 02:21:12,395 - WARNING -    ⚠️ Erro ao verificar disponibilidade: 'underlying'
2025-11-04 02:21:13,037 - INFO -    ✅ Binary Option executada | ID: 13264712823
2025-11-04 02:21:13,037 - INFO - ✅ Posição CALL aberta | ID: 13264712823
2025-11-04 02:22:09,714 - INFO - ❌ TRADE PERDEDOR | Prejuízo: $-1.00
2025-11-04 02:22:09,714 - INFO - 📊 Win Rate: 55.2% (79/143)
2025-11-04 02:22:09,714 - INFO - 💰 Lucro Total: $3.94
2025-11-04 02:22:09,714 - INFO - 💰 Lucro Diário: $3.94
2025-11-04 02:22:12,278 - INFO - 📊 EST 4: SETUP VENDA detectado | Aguardando pullback à MA21
2025-11-04 02:22:12,278 - INFO - 📊 EST 4: PULLBACK VENDA! Preço: 1.15227 | MA21: 1.15238
2025-11-04 02:22:12,278 - INFO - 📈 Abrindo posição PUT
2025-11-04 02:22:12,278 - INFO -    Ativo: EURUSD-OTC | Valor: $1.0 | Exp: 1min
2025-11-04 02:22:14,024 - WARNING -    ⚠️ Erro ao verificar disponibilidade: 'underlying'
2025-11-04 02:22:14,759 - INFO -    ✅ Binary Option executada | ID: 13264715243
2025-11-04 02:22:14,759 - INFO - ✅ Posição PUT aberta | ID: 13264715243
2025-11-04 02:23:09,942 - INFO - ✅ TRADE VENCEDOR | Lucro: $0.86
2025-11-04 02:23:09,942 - INFO - 📊 Win Rate: 55.6% (80/144)
2025-11-04 02:23:09,942 - INFO - 💰 Lucro Total: $4.80
2025-11-04 02:23:09,942 - INFO - 💰 Lucro Diário: $4.80
2025-11-04 02:23:11,186 - INFO - 📊 EST 4: SETUP VENDA detectado | Aguardando pullback à MA21
2025-11-04 02:23:11,186 - INFO - 📊 EST 4: PULLBACK VENDA! Preço: 1.15210 | MA21: 1.15236
2025-11-04 02:23:11,186 - INFO - 📈 Abrindo posição PUT
2025-11-04 02:23:11,186 - INFO -    Ativo: EURUSD-OTC | Valor: $1.0 | Exp: 1min
2025-11-04 02:23:12,705 - WARNING -    ⚠️ Erro ao verificar disponibilidade: 'underlying'
2025-11-04 02:23:13,369 - INFO -    ✅ Binary Option executada | ID: 13264717300
2025-11-04 02:23:13,369 - INFO - ✅ Posição PUT aberta | ID: 13264717300
2025-11-04 02:24:09,731 - INFO - ✅ TRADE VENCEDOR | Lucro: $0.86
2025-11-04 02:24:09,731 - INFO - 📊 Win Rate: 55.9% (81/145)
2025-11-04 02:24:09,731 - INFO - 💰 Lucro Total: $5.66
2025-11-04 02:24:09,731 - INFO - 💰 Lucro Diário: $5.66
2025-11-04 02:24:11,080 - INFO - 📊 EST 4: SETUP VENDA detectado | Aguardando pullback à MA21
2025-11-04 02:24:11,080 - INFO - 📊 EST 4: PULLBACK VENDA! Preço: 1.15194 | MA21: 1.15232
2025-11-04 02:24:11,080 - INFO - 📈 Abrindo posição PUT
2025-11-04 02:24:11,080 - INFO -    Ativo: EURUSD-OTC | Valor: $1.0 | Exp: 1min
2025-11-04 02:24:12,490 - WARNING -    ⚠️ Erro ao verificar disponibilidade: 'underlying'
2025-11-04 02:24:13,235 - INFO -    ✅ Binary Option executada | ID: 13264719415
2025-11-04 02:24:13,235 - INFO - ✅ Posição PUT aberta | ID: 13264719415
2025-11-04 02:25:09,763 - INFO - ❌ TRADE PERDEDOR | Prejuízo: $-1.00
2025-11-04 02:25:09,763 - INFO - 📊 Win Rate: 55.5% (81/146)
2025-11-04 02:25:09,763 - INFO - 💰 Lucro Total: $4.66
2025-11-04 02:25:09,763 - INFO - 💰 Lucro Diário: $4.66
2025-11-04 02:25:11,041 - INFO - 📊 EST 4: SETUP VENDA detectado | Aguardando pullback à MA21
2025-11-04 02:25:11,041 - INFO - 📊 EST 4: PULLBACK VENDA! Preço: 1.15203 | MA21: 1.15230
2025-11-04 02:25:11,041 - INFO - 📈 Abrindo posição PUT
2025-11-04 02:25:11,041 - INFO -    Ativo: EURUSD-OTC | Valor: $1.0 | Exp: 1min
2025-11-04 02:25:12,307 - WARNING -    ⚠️ Erro ao verificar disponibilidade: 'underlying'
2025-11-04 02:25:12,963 - INFO -    ✅ Binary Option executada | ID: 13264721582
2025-11-04 02:25:12,963 - INFO - ✅ Posição PUT aberta | ID: 13264721582
2025-11-04 02:26:09,809 - INFO - ❌ TRADE PERDEDOR | Prejuízo: $-1.00
2025-11-04 02:26:09,809 - INFO - 📊 Win Rate: 55.1% (81/147)
2025-11-04 02:26:09,809 - INFO - 💰 Lucro Total: $3.66
2025-11-04 02:26:09,809 - INFO - 💰 Lucro Diário: $3.66
2025-11-04 02:27:11,814 - INFO - 📊 EST 4: SETUP VENDA detectado | Aguardando pullback à MA21
2025-11-04 02:27:11,814 - INFO - 📊 EST 4: PULLBACK VENDA! Preço: 1.15186 | MA21: 1.15221
2025-11-04 02:27:11,814 - INFO - 📈 Abrindo posição PUT
2025-11-04 02:27:11,814 - INFO -    Ativo: EURUSD-OTC | Valor: $1.0 | Exp: 1min
2025-11-04 02:27:13,368 - WARNING -    ⚠️ Erro ao verificar disponibilidade: 'underlying'
2025-11-04 02:27:13,987 - INFO -    ✅ Binary Option executada | ID: 13264726161
2025-11-04 02:27:13,987 - INFO - ✅ Posição PUT aberta | ID: 13264726161
2025-11-04 02:28:09,882 - INFO - ✅ TRADE VENCEDOR | Lucro: $0.86
2025-11-04 02:28:09,882 - INFO - 📊 Win Rate: 55.4% (82/148)
2025-11-04 02:28:09,882 - INFO - 💰 Lucro Total: $4.52
2025-11-04 02:28:09,882 - INFO - 💰 Lucro Diário: $4.52
2025-11-04 02:28:11,272 - INFO - 📊 EST 4: SETUP VENDA detectado | Aguardando pullback à MA21
2025-11-04 02:28:11,272 - INFO - 📊 EST 4: PULLBACK VENDA! Preço: 1.15182 | MA21: 1.15217
2025-11-04 02:28:11,272 - INFO - 📈 Abrindo posição PUT
2025-11-04 02:28:11,272 - INFO -    Ativo: EURUSD-OTC | Valor: $1.0 | Exp: 1min
2025-11-04 02:28:12,664 - WARNING -    ⚠️ Erro ao verificar disponibilidade: 'underlying'
2025-11-04 02:28:13,310 - INFO -    ✅ Binary Option executada | ID: 13264728153
2025-11-04 02:28:13,310 - INFO - ✅ Posição PUT aberta | ID: 13264728153
2025-11-04 02:29:09,800 - INFO - ✅ TRADE VENCEDOR | Lucro: $0.86
2025-11-04 02:29:09,800 - INFO - 📊 Win Rate: 55.7% (83/149)
2025-11-04 02:29:09,800 - INFO - 💰 Lucro Total: $5.38
2025-11-04 02:29:09,800 - INFO - 💰 Lucro Diário: $5.38
2025-11-04 02:29:11,140 - INFO - 📊 EST 4: SETUP VENDA detectado | Aguardando pullback à MA21
2025-11-04 02:29:11,140 - INFO - 📊 EST 4: PULLBACK VENDA! Preço: 1.15170 | MA21: 1.15216
2025-11-04 02:29:11,140 - INFO - 📈 Abrindo posição PUT
2025-11-04 02:29:11,140 - INFO -    Ativo: EURUSD-OTC | Valor: $1.0 | Exp: 1min
2025-11-04 02:29:12,439 - WARNING -    ⚠️ Erro ao verificar disponibilidade: 'underlying'
2025-11-04 02:29:13,224 - INFO -    ✅ Binary Option executada | ID: 13264730233
2025-11-04 02:29:13,224 - INFO - ✅ Posição PUT aberta | ID: 13264730233
2025-11-04 02:30:10,097 - INFO - ❌ TRADE PERDEDOR | Prejuízo: $-1.00
2025-11-04 02:30:10,097 - INFO - 📊 Win Rate: 55.3% (83/150)
2025-11-04 02:30:10,097 - INFO - 💰 Lucro Total: $4.38
2025-11-04 02:30:10,097 - INFO - 💰 Lucro Diário: $4.38
2025-11-04 02:31:11,390 - INFO - 📊 EST 4: SETUP VENDA detectado | Aguardando pullback à MA21
2025-11-04 02:31:11,390 - INFO - 📊 EST 4: PULLBACK VENDA! Preço: 1.15170 | MA21: 1.15205
2025-11-04 02:31:11,390 - INFO - 📈 Abrindo posição PUT
2025-11-04 02:31:11,390 - INFO -    Ativo: EURUSD-OTC | Valor: $1.0 | Exp: 1min
2025-11-04 02:31:13,102 - WARNING -    ⚠️ Erro ao verificar disponibilidade: 'underlying'
2025-11-04 02:31:13,905 - INFO -    ✅ Binary Option executada | ID: 13264734728
2025-11-04 02:31:13,905 - INFO - ✅ Posição PUT aberta | ID: 13264734728
2025-11-04 02:32:09,963 - INFO - ✅ TRADE VENCEDOR | Lucro: $0.87
2025-11-04 02:32:09,964 - INFO - 📊 Win Rate: 55.6% (84/151)
2025-11-04 02:32:09,964 - INFO - 💰 Lucro Total: $5.25
2025-11-04 02:32:09,964 - INFO - 💰 Lucro Diário: $5.25
2025-11-04 02:32:11,359 - INFO - 📊 EST 4: SETUP VENDA detectado | Aguardando pullback à MA21
2025-11-04 02:32:11,359 - INFO - 📊 EST 4: PULLBACK VENDA! Preço: 1.15162 | MA21: 1.15200
2025-11-04 02:32:11,359 - INFO - 📈 Abrindo posição PUT
2025-11-04 02:32:11,359 - INFO -    Ativo: EURUSD-OTC | Valor: $1.0 | Exp: 1min
2025-11-04 02:32:12,721 - WARNING -    ⚠️ Erro ao verificar disponibilidade: 'underlying'
2025-11-04 02:32:13,383 - INFO -    ✅ Binary Option executada | ID: 13264736939
2025-11-04 02:32:13,383 - INFO - ✅ Posição PUT aberta | ID: 13264736939
2025-11-04 02:38:09,942 - WARNING - ⚠️ Timeout ao verificar resultado
2025-11-04 02:38:11,304 - INFO - 📊 EST 4: SETUP VENDA detectado | Aguardando pullback à MA21
2025-11-04 02:38:11,304 - INFO - 📊 EST 4: PULLBACK VENDA! Preço: 1.15183 | MA21: 1.15193
2025-11-04 02:38:11,304 - INFO - 📈 Abrindo posição PUT
2025-11-04 02:38:11,304 - INFO -    Ativo: EURUSD-OTC | Valor: $1.0 | Exp: 1min
2025-11-04 02:38:12,733 - WARNING -    ⚠️ Erro ao verificar disponibilidade: 'underlying'
2025-11-04 02:38:13,381 - INFO -    ✅ Binary Option executada | ID: 13264750001
2025-11-04 02:38:13,381 - INFO - ✅ Posição PUT aberta | ID: 13264750001
2025-11-04 02:39:10,057 - INFO - ✅ TRADE VENCEDOR | Lucro: $0.87
2025-11-04 02:39:10,057 - INFO - 📊 Win Rate: 55.9% (85/152)
2025-11-04 02:39:10,058 - INFO - 💰 Lucro Total: $6.12
2025-11-04 02:39:10,058 - INFO - 💰 Lucro Diário: $6.12
2025-11-04 02:39:11,384 - INFO - 📊 EST 4: SETUP VENDA detectado | Aguardando pullback à MA21
2025-11-04 02:39:11,384 - INFO - 📊 EST 4: PULLBACK VENDA! Preço: 1.15173 | MA21: 1.15191
2025-11-04 02:39:11,384 - INFO - 📈 Abrindo posição PUT
2025-11-04 02:39:11,384 - INFO -    Ativo: EURUSD-OTC | Valor: $1.0 | Exp: 1min
2025-11-04 02:39:12,705 - WARNING -    ⚠️ Erro ao verificar disponibilidade: 'underlying'
2025-11-04 02:39:13,440 - INFO -    ✅ Binary Option executada | ID: 13264752333
2025-11-04 02:39:13,440 - INFO - ✅ Posição PUT aberta | ID: 13264752333
2025-11-04 02:40:10,087 - INFO - ✅ TRADE VENCEDOR | Lucro: $0.87
2025-11-04 02:40:10,087 - INFO - 📊 Win Rate: 56.2% (86/153)
2025-11-04 02:40:10,087 - INFO - 💰 Lucro Total: $6.99
2025-11-04 02:40:10,087 - INFO - 💰 Lucro Diário: $6.99
2025-11-04 02:40:11,408 - INFO - 📊 EST 4: SETUP VENDA detectado | Aguardando pullback à MA21
2025-11-04 02:40:11,408 - INFO - 📊 EST 4: PULLBACK VENDA! Preço: 1.15166 | MA21: 1.15187
2025-11-04 02:40:11,408 - INFO - 📈 Abrindo posição PUT
2025-11-04 02:40:11,408 - INFO -    Ativo: EURUSD-OTC | Valor: $1.0 | Exp: 1min
2025-11-04 02:40:13,063 - WARNING -    ⚠️ Erro ao verificar disponibilidade: 'underlying'
2025-11-04 02:40:13,794 - INFO -    ✅ Binary Option executada | ID: 13264754446
2025-11-04 02:40:13,794 - INFO - ✅ Posição PUT aberta | ID: 13264754446
2025-11-04 02:41:09,692 - INFO - ❌ TRADE PERDEDOR | Prejuízo: $-1.00
2025-11-04 02:41:09,692 - INFO - 📊 Win Rate: 55.8% (86/154)
2025-11-04 02:41:09,692 - INFO - 💰 Lucro Total: $5.99
2025-11-04 02:41:09,692 - INFO - 💰 Lucro Diário: $5.99
2025-11-04 02:41:10,970 - INFO - 📊 EST 4: SETUP VENDA detectado | Aguardando pullback à MA21
2025-11-04 02:41:10,970 - INFO - 📊 EST 4: PULLBACK VENDA! Preço: 1.15169 | MA21: 1.15188
2025-11-04 02:41:10,970 - INFO - 📈 Abrindo posição PUT
2025-11-04 02:41:10,970 - INFO -    Ativo: EURUSD-OTC | Valor: $1.0 | Exp: 1min
2025-11-04 02:41:12,054 - WARNING -    ⚠️ Erro ao verificar disponibilidade: 'underlying'
2025-11-04 02:41:12,632 - INFO -    ✅ Binary Option executada | ID: 13264756680
2025-11-04 02:41:12,632 - INFO - ✅ Posição PUT aberta | ID: 13264756680
2025-11-04 02:42:09,638 - INFO - ❌ TRADE PERDEDOR | Prejuízo: $-1.00
2025-11-04 02:42:09,638 - INFO - 📊 Win Rate: 55.5% (86/155)
2025-11-04 02:42:09,638 - INFO - 💰 Lucro Total: $4.99
2025-11-04 02:42:09,638 - INFO - 💰 Lucro Diário: $4.99
2025-11-04 02:44:11,808 - INFO - 📊 EST 4: SETUP COMPRA detectado | Aguardando pullback à MA21
2025-11-04 02:44:11,808 - INFO - 📊 EST 4: PULLBACK COMPRA! Preço: 1.15189 | MA21: 1.15187
2025-11-04 02:44:11,808 - INFO - 📈 Abrindo posição CALL
2025-11-04 02:44:11,808 - INFO -    Ativo: EURUSD-OTC | Valor: $1.0 | Exp: 1min
2025-11-04 02:44:13,208 - WARNING -    ⚠️ Erro ao verificar disponibilidade: 'underlying'
2025-11-04 02:44:13,831 - INFO -    ✅ Binary Option executada | ID: 13264763484
2025-11-04 02:44:13,831 - INFO - ✅ Posição CALL aberta | ID: 13264763484
2025-11-04 02:45:09,883 - INFO - ✅ TRADE VENCEDOR | Lucro: $0.87
2025-11-04 02:45:09,883 - INFO - 📊 Win Rate: 55.8% (87/156)
2025-11-04 02:45:09,883 - INFO - 💰 Lucro Total: $5.86
2025-11-04 02:45:09,883 - INFO - 💰 Lucro Diário: $5.86
2025-11-04 02:45:11,301 - INFO - 📊 EST 4: SETUP COMPRA detectado | Aguardando pullback à MA21
2025-11-04 02:45:11,301 - INFO - 📊 EST 4: PULLBACK COMPRA! Preço: 1.15203 | MA21: 1.15190
2025-11-04 02:45:11,301 - INFO - 📈 Abrindo posição CALL
2025-11-04 02:45:11,301 - INFO -    Ativo: EURUSD-OTC | Valor: $1.0 | Exp: 1min
2025-11-04 02:45:12,753 - WARNING -    ⚠️ Erro ao verificar disponibilidade: 'underlying'
2025-11-04 02:45:13,414 - INFO -    ✅ Binary Option executada | ID: 13264765708
2025-11-04 02:45:13,414 - INFO - ✅ Posição CALL aberta | ID: 13264765708
2025-11-04 02:46:09,830 - INFO - ✅ TRADE VENCEDOR | Lucro: $0.87
2025-11-04 02:46:09,830 - INFO - 📊 Win Rate: 56.1% (88/157)
2025-11-04 02:46:09,830 - INFO - 💰 Lucro Total: $6.73
2025-11-04 02:46:09,830 - INFO - 💰 Lucro Diário: $6.73
2025-11-04 02:46:11,076 - INFO - 📊 EST 4: SETUP COMPRA detectado | Aguardando pullback à MA21
2025-11-04 02:46:11,076 - INFO - 📊 EST 4: PULLBACK COMPRA! Preço: 1.15216 | MA21: 1.15191
2025-11-04 02:46:11,076 - INFO - 📈 Abrindo posição CALL
2025-11-04 02:46:11,076 - INFO -    Ativo: EURUSD-OTC | Valor: $1.0 | Exp: 1min
2025-11-04 02:46:12,666 - WARNING -    ⚠️ Erro ao verificar disponibilidade: 'underlying'
2025-11-04 02:46:13,425 - INFO -    ✅ Binary Option executada | ID: 13264768066
2025-11-04 02:46:13,425 - INFO - ✅ Posição CALL aberta | ID: 13264768066
2025-11-04 02:47:09,807 - INFO - ✅ TRADE VENCEDOR | Lucro: $0.87
2025-11-04 02:47:09,807 - INFO - 📊 Win Rate: 56.3% (89/158)
2025-11-04 02:47:09,807 - INFO - 💰 Lucro Total: $7.60
2025-11-04 02:47:09,807 - INFO - 💰 Lucro Diário: $7.60
2025-11-04 02:47:11,121 - INFO - 📊 EST 4: SETUP COMPRA detectado | Aguardando pullback à MA21
2025-11-04 02:47:11,123 - INFO - 📊 EST 4: PULLBACK COMPRA! Preço: 1.15227 | MA21: 1.15194
2025-11-04 02:47:11,123 - INFO - 📈 Abrindo posição CALL
2025-11-04 02:47:11,123 - INFO -    Ativo: EURUSD-OTC | Valor: $1.0 | Exp: 1min
2025-11-04 02:47:12,724 - WARNING -    ⚠️ Erro ao verificar disponibilidade: 'underlying'
2025-11-04 02:47:13,370 - INFO -    ✅ Binary Option executada | ID: 13264770192
2025-11-04 02:47:13,370 - INFO - ✅ Posição CALL aberta | ID: 13264770192
2025-11-04 02:48:09,794 - INFO - ✅ TRADE VENCEDOR | Lucro: $0.87
2025-11-04 02:48:09,794 - INFO - 📊 Win Rate: 56.6% (90/159)
2025-11-04 02:48:09,794 - INFO - 💰 Lucro Total: $8.47
2025-11-04 02:48:09,794 - INFO - 💰 Lucro Diário: $8.47
2025-11-04 02:48:11,035 - INFO - 📊 EST 4: SETUP COMPRA detectado | Aguardando pullback à MA21
2025-11-04 02:48:11,035 - INFO - 📊 EST 4: PULLBACK COMPRA! Preço: 1.15231 | MA21: 1.15198
2025-11-04 02:48:11,035 - INFO - 📈 Abrindo posição CALL
2025-11-04 02:48:11,035 - INFO -    Ativo: EURUSD-OTC | Valor: $1.0 | Exp: 1min
2025-11-04 02:48:12,442 - WARNING -    ⚠️ Erro ao verificar disponibilidade: 'underlying'
2025-11-04 02:48:13,168 - INFO -    ✅ Binary Option executada | ID: 13264772238
2025-11-04 02:48:13,168 - INFO - ✅ Posição CALL aberta | ID: 13264772238
2025-11-04 02:49:09,915 - INFO - ✅ TRADE VENCEDOR | Lucro: $0.87
2025-11-04 02:49:09,915 - INFO - 📊 Win Rate: 56.9% (91/160)
2025-11-04 02:49:09,915 - INFO - 💰 Lucro Total: $9.34
2025-11-04 02:49:09,915 - INFO - 💰 Lucro Diário: $9.34
2025-11-04 02:49:11,176 - INFO - 📊 EST 4: SETUP COMPRA detectado | Aguardando pullback à MA21
2025-11-04 02:49:11,176 - INFO - 📊 EST 4: PULLBACK COMPRA! Preço: 1.15257 | MA21: 1.15203
2025-11-04 02:49:11,176 - INFO - 📈 Abrindo posição CALL
2025-11-04 02:49:11,176 - INFO -    Ativo: EURUSD-OTC | Valor: $1.0 | Exp: 1min
2025-11-04 02:49:12,688 - WARNING -    ⚠️ Erro ao verificar disponibilidade: 'underlying'
2025-11-04 02:49:13,330 - INFO -    ✅ Binary Option executada | ID: 13264774073
2025-11-04 02:49:13,330 - INFO - ✅ Posição CALL aberta | ID: 13264774073
2025-11-04 02:50:09,791 - INFO - ❌ TRADE PERDEDOR | Prejuízo: $-1.00
2025-11-04 02:50:09,791 - INFO - 📊 Win Rate: 56.5% (91/161)
2025-11-04 02:50:09,791 - INFO - 💰 Lucro Total: $8.34
2025-11-04 02:50:09,791 - INFO - 💰 Lucro Diário: $8.34
2025-11-04 02:50:11,104 - INFO - 📊 EST 4: SETUP COMPRA detectado | Aguardando pullback à MA21
2025-11-04 02:50:11,104 - INFO - 📊 EST 4: PULLBACK COMPRA! Preço: 1.15216 | MA21: 1.15204
2025-11-04 02:50:11,105 - INFO - 📈 Abrindo posição CALL
2025-11-04 02:50:11,105 - INFO -    Ativo: EURUSD-OTC | Valor: $1.0 | Exp: 1min
2025-11-04 02:50:13,064 - WARNING -    ⚠️ Erro ao verificar disponibilidade: 'underlying'
2025-11-04 02:50:13,781 - INFO -    ✅ Binary Option executada | ID: 13264775908
2025-11-04 02:50:13,781 - INFO - ✅ Posição CALL aberta | ID: 13264775908
2025-11-04 02:51:09,689 - INFO - ✅ TRADE VENCEDOR | Lucro: $0.87
2025-11-04 02:51:09,689 - INFO - 📊 Win Rate: 56.8% (92/162)
2025-11-04 02:51:09,689 - INFO - 💰 Lucro Total: $9.21
2025-11-04 02:51:09,689 - INFO - 💰 Lucro Diário: $9.21
2025-11-04 02:51:12,326 - INFO - 📊 EST 4: SETUP COMPRA detectado | Aguardando pullback à MA21
2025-11-04 02:51:12,332 - INFO - 📊 EST 4: PULLBACK COMPRA! Preço: 1.15234 | MA21: 1.15209
2025-11-04 02:51:12,332 - INFO - 📈 Abrindo posição CALL
2025-11-04 02:51:12,332 - INFO -    Ativo: EURUSD-OTC | Valor: $1.0 | Exp: 1min
2025-11-04 02:51:13,745 - WARNING -    ⚠️ Erro ao verificar disponibilidade: 'underlying'
2025-11-04 02:51:14,442 - INFO -    ✅ Binary Option executada | ID: 13264778042
2025-11-04 02:51:14,442 - INFO - ✅ Posição CALL aberta | ID: 13264778042
2025-11-04 02:52:09,738 - INFO - ❌ TRADE PERDEDOR | Prejuízo: $-1.00
2025-11-04 02:52:09,738 - INFO - 📊 Win Rate: 56.4% (92/163)
2025-11-04 02:52:09,739 - INFO - 💰 Lucro Total: $8.21
2025-11-04 02:52:09,739 - INFO - 💰 Lucro Diário: $8.21
2025-11-04 02:52:11,041 - INFO - 📊 EST 4: SETUP COMPRA detectado | Aguardando pullback à MA21
2025-11-04 02:52:11,041 - INFO - 📊 EST 4: PULLBACK COMPRA! Preço: 1.15237 | MA21: 1.15209
2025-11-04 02:52:11,041 - INFO - 📈 Abrindo posição CALL
2025-11-04 02:52:11,041 - INFO -    Ativo: EURUSD-OTC | Valor: $1.0 | Exp: 1min
2025-11-04 02:52:12,788 - WARNING -    ⚠️ Erro ao verificar disponibilidade: 'underlying'
2025-11-04 02:52:13,403 - INFO -    ✅ Binary Option executada | ID: 13264779850
2025-11-04 02:52:13,403 - INFO - ✅ Posição CALL aberta | ID: 13264779850
2025-11-04 02:53:09,815 - INFO - ✅ TRADE VENCEDOR | Lucro: $0.87
2025-11-04 02:53:09,815 - INFO - 📊 Win Rate: 56.7% (93/164)
2025-11-04 02:53:09,815 - INFO - 💰 Lucro Total: $9.08
2025-11-04 02:53:09,815 - INFO - 💰 Lucro Diário: $9.08
2025-11-04 02:53:11,086 - INFO - 📊 EST 4: SETUP COMPRA detectado | Aguardando pullback à MA21
2025-11-04 02:53:11,086 - INFO - 📊 EST 4: PULLBACK COMPRA! Preço: 1.15251 | MA21: 1.15213
2025-11-04 02:53:11,087 - INFO - 📈 Abrindo posição CALL
2025-11-04 02:53:11,087 - INFO -    Ativo: EURUSD-OTC | Valor: $1.0 | Exp: 1min
2025-11-04 02:53:12,313 - WARNING -    ⚠️ Erro ao verificar disponibilidade: 'underlying'
2025-11-04 02:53:13,057 - INFO -    ✅ Binary Option executada | ID: 13264781799
2025-11-04 02:53:13,057 - INFO - ✅ Posição CALL aberta | ID: 13264781799
2025-11-04 02:54:09,774 - INFO - ✅ TRADE VENCEDOR | Lucro: $0.87
2025-11-04 02:54:09,774 - INFO - 📊 Win Rate: 57.0% (94/165)
2025-11-04 02:54:09,774 - INFO - 💰 Lucro Total: $9.95
2025-11-04 02:54:09,774 - INFO - 💰 Lucro Diário: $9.95
2025-11-04 02:54:11,099 - INFO - 📊 EST 4: SETUP COMPRA detectado | Aguardando pullback à MA21
2025-11-04 02:54:11,099 - INFO - 📊 EST 4: PULLBACK COMPRA! Preço: 1.15267 | MA21: 1.15218
2025-11-04 02:54:11,099 - INFO - 📈 Abrindo posição CALL
2025-11-04 02:54:11,101 - INFO -    Ativo: EURUSD-OTC | Valor: $1.0 | Exp: 1min
2025-11-04 02:54:12,608 - WARNING -    ⚠️ Erro ao verificar disponibilidade: 'underlying'
2025-11-04 02:54:13,221 - INFO -    ✅ Binary Option executada | ID: 13264783944
2025-11-04 02:54:13,221 - INFO - ✅ Posição CALL aberta | ID: 13264783944
2025-11-04 02:55:09,900 - INFO - ❌ TRADE PERDEDOR | Prejuízo: $-1.00
2025-11-04 02:55:09,900 - INFO - 📊 Win Rate: 56.6% (94/166)
2025-11-04 02:55:09,900 - INFO - 💰 Lucro Total: $8.95
2025-11-04 02:55:09,900 - INFO - 💰 Lucro Diário: $8.95
2025-11-04 03:00:12,593 - INFO - 📊 EST 4: SETUP VENDA detectado | Aguardando pullback à MA21
2025-11-04 03:00:12,593 - INFO - 📊 EST 4: PULLBACK VENDA! Preço: 1.15196 | MA21: 1.15217
2025-11-04 03:00:12,593 - INFO - 📈 Abrindo posição PUT
2025-11-04 03:00:12,593 - INFO -    Ativo: EURUSD-OTC | Valor: $1.0 | Exp: 1min
2025-11-04 03:00:13,906 - WARNING -    ⚠️ Erro ao verificar disponibilidade: 'underlying'
2025-11-04 03:00:14,615 - INFO -    ✅ Binary Option executada | ID: 13264795283
2025-11-04 03:00:14,615 - INFO - ✅ Posição PUT aberta | ID: 13264795283
2025-11-04 03:01:09,707 - INFO - ❌ TRADE PERDEDOR | Prejuízo: $-1.00
2025-11-04 03:01:09,707 - INFO - 📊 Win Rate: 56.3% (94/167)
2025-11-04 03:01:09,707 - INFO - 💰 Lucro Total: $7.95
2025-11-04 03:01:09,707 - INFO - 💰 Lucro Diário: $7.95
2025-11-04 03:01:10,992 - INFO - 📊 EST 4: SETUP VENDA detectado | Aguardando pullback à MA21
2025-11-04 03:01:10,992 - INFO - 📊 EST 4: PULLBACK VENDA! Preço: 1.15203 | MA21: 1.15218
2025-11-04 03:01:10,992 - INFO - 📈 Abrindo posição PUT
2025-11-04 03:01:10,992 - INFO -    Ativo: EURUSD-OTC | Valor: $1.0 | Exp: 1min
2025-11-04 03:01:12,669 - WARNING -    ⚠️ Erro ao verificar disponibilidade: 'underlying'
2025-11-04 03:01:13,363 - INFO -    ✅ Binary Option executada | ID: 13264796851
2025-11-04 03:01:13,363 - INFO - ✅ Posição PUT aberta | ID: 13264796851
2025-11-04 03:02:09,681 - INFO - ❌ TRADE PERDEDOR | Prejuízo: $-1.00
2025-11-04 03:02:09,681 - INFO - 📊 Win Rate: 56.0% (94/168)
2025-11-04 03:02:09,681 - INFO - 💰 Lucro Total: $6.95
2025-11-04 03:02:09,681 - INFO - 💰 Lucro Diário: $6.95
2025-11-04 03:02:12,311 - INFO - 📊 EST 4: SETUP COMPRA detectado | Aguardando pullback à MA21
2025-11-04 03:02:12,311 - INFO - 📊 EST 4: PULLBACK COMPRA! Preço: 1.15234 | MA21: 1.15220
2025-11-04 03:02:12,311 - INFO - 📈 Abrindo posição CALL
2025-11-04 03:02:12,311 - INFO -    Ativo: EURUSD-OTC | Valor: $1.0 | Exp: 1min
2025-11-04 03:02:13,875 - WARNING -    ⚠️ Erro ao verificar disponibilidade: 'underlying'
2025-11-04 03:02:14,508 - INFO -    ✅ Binary Option executada | ID: 13264798636
2025-11-04 03:02:14,508 - INFO - ✅ Posição CALL aberta | ID: 13264798636
2025-11-04 03:03:09,784 - INFO - ❌ TRADE PERDEDOR | Prejuízo: $-1.00
2025-11-04 03:03:09,784 - INFO - 📊 Win Rate: 55.6% (94/169)
2025-11-04 03:03:09,784 - INFO - 💰 Lucro Total: $5.95
2025-11-04 03:03:09,784 - INFO - 💰 Lucro Diário: $5.95
2025-11-04 03:03:11,112 - INFO - 📊 EST 4: SETUP COMPRA detectado | Aguardando pullback à MA21
2025-11-04 03:03:11,112 - INFO - 📊 EST 4: PULLBACK COMPRA! Preço: 1.15236 | MA21: 1.15220
2025-11-04 03:03:11,112 - INFO - 📈 Abrindo posição CALL
2025-11-04 03:03:11,112 - INFO -    Ativo: EURUSD-OTC | Valor: $1.0 | Exp: 1min
2025-11-04 03:03:12,341 - WARNING -    ⚠️ Erro ao verificar disponibilidade: 'underlying'
2025-11-04 03:03:12,986 - INFO -    ✅ Binary Option executada | ID: 13264800570
2025-11-04 03:03:12,986 - INFO - ✅ Posição CALL aberta | ID: 13264800570
2025-11-04 03:04:09,817 - INFO - ❌ TRADE PERDEDOR | Prejuízo: $-1.00
2025-11-04 03:04:09,817 - INFO - 📊 Win Rate: 55.3% (94/170)
2025-11-04 03:04:09,817 - INFO - 💰 Lucro Total: $4.95
2025-11-04 03:04:09,817 - INFO - 💰 Lucro Diário: $4.95
2025-11-04 03:04:12,406 - INFO - 📊 EST 4: SETUP VENDA detectado | Aguardando pullback à MA21
2025-11-04 03:04:12,406 - INFO - 📊 EST 4: PULLBACK VENDA! Preço: 1.15200 | MA21: 1.15217
2025-11-04 03:04:12,406 - INFO - 📈 Abrindo posição PUT
2025-11-04 03:04:12,406 - INFO -    Ativo: EURUSD-OTC | Valor: $1.0 | Exp: 1min
2025-11-04 03:04:14,021 - WARNING -    ⚠️ Erro ao verificar disponibilidade: 'underlying'
2025-11-04 03:04:14,770 - INFO -    ✅ Binary Option executada | ID: 13264802358
2025-11-04 03:04:14,771 - INFO - ✅ Posição PUT aberta | ID: 13264802358
2025-11-04 03:05:09,914 - INFO - ✅ TRADE VENCEDOR | Lucro: $0.87
2025-11-04 03:05:09,914 - INFO - 📊 Win Rate: 55.6% (95/171)
2025-11-04 03:05:09,914 - INFO - 💰 Lucro Total: $5.82
2025-11-04 03:05:09,914 - INFO - 💰 Lucro Diário: $5.82
2025-11-04 03:05:11,202 - INFO - 📊 EST 4: SETUP VENDA detectado | Aguardando pullback à MA21
2025-11-04 03:05:11,202 - INFO - 📊 EST 4: PULLBACK VENDA! Preço: 1.15187 | MA21: 1.15216
2025-11-04 03:05:11,202 - INFO - 📈 Abrindo posição PUT
2025-11-04 03:05:11,202 - INFO -    Ativo: EURUSD-OTC | Valor: $1.0 | Exp: 1min
2025-11-04 03:05:12,642 - WARNING -    ⚠️ Erro ao verificar disponibilidade: 'underlying'
2025-11-04 03:05:13,402 - INFO -    ✅ Binary Option executada | ID: 13264804249
2025-11-04 03:05:13,402 - INFO - ✅ Posição PUT aberta | ID: 13264804249
2025-11-04 03:06:09,948 - INFO - ✅ TRADE VENCEDOR | Lucro: $0.87
2025-11-04 03:06:09,948 - INFO - 📊 Win Rate: 55.8% (96/172)
2025-11-04 03:06:09,948 - INFO - 💰 Lucro Total: $6.69
2025-11-04 03:06:09,948 - INFO - 💰 Lucro Diário: $6.69
2025-11-04 03:06:11,711 - INFO - 📊 EST 4: SETUP VENDA detectado | Aguardando pullback à MA21
2025-11-04 03:06:11,711 - INFO - 📊 EST 4: PULLBACK VENDA! Preço: 1.15200 | MA21: 1.15212
2025-11-04 03:06:11,711 - INFO - 📈 Abrindo posição PUT
2025-11-04 03:06:11,711 - INFO -    Ativo: EURUSD-OTC | Valor: $1.0 | Exp: 1min
2025-11-04 03:06:13,401 - WARNING -    ⚠️ Erro ao verificar disponibilidade: 'underlying'
2025-11-04 03:06:14,167 - INFO -    ✅ Binary Option executada | ID: 13264805969
2025-11-04 03:06:14,167 - INFO - ✅ Posição PUT aberta | ID: 13264805969
2025-11-04 03:07:09,919 - INFO - ❌ TRADE PERDEDOR | Prejuízo: $-1.00
2025-11-04 03:07:09,919 - INFO - 📊 Win Rate: 55.5% (96/173)
2025-11-04 03:07:09,919 - INFO - 💰 Lucro Total: $5.69
2025-11-04 03:07:09,919 - INFO - 💰 Lucro Diário: $5.69
2025-11-04 03:08:12,049 - INFO - 📊 EST 4: SETUP VENDA detectado | Aguardando pullback à MA21
2025-11-04 03:08:12,049 - INFO - 📊 EST 4: PULLBACK VENDA! Preço: 1.15189 | MA21: 1.15208
2025-11-04 03:08:12,049 - INFO - 📈 Abrindo posição PUT
2025-11-04 03:08:12,049 - INFO -    Ativo: EURUSD-OTC | Valor: $1.0 | Exp: 1min
2025-11-04 03:08:13,097 - WARNING -    ⚠️ Erro ao verificar disponibilidade: 'underlying'
2025-11-04 03:08:13,712 - INFO -    ✅ Binary Option executada | ID: 13264809473
2025-11-04 03:08:13,712 - INFO - ✅ Posição PUT aberta | ID: 13264809473
2025-11-04 03:09:09,721 - INFO - ✅ TRADE VENCEDOR | Lucro: $0.87
2025-11-04 03:09:09,721 - INFO - 📊 Win Rate: 55.7% (97/174)
2025-11-04 03:09:09,721 - INFO - 💰 Lucro Total: $6.56
2025-11-04 03:09:09,721 - INFO - 💰 Lucro Diário: $6.56
2025-11-04 03:09:11,692 - INFO - 📊 EST 4: SETUP VENDA detectado | Aguardando pullback à MA21
2025-11-04 03:09:11,692 - INFO - 📊 EST 4: PULLBACK VENDA! Preço: 1.15190 | MA21: 1.15209
2025-11-04 03:09:11,692 - INFO - 📈 Abrindo posição PUT
2025-11-04 03:09:11,692 - INFO -    Ativo: EURUSD-OTC | Valor: $1.0 | Exp: 1min
2025-11-04 03:09:24,379 - WARNING -    ⚠️ Erro ao verificar disponibilidade: 'underlying'
2025-11-04 03:09:25,075 - INFO -    ✅ Binary Option executada | ID: 13264811503
2025-11-04 03:09:25,075 - INFO - ✅ Posição PUT aberta | ID: 13264811503
2025-11-04 03:10:09,724 - INFO - ❌ TRADE PERDEDOR | Prejuízo: $-1.00
2025-11-04 03:10:09,724 - INFO - 📊 Win Rate: 55.4% (97/175)
2025-11-04 03:10:09,724 - INFO - 💰 Lucro Total: $5.56
2025-11-04 03:10:09,724 - INFO - 💰 Lucro Diário: $5.56
2025-11-04 03:10:12,569 - INFO - 📊 EST 4: SETUP VENDA detectado | Aguardando pullback à MA21
2025-11-04 03:10:12,569 - INFO - 📊 EST 4: PULLBACK VENDA! Preço: 1.15176 | MA21: 1.15203
2025-11-04 03:10:12,569 - INFO - 📈 Abrindo posição PUT
2025-11-04 03:10:12,569 - INFO -    Ativo: EURUSD-OTC | Valor: $1.0 | Exp: 1min
2025-11-04 03:10:17,771 - WARNING -    ⚠️ Erro ao verificar disponibilidade: 'underlying'
2025-11-04 03:10:18,445 - INFO -    ✅ Binary Option executada | ID: 13264812828
2025-11-04 03:10:18,445 - INFO - ✅ Posição PUT aberta | ID: 13264812828
2025-11-04 03:11:09,896 - INFO - ✅ TRADE VENCEDOR | Lucro: $0.87
2025-11-04 03:11:09,896 - INFO - 📊 Win Rate: 55.7% (98/176)
2025-11-04 03:11:09,896 - INFO - 💰 Lucro Total: $6.43
2025-11-04 03:11:09,896 - INFO - 💰 Lucro Diário: $6.43
2025-11-04 03:11:11,359 - INFO - 📊 EST 4: SETUP VENDA detectado | Aguardando pullback à MA21
2025-11-04 03:11:11,359 - INFO - 📊 EST 4: PULLBACK VENDA! Preço: 1.15176 | MA21: 1.15201
2025-11-04 03:11:11,359 - INFO - 📈 Abrindo posição PUT
2025-11-04 03:11:11,359 - INFO -    Ativo: EURUSD-OTC | Valor: $1.0 | Exp: 1min
2025-11-04 03:11:15,232 - WARNING -    ⚠️ Erro ao verificar disponibilidade: 'underlying'
2025-11-04 03:11:15,889 - INFO -    ✅ Binary Option executada | ID: 13264814173
2025-11-04 03:11:15,890 - INFO - ✅ Posição PUT aberta | ID: 13264814173
2025-11-04 03:12:09,699 - INFO - ✅ TRADE VENCEDOR | Lucro: $0.87
2025-11-04 03:12:09,699 - INFO - 📊 Win Rate: 55.9% (99/177)
2025-11-04 03:12:09,699 - INFO - 💰 Lucro Total: $7.30
2025-11-04 03:12:09,699 - INFO - 💰 Lucro Diário: $7.30
2025-11-04 03:12:10,994 - INFO - 📊 EST 4: SETUP VENDA detectado | Aguardando pullback à MA21
2025-11-04 03:12:10,994 - INFO - 📊 EST 4: PULLBACK VENDA! Preço: 1.15179 | MA21: 1.15201
2025-11-04 03:12:10,994 - INFO - 📈 Abrindo posição PUT
2025-11-04 03:12:10,994 - INFO -    Ativo: EURUSD-OTC | Valor: $1.0 | Exp: 1min
2025-11-04 03:12:14,305 - WARNING -    ⚠️ Erro ao verificar disponibilidade: 'underlying'
2025-11-04 03:12:14,875 - INFO -    ✅ Binary Option executada | ID: 13264815749
2025-11-04 03:12:14,875 - INFO - ✅ Posição PUT aberta | ID: 13264815749
2025-11-04 03:13:09,863 - INFO - ✅ TRADE VENCEDOR | Lucro: $0.87
2025-11-04 03:13:09,863 - INFO - 📊 Win Rate: 56.2% (100/178)
2025-11-04 03:13:09,863 - INFO - 💰 Lucro Total: $8.17
2025-11-04 03:13:09,863 - INFO - 💰 Lucro Diário: $8.17
2025-11-04 03:13:12,450 - INFO - 📊 EST 4: SETUP VENDA detectado | Aguardando pullback à MA21
2025-11-04 03:13:12,450 - INFO - 📊 EST 4: PULLBACK VENDA! Preço: 1.15162 | MA21: 1.15194
2025-11-04 03:13:12,450 - INFO - 📈 Abrindo posição PUT
2025-11-04 03:13:12,450 - INFO -    Ativo: EURUSD-OTC | Valor: $1.0 | Exp: 1min
2025-11-04 03:13:15,403 - WARNING -    ⚠️ Erro ao verificar disponibilidade: 'underlying'
2025-11-04 03:13:16,159 - INFO -    ✅ Binary Option executada | ID: 13264817593
2025-11-04 03:13:16,159 - INFO - ✅ Posição PUT aberta | ID: 13264817593
2025-11-04 03:14:09,877 - INFO - ✅ TRADE VENCEDOR | Lucro: $0.87
2025-11-04 03:14:09,877 - INFO - 📊 Win Rate: 56.4% (101/179)
2025-11-04 03:14:09,877 - INFO - 💰 Lucro Total: $9.04
2025-11-04 03:14:09,877 - INFO - 💰 Lucro Diário: $9.04
2025-11-04 03:14:11,252 - INFO - 📊 EST 4: SETUP VENDA detectado | Aguardando pullback à MA21
2025-11-04 03:14:11,252 - INFO - 📊 EST 4: PULLBACK VENDA! Preço: 1.15146 | MA21: 1.15188
2025-11-04 03:14:11,252 - INFO - 📈 Abrindo posição PUT
2025-11-04 03:14:11,252 - INFO -    Ativo: EURUSD-OTC | Valor: $1.0 | Exp: 1min
2025-11-04 03:14:14,050 - WARNING -    ⚠️ Erro ao verificar disponibilidade: 'underlying'
2025-11-04 03:14:14,640 - INFO -    ✅ Binary Option executada | ID: 13264819318
2025-11-04 03:14:14,640 - INFO - ✅ Posição PUT aberta | ID: 13264819318
2025-11-04 03:15:09,822 - INFO - ✅ TRADE VENCEDOR | Lucro: $0.87
2025-11-04 03:15:09,822 - INFO - 📊 Win Rate: 56.7% (102/180)
2025-11-04 03:15:09,822 - INFO - 💰 Lucro Total: $9.91
2025-11-04 03:15:09,822 - INFO - 💰 Lucro Diário: $9.91
2025-11-04 03:15:11,154 - INFO - 📊 EST 4: SETUP VENDA detectado | Aguardando pullback à MA21
2025-11-04 03:15:11,154 - INFO - 📊 EST 4: PULLBACK VENDA! Preço: 1.15141 | MA21: 1.15188
2025-11-04 03:15:11,154 - INFO - 📈 Abrindo posição PUT
2025-11-04 03:15:11,154 - INFO -    Ativo: EURUSD-OTC | Valor: $1.0 | Exp: 1min
2025-11-04 03:15:13,712 - WARNING -    ⚠️ Erro ao verificar disponibilidade: 'underlying'
2025-11-04 03:15:14,325 - INFO -    ✅ Binary Option executada | ID: 13264821130
2025-11-04 03:15:14,325 - INFO - ✅ Posição PUT aberta | ID: 13264821130
2025-11-04 03:16:09,746 - INFO - ✅ TRADE VENCEDOR | Lucro: $0.87
2025-11-04 03:16:09,746 - INFO - 📊 Win Rate: 56.9% (103/181)
2025-11-04 03:16:09,746 - INFO - 💰 Lucro Total: $10.78
2025-11-04 03:16:09,746 - INFO - 💰 Lucro Diário: $10.78
2025-11-04 03:16:10,992 - INFO - 📊 EST 4: SETUP VENDA detectado | Aguardando pullback à MA21
2025-11-04 03:16:10,992 - INFO - 📊 EST 4: PULLBACK VENDA! Preço: 1.15107 | MA21: 1.15180
2025-11-04 03:16:10,992 - INFO - 📈 Abrindo posição PUT
2025-11-04 03:16:10,992 - INFO -    Ativo: EURUSD-OTC | Valor: $1.0 | Exp: 1min
2025-11-04 03:16:13,549 - WARNING -    ⚠️ Erro ao verificar disponibilidade: 'underlying'
2025-11-04 03:16:14,304 - INFO -    ✅ Binary Option executada | ID: 13264823197
2025-11-04 03:16:14,304 - INFO - ✅ Posição PUT aberta | ID: 13264823197
2025-11-04 03:17:09,741 - INFO - ✅ TRADE VENCEDOR | Lucro: $0.87
2025-11-04 03:17:09,741 - INFO - 📊 Win Rate: 57.1% (104/182)
2025-11-04 03:17:09,741 - INFO - 💰 Lucro Total: $11.65
2025-11-04 03:17:09,741 - INFO - 💰 Lucro Diário: $11.65
2025-11-04 03:17:10,985 - INFO - 📊 EST 4: SETUP VENDA detectado | Aguardando pullback à MA21
2025-11-04 03:17:10,985 - INFO - 📊 EST 4: PULLBACK VENDA! Preço: 1.15095 | MA21: 1.15173
2025-11-04 03:17:10,985 - INFO - 📈 Abrindo posição PUT
2025-11-04 03:17:10,985 - INFO -    Ativo: EURUSD-OTC | Valor: $1.0 | Exp: 1min
2025-11-04 03:17:13,295 - WARNING -    ⚠️ Erro ao verificar disponibilidade: 'underlying'
2025-11-04 03:17:13,905 - INFO -    ✅ Binary Option executada | ID: 13264824759
2025-11-04 03:17:13,905 - INFO - ✅ Posição PUT aberta | ID: 13264824759
2025-11-04 03:18:09,753 - INFO - ✅ TRADE VENCEDOR | Lucro: $0.87
2025-11-04 03:18:09,753 - INFO - 📊 Win Rate: 57.4% (105/183)
2025-11-04 03:18:09,753 - INFO - 💰 Lucro Total: $12.52
2025-11-04 03:18:09,753 - INFO - 💰 Lucro Diário: $12.52
2025-11-04 03:18:10,993 - INFO - 📊 EST 4: SETUP VENDA detectado | Aguardando pullback à MA21
2025-11-04 03:18:10,993 - INFO - 📊 EST 4: PULLBACK VENDA! Preço: 1.15070 | MA21: 1.15163
2025-11-04 03:18:10,993 - INFO - 📈 Abrindo posição PUT
2025-11-04 03:18:10,993 - INFO -    Ativo: EURUSD-OTC | Valor: $1.0 | Exp: 1min
2025-11-04 03:18:13,225 - WARNING -    ⚠️ Erro ao verificar disponibilidade: 'underlying'
2025-11-04 03:18:13,928 - INFO -    ✅ Binary Option executada | ID: 13264826559
2025-11-04 03:18:13,928 - INFO - ✅ Posição PUT aberta | ID: 13264826559
2025-11-04 03:24:09,848 - WARNING - ⚠️ Timeout ao verificar resultado
2025-11-04 03:33:11,884 - INFO - 📊 EST 4: SETUP COMPRA detectado | Aguardando pullback à MA21
2025-11-04 03:33:11,884 - INFO - 📊 EST 4: PULLBACK COMPRA! Preço: 1.15131 | MA21: 1.15128
2025-11-04 03:33:11,884 - INFO - 📈 Abrindo posição CALL
2025-11-04 03:33:11,884 - INFO -    Ativo: EURUSD-OTC | Valor: $1.0 | Exp: 1min
2025-11-04 03:33:13,974 - WARNING -    ⚠️ Erro ao verificar disponibilidade: 'underlying'
2025-11-04 03:33:14,717 - INFO -    ✅ Binary Option executada | ID: 13264860527
2025-11-04 03:33:14,717 - INFO - ✅ Posição CALL aberta | ID: 13264860527
2025-11-04 03:34:09,787 - INFO - ❌ TRADE PERDEDOR | Prejuízo: $-1.00
2025-11-04 03:34:09,787 - INFO - 📊 Win Rate: 57.1% (105/184)
2025-11-04 03:34:09,787 - INFO - 💰 Lucro Total: $11.52
2025-11-04 03:34:09,787 - INFO - 💰 Lucro Diário: $11.52
2025-11-04 03:34:11,133 - INFO - 📊 EST 4: SETUP COMPRA detectado | Aguardando pullback à MA21
2025-11-04 03:34:11,154 - INFO - 📊 EST 4: PULLBACK COMPRA! Preço: 1.15116 | MA21: 1.15127
2025-11-04 03:34:11,154 - INFO - 📈 Abrindo posição CALL
2025-11-04 03:34:11,154 - INFO -    Ativo: EURUSD-OTC | Valor: $1.0 | Exp: 1min
2025-11-04 03:34:13,225 - WARNING -    ⚠️ Erro ao verificar disponibilidade: 'underlying'
2025-11-04 03:34:13,850 - INFO -    ✅ Binary Option executada | ID: 13264862642
2025-11-04 03:34:13,851 - INFO - ✅ Posição CALL aberta | ID: 13264862642
2025-11-04 03:35:09,862 - INFO - ❌ TRADE PERDEDOR | Prejuízo: $-1.00
2025-11-04 03:35:09,863 - INFO - 📊 Win Rate: 56.8% (105/185)
2025-11-04 03:35:09,863 - INFO - 💰 Lucro Total: $10.52
2025-11-04 03:35:09,864 - INFO - 💰 Lucro Diário: $10.52
2025-11-04 03:36:11,914 - INFO - 📊 EST 4: SETUP COMPRA detectado | Aguardando pullback à MA21
2025-11-04 03:36:11,914 - INFO - 📊 EST 4: PULLBACK COMPRA! Preço: 1.15136 | MA21: 1.15127
2025-11-04 03:36:11,914 - INFO - 📈 Abrindo posição CALL
2025-11-04 03:36:11,914 - INFO -    Ativo: EURUSD-OTC | Valor: $1.0 | Exp: 1min
2025-11-04 03:36:13,906 - WARNING -    ⚠️ Erro ao verificar disponibilidade: 'underlying'
2025-11-04 03:36:14,563 - INFO -    ✅ Binary Option executada | ID: 13264867101
2025-11-04 03:36:14,563 - INFO - ✅ Posição CALL aberta | ID: 13264867101
2025-11-04 03:37:09,761 - INFO - ✅ TRADE VENCEDOR | Lucro: $0.87
2025-11-04 03:37:09,761 - INFO - 📊 Win Rate: 57.0% (106/186)
2025-11-04 03:37:09,761 - INFO - 💰 Lucro Total: $11.39
2025-11-04 03:37:09,761 - INFO - 💰 Lucro Diário: $11.39
2025-11-04 03:37:11,005 - INFO - 📊 EST 4: SETUP COMPRA detectado | Aguardando pullback à MA21
2025-11-04 03:37:11,005 - INFO - 📊 EST 4: PULLBACK COMPRA! Preço: 1.15142 | MA21: 1.15128
2025-11-04 03:37:11,005 - INFO - 📈 Abrindo posição CALL
2025-11-04 03:37:11,005 - INFO -    Ativo: EURUSD-OTC | Valor: $1.0 | Exp: 1min
2025-11-04 03:37:12,953 - WARNING -    ⚠️ Erro ao verificar disponibilidade: 'underlying'
2025-11-04 03:37:13,581 - INFO -    ✅ Binary Option executada | ID: 13264869263
2025-11-04 03:37:13,581 - INFO - ✅ Posição CALL aberta | ID: 13264869263
2025-11-04 03:38:09,801 - INFO - ✅ TRADE VENCEDOR | Lucro: $0.87
2025-11-04 03:38:09,801 - INFO - 📊 Win Rate: 57.2% (107/187)
2025-11-04 03:38:09,801 - INFO - 💰 Lucro Total: $12.26
2025-11-04 03:38:09,801 - INFO - 💰 Lucro Diário: $12.26
2025-11-04 03:38:11,072 - INFO - 📊 EST 4: SETUP COMPRA detectado | Aguardando pullback à MA21
2025-11-04 03:38:11,072 - INFO - 📊 EST 4: PULLBACK COMPRA! Preço: 1.15169 | MA21: 1.15132
2025-11-04 03:38:11,072 - INFO - 📈 Abrindo posição CALL
2025-11-04 03:38:11,072 - INFO -    Ativo: EURUSD-OTC | Valor: $1.0 | Exp: 1min
2025-11-04 03:38:12,944 - WARNING -    ⚠️ Erro ao verificar disponibilidade: 'underlying'
2025-11-04 03:38:13,591 - INFO -    ✅ Binary Option executada | ID: 13264871415
2025-11-04 03:38:13,591 - INFO - ✅ Posição CALL aberta | ID: 13264871415
2025-11-04 03:39:10,014 - INFO - ❌ TRADE PERDEDOR | Prejuízo: $-1.00
2025-11-04 03:39:10,014 - INFO - 📊 Win Rate: 56.9% (107/188)
2025-11-04 03:39:10,014 - INFO - 💰 Lucro Total: $11.26
2025-11-04 03:39:10,014 - INFO - 💰 Lucro Diário: $11.26
2025-11-04 03:39:11,311 - INFO - 📊 EST 4: SETUP COMPRA detectado | Aguardando pullback à MA21
2025-11-04 03:39:11,311 - INFO - 📊 EST 4: PULLBACK COMPRA! Preço: 1.15162 | MA21: 1.15134
2025-11-04 03:39:11,311 - INFO - 📈 Abrindo posição CALL
2025-11-04 03:39:11,311 - INFO -    Ativo: EURUSD-OTC | Valor: $1.0 | Exp: 1min
2025-11-04 03:39:13,466 - WARNING -    ⚠️ Erro ao verificar disponibilidade: 'underlying'
2025-11-04 03:39:14,182 - INFO -    ✅ Binary Option executada | ID: 13264873599
2025-11-04 03:39:14,182 - INFO - ✅ Posição CALL aberta | ID: 13264873599
2025-11-04 03:40:09,851 - INFO - ✅ TRADE VENCEDOR | Lucro: $0.87
2025-11-04 03:40:09,851 - INFO - 📊 Win Rate: 57.1% (108/189)
2025-11-04 03:40:09,851 - INFO - 💰 Lucro Total: $12.13
2025-11-04 03:40:09,851 - INFO - 💰 Lucro Diário: $12.13
2025-11-04 03:40:12,505 - INFO - 📊 EST 4: SETUP COMPRA detectado | Aguardando pullback à MA21
2025-11-04 03:40:12,505 - INFO - 📊 EST 4: PULLBACK COMPRA! Preço: 1.15169 | MA21: 1.15140
2025-11-04 03:40:12,505 - INFO - 📈 Abrindo posição CALL
2025-11-04 03:40:12,505 - INFO -    Ativo: EURUSD-OTC | Valor: $1.0 | Exp: 1min
2025-11-04 03:40:14,335 - WARNING -    ⚠️ Erro ao verificar disponibilidade: 'underlying'
2025-11-04 03:40:14,992 - INFO -    ✅ Binary Option executada | ID: 13264875758
2025-11-04 03:40:14,992 - INFO - ✅ Posição CALL aberta | ID: 13264875758
2025-11-04 03:41:09,795 - INFO - ❌ TRADE PERDEDOR | Prejuízo: $-1.00
2025-11-04 03:41:09,795 - INFO - 📊 Win Rate: 56.8% (108/190)
2025-11-04 03:41:09,795 - INFO - 💰 Lucro Total: $11.13
2025-11-04 03:41:09,797 - INFO - 💰 Lucro Diário: $11.13
2025-11-04 03:41:11,053 - INFO - 📊 EST 4: SETUP COMPRA detectado | Aguardando pullback à MA21
2025-11-04 03:41:11,053 - INFO - 📊 EST 4: PULLBACK COMPRA! Preço: 1.15163 | MA21: 1.15140
2025-11-04 03:41:11,053 - INFO - 📈 Abrindo posição CALL
2025-11-04 03:41:11,053 - INFO -    Ativo: EURUSD-OTC | Valor: $1.0 | Exp: 1min
2025-11-04 03:41:12,818 - WARNING -    ⚠️ Erro ao verificar disponibilidade: 'underlying'
2025-11-04 03:41:13,550 - INFO -    ✅ Binary Option executada | ID: 13264878001
2025-11-04 03:41:13,550 - INFO - ✅ Posição CALL aberta | ID: 13264878001
2025-11-04 03:42:09,773 - INFO - ❌ TRADE PERDEDOR | Prejuízo: $-1.00
2025-11-04 03:42:09,773 - INFO - 📊 Win Rate: 56.5% (108/191)
2025-11-04 03:42:09,773 - INFO - 💰 Lucro Total: $10.13
2025-11-04 03:42:09,773 - INFO - 💰 Lucro Diário: $10.13
2025-11-04 03:43:11,860 - INFO - 📊 EST 4: SETUP VENDA detectado | Aguardando pullback à MA21
2025-11-04 03:43:11,861 - INFO - 📊 EST 4: PULLBACK VENDA! Preço: 1.15115 | MA21: 1.15135
2025-11-04 03:43:11,861 - INFO - 📈 Abrindo posição PUT
2025-11-04 03:43:11,861 - INFO -    Ativo: EURUSD-OTC | Valor: $1.0 | Exp: 1min
2025-11-04 03:43:13,760 - WARNING -    ⚠️ Erro ao verificar disponibilidade: 'underlying'
2025-11-04 03:43:14,422 - INFO -    ✅ Binary Option executada | ID: 13264882045
2025-11-04 03:43:14,423 - INFO - ✅ Posição PUT aberta | ID: 13264882045
2025-11-04 03:44:09,814 - INFO - ❌ TRADE PERDEDOR | Prejuízo: $-1.00
2025-11-04 03:44:09,814 - INFO - 📊 Win Rate: 56.2% (108/192)
2025-11-04 03:44:09,814 - INFO - 💰 Lucro Total: $9.13
2025-11-04 03:44:09,814 - INFO - 💰 Lucro Diário: $9.13
2025-11-04 03:44:11,050 - INFO - 📊 EST 4: SETUP VENDA detectado | Aguardando pullback à MA21
2025-11-04 03:44:11,050 - INFO - 📊 EST 4: PULLBACK VENDA! Preço: 1.15165 | MA21: 1.15140
2025-11-04 03:44:11,050 - INFO - 📈 Abrindo posição PUT
2025-11-04 03:44:11,050 - INFO -    Ativo: EURUSD-OTC | Valor: $1.0 | Exp: 1min
2025-11-04 03:44:12,764 - WARNING -    ⚠️ Erro ao verificar disponibilidade: 'underlying'
2025-11-04 03:44:13,397 - INFO -    ✅ Binary Option executada | ID: 13264883699
2025-11-04 03:44:13,397 - INFO - ✅ Posição PUT aberta | ID: 13264883699
2025-11-04 03:45:09,955 - INFO - ❌ TRADE PERDEDOR | Prejuízo: $-1.00
2025-11-04 03:45:09,955 - INFO - 📊 Win Rate: 56.0% (108/193)
2025-11-04 03:45:09,955 - INFO - 💰 Lucro Total: $8.13
2025-11-04 03:45:09,955 - INFO - 💰 Lucro Diário: $8.13
2025-11-04 03:45:11,341 - INFO - 📊 EST 4: SETUP COMPRA detectado | Aguardando pullback à MA21
2025-11-04 03:45:11,341 - INFO - 📊 EST 4: PULLBACK COMPRA! Preço: 1.15179 | MA21: 1.15146
2025-11-04 03:45:11,341 - INFO - 📈 Abrindo posição CALL
2025-11-04 03:45:11,341 - INFO -    Ativo: EURUSD-OTC | Valor: $1.0 | Exp: 1min
2025-11-04 03:45:13,014 - WARNING -    ⚠️ Erro ao verificar disponibilidade: 'underlying'
2025-11-04 03:45:13,710 - INFO -    ✅ Binary Option executada | ID: 13264885780
2025-11-04 03:45:13,710 - INFO - ✅ Posição CALL aberta | ID: 13264885780
2025-11-04 03:46:09,793 - INFO - ✅ TRADE VENCEDOR | Lucro: $0.87
2025-11-04 03:46:09,793 - INFO - 📊 Win Rate: 56.2% (109/194)
2025-11-04 03:46:09,793 - INFO - 💰 Lucro Total: $9.00
2025-11-04 03:46:09,793 - INFO - 💰 Lucro Diário: $9.00
2025-11-04 03:46:11,090 - INFO - 📊 EST 4: SETUP COMPRA detectado | Aguardando pullback à MA21
2025-11-04 03:46:11,090 - INFO - 📊 EST 4: PULLBACK COMPRA! Preço: 1.15197 | MA21: 1.15148
2025-11-04 03:46:11,090 - INFO - 📈 Abrindo posição CALL
2025-11-04 03:46:11,090 - INFO -    Ativo: EURUSD-OTC | Valor: $1.0 | Exp: 1min
2025-11-04 03:46:12,767 - WARNING -    ⚠️ Erro ao verificar disponibilidade: 'underlying'
2025-11-04 03:46:13,570 - INFO -    ✅ Binary Option executada | ID: 13264887962
2025-11-04 03:46:13,570 - INFO - ✅ Posição CALL aberta | ID: 13264887962
2025-11-04 03:47:09,683 - INFO - ❌ TRADE PERDEDOR | Prejuízo: $-1.00
2025-11-04 03:47:09,683 - INFO - 📊 Win Rate: 55.9% (109/195)
2025-11-04 03:47:09,683 - INFO - 💰 Lucro Total: $8.00
2025-11-04 03:47:09,683 - INFO - 💰 Lucro Diário: $8.00
2025-11-04 03:47:10,963 - INFO - 📊 EST 4: SETUP COMPRA detectado | Aguardando pullback à MA21
2025-11-04 03:47:10,963 - INFO - 📊 EST 4: PULLBACK COMPRA! Preço: 1.15200 | MA21: 1.15153
2025-11-04 03:47:10,963 - INFO - 📈 Abrindo posição CALL
2025-11-04 03:47:10,963 - INFO -    Ativo: EURUSD-OTC | Valor: $1.0 | Exp: 1min
2025-11-04 03:47:12,744 - WARNING -    ⚠️ Erro ao verificar disponibilidade: 'underlying'
2025-11-04 03:47:13,421 - INFO -    ✅ Binary Option executada | ID: 13264889942
2025-11-04 03:47:13,421 - INFO - ✅ Posição CALL aberta | ID: 13264889942
2025-11-04 03:48:09,755 - INFO - ✅ TRADE VENCEDOR | Lucro: $0.87
2025-11-04 03:48:09,755 - INFO - 📊 Win Rate: 56.1% (110/196)
2025-11-04 03:48:09,755 - INFO - 💰 Lucro Total: $8.87
2025-11-04 03:48:09,755 - INFO - 💰 Lucro Diário: $8.87
2025-11-04 03:48:12,327 - INFO - 📊 EST 4: SETUP COMPRA detectado | Aguardando pullback à MA21
2025-11-04 03:48:12,327 - INFO - 📊 EST 4: PULLBACK COMPRA! Preço: 1.15220 | MA21: 1.15165
2025-11-04 03:48:12,327 - INFO - 📈 Abrindo posição CALL
2025-11-04 03:48:12,327 - INFO -    Ativo: EURUSD-OTC | Valor: $1.0 | Exp: 1min
2025-11-04 03:48:14,206 - WARNING -    ⚠️ Erro ao verificar disponibilidade: 'underlying'
2025-11-04 03:48:14,773 - INFO -    ✅ Binary Option executada | ID: 13264891915
2025-11-04 03:48:14,773 - INFO - ✅ Posição CALL aberta | ID: 13264891915
2025-11-04 03:49:09,897 - INFO - ✅ TRADE VENCEDOR | Lucro: $0.87
2025-11-04 03:49:09,897 - INFO - 📊 Win Rate: 56.3% (111/197)
2025-11-04 03:49:09,897 - INFO - 💰 Lucro Total: $9.74
2025-11-04 03:49:09,897 - INFO - 💰 Lucro Diário: $9.74
2025-11-04 03:49:11,156 - INFO - 📊 EST 4: SETUP COMPRA detectado | Aguardando pullback à MA21
2025-11-04 03:49:11,156 - INFO - 📊 EST 4: PULLBACK COMPRA! Preço: 1.15227 | MA21: 1.15165
2025-11-04 03:49:11,156 - INFO - 📈 Abrindo posição CALL
2025-11-04 03:49:11,156 - INFO -    Ativo: EURUSD-OTC | Valor: $1.0 | Exp: 1min
2025-11-04 03:49:12,816 - WARNING -    ⚠️ Erro ao verificar disponibilidade: 'underlying'
2025-11-04 03:49:13,490 - INFO -    ✅ Binary Option executada | ID: 13264893642
2025-11-04 03:49:13,490 - INFO - ✅ Posição CALL aberta | ID: 13264893642
2025-11-04 03:50:09,898 - INFO - ✅ TRADE VENCEDOR | Lucro: $0.87
2025-11-04 03:50:09,898 - INFO - 📊 Win Rate: 56.6% (112/198)
2025-11-04 03:50:09,898 - INFO - 💰 Lucro Total: $10.61
2025-11-04 03:50:09,898 - INFO - 💰 Lucro Diário: $10.61
2025-11-04 03:50:11,319 - INFO - 📊 EST 4: SETUP COMPRA detectado | Aguardando pullback à MA21
2025-11-04 03:50:11,319 - INFO - 📊 EST 4: PULLBACK COMPRA! Preço: 1.15243 | MA21: 1.15178
2025-11-04 03:50:11,319 - INFO - 📈 Abrindo posição CALL
2025-11-04 03:50:11,319 - INFO -    Ativo: EURUSD-OTC | Valor: $1.0 | Exp: 1min
2025-11-04 03:50:12,965 - WARNING -    ⚠️ Erro ao verificar disponibilidade: 'underlying'
2025-11-04 03:50:13,612 - INFO -    ✅ Binary Option executada | ID: 13264895622
2025-11-04 03:50:13,612 - INFO - ✅ Posição CALL aberta | ID: 13264895622
2025-11-04 03:51:10,046 - INFO - ✅ TRADE VENCEDOR | Lucro: $0.87
2025-11-04 03:51:10,046 - INFO - 📊 Win Rate: 56.8% (113/199)
2025-11-04 03:51:10,046 - INFO - 💰 Lucro Total: $11.48
2025-11-04 03:51:10,046 - INFO - 💰 Lucro Diário: $11.48
2025-11-04 03:51:11,319 - INFO - 📊 EST 4: SETUP COMPRA detectado | Aguardando pullback à MA21
2025-11-04 03:51:11,319 - INFO - 📊 EST 4: PULLBACK COMPRA! Preço: 1.15243 | MA21: 1.15185
2025-11-04 03:51:11,319 - INFO - 📈 Abrindo posição CALL
2025-11-04 03:51:11,319 - INFO -    Ativo: EURUSD-OTC | Valor: $1.0 | Exp: 1min
2025-11-04 03:51:12,884 - WARNING -    ⚠️ Erro ao verificar disponibilidade: 'underlying'
2025-11-04 03:51:13,615 - INFO -    ✅ Binary Option executada | ID: 13264897481
2025-11-04 03:51:13,615 - INFO - ✅ Posição CALL aberta | ID: 13264897481
2025-11-04 03:52:10,068 - INFO - ❌ TRADE PERDEDOR | Prejuízo: $-1.00
2025-11-04 03:52:10,068 - INFO - 📊 Win Rate: 56.5% (113/200)
2025-11-04 03:52:10,068 - INFO - 💰 Lucro Total: $10.48
2025-11-04 03:52:10,068 - INFO - 💰 Lucro Diário: $10.48
2025-11-04 03:52:11,341 - INFO - 📊 EST 4: SETUP COMPRA detectado | Aguardando pullback à MA21
2025-11-04 03:52:11,341 - INFO - 📊 EST 4: PULLBACK COMPRA! Preço: 1.15229 | MA21: 1.15183
2025-11-04 03:52:11,341 - INFO - 📈 Abrindo posição CALL
2025-11-04 03:52:11,341 - INFO -    Ativo: EURUSD-OTC | Valor: $1.0 | Exp: 1min
2025-11-04 03:52:12,992 - WARNING -    ⚠️ Erro ao verificar disponibilidade: 'underlying'
2025-11-04 03:52:13,702 - INFO -    ✅ Binary Option executada | ID: 13264899462
2025-11-04 03:52:13,703 - INFO - ✅ Posição CALL aberta | ID: 13264899462
2025-11-04 03:53:09,755 - INFO - ❌ TRADE PERDEDOR | Prejuízo: $-1.00
2025-11-04 03:53:09,755 - INFO - 📊 Win Rate: 56.2% (113/201)
2025-11-04 03:53:09,755 - INFO - 💰 Lucro Total: $9.48
2025-11-04 03:53:09,755 - INFO - 💰 Lucro Diário: $9.48
2025-11-04 03:54:11,322 - INFO - 📊 EST 4: SETUP COMPRA detectado | Aguardando pullback à MA21
2025-11-04 03:54:11,322 - INFO - 📊 EST 4: PULLBACK COMPRA! Preço: 1.15230 | MA21: 1.15194
2025-11-04 03:54:11,322 - INFO - 📈 Abrindo posição CALL
2025-11-04 03:54:11,322 - INFO -    Ativo: EURUSD-OTC | Valor: $1.0 | Exp: 1min
2025-11-04 03:54:12,967 - WARNING -    ⚠️ Erro ao verificar disponibilidade: 'underlying'
2025-11-04 03:54:13,609 - INFO -    ✅ Binary Option executada | ID: 13264903385
2025-11-04 03:54:13,609 - INFO - ✅ Posição CALL aberta | ID: 13264903385
2025-11-04 03:55:09,770 - INFO - ✅ TRADE VENCEDOR | Lucro: $0.87
2025-11-04 03:55:09,770 - INFO - 📊 Win Rate: 56.4% (114/202)
2025-11-04 03:55:09,770 - INFO - 💰 Lucro Total: $10.35
2025-11-04 03:55:09,770 - INFO - 💰 Lucro Diário: $10.35
2025-11-04 03:55:11,005 - INFO - 📊 EST 4: SETUP COMPRA detectado | Aguardando pullback à MA21
2025-11-04 03:55:11,005 - INFO - 📊 EST 4: PULLBACK COMPRA! Preço: 1.15238 | MA21: 1.15195
2025-11-04 03:55:11,005 - INFO - 📈 Abrindo posição CALL
2025-11-04 03:55:11,005 - INFO -    Ativo: EURUSD-OTC | Valor: $1.0 | Exp: 1min
2025-11-04 03:55:12,594 - WARNING -    ⚠️ Erro ao verificar disponibilidade: 'underlying'
2025-11-04 03:55:13,199 - INFO -    ✅ Binary Option executada | ID: 13264905102
2025-11-04 03:55:13,199 - INFO - ✅ Posição CALL aberta | ID: 13264905102
2025-11-04 03:56:09,675 - INFO - ❌ TRADE PERDEDOR | Prejuízo: $-1.00
2025-11-04 03:56:09,675 - INFO - 📊 Win Rate: 56.2% (114/203)
2025-11-04 03:56:09,675 - INFO - 💰 Lucro Total: $9.35
2025-11-04 03:56:09,675 - INFO - 💰 Lucro Diário: $9.35
2025-11-04 03:56:10,971 - INFO - 📊 EST 4: SETUP COMPRA detectado | Aguardando pullback à MA21
2025-11-04 03:56:10,971 - INFO - 📊 EST 4: PULLBACK COMPRA! Preço: 1.15212 | MA21: 1.15197
2025-11-04 03:56:10,971 - INFO - 📈 Abrindo posição CALL
2025-11-04 03:56:10,971 - INFO -    Ativo: EURUSD-OTC | Valor: $1.0 | Exp: 1min
2025-11-04 03:56:12,494 - WARNING -    ⚠️ Erro ao verificar disponibilidade: 'underlying'
2025-11-04 03:56:13,112 - INFO -    ✅ Binary Option executada | ID: 13264906975
2025-11-04 03:56:13,112 - INFO - ✅ Posição CALL aberta | ID: 13264906975
2025-11-04 03:57:09,785 - INFO - ✅ TRADE VENCEDOR | Lucro: $0.87
2025-11-04 03:57:09,785 - INFO - 📊 Win Rate: 56.4% (115/204)
2025-11-04 03:57:09,785 - INFO - 💰 Lucro Total: $10.22
2025-11-04 03:57:09,785 - INFO - 💰 Lucro Diário: $10.22
2025-11-04 03:57:12,356 - INFO - 📊 EST 4: SETUP COMPRA detectado | Aguardando pullback à MA21
2025-11-04 03:57:12,356 - INFO - 📊 EST 4: PULLBACK COMPRA! Preço: 1.15212 | MA21: 1.15199
2025-11-04 03:57:12,356 - INFO - 📈 Abrindo posição CALL
2025-11-04 03:57:12,356 - INFO -    Ativo: EURUSD-OTC | Valor: $1.0 | Exp: 1min
2025-11-04 03:57:13,867 - WARNING -    ⚠️ Erro ao verificar disponibilidade: 'underlying'
2025-11-04 03:57:14,620 - INFO -    ✅ Binary Option executada | ID: 13264908849
2025-11-04 03:57:14,621 - INFO - ✅ Posição CALL aberta | ID: 13264908849
2025-11-04 03:58:09,819 - INFO - ❌ TRADE PERDEDOR | Prejuízo: $-1.00
2025-11-04 03:58:09,819 - INFO - 📊 Win Rate: 56.1% (115/205)
2025-11-04 03:58:09,819 - INFO - 💰 Lucro Total: $9.22
2025-11-04 03:58:09,819 - INFO - 💰 Lucro Diário: $9.22
2025-11-04 03:58:11,060 - INFO - 📊 EST 4: SETUP COMPRA detectado | Aguardando pullback à MA21
2025-11-04 03:58:11,060 - INFO - 📊 EST 4: PULLBACK COMPRA! Preço: 1.15203 | MA21: 1.15199
2025-11-04 03:58:11,060 - INFO - 📈 Abrindo posição CALL
2025-11-04 03:58:11,060 - INFO -    Ativo: EURUSD-OTC | Valor: $1.0 | Exp: 1min
2025-11-04 03:58:12,716 - WARNING -    ⚠️ Erro ao verificar disponibilidade: 'underlying'
2025-11-04 03:58:13,392 - INFO -    ✅ Binary Option executada | ID: 13264910595
2025-11-04 03:58:13,392 - INFO - ✅ Posição CALL aberta | ID: 13264910595
2025-11-04 03:59:09,880 - INFO - ✅ TRADE VENCEDOR | Lucro: $0.87
2025-11-04 03:59:09,882 - INFO - 📊 Win Rate: 56.3% (116/206)
2025-11-04 03:59:09,882 - INFO - 💰 Lucro Total: $10.09
2025-11-04 03:59:09,882 - INFO - 💰 Lucro Diário: $10.09
2025-11-04 03:59:12,381 - INFO - 📊 EST 4: SETUP COMPRA detectado | Aguardando pullback à MA21
2025-11-04 03:59:12,381 - INFO - 📊 EST 4: PULLBACK COMPRA! Preço: 1.15220 | MA21: 1.15202
2025-11-04 03:59:12,381 - INFO - 📈 Abrindo posição CALL
2025-11-04 03:59:12,381 - INFO -    Ativo: EURUSD-OTC | Valor: $1.0 | Exp: 1min
2025-11-04 03:59:13,967 - WARNING -    ⚠️ Erro ao verificar disponibilidade: 'underlying'
2025-11-04 03:59:14,661 - INFO -    ✅ Binary Option executada | ID: 13264912812
2025-11-04 03:59:14,661 - INFO - ✅ Posição CALL aberta | ID: 13264912812
2025-11-04 04:00:10,632 - INFO - ❌ TRADE PERDEDOR | Prejuízo: $-1.00
2025-11-04 04:00:10,632 - INFO - 📊 Win Rate: 56.0% (116/207)
2025-11-04 04:00:10,632 - INFO - 💰 Lucro Total: $9.09
2025-11-04 04:00:10,632 - INFO - 💰 Lucro Diário: $9.09
2025-11-04 04:02:11,717 - INFO - 📊 EST 4: SETUP VENDA detectado | Aguardando pullback à MA21
2025-11-04 04:02:11,717 - INFO - 📊 EST 4: PULLBACK VENDA! Preço: 1.15170 | MA21: 1.15197
2025-11-04 04:02:11,717 - INFO - 📈 Abrindo posição PUT
2025-11-04 04:02:11,717 - INFO -    Ativo: EURUSD-OTC | Valor: $1.0 | Exp: 1min
2025-11-04 04:02:13,627 - WARNING -    ⚠️ Erro ao verificar disponibilidade: 'underlying'
2025-11-04 04:02:14,231 - INFO -    ✅ Binary Option executada | ID: 13264918731
2025-11-04 04:02:14,231 - INFO - ✅ Posição PUT aberta | ID: 13264918731
2025-11-04 04:03:09,804 - INFO - ❌ TRADE PERDEDOR | Prejuízo: $-1.00
2025-11-04 04:03:09,805 - INFO - 📊 Win Rate: 55.8% (116/208)
2025-11-04 04:03:09,805 - INFO - 💰 Lucro Total: $8.09
2025-11-04 04:03:09,805 - INFO - 💰 Lucro Diário: $8.09
2025-11-04 04:03:11,077 - INFO - 📊 EST 4: SETUP VENDA detectado | Aguardando pullback à MA21
2025-11-04 04:03:11,077 - INFO - 📊 EST 4: PULLBACK VENDA! Preço: 1.15186 | MA21: 1.15198
2025-11-04 04:03:11,077 - INFO - 📈 Abrindo posição PUT
2025-11-04 04:03:11,077 - INFO -    Ativo: EURUSD-OTC | Valor: $1.0 | Exp: 1min
2025-11-04 04:03:12,716 - WARNING -    ⚠️ Erro ao verificar disponibilidade: 'underlying'
2025-11-04 04:03:13,347 - INFO -    ✅ Binary Option executada | ID: 13264920434
2025-11-04 04:03:13,347 - INFO - ✅ Posição PUT aberta | ID: 13264920434
2025-11-04 04:04:09,899 - INFO - ❌ TRADE PERDEDOR | Prejuízo: $-1.00
2025-11-04 04:04:09,899 - INFO - 📊 Win Rate: 55.5% (116/209)
2025-11-04 04:04:09,899 - INFO - 💰 Lucro Total: $7.09
2025-11-04 04:04:09,899 - INFO - 💰 Lucro Diário: $7.09
2025-11-04 04:11:12,187 - INFO - 📊 EST 4: SETUP COMPRA detectado | Aguardando pullback à MA21
2025-11-04 04:11:12,187 - INFO - 📊 EST 4: PULLBACK COMPRA! Preço: 1.15226 | MA21: 1.15210
2025-11-04 04:11:12,187 - INFO - 📈 Abrindo posição CALL
2025-11-04 04:11:12,187 - INFO -    Ativo: EURUSD-OTC | Valor: $1.0 | Exp: 1min
2025-11-04 04:11:13,653 - WARNING -    ⚠️ Erro ao verificar disponibilidade: 'underlying'
2025-11-04 04:11:14,314 - INFO -    ✅ Binary Option executada | ID: 13264935455
2025-11-04 04:11:14,315 - INFO - ✅ Posição CALL aberta | ID: 13264935455
2025-11-04 04:12:09,945 - INFO - ❌ TRADE PERDEDOR | Prejuízo: $-1.00
2025-11-04 04:12:09,946 - INFO - 📊 Win Rate: 55.2% (116/210)
2025-11-04 04:12:09,946 - INFO - 💰 Lucro Total: $6.09
2025-11-04 04:12:09,946 - INFO - 💰 Lucro Diário: $6.09
2025-11-04 04:12:11,251 - INFO - 📊 EST 4: SETUP COMPRA detectado | Aguardando pullback à MA21
2025-11-04 04:12:11,251 - INFO - 📊 EST 4: PULLBACK COMPRA! Preço: 1.15226 | MA21: 1.15210
2025-11-04 04:12:11,251 - INFO - 📈 Abrindo posição CALL
2025-11-04 04:12:11,251 - INFO -    Ativo: EURUSD-OTC | Valor: $1.0 | Exp: 1min
2025-11-04 04:12:12,669 - WARNING -    ⚠️ Erro ao verificar disponibilidade: 'underlying'
2025-11-04 04:12:13,405 - INFO -    ✅ Binary Option executada | ID: 13264937179
2025-11-04 04:12:13,405 - INFO - ✅ Posição CALL aberta | ID: 13264937179
2025-11-04 04:13:09,883 - INFO - ✅ TRADE VENCEDOR | Lucro: $0.87
2025-11-04 04:13:09,883 - INFO - 📊 Win Rate: 55.5% (117/211)
2025-11-04 04:13:09,883 - INFO - 💰 Lucro Total: $6.96
2025-11-04 04:13:09,883 - INFO - 💰 Lucro Diário: $6.96
2025-11-04 04:13:12,472 - INFO - 📊 EST 4: SETUP COMPRA detectado | Aguardando pullback à MA21
2025-11-04 04:13:12,472 - INFO - 📊 EST 4: PULLBACK COMPRA! Preço: 1.15241 | MA21: 1.15215
2025-11-04 04:13:12,472 - INFO - 📈 Abrindo posição CALL
2025-11-04 04:13:12,472 - INFO -    Ativo: EURUSD-OTC | Valor: $1.0 | Exp: 1min
2025-11-04 04:13:13,896 - WARNING -    ⚠️ Erro ao verificar disponibilidade: 'underlying'
2025-11-04 04:13:14,651 - INFO -    ✅ Binary Option executada | ID: 13264939198
2025-11-04 04:13:14,651 - INFO - ✅ Posição CALL aberta | ID: 13264939198
2025-11-04 04:14:09,701 - INFO - ✅ TRADE VENCEDOR | Lucro: $0.87
2025-11-04 04:14:09,701 - INFO - 📊 Win Rate: 55.7% (118/212)
2025-11-04 04:14:09,701 - INFO - 💰 Lucro Total: $7.83
2025-11-04 04:14:09,701 - INFO - 💰 Lucro Diário: $7.83
2025-11-04 04:14:10,985 - INFO - 📊 EST 4: SETUP COMPRA detectado | Aguardando pullback à MA21
2025-11-04 04:14:10,985 - INFO - 📊 EST 4: PULLBACK COMPRA! Preço: 1.15270 | MA21: 1.15217
2025-11-04 04:14:10,985 - INFO - 📈 Abrindo posição CALL
2025-11-04 04:14:10,985 - INFO -    Ativo: EURUSD-OTC | Valor: $1.0 | Exp: 1min
2025-11-04 04:14:12,573 - WARNING -    ⚠️ Erro ao verificar disponibilidade: 'underlying'
2025-11-04 04:14:13,205 - INFO -    ✅ Binary Option executada | ID: 13264940819
2025-11-04 04:14:13,205 - INFO - ✅ Posição CALL aberta | ID: 13264940819
2025-11-04 04:15:09,958 - INFO - ❌ TRADE PERDEDOR | Prejuízo: $-1.00
2025-11-04 04:15:09,958 - INFO - 📊 Win Rate: 55.4% (118/213)
2025-11-04 04:15:09,958 - INFO - 💰 Lucro Total: $6.83
2025-11-04 04:15:09,958 - INFO - 💰 Lucro Diário: $6.83
2025-11-04 04:18:12,318 - INFO - 📊 EST 4: SETUP COMPRA detectado | Aguardando pullback à MA21
2025-11-04 04:18:12,318 - INFO - 📊 EST 4: PULLBACK COMPRA! Preço: 1.15250 | MA21: 1.15229
2025-11-04 04:18:12,318 - INFO - 📈 Abrindo posição CALL
2025-11-04 04:18:12,318 - INFO -    Ativo: EURUSD-OTC | Valor: $1.0 | Exp: 1min
2025-11-04 04:18:13,921 - WARNING -    ⚠️ Erro ao verificar disponibilidade: 'underlying'
2025-11-04 04:18:14,536 - INFO -    ✅ Binary Option executada | ID: 13264948198
2025-11-04 04:18:14,536 - INFO - ✅ Posição CALL aberta | ID: 13264948198
2025-11-04 04:19:09,836 - INFO - ❌ TRADE PERDEDOR | Prejuízo: $-1.00
2025-11-04 04:19:09,836 - INFO - 📊 Win Rate: 55.1% (118/214)
2025-11-04 04:19:09,836 - INFO - 💰 Lucro Total: $5.83
2025-11-04 04:19:09,836 - INFO - 💰 Lucro Diário: $5.83
2025-11-04 04:19:11,072 - INFO - 📊 EST 4: SETUP COMPRA detectado | Aguardando pullback à MA21
2025-11-04 04:19:11,072 - INFO - 📊 EST 4: PULLBACK COMPRA! Preço: 1.15247 | MA21: 1.15228
2025-11-04 04:19:11,072 - INFO - 📈 Abrindo posição CALL
2025-11-04 04:19:11,072 - INFO -    Ativo: EURUSD-OTC | Valor: $1.0 | Exp: 1min
2025-11-04 04:19:12,393 - WARNING -    ⚠️ Erro ao verificar disponibilidade: 'underlying'
2025-11-04 04:19:13,037 - INFO -    ✅ Binary Option executada | ID: 13264950201
2025-11-04 04:19:13,037 - INFO - ✅ Posição CALL aberta | ID: 13264950201
2025-11-04 04:20:09,788 - INFO - ❌ TRADE PERDEDOR | Prejuízo: $-1.00
2025-11-04 04:20:09,788 - INFO - 📊 Win Rate: 54.9% (118/215)
2025-11-04 04:20:09,788 - INFO - 💰 Lucro Total: $4.83
2025-11-04 04:20:09,788 - INFO - 💰 Lucro Diário: $4.83
2025-11-04 04:20:12,364 - INFO - 📊 EST 4: SETUP VENDA detectado | Aguardando pullback à MA21
2025-11-04 04:20:12,364 - INFO - 📊 EST 4: PULLBACK VENDA! Preço: 1.15221 | MA21: 1.15227
2025-11-04 04:20:12,364 - INFO - 📈 Abrindo posição PUT
2025-11-04 04:20:12,364 - INFO -    Ativo: EURUSD-OTC | Valor: $1.0 | Exp: 1min
2025-11-04 04:20:13,808 - WARNING -    ⚠️ Erro ao verificar disponibilidade: 'underlying'
2025-11-04 04:20:14,535 - INFO -    ✅ Binary Option executada | ID: 13264952021
2025-11-04 04:20:14,536 - INFO - ✅ Posição PUT aberta | ID: 13264952021
2025-11-04 04:21:09,904 - INFO - ❌ TRADE PERDEDOR | Prejuízo: $-1.00
2025-11-04 04:21:09,904 - INFO - 📊 Win Rate: 54.6% (118/216)
2025-11-04 04:21:09,904 - INFO - 💰 Lucro Total: $3.83
2025-11-04 04:21:09,904 - INFO - 💰 Lucro Diário: $3.83
2025-11-04 04:21:11,236 - INFO - 📊 EST 4: SETUP VENDA detectado | Aguardando pullback à MA21
2025-11-04 04:21:11,236 - INFO - 📊 EST 4: PULLBACK VENDA! Preço: 1.15236 | MA21: 1.15228
2025-11-04 04:21:11,236 - INFO - 📈 Abrindo posição PUT
2025-11-04 04:21:11,236 - INFO -    Ativo: EURUSD-OTC | Valor: $1.0 | Exp: 1min
2025-11-04 04:21:13,183 - WARNING -    ⚠️ Erro ao verificar disponibilidade: 'underlying'
2025-11-04 04:21:13,880 - INFO -    ✅ Binary Option executada | ID: 13264953806
2025-11-04 04:21:13,880 - INFO - ✅ Posição PUT aberta | ID: 13264953806
2025-11-04 04:22:09,829 - INFO - ✅ TRADE VENCEDOR | Lucro: $0.87
2025-11-04 04:22:09,829 - INFO - 📊 Win Rate: 54.8% (119/217)
2025-11-04 04:22:09,829 - INFO - 💰 Lucro Total: $4.70
2025-11-04 04:22:09,829 - INFO - 💰 Lucro Diário: $4.70
2025-11-04 04:22:11,061 - INFO - 📊 EST 4: SETUP COMPRA detectado | Aguardando pullback à MA21
2025-11-04 04:22:11,061 - INFO - 📊 EST 4: PULLBACK COMPRA! Preço: 1.15223 | MA21: 1.15228
2025-11-04 04:22:11,061 - INFO - 📈 Abrindo posição CALL
2025-11-04 04:22:11,061 - INFO -    Ativo: EURUSD-OTC | Valor: $1.0 | Exp: 1min
2025-11-04 04:22:12,575 - WARNING -    ⚠️ Erro ao verificar disponibilidade: 'underlying'
2025-11-04 04:22:13,204 - INFO -    ✅ Binary Option executada | ID: 13264955337
2025-11-04 04:22:13,204 - INFO - ✅ Posição CALL aberta | ID: 13264955337
2025-11-04 04:23:09,842 - INFO - ❌ TRADE PERDEDOR | Prejuízo: $-1.00
2025-11-04 04:23:09,842 - INFO - 📊 Win Rate: 54.6% (119/218)
2025-11-04 04:23:09,842 - INFO - 💰 Lucro Total: $3.70
2025-11-04 04:23:09,842 - INFO - 💰 Lucro Diário: $3.70
2025-11-04 04:23:12,488 - INFO - 📊 EST 4: SETUP VENDA detectado | Aguardando pullback à MA21
2025-11-04 04:23:12,488 - INFO - 📊 EST 4: PULLBACK VENDA! Preço: 1.15206 | MA21: 1.15224
2025-11-04 04:23:12,488 - INFO - 📈 Abrindo posição PUT
2025-11-04 04:23:12,488 - INFO -    Ativo: EURUSD-OTC | Valor: $1.0 | Exp: 1min
2025-11-04 04:23:13,849 - WARNING -    ⚠️ Erro ao verificar disponibilidade: 'underlying'
2025-11-04 04:23:14,511 - INFO -    ✅ Binary Option executada | ID: 13264957014
2025-11-04 04:23:14,511 - INFO - ✅ Posição PUT aberta | ID: 13264957014
2025-11-04 04:24:09,802 - INFO - ✅ TRADE VENCEDOR | Lucro: $0.87
2025-11-04 04:24:09,802 - INFO - 📊 Win Rate: 54.8% (120/219)
2025-11-04 04:24:09,802 - INFO - 💰 Lucro Total: $4.57
2025-11-04 04:24:09,802 - INFO - 💰 Lucro Diário: $4.57
2025-11-04 04:24:11,097 - INFO - 📊 EST 4: SETUP VENDA detectado | Aguardando pullback à MA21
2025-11-04 04:24:11,097 - INFO - 📊 EST 4: PULLBACK VENDA! Preço: 1.15189 | MA21: 1.15222
2025-11-04 04:24:11,097 - INFO - 📈 Abrindo posição PUT
2025-11-04 04:24:11,097 - INFO -    Ativo: EURUSD-OTC | Valor: $1.0 | Exp: 1min
2025-11-04 04:24:12,727 - WARNING -    ⚠️ Erro ao verificar disponibilidade: 'underlying'
2025-11-04 04:24:13,439 - INFO -    ✅ Binary Option executada | ID: 13264958705
2025-11-04 04:24:13,441 - INFO - ✅ Posição PUT aberta | ID: 13264958705
2025-11-04 04:25:09,752 - INFO - ❌ TRADE PERDEDOR | Prejuízo: $-1.00
2025-11-04 04:25:09,753 - INFO - 📊 Win Rate: 54.5% (120/220)
2025-11-04 04:25:09,753 - INFO - 💰 Lucro Total: $3.57
2025-11-04 04:25:09,753 - INFO - 💰 Lucro Diário: $3.57
2025-11-04 04:25:11,033 - INFO - 📊 EST 4: SETUP VENDA detectado | Aguardando pullback à MA21
2025-11-04 04:25:11,033 - INFO - 📊 EST 4: PULLBACK VENDA! Preço: 1.15196 | MA21: 1.15220
2025-11-04 04:25:11,033 - INFO - 📈 Abrindo posição PUT
2025-11-04 04:25:11,033 - INFO -    Ativo: EURUSD-OTC | Valor: $1.0 | Exp: 1min
2025-11-04 04:25:12,637 - WARNING -    ⚠️ Erro ao verificar disponibilidade: 'underlying'
2025-11-04 04:25:13,282 - INFO -    ✅ Binary Option executada | ID: 13264960434
2025-11-04 04:25:13,282 - INFO - ✅ Posição PUT aberta | ID: 13264960434
2025-11-04 04:26:09,842 - INFO - ✅ TRADE VENCEDOR | Lucro: $0.87
2025-11-04 04:26:09,842 - INFO - 📊 Win Rate: 54.8% (121/221)
2025-11-04 04:26:09,842 - INFO - 💰 Lucro Total: $4.44
2025-11-04 04:26:09,842 - INFO - 💰 Lucro Diário: $4.44
2025-11-04 04:26:12,394 - INFO - 📊 EST 4: SETUP VENDA detectado | Aguardando pullback à MA21
2025-11-04 04:26:12,394 - INFO - 📊 EST 4: PULLBACK VENDA! Preço: 1.15186 | MA21: 1.15214
2025-11-04 04:26:12,394 - INFO - 📈 Abrindo posição PUT
2025-11-04 04:26:12,394 - INFO -    Ativo: EURUSD-OTC | Valor: $1.0 | Exp: 1min
2025-11-04 04:26:13,984 - WARNING -    ⚠️ Erro ao verificar disponibilidade: 'underlying'
2025-11-04 04:26:14,665 - INFO -    ✅ Binary Option executada | ID: 13264962166
2025-11-04 04:26:14,665 - INFO - ✅ Posição PUT aberta | ID: 13264962166
2025-11-04 04:27:09,879 - INFO - ✅ TRADE VENCEDOR | Lucro: $0.87
2025-11-04 04:27:09,879 - INFO - 📊 Win Rate: 55.0% (122/222)
2025-11-04 04:27:09,879 - INFO - 💰 Lucro Total: $5.31
2025-11-04 04:27:09,879 - INFO - 💰 Lucro Diário: $5.31
2025-11-04 04:27:11,178 - INFO - 📊 EST 4: SETUP VENDA detectado | Aguardando pullback à MA21
2025-11-04 04:27:11,178 - INFO - 📊 EST 4: PULLBACK VENDA! Preço: 1.15166 | MA21: 1.15213
2025-11-04 04:27:11,178 - INFO - 📈 Abrindo posição PUT
2025-11-04 04:27:11,178 - INFO -    Ativo: EURUSD-OTC | Valor: $1.0 | Exp: 1min
2025-11-04 04:27:12,578 - WARNING -    ⚠️ Erro ao verificar disponibilidade: 'underlying'
2025-11-04 04:27:13,204 - INFO -    ✅ Binary Option executada | ID: 13264963950
2025-11-04 04:27:13,204 - INFO - ✅ Posição PUT aberta | ID: 13264963950
2025-11-04 04:28:09,870 - INFO - ✅ TRADE VENCEDOR | Lucro: $0.87
2025-11-04 04:28:09,870 - INFO - 📊 Win Rate: 55.2% (123/223)
2025-11-04 04:28:09,870 - INFO - 💰 Lucro Total: $6.18
2025-11-04 04:28:09,870 - INFO - 💰 Lucro Diário: $6.18
2025-11-04 04:28:11,118 - INFO - 📊 EST 4: SETUP VENDA detectado | Aguardando pullback à MA21
2025-11-04 04:28:11,118 - INFO - 📊 EST 4: PULLBACK VENDA! Preço: 1.15158 | MA21: 1.15208
2025-11-04 04:28:11,118 - INFO - 📈 Abrindo posição PUT
2025-11-04 04:28:11,118 - INFO -    Ativo: EURUSD-OTC | Valor: $1.0 | Exp: 1min
2025-11-04 04:28:12,395 - WARNING -    ⚠️ Erro ao verificar disponibilidade: 'underlying'
2025-11-04 04:28:13,155 - INFO -    ✅ Binary Option executada | ID: 13264965867
2025-11-04 04:28:13,155 - INFO - ✅ Posição PUT aberta | ID: 13264965867
2025-11-04 04:29:09,890 - INFO - ❌ TRADE PERDEDOR | Prejuízo: $-1.00
2025-11-04 04:29:09,890 - INFO - 📊 Win Rate: 54.9% (123/224)
2025-11-04 04:29:09,890 - INFO - 💰 Lucro Total: $5.18
2025-11-04 04:29:09,890 - INFO - 💰 Lucro Diário: $5.18
2025-11-04 04:29:11,189 - INFO - 📊 EST 4: SETUP VENDA detectado | Aguardando pullback à MA21
2025-11-04 04:29:11,189 - INFO - 📊 EST 4: PULLBACK VENDA! Preço: 1.15163 | MA21: 1.15204
2025-11-04 04:29:11,189 - INFO - 📈 Abrindo posição PUT
2025-11-04 04:29:11,189 - INFO -    Ativo: EURUSD-OTC | Valor: $1.0 | Exp: 1min
2025-11-04 04:29:12,969 - WARNING -    ⚠️ Erro ao verificar disponibilidade: 'underlying'
2025-11-04 04:29:13,653 - INFO -    ✅ Binary Option executada | ID: 13264967608
2025-11-04 04:29:13,653 - INFO - ✅ Posição PUT aberta | ID: 13264967608
2025-11-04 04:30:10,004 - INFO - ❌ TRADE PERDEDOR | Prejuízo: $-1.00
2025-11-04 04:30:10,004 - INFO - 📊 Win Rate: 54.7% (123/225)
2025-11-04 04:30:10,004 - INFO - 💰 Lucro Total: $4.18
2025-11-04 04:30:10,005 - INFO - 💰 Lucro Diário: $4.18
2025-11-04 04:32:11,582 - INFO - 📊 EST 4: SETUP VENDA detectado | Aguardando pullback à MA21
2025-11-04 04:32:11,582 - INFO - 📊 EST 4: PULLBACK VENDA! Preço: 1.15159 | MA21: 1.15191
2025-11-04 04:32:11,582 - INFO - 📈 Abrindo posição PUT
2025-11-04 04:32:11,582 - INFO -    Ativo: EURUSD-OTC | Valor: $1.0 | Exp: 1min
2025-11-04 04:32:13,158 - WARNING -    ⚠️ Erro ao verificar disponibilidade: 'underlying'
2025-11-04 04:32:13,742 - INFO -    ✅ Binary Option executada | ID: 13264972744
2025-11-04 04:32:13,742 - INFO - ✅ Posição PUT aberta | ID: 13264972744
2025-11-04 04:33:09,743 - INFO - ❌ TRADE PERDEDOR | Prejuízo: $-1.00
2025-11-04 04:33:09,743 - INFO - 📊 Win Rate: 54.4% (123/226)
2025-11-04 04:33:09,743 - INFO - 💰 Lucro Total: $3.18
2025-11-04 04:33:09,743 - INFO - 💰 Lucro Diário: $3.18
2025-11-04 04:33:10,986 - INFO - 📊 EST 4: SETUP VENDA detectado | Aguardando pullback à MA21
2025-11-04 04:33:10,986 - INFO - 📊 EST 4: PULLBACK VENDA! Preço: 1.15165 | MA21: 1.15192
2025-11-04 04:33:10,986 - INFO - 📈 Abrindo posição PUT
2025-11-04 04:33:10,986 - INFO -    Ativo: EURUSD-OTC | Valor: $1.0 | Exp: 1min
2025-11-04 04:33:12,317 - WARNING -    ⚠️ Erro ao verificar disponibilidade: 'underlying'
2025-11-04 04:33:12,933 - INFO -    ✅ Binary Option executada | ID: 13264974334
2025-11-04 04:33:12,933 - INFO - ✅ Posição PUT aberta | ID: 13264974334
2025-11-04 04:34:09,782 - INFO - ✅ TRADE VENCEDOR | Lucro: $0.87
2025-11-04 04:34:09,782 - INFO - 📊 Win Rate: 54.6% (124/227)
2025-11-04 04:34:09,782 - INFO - 💰 Lucro Total: $4.05
2025-11-04 04:34:09,782 - INFO - 💰 Lucro Diário: $4.05
2025-11-04 04:34:12,364 - INFO - 📊 EST 4: SETUP VENDA detectado | Aguardando pullback à MA21
2025-11-04 04:34:12,364 - INFO - 📊 EST 4: PULLBACK VENDA! Preço: 1.15156 | MA21: 1.15185
2025-11-04 04:34:12,364 - INFO - 📈 Abrindo posição PUT
2025-11-04 04:34:12,364 - INFO -    Ativo: EURUSD-OTC | Valor: $1.0 | Exp: 1min
2025-11-04 04:34:13,915 - WARNING -    ⚠️ Erro ao verificar disponibilidade: 'underlying'
2025-11-04 04:34:14,562 - INFO -    ✅ Binary Option executada | ID: 13264976069
2025-11-04 04:34:14,565 - INFO - ✅ Posição PUT aberta | ID: 13264976069
2025-11-04 04:35:09,753 - INFO - ❌ TRADE PERDEDOR | Prejuízo: $-1.00
2025-11-04 04:35:09,753 - INFO - 📊 Win Rate: 54.4% (124/228)
2025-11-04 04:35:09,753 - INFO - 💰 Lucro Total: $3.05
2025-11-04 04:35:09,753 - INFO - 💰 Lucro Diário: $3.05
2025-11-04 04:35:11,005 - INFO - 📊 EST 4: SETUP VENDA detectado | Aguardando pullback à MA21
2025-11-04 04:35:11,007 - INFO - 📊 EST 4: PULLBACK VENDA! Preço: 1.15173 | MA21: 1.15187
2025-11-04 04:35:11,007 - INFO - 📈 Abrindo posição PUT
2025-11-04 04:35:11,007 - INFO -    Ativo: EURUSD-OTC | Valor: $1.0 | Exp: 1min
2025-11-04 04:35:12,371 - WARNING -    ⚠️ Erro ao verificar disponibilidade: 'underlying'
2025-11-04 04:35:13,082 - INFO -    ✅ Binary Option executada | ID: 13264977790
2025-11-04 04:35:13,082 - INFO - ✅ Posição PUT aberta | ID: 13264977790
2025-11-04 04:36:09,909 - INFO - ✅ TRADE VENCEDOR | Lucro: $0.87
2025-11-04 04:36:09,909 - INFO - 📊 Win Rate: 54.6% (125/229)
2025-11-04 04:36:09,909 - INFO - 💰 Lucro Total: $3.92
2025-11-04 04:36:09,909 - INFO - 💰 Lucro Diário: $3.92
2025-11-04 04:36:12,455 - INFO - 📊 EST 4: SETUP VENDA detectado | Aguardando pullback à MA21
2025-11-04 04:36:12,458 - INFO - 📊 EST 4: PULLBACK VENDA! Preço: 1.15156 | MA21: 1.15181
2025-11-04 04:36:12,458 - INFO - 📈 Abrindo posição PUT
2025-11-04 04:36:12,458 - INFO -    Ativo: EURUSD-OTC | Valor: $1.0 | Exp: 1min
2025-11-04 04:36:13,914 - WARNING -    ⚠️ Erro ao verificar disponibilidade: 'underlying'
2025-11-04 04:36:14,608 - INFO -    ✅ Binary Option executada | ID: 13264979690
2025-11-04 04:36:14,608 - INFO - ✅ Posição PUT aberta | ID: 13264979690
2025-11-04 04:37:09,829 - INFO - ✅ TRADE VENCEDOR | Lucro: $0.87
2025-11-04 04:37:09,829 - INFO - 📊 Win Rate: 54.8% (126/230)
2025-11-04 04:37:09,829 - INFO - 💰 Lucro Total: $4.79
2025-11-04 04:37:09,829 - INFO - 💰 Lucro Diário: $4.79
2025-11-04 04:37:11,126 - INFO - 📊 EST 4: SETUP VENDA detectado | Aguardando pullback à MA21
2025-11-04 04:37:11,126 - INFO - 📊 EST 4: PULLBACK VENDA! Preço: 1.15156 | MA21: 1.15181
2025-11-04 04:37:11,126 - INFO - 📈 Abrindo posição PUT
2025-11-04 04:37:11,126 - INFO -    Ativo: EURUSD-OTC | Valor: $1.0 | Exp: 1min
2025-11-04 04:37:12,501 - WARNING -    ⚠️ Erro ao verificar disponibilidade: 'underlying'
2025-11-04 04:37:13,175 - INFO -    ✅ Binary Option executada | ID: 13264981486
2025-11-04 04:37:13,175 - INFO - ✅ Posição PUT aberta | ID: 13264981486
2025-11-04 04:38:09,866 - INFO - ❌ TRADE PERDEDOR | Prejuízo: $-1.00
2025-11-04 04:38:09,866 - INFO - 📊 Win Rate: 54.5% (126/231)
2025-11-04 04:38:09,866 - INFO - 💰 Lucro Total: $3.79
2025-11-04 04:38:09,866 - INFO - 💰 Lucro Diário: $3.79
2025-11-04 04:38:11,193 - INFO - 📊 EST 4: SETUP VENDA detectado | Aguardando pullback à MA21
2025-11-04 04:38:11,193 - INFO - 📊 EST 4: PULLBACK VENDA! Preço: 1.15158 | MA21: 1.15179
2025-11-04 04:38:11,193 - INFO - 📈 Abrindo posição PUT
2025-11-04 04:38:11,193 - INFO -    Ativo: EURUSD-OTC | Valor: $1.0 | Exp: 1min
2025-11-04 04:38:12,756 - WARNING -    ⚠️ Erro ao verificar disponibilidade: 'underlying'
2025-11-04 04:38:13,396 - INFO -    ✅ Binary Option executada | ID: 13264983092
2025-11-04 04:38:13,396 - INFO - ✅ Posição PUT aberta | ID: 13264983092
2025-11-04 04:39:09,912 - INFO - ✅ TRADE VENCEDOR | Lucro: $0.87
2025-11-04 04:39:09,912 - INFO - 📊 Win Rate: 54.7% (127/232)
2025-11-04 04:39:09,912 - INFO - 💰 Lucro Total: $4.66
2025-11-04 04:39:09,912 - INFO - 💰 Lucro Diário: $4.66
2025-11-04 04:39:12,511 - INFO - 📊 EST 4: SETUP VENDA detectado | Aguardando pullback à MA21
2025-11-04 04:39:12,511 - INFO - 📊 EST 4: PULLBACK VENDA! Preço: 1.15139 | MA21: 1.15172
2025-11-04 04:39:12,511 - INFO - 📈 Abrindo posição PUT
2025-11-04 04:39:12,511 - INFO -    Ativo: EURUSD-OTC | Valor: $1.0 | Exp: 1min
2025-11-04 04:39:13,739 - WARNING -    ⚠️ Erro ao verificar disponibilidade: 'underlying'
2025-11-04 04:39:14,402 - INFO -    ✅ Binary Option executada | ID: 13264984810
2025-11-04 04:39:14,402 - INFO - ✅ Posição PUT aberta | ID: 13264984810
2025-11-04 04:40:09,769 - INFO - ✅ TRADE VENCEDOR | Lucro: $0.87
2025-11-04 04:40:09,769 - INFO - 📊 Win Rate: 54.9% (128/233)
2025-11-04 04:40:09,769 - INFO - 💰 Lucro Total: $5.53
2025-11-04 04:40:09,769 - INFO - 💰 Lucro Diário: $5.53
2025-11-04 04:40:10,999 - INFO - 📊 EST 4: SETUP VENDA detectado | Aguardando pullback à MA21
2025-11-04 04:40:10,999 - INFO - 📊 EST 4: PULLBACK VENDA! Preço: 1.15145 | MA21: 1.15173
2025-11-04 04:40:10,999 - INFO - 📈 Abrindo posição PUT
2025-11-04 04:40:10,999 - INFO -    Ativo: EURUSD-OTC | Valor: $1.0 | Exp: 1min
2025-11-04 04:40:12,634 - WARNING -    ⚠️ Erro ao verificar disponibilidade: 'underlying'
2025-11-04 04:40:13,280 - INFO -    ✅ Binary Option executada | ID: 13264986278
2025-11-04 04:40:13,280 - INFO - ✅ Posição PUT aberta | ID: 13264986278
2025-11-04 04:41:09,807 - INFO - ❌ TRADE PERDEDOR | Prejuízo: $-1.00
2025-11-04 04:41:09,807 - INFO - 📊 Win Rate: 54.7% (128/234)
2025-11-04 04:41:09,807 - INFO - 💰 Lucro Total: $4.53
2025-11-04 04:41:09,807 - INFO - 💰 Lucro Diário: $4.53
2025-11-04 04:44:12,101 - INFO - 📊 EST 4: SETUP VENDA detectado | Aguardando pullback à MA21
2025-11-04 04:44:12,101 - INFO - 📊 EST 4: PULLBACK VENDA! Preço: 1.15149 | MA21: 1.15164
2025-11-04 04:44:12,101 - INFO - 📈 Abrindo posição PUT
2025-11-04 04:44:12,101 - INFO -    Ativo: EURUSD-OTC | Valor: $1.0 | Exp: 1min
2025-11-04 04:44:13,626 - WARNING -    ⚠️ Erro ao verificar disponibilidade: 'underlying'
2025-11-04 04:44:14,243 - INFO -    ✅ Binary Option executada | ID: 13264993089
2025-11-04 04:44:14,243 - INFO - ✅ Posição PUT aberta | ID: 13264993089
2025-11-04 04:45:10,010 - INFO - ✅ TRADE VENCEDOR | Lucro: $0.87
2025-11-04 04:45:10,010 - INFO - 📊 Win Rate: 54.9% (129/235)
2025-11-04 04:45:10,010 - INFO - 💰 Lucro Total: $5.40
2025-11-04 04:45:10,010 - INFO - 💰 Lucro Diário: $5.40
2025-11-04 04:45:11,368 - INFO - 📊 EST 4: SETUP VENDA detectado | Aguardando pullback à MA21
2025-11-04 04:45:11,368 - INFO - 📊 EST 4: PULLBACK VENDA! Preço: 1.15143 | MA21: 1.15162
2025-11-04 04:45:11,368 - INFO - 📈 Abrindo posição PUT
2025-11-04 04:45:11,368 - INFO -    Ativo: EURUSD-OTC | Valor: $1.0 | Exp: 1min
2025-11-04 04:45:12,937 - WARNING -    ⚠️ Erro ao verificar disponibilidade: 'underlying'
2025-11-04 04:45:13,578 - INFO -    ✅ Binary Option executada | ID: 13264994724
2025-11-04 04:45:13,578 - INFO - ✅ Posição PUT aberta | ID: 13264994724
2025-11-04 04:46:09,770 - INFO - ✅ TRADE VENCEDOR | Lucro: $0.87
2025-11-04 04:46:09,772 - INFO - 📊 Win Rate: 55.1% (130/236)
2025-11-04 04:46:09,772 - INFO - 💰 Lucro Total: $6.27
2025-11-04 04:46:09,772 - INFO - 💰 Lucro Diário: $6.27
2025-11-04 04:46:11,012 - INFO - 📊 EST 4: SETUP VENDA detectado | Aguardando pullback à MA21
2025-11-04 04:46:11,012 - INFO - 📊 EST 4: PULLBACK VENDA! Preço: 1.15138 | MA21: 1.15162
2025-11-04 04:46:11,012 - INFO - 📈 Abrindo posição PUT
2025-11-04 04:46:11,012 - INFO -    Ativo: EURUSD-OTC | Valor: $1.0 | Exp: 1min
2025-11-04 04:46:12,644 - WARNING -    ⚠️ Erro ao verificar disponibilidade: 'underlying'
2025-11-04 04:46:13,293 - INFO -    ✅ Binary Option executada | ID: 13264996690
2025-11-04 04:46:13,293 - INFO - ✅ Posição PUT aberta | ID: 13264996690
2025-11-04 04:47:09,977 - INFO - ❌ TRADE PERDEDOR | Prejuízo: $-1.00
2025-11-04 04:47:09,977 - INFO - 📊 Win Rate: 54.9% (130/237)
2025-11-04 04:47:09,977 - INFO - 💰 Lucro Total: $5.27
2025-11-04 04:47:09,977 - INFO - 💰 Lucro Diário: $5.27
2025-11-04 04:48:11,968 - INFO - 📊 EST 4: SETUP VENDA detectado | Aguardando pullback à MA21
2025-11-04 04:48:11,968 - INFO - 📊 EST 4: PULLBACK VENDA! Preço: 1.15152 | MA21: 1.15160
2025-11-04 04:48:11,968 - INFO - 📈 Abrindo posição PUT
2025-11-04 04:48:11,968 - INFO -    Ativo: EURUSD-OTC | Valor: $1.0 | Exp: 1min
2025-11-04 04:48:13,731 - WARNING -    ⚠️ Erro ao verificar disponibilidade: 'underlying'
2025-11-04 04:48:14,364 - INFO -    ✅ Binary Option executada | ID: 13265000051
2025-11-04 04:48:14,364 - INFO - ✅ Posição PUT aberta | ID: 13265000051
2025-11-04 04:49:09,815 - INFO - ❌ TRADE PERDEDOR | Prejuízo: $-1.00
2025-11-04 04:49:09,815 - INFO - 📊 Win Rate: 54.6% (130/238)
2025-11-04 04:49:09,815 - INFO - 💰 Lucro Total: $4.27
2025-11-04 04:49:09,815 - INFO - 💰 Lucro Diário: $4.27
2025-11-04 04:49:11,048 - INFO - 📊 EST 4: SETUP VENDA detectado | Aguardando pullback à MA21
2025-11-04 04:49:11,048 - INFO - 📊 EST 4: PULLBACK VENDA! Preço: 1.15169 | MA21: 1.15161
2025-11-04 04:49:11,048 - INFO - 📈 Abrindo posição PUT
2025-11-04 04:49:11,048 - INFO -    Ativo: EURUSD-OTC | Valor: $1.0 | Exp: 1min
2025-11-04 04:49:12,524 - WARNING -    ⚠️ Erro ao verificar disponibilidade: 'underlying'
2025-11-04 04:49:13,246 - INFO -    ✅ Binary Option executada | ID: 13265001846
2025-11-04 04:49:13,246 - INFO - ✅ Posição PUT aberta | ID: 13265001846
2025-11-04 04:50:09,932 - INFO - ❌ TRADE PERDEDOR | Prejuízo: $-1.00
2025-11-04 04:50:09,933 - INFO - 📊 Win Rate: 54.4% (130/239)
2025-11-04 04:50:09,933 - INFO - 💰 Lucro Total: $3.27
2025-11-04 04:50:09,933 - INFO - 💰 Lucro Diário: $3.27
2025-11-04 04:50:12,426 - INFO - 📊 EST 4: SETUP COMPRA detectado | Aguardando pullback à MA21
2025-11-04 04:50:12,426 - INFO - 📊 EST 4: PULLBACK COMPRA! Preço: 1.15179 | MA21: 1.15164
2025-11-04 04:50:12,426 - INFO - 📈 Abrindo posição CALL
2025-11-04 04:50:12,426 - INFO -    Ativo: EURUSD-OTC | Valor: $1.0 | Exp: 1min
2025-11-04 04:50:13,814 - WARNING -    ⚠️ Erro ao verificar disponibilidade: 'underlying'
2025-11-04 04:50:14,580 - INFO -    ✅ Binary Option executada | ID: 13265003646
2025-11-04 04:50:14,580 - INFO - ✅ Posição CALL aberta | ID: 13265003646
2025-11-04 04:51:09,968 - INFO - ✅ TRADE VENCEDOR | Lucro: $0.87
2025-11-04 04:51:09,968 - INFO - 📊 Win Rate: 54.6% (131/240)
2025-11-04 04:51:09,968 - INFO - 💰 Lucro Total: $4.14
2025-11-04 04:51:09,968 - INFO - 💰 Lucro Diário: $4.14
2025-11-04 04:51:11,400 - INFO - 📊 EST 4: SETUP COMPRA detectado | Aguardando pullback à MA21
2025-11-04 04:51:11,400 - INFO - 📊 EST 4: PULLBACK COMPRA! Preço: 1.15193 | MA21: 1.15168
2025-11-04 04:51:11,400 - INFO - 📈 Abrindo posição CALL
2025-11-04 04:51:11,400 - INFO -    Ativo: EURUSD-OTC | Valor: $1.0 | Exp: 1min
2025-11-04 04:51:12,513 - WARNING -    ⚠️ Erro ao verificar disponibilidade: 'underlying'
2025-11-04 04:51:13,188 - INFO -    ✅ Binary Option executada | ID: 13265005316
2025-11-04 04:51:13,188 - INFO - ✅ Posição CALL aberta | ID: 13265005316
2025-11-04 04:52:09,774 - INFO - ✅ TRADE VENCEDOR | Lucro: $0.87
2025-11-04 04:52:09,774 - INFO - 📊 Win Rate: 54.8% (132/241)
2025-11-04 04:52:09,774 - INFO - 💰 Lucro Total: $5.01
2025-11-04 04:52:09,774 - INFO - 💰 Lucro Diário: $5.01
2025-11-04 04:52:11,038 - INFO - 📊 EST 4: SETUP COMPRA detectado | Aguardando pullback à MA21
2025-11-04 04:52:11,038 - INFO - 📊 EST 4: PULLBACK COMPRA! Preço: 1.15207 | MA21: 1.15170
2025-11-04 04:52:11,038 - INFO - 📈 Abrindo posição CALL
2025-11-04 04:52:11,038 - INFO -    Ativo: EURUSD-OTC | Valor: $1.0 | Exp: 1min
2025-11-04 04:52:12,482 - WARNING -    ⚠️ Erro ao verificar disponibilidade: 'underlying'
2025-11-04 04:52:13,254 - INFO -    ✅ Binary Option executada | ID: 13265007126
2025-11-04 04:52:13,254 - INFO - ✅ Posição CALL aberta | ID: 13265007126
2025-11-04 04:53:10,063 - INFO - ❌ TRADE PERDEDOR | Prejuízo: $-1.00
2025-11-04 04:53:10,063 - INFO - 📊 Win Rate: 54.5% (132/242)
2025-11-04 04:53:10,063 - INFO - 💰 Lucro Total: $4.01
2025-11-04 04:53:10,063 - INFO - 💰 Lucro Diário: $4.01
2025-11-04 04:57:11,416 - INFO - 📊 EST 4: SETUP VENDA detectado | Aguardando pullback à MA21
2025-11-04 04:57:11,416 - INFO - 📊 EST 4: PULLBACK VENDA! Preço: 1.15155 | MA21: 1.15166
2025-11-04 04:57:11,416 - INFO - 📈 Abrindo posição PUT
2025-11-04 04:57:11,416 - INFO -    Ativo: EURUSD-OTC | Valor: $1.0 | Exp: 1min
2025-11-04 04:57:12,983 - WARNING -    ⚠️ Erro ao verificar disponibilidade: 'underlying'
2025-11-04 04:57:13,633 - INFO -    ✅ Binary Option executada | ID: 13265016635
2025-11-04 04:57:13,633 - INFO - ✅ Posição PUT aberta | ID: 13265016635
2025-11-04 04:58:09,814 - INFO - ✅ TRADE VENCEDOR | Lucro: $0.87
2025-11-04 04:58:09,814 - INFO - 📊 Win Rate: 54.7% (133/243)
2025-11-04 04:58:09,814 - INFO - 💰 Lucro Total: $4.88
2025-11-04 04:58:09,814 - INFO - 💰 Lucro Diário: $4.88
2025-11-04 04:58:11,121 - INFO - 📊 EST 4: SETUP VENDA detectado | Aguardando pullback à MA21
2025-11-04 04:58:11,121 - INFO - 📊 EST 4: PULLBACK VENDA! Preço: 1.15132 | MA21: 1.15164
2025-11-04 04:58:11,121 - INFO - 📈 Abrindo posição PUT
2025-11-04 04:58:11,121 - INFO -    Ativo: EURUSD-OTC | Valor: $1.0 | Exp: 1min
2025-11-04 04:58:12,557 - WARNING -    ⚠️ Erro ao verificar disponibilidade: 'underlying'
2025-11-04 04:58:13,190 - INFO -    ✅ Binary Option executada | ID: 13265018222
2025-11-04 04:58:13,191 - INFO - ✅ Posição PUT aberta | ID: 13265018222
2025-11-04 04:59:09,832 - INFO - ❌ TRADE PERDEDOR | Prejuízo: $-1.00
2025-11-04 04:59:09,832 - INFO - 📊 Win Rate: 54.5% (133/244)
2025-11-04 04:59:09,832 - INFO - 💰 Lucro Total: $3.88
2025-11-04 04:59:09,832 - INFO - 💰 Lucro Diário: $3.88
2025-11-04 04:59:11,143 - INFO - 📊 EST 4: SETUP VENDA detectado | Aguardando pullback à MA21
2025-11-04 04:59:11,143 - INFO - 📊 EST 4: PULLBACK VENDA! Preço: 1.15172 | MA21: 1.15165
2025-11-04 04:59:11,143 - INFO - 📈 Abrindo posição PUT
2025-11-04 04:59:11,143 - INFO -    Ativo: EURUSD-OTC | Valor: $1.0 | Exp: 1min
2025-11-04 04:59:12,736 - WARNING -    ⚠️ Erro ao verificar disponibilidade: 'underlying'
2025-11-04 04:59:13,431 - INFO -    ✅ Binary Option executada | ID: 13265019898
2025-11-04 04:59:13,431 - INFO - ✅ Posição PUT aberta | ID: 13265019898
2025-11-04 05:00:09,959 - INFO - ✅ TRADE VENCEDOR | Lucro: $0.87
2025-11-04 05:00:09,960 - INFO - 📊 Win Rate: 54.7% (134/245)
2025-11-04 05:00:09,960 - INFO - 💰 Lucro Total: $4.75
2025-11-04 05:00:09,960 - INFO - 💰 Lucro Diário: $4.75
2025-11-04 05:00:11,207 - INFO - 📊 EST 4: SETUP COMPRA detectado | Aguardando pullback à MA21
2025-11-04 05:00:11,209 - INFO - 📊 EST 4: PULLBACK COMPRA! Preço: 1.15162 | MA21: 1.15164
2025-11-04 05:00:11,209 - INFO - 📈 Abrindo posição CALL
2025-11-04 05:00:11,209 - INFO -    Ativo: EURUSD-OTC | Valor: $1.0 | Exp: 1min
2025-11-04 05:00:12,860 - WARNING -    ⚠️ Erro ao verificar disponibilidade: 'underlying'
2025-11-04 05:00:13,486 - WARNING -    ⚠️ Binary Option retornou | Check: False | ID: Cannot purchase an option (the asset is not available at the moment).
2025-11-04 05:00:13,486 - INFO -    📡 Tentando Digital Option...
2025-11-04 05:00:13,486 - INFO -       � Tentando expiração: 1 minuto(s)...
2025-11-04 09:13:05,086 - INFO - ⚠️ Bot interrompido pelo usuário
2025-11-04 09:13:05,086 - INFO - 🔌 Desconectado da IQ Option
2025-11-04 09:13:05,086 - INFO - ============================================================
2025-11-04 09:13:05,086 - INFO - 📊 RESUMO FINAL
2025-11-04 09:13:05,086 - INFO - ============================================================
2025-11-04 09:13:05,086 - INFO - Total de Trades: 245
2025-11-04 09:13:05,086 - INFO - Trades Vencedores: 134
2025-11-04 09:13:05,086 - INFO - Win Rate: 54.7%
2025-11-04 09:13:05,086 - INFO - Lucro Total: $4.75
2025-11-04 09:13:05,086 - INFO - Lucro Diário: $4.75
2025-11-04 09:13:05,086 - INFO - ============================================================
2025-11-04 09:13:32,432 - INFO - 🤖 INICIANDO BOT...
2025-11-04 09:13:32,432 - INFO - ============================================================
2025-11-04 09:13:32,432 - INFO - INICIANDO CONEXÃO COM IQ OPTION
2025-11-04 09:13:32,432 - INFO - ============================================================
2025-11-04 09:13:34,643 - INFO - ✅ Modo: CONTA DEMO
2025-11-04 09:13:35,240 - INFO - 💰 Saldo disponível: $8103.78
2025-11-04 09:13:35,240 - INFO - 🔄 Fora do horário comercial - Usando EURUSD-OTC
2025-11-04 09:13:35,240 - INFO - ------------------------------------------------------------
2025-11-04 09:13:35,240 - INFO - 📊 Ativo: EURUSD-OTC
2025-11-04 09:13:35,240 - INFO -    🌐 Modo OTC ativado (mercado 24/7)
2025-11-04 09:13:35,240 - INFO - ⏱️ Timeframe: 1 minuto(s)
2025-11-04 09:13:35,240 - INFO - ⏳ Expiração: 1 minuto(s)
2025-11-04 09:13:35,240 - INFO - 💵 Valor por operação: $1.0
2025-11-04 09:13:35,240 - INFO - 🎯 Estratégia: 3
2025-11-04 09:13:35,240 - INFO - 🕒 Horário: 00:00 - 23:59
2025-11-04 09:13:35,240 - INFO - ------------------------------------------------------------
2025-11-04 09:13:35,240 - INFO - 🔍 Verificando disponibilidade do ativo...
2025-11-04 09:13:37,683 - WARNING - ⚠️ Erro ao verificar disponibilidade: 'underlying'
2025-11-04 09:13:37,713 - INFO - ============================================================
2025-11-04 09:13:37,713 - INFO - 🚀 Bot em execução!
2025-11-04 09:21:30,948 - INFO - 📊 EST 3: Abrindo COMPRA | RSI: 24.84
2025-11-04 09:21:30,948 - INFO - 📈 Abrindo posição CALL
2025-11-04 09:21:30,948 - INFO -    Ativo: EURUSD-OTC | Valor: $1.0 | Exp: 1min
2025-11-04 09:21:32,563 - WARNING -    ⚠️ Erro ao verificar disponibilidade: 'underlying'
2025-11-04 09:21:33,170 - INFO -    ✅ Binary Option executada | ID: 13265573610
2025-11-04 09:21:33,170 - INFO - ✅ Posição CALL aberta | ID: 13265573610
2025-11-04 09:23:10,313 - INFO - ❌ TRADE PERDEDOR | Prejuízo: $-1.00
2025-11-04 09:23:10,313 - INFO - 📊 Win Rate: 0.0% (0/1)
2025-11-04 09:23:10,315 - INFO - 💰 Lucro Total: $-1.00
2025-11-04 09:23:10,315 - INFO - 💰 Lucro Diário: $-1.00
2025-11-04 09:27:47,793 - INFO - 📊 EST 3: Abrindo COMPRA | RSI: 23.66
2025-11-04 09:27:47,793 - INFO - 📈 Abrindo posição CALL
2025-11-04 09:27:47,793 - INFO -    Ativo: EURUSD-OTC | Valor: $1.0 | Exp: 1min
2025-11-04 09:27:49,817 - WARNING -    ⚠️ Erro ao verificar disponibilidade: 'underlying'
2025-11-04 09:27:50,500 - INFO -    ✅ Binary Option executada | ID: 13265590472
2025-11-04 09:27:50,502 - INFO - ✅ Posição CALL aberta | ID: 13265590472
2025-11-04 09:29:10,362 - INFO - ❌ TRADE PERDEDOR | Prejuízo: $-1.00
2025-11-04 09:29:10,364 - INFO - 📊 Win Rate: 0.0% (0/2)
2025-11-04 09:29:10,366 - INFO - 💰 Lucro Total: $-2.00
2025-11-04 09:29:10,366 - INFO - 💰 Lucro Diário: $-2.00
2025-11-04 09:32:12,132 - INFO - 📊 EST 3: Abrindo VENDA | RSI: 88.00
2025-11-04 09:32:12,132 - INFO - 📈 Abrindo posição PUT
2025-11-04 09:32:12,132 - INFO -    Ativo: EURUSD-OTC | Valor: $1.0 | Exp: 1min
2025-11-04 09:32:14,219 - WARNING -    ⚠️ Erro ao verificar disponibilidade: 'underlying'
2025-11-04 09:32:14,919 - INFO -    ✅ Binary Option executada | ID: 13265602199
2025-11-04 09:32:14,920 - INFO - ✅ Posição PUT aberta | ID: 13265602199
2025-11-04 09:33:10,366 - INFO - ✅ TRADE VENCEDOR | Lucro: $0.87
2025-11-04 09:33:10,367 - INFO - 📊 Win Rate: 33.3% (1/3)
2025-11-04 09:33:10,368 - INFO - 💰 Lucro Total: $-1.13
2025-11-04 09:33:10,369 - INFO - 💰 Lucro Diário: $-1.13
2025-11-04 09:33:50,251 - INFO - 📊 EST 3: Abrindo VENDA | RSI: 76.54
2025-11-04 09:33:50,252 - INFO - 📈 Abrindo posição PUT
2025-11-04 09:33:50,252 - INFO -    Ativo: EURUSD-OTC | Valor: $1.0 | Exp: 1min
2025-11-04 09:33:51,971 - WARNING -    ⚠️ Erro ao verificar disponibilidade: 'underlying'
2025-11-04 09:33:52,664 - INFO -    ✅ Binary Option executada | ID: 13265606307
2025-11-04 09:33:52,665 - INFO - ✅ Posição PUT aberta | ID: 13265606307
2025-11-04 09:35:10,634 - INFO - ❌ TRADE PERDEDOR | Prejuízo: $-1.00
2025-11-04 09:35:10,635 - INFO - 📊 Win Rate: 25.0% (1/4)
2025-11-04 09:35:10,635 - INFO - 💰 Lucro Total: $-2.13
2025-11-04 09:35:10,636 - INFO - 💰 Lucro Diário: $-2.13
2025-11-04 09:44:12,449 - INFO - 📊 EST 3: Abrindo COMPRA | RSI: 22.64
2025-11-04 09:44:12,449 - INFO - 📈 Abrindo posição CALL
2025-11-04 09:44:12,449 - INFO -    Ativo: EURUSD-OTC | Valor: $1.0 | Exp: 1min
2025-11-04 09:44:14,368 - WARNING -    ⚠️ Erro ao verificar disponibilidade: 'underlying'
2025-11-04 09:44:14,999 - INFO -    ✅ Binary Option executada | ID: 13265634273
2025-11-04 09:44:14,999 - INFO - ✅ Posição CALL aberta | ID: 13265634273
2025-11-04 09:45:10,329 - INFO - ✅ TRADE VENCEDOR | Lucro: $0.87
2025-11-04 09:45:10,330 - INFO - 📊 Win Rate: 40.0% (2/5)
2025-11-04 09:45:10,330 - INFO - 💰 Lucro Total: $-1.26
2025-11-04 09:45:10,330 - INFO - 💰 Lucro Diário: $-1.26
2025-11-04 09:45:23,204 - INFO - 📊 EST 3: Abrindo COMPRA | RSI: 24.74
2025-11-04 09:45:23,205 - INFO - 📈 Abrindo posição CALL
2025-11-04 09:45:23,205 - INFO -    Ativo: EURUSD-OTC | Valor: $1.0 | Exp: 1min
2025-11-04 09:45:25,428 - WARNING -    ⚠️ Erro ao verificar disponibilidade: 'underlying'
2025-11-04 09:45:26,098 - INFO -    ✅ Binary Option executada | ID: 13265637629
2025-11-04 09:45:26,098 - INFO - ✅ Posição CALL aberta | ID: 13265637629
2025-11-04 09:46:10,044 - INFO - ❌ TRADE PERDEDOR | Prejuízo: $-1.00
2025-11-04 09:46:10,044 - INFO - 📊 Win Rate: 33.3% (2/6)
2025-11-04 09:46:10,044 - INFO - 💰 Lucro Total: $-2.26
2025-11-04 09:46:10,044 - INFO - 💰 Lucro Diário: $-2.26
2025-11-04 09:46:21,739 - INFO - 📊 EST 3: Abrindo COMPRA | RSI: 22.73
2025-11-04 09:46:21,739 - INFO - 📈 Abrindo posição CALL
2025-11-04 09:46:21,739 - INFO -    Ativo: EURUSD-OTC | Valor: $1.0 | Exp: 1min
2025-11-04 09:46:23,800 - WARNING -    ⚠️ Erro ao verificar disponibilidade: 'underlying'
2025-11-04 09:46:24,442 - INFO -    ✅ Binary Option executada | ID: 13265640333
2025-11-04 09:46:24,442 - INFO - ✅ Posição CALL aberta | ID: 13265640333
2025-11-04 09:47:10,566 - INFO - ✅ TRADE VENCEDOR | Lucro: $0.87
2025-11-04 09:47:10,566 - INFO - 📊 Win Rate: 42.9% (3/7)
2025-11-04 09:47:10,566 - INFO - 💰 Lucro Total: $-1.39
2025-11-04 09:47:10,566 - INFO - 💰 Lucro Diário: $-1.39
2025-11-04 10:03:11,907 - INFO - 📊 EST 3: Abrindo VENDA | RSI: 78.85
2025-11-04 10:03:11,907 - INFO - 🔄 Mercado aberto - Usando EURUSD
2025-11-04 10:03:11,908 - INFO - 📈 Abrindo posição PUT
2025-11-04 10:03:11,908 - INFO -    Ativo: EURUSD | Valor: $1.0 | Exp: 1min
2025-11-04 10:03:14,321 - WARNING -    ⚠️ Erro ao verificar disponibilidade: 'underlying'
2025-11-04 10:03:14,601 - WARNING -    ⚠️ Binary Option retornou | Check: False | ID: Cannot purchase an option (active is suspended)
2025-11-04 10:03:14,601 - INFO -    📡 Tentando Digital Option...
2025-11-04 10:03:14,603 - INFO -       � Tentando expiração: 1 minuto(s)...
2025-11-04 17:07:59,528 - INFO - ⚠️ Bot interrompido pelo usuário
2025-11-04 17:07:59,528 - INFO - 🔌 Desconectado da IQ Option
2025-11-04 17:07:59,528 - INFO - ============================================================
2025-11-04 17:07:59,528 - INFO - 📊 RESUMO FINAL
2025-11-04 17:07:59,528 - INFO - ============================================================
2025-11-04 17:07:59,528 - INFO - Total de Trades: 7
2025-11-04 17:07:59,528 - INFO - Trades Vencedores: 3
2025-11-04 17:07:59,528 - INFO - Win Rate: 42.9%
2025-11-04 17:07:59,528 - INFO - Lucro Total: $-1.39
2025-11-04 17:07:59,528 - INFO - Lucro Diário: $-1.39
2025-11-04 17:07:59,528 - INFO - ============================================================
2025-11-04 17:08:16,354 - INFO - 🤖 INICIANDO BOT...
2025-11-04 17:08:16,354 - INFO - ============================================================
2025-11-04 17:08:16,354 - INFO - INICIANDO CONEXÃO COM IQ OPTION
2025-11-04 17:08:16,354 - INFO - ============================================================
2025-11-04 17:08:20,204 - INFO - ✅ Modo: CONTA DEMO
2025-11-04 17:08:20,762 - INFO - 💰 Saldo disponível: $8102.39
2025-11-04 17:08:20,762 - INFO - 🔄 Fora do horário comercial - Usando EURUSD-OTC
2025-11-04 17:08:20,762 - INFO - ------------------------------------------------------------
2025-11-04 17:08:20,763 - INFO - 📊 Ativo: EURUSD-OTC
2025-11-04 17:08:20,763 - INFO -    🌐 Modo OTC ativado (mercado 24/7)
2025-11-04 17:08:20,763 - INFO - ⏱️ Timeframe: 5 minuto(s)
2025-11-04 17:08:20,763 - INFO - ⏳ Expiração: 1 minuto(s)
2025-11-04 17:08:20,763 - INFO - 💵 Valor por operação: $5.0
2025-11-04 17:08:20,763 - INFO - 🎯 Estratégia: 3
2025-11-04 17:08:20,763 - INFO - 🕒 Horário: 00:00 - 23:59
2025-11-04 17:08:20,763 - INFO - ------------------------------------------------------------
2025-11-04 17:08:20,763 - INFO - 🔍 Verificando disponibilidade do ativo...
2025-11-04 17:08:44,455 - WARNING - ⚠️ Erro ao verificar disponibilidade: 'underlying'
2025-11-04 17:08:44,473 - INFO - ============================================================
2025-11-04 17:08:44,473 - INFO - 🚀 Bot em execução!
2025-11-05 09:32:33,052 - INFO - 🤖 INICIANDO BOT...
2025-11-05 09:32:33,052 - INFO - ============================================================
2025-11-05 09:32:33,052 - INFO - INICIANDO CONEXÃO COM IQ OPTION
2025-11-05 09:32:33,052 - INFO - ============================================================
2025-11-05 09:32:35,312 - INFO - ✅ Modo: CONTA DEMO
2025-11-05 09:32:35,552 - INFO - 💰 Saldo disponível: $8102.39
2025-11-05 09:32:35,552 - INFO - 🔄 Fora do horário comercial - Usando EURUSD-OTC
2025-11-05 09:32:35,552 - INFO - ------------------------------------------------------------
2025-11-05 09:32:35,552 - INFO - 📊 Ativo: EURUSD-OTC
2025-11-05 09:32:35,552 - INFO -    🌐 Modo OTC ativado (mercado 24/7)
2025-11-05 09:32:35,552 - INFO - ⏱️ Timeframe: 5 minuto(s)
2025-11-05 09:32:35,552 - INFO - ⏳ Expiração: 1 minuto(s)
2025-11-05 09:32:35,552 - INFO - 💵 Valor por operação: $5.0
2025-11-05 09:32:35,552 - INFO - 🎯 Estratégia: 3
2025-11-05 09:32:35,552 - INFO - 🕒 Horário: 00:00 - 23:59
2025-11-05 09:32:35,552 - INFO - ------------------------------------------------------------
2025-11-05 09:32:35,552 - INFO - 🔍 Verificando disponibilidade do ativo...
2025-11-05 09:32:37,787 - WARNING - ⚠️ Erro ao verificar disponibilidade: 'underlying'
2025-11-05 09:32:37,794 - INFO - ============================================================
2025-11-05 09:32:37,794 - INFO - 🚀 Bot em execução!
2025-11-05 09:33:38,332 - INFO - 📊 EST 3: Abrindo VENDA | RSI: 75.34
2025-11-05 09:33:38,332 - INFO - 📈 Abrindo posição PUT
2025-11-05 09:33:38,332 - INFO -    Ativo: EURUSD-OTC | Valor: $5.0 | Exp: 1min
2025-11-05 09:33:39,648 - WARNING -    ⚠️ Erro ao verificar disponibilidade: 'underlying'
2025-11-05 09:33:40,264 - INFO -    ✅ Binary Option executada | ID: 13269655314
2025-11-05 09:33:40,264 - INFO - ✅ Posição PUT aberta | ID: 13269655314
2025-11-05 09:40:08,186 - WARNING - ⚠️ Timeout ao verificar resultado
2025-11-05 11:08:16,954 - INFO - 📊 EST 3: Abrindo COMPRA | RSI: 24.87
2025-11-05 11:08:16,954 - INFO - 🔄 Mercado aberto - Usando EURUSD
2025-11-05 11:08:16,954 - INFO - 📈 Abrindo posição CALL
2025-11-05 11:08:16,954 - INFO -    Ativo: EURUSD | Valor: $5.0 | Exp: 1min
2025-11-05 11:08:18,467 - WARNING -    ⚠️ Erro ao verificar disponibilidade: 'underlying'
2025-11-05 11:08:18,758 - WARNING -    ⚠️ Binary Option retornou | Check: False | ID: Cannot purchase an option (active is suspended)
2025-11-05 11:08:18,758 - INFO -    📡 Tentando Digital Option...
2025-11-05 11:08:18,758 - INFO -       � Tentando expiração: 1 minuto(s)...
2025-11-05 20:14:59,272 - INFO - ⚠️ Bot interrompido pelo usuário
2025-11-05 20:14:59,275 - INFO - 🔌 Desconectado da IQ Option
2025-11-05 20:14:59,277 - INFO - ============================================================
2025-11-05 20:14:59,277 - INFO - 📊 RESUMO FINAL
2025-11-05 20:14:59,277 - INFO - ============================================================
2025-11-05 20:14:59,277 - INFO - Total de Trades: 0
2025-11-05 20:14:59,277 - INFO - Trades Vencedores: 0
2025-11-05 20:14:59,277 - INFO - Lucro Total: $0.00
2025-11-05 20:14:59,277 - INFO - Lucro Diário: $0.00
2025-11-05 20:14:59,277 - INFO - ============================================================
2025-11-05 20:15:16,945 - INFO - 🤖 INICIANDO BOT...
2025-11-05 20:15:16,945 - INFO - ============================================================
2025-11-05 20:15:16,945 - INFO - INICIANDO CONEXÃO COM IQ OPTION
2025-11-05 20:15:16,945 - INFO - ============================================================
2025-11-05 20:15:20,368 - INFO - ✅ Modo: CONTA DEMO
2025-11-05 20:15:20,701 - INFO - 💰 Saldo disponível: $8102.39
2025-11-05 20:15:20,701 - INFO - 🔄 Fora do horário comercial - Usando EURUSD-OTC
2025-11-05 20:15:20,701 - INFO - ------------------------------------------------------------
2025-11-05 20:15:20,701 - INFO - 📊 Ativo: EURUSD-OTC
2025-11-05 20:15:20,701 - INFO -    🌐 Modo OTC ativado (mercado 24/7)
2025-11-05 20:15:20,701 - INFO - ⏱️ Timeframe: 5 minuto(s)
2025-11-05 20:15:20,701 - INFO - ⏳ Expiração: 1 minuto(s)
2025-11-05 20:15:20,701 - INFO - 💵 Valor por operação: $5.0
2025-11-05 20:15:20,701 - INFO - 🎯 Estratégia: 3
2025-11-05 20:15:20,701 - INFO - 🕒 Horário: 00:00 - 23:59
2025-11-05 20:15:20,701 - INFO - ------------------------------------------------------------
2025-11-05 20:15:20,701 - INFO - 🔍 Verificando disponibilidade do ativo...
2025-11-05 20:15:22,927 - WARNING - ⚠️ Erro ao verificar disponibilidade: 'underlying'
2025-11-05 20:15:22,931 - INFO - ============================================================
2025-11-05 20:15:22,931 - INFO - 🚀 Bot em execução!
2025-11-05 21:30:10,179 - INFO - 📊 EST 3: Abrindo COMPRA | RSI: 23.74
2025-11-05 21:30:10,179 - INFO - 📈 Abrindo posição CALL
2025-11-05 21:30:10,179 - INFO -    Ativo: EURUSD-OTC | Valor: $5.0 | Exp: 1min
2025-11-05 21:30:11,797 - WARNING -    ⚠️ Erro ao verificar disponibilidade: 'underlying'
2025-11-05 21:30:12,552 - INFO -    ✅ Binary Option executada | ID: 13271937969
2025-11-05 21:30:12,552 - INFO - ✅ Posição CALL aberta | ID: 13271937969
2025-11-05 21:31:08,381 - INFO - ✅ TRADE VENCEDOR | Lucro: $4.30
2025-11-05 21:31:08,381 - INFO - 📊 Win Rate: 100.0% (1/1)
2025-11-05 21:31:08,381 - INFO - 💰 Lucro Total: $4.30
2025-11-05 21:31:08,381 - INFO - 💰 Lucro Diário: $4.30
2025-11-05 21:40:10,913 - INFO - 📊 EST 3: Abrindo COMPRA | RSI: 17.53
2025-11-05 21:40:10,913 - INFO - 📈 Abrindo posição CALL
2025-11-05 21:40:10,913 - INFO -    Ativo: EURUSD-OTC | Valor: $5.0 | Exp: 1min
2025-11-05 21:40:12,610 - WARNING -    ⚠️ Erro ao verificar disponibilidade: 'underlying'
2025-11-05 21:40:13,340 - INFO -    ✅ Binary Option executada | ID: 13271970297
2025-11-05 21:40:13,341 - INFO - ✅ Posição CALL aberta | ID: 13271970297
2025-11-05 21:41:08,323 - INFO - ✅ TRADE VENCEDOR | Lucro: $4.30
2025-11-05 21:41:08,325 - INFO - 📊 Win Rate: 100.0% (2/2)
2025-11-05 21:41:08,325 - INFO - 💰 Lucro Total: $8.60
2025-11-05 21:41:08,325 - INFO - 💰 Lucro Diário: $8.60
2025-11-05 23:45:10,508 - INFO - 📊 EST 3: Abrindo VENDA | RSI: 86.89
2025-11-05 23:45:10,508 - INFO - 📈 Abrindo posição PUT
2025-11-05 23:45:10,508 - INFO -    Ativo: EURUSD-OTC | Valor: $5.0 | Exp: 1min
2025-11-05 23:45:12,069 - WARNING -    ⚠️ Erro ao verificar disponibilidade: 'underlying'
2025-11-05 23:45:12,710 - INFO -    ✅ Binary Option executada | ID: 13272406732
2025-11-05 23:45:12,711 - INFO - ✅ Posição PUT aberta | ID: 13272406732
2025-11-05 23:46:08,598 - INFO - ❌ TRADE PERDEDOR | Prejuízo: $-5.00
2025-11-05 23:46:08,598 - INFO - 📊 Win Rate: 66.7% (2/3)
2025-11-05 23:46:08,598 - INFO - 💰 Lucro Total: $3.60
2025-11-05 23:46:08,598 - INFO - 💰 Lucro Diário: $3.60
2025-11-06 00:43:10,170 - INFO - 📊 EST 3: Abrindo VENDA | RSI: 76.62
2025-11-06 00:43:10,170 - INFO - 📈 Abrindo posição PUT
2025-11-06 00:43:10,170 - INFO -    Ativo: EURUSD-OTC | Valor: $5.0 | Exp: 1min
2025-11-06 00:43:16,573 - WARNING -    ⚠️ Erro ao verificar disponibilidade: 'underlying'
2025-11-06 00:43:17,290 - INFO -    ✅ Binary Option executada | ID: 13272597598
2025-11-06 00:43:17,292 - INFO - ✅ Posição PUT aberta | ID: 13272597598
2025-11-06 00:44:08,422 - INFO - ❌ TRADE PERDEDOR | Prejuízo: $-5.00
2025-11-06 00:44:08,422 - INFO - 📊 Win Rate: 50.0% (2/4)
2025-11-06 00:44:08,422 - INFO - 💰 Lucro Total: $-1.40
2025-11-06 00:44:08,422 - INFO - 💰 Lucro Diário: $-1.40
2025-11-06 00:46:01,198 - INFO - 📊 EST 3: Abrindo VENDA | RSI: 75.00
2025-11-06 00:46:01,198 - INFO - 📈 Abrindo posição PUT
2025-11-06 00:46:01,198 - INFO -    Ativo: EURUSD-OTC | Valor: $5.0 | Exp: 1min
2025-11-06 00:46:05,355 - WARNING -    ⚠️ Erro ao verificar disponibilidade: 'underlying'
2025-11-06 00:46:05,958 - INFO -    ✅ Binary Option executada | ID: 13272605777
2025-11-06 00:46:05,959 - INFO - ✅ Posição PUT aberta | ID: 13272605777
2025-11-06 00:47:08,626 - INFO - ✅ TRADE VENCEDOR | Lucro: $4.25
2025-11-06 00:47:08,626 - INFO - 📊 Win Rate: 60.0% (3/5)
2025-11-06 00:47:08,626 - INFO - 💰 Lucro Total: $2.85
2025-11-06 00:47:08,626 - INFO - 💰 Lucro Diário: $2.85
2025-11-06 01:00:05,929 - INFO - 📊 EST 3: Abrindo COMPRA | RSI: 24.86
2025-11-06 01:00:05,929 - INFO - 📈 Abrindo posição CALL
2025-11-06 01:00:05,929 - INFO -    Ativo: EURUSD-OTC | Valor: $5.0 | Exp: 1min
2025-11-06 01:00:09,476 - WARNING -    ⚠️ Erro ao verificar disponibilidade: 'underlying'
2025-11-06 01:00:10,377 - INFO -    ✅ Binary Option executada | ID: 13272645027
2025-11-06 01:00:10,378 - INFO - ✅ Posição CALL aberta | ID: 13272645027
2025-11-06 01:01:08,349 - INFO - ✅ TRADE VENCEDOR | Lucro: $4.25
2025-11-06 01:01:08,349 - INFO - 📊 Win Rate: 66.7% (4/6)
2025-11-06 01:01:08,349 - INFO - 💰 Lucro Total: $7.10
2025-11-06 01:01:08,349 - INFO - 💰 Lucro Diário: $7.10
2025-11-06 01:02:09,199 - INFO - 📊 EST 3: Abrindo COMPRA | RSI: 24.32
2025-11-06 01:02:09,199 - INFO - 📈 Abrindo posição CALL
2025-11-06 01:02:09,199 - INFO -    Ativo: EURUSD-OTC | Valor: $5.0 | Exp: 1min
2025-11-06 01:02:12,342 - WARNING -    ⚠️ Erro ao verificar disponibilidade: 'underlying'
2025-11-06 01:02:13,046 - INFO -    ✅ Binary Option executada | ID: 13272650858
2025-11-06 01:02:13,046 - INFO - ✅ Posição CALL aberta | ID: 13272650858
2025-11-06 01:03:08,582 - INFO - ✅ TRADE VENCEDOR | Lucro: $4.25
2025-11-06 01:03:08,582 - INFO - 📊 Win Rate: 71.4% (5/7)
2025-11-06 01:03:08,582 - INFO - 💰 Lucro Total: $11.35
2025-11-06 01:03:08,582 - INFO - 💰 Lucro Diário: $11.35
2025-11-06 01:15:36,811 - INFO - 📊 EST 3: Abrindo COMPRA | RSI: 24.65
2025-11-06 01:15:36,811 - INFO - 📈 Abrindo posição CALL
2025-11-06 01:15:36,811 - INFO -    Ativo: EURUSD-OTC | Valor: $5.0 | Exp: 1min
2025-11-06 01:15:39,800 - WARNING -    ⚠️ Erro ao verificar disponibilidade: 'underlying'
2025-11-06 01:15:40,411 - INFO -    ✅ Binary Option executada | ID: 13272686952
2025-11-06 01:15:40,412 - INFO - ✅ Posição CALL aberta | ID: 13272686952
2025-11-06 01:17:08,667 - INFO - ✅ TRADE VENCEDOR | Lucro: $4.25
2025-11-06 01:17:08,668 - INFO - 📊 Win Rate: 75.0% (6/8)
2025-11-06 01:17:08,668 - INFO - 💰 Lucro Total: $15.60
2025-11-06 01:17:08,668 - INFO - 💰 Lucro Diário: $15.60
2025-11-06 01:45:53,654 - INFO - 📊 EST 3: Abrindo VENDA | RSI: 75.20
2025-11-06 01:45:53,654 - INFO - 📈 Abrindo posição PUT
2025-11-06 01:45:53,654 - INFO -    Ativo: EURUSD-OTC | Valor: $5.0 | Exp: 1min
2025-11-06 01:45:56,759 - WARNING -    ⚠️ Erro ao verificar disponibilidade: 'underlying'
2025-11-06 01:45:57,507 - INFO -    ✅ Binary Option executada | ID: 13272764552
2025-11-06 01:45:57,507 - INFO - ✅ Posição PUT aberta | ID: 13272764552
2025-11-06 01:47:08,594 - INFO - ❌ TRADE PERDEDOR | Prejuízo: $-5.00
2025-11-06 01:47:08,594 - INFO - 📊 Win Rate: 66.7% (6/9)
2025-11-06 01:47:08,594 - INFO - 💰 Lucro Total: $10.60
2025-11-06 01:47:08,594 - INFO - 💰 Lucro Diário: $10.60
2025-11-06 01:52:51,258 - INFO - 📊 EST 3: Abrindo VENDA | RSI: 75.20
2025-11-06 01:52:51,258 - INFO - 📈 Abrindo posição PUT
2025-11-06 01:52:51,258 - INFO -    Ativo: EURUSD-OTC | Valor: $5.0 | Exp: 1min
2025-11-06 01:52:54,261 - WARNING -    ⚠️ Erro ao verificar disponibilidade: 'underlying'
2025-11-06 01:52:54,868 - INFO -    ✅ Binary Option executada | ID: 13272781098
2025-11-06 01:52:54,868 - INFO - ✅ Posição PUT aberta | ID: 13272781098
2025-11-06 01:54:08,467 - INFO - ❌ TRADE PERDEDOR | Prejuízo: $-5.00
2025-11-06 01:54:08,467 - INFO - 📊 Win Rate: 60.0% (6/10)
2025-11-06 01:54:08,467 - INFO - 💰 Lucro Total: $5.60
2025-11-06 01:54:08,467 - INFO - 💰 Lucro Diário: $5.60
2025-11-06 01:55:38,956 - INFO - 📊 EST 3: Abrindo VENDA | RSI: 75.78
2025-11-06 01:55:38,956 - INFO - 📈 Abrindo posição PUT
2025-11-06 01:55:38,956 - INFO -    Ativo: EURUSD-OTC | Valor: $5.0 | Exp: 1min
2025-11-06 01:55:41,557 - WARNING -    ⚠️ Erro ao verificar disponibilidade: 'underlying'
2025-11-06 01:55:42,211 - INFO -    ✅ Binary Option executada | ID: 13272787460
2025-11-06 01:55:42,212 - INFO - ✅ Posição PUT aberta | ID: 13272787460
2025-11-06 01:57:08,747 - INFO - ✅ TRADE VENCEDOR | Lucro: $4.25
2025-11-06 01:57:08,747 - INFO - 📊 Win Rate: 63.6% (7/11)
2025-11-06 01:57:08,747 - INFO - 💰 Lucro Total: $9.85
2025-11-06 01:57:08,747 - INFO - 💰 Lucro Diário: $9.85
2025-11-06 02:00:11,214 - INFO - 📊 EST 3: Abrindo VENDA | RSI: 79.13
2025-11-06 02:00:11,214 - INFO - 📈 Abrindo posição PUT
2025-11-06 02:00:11,214 - INFO -    Ativo: EURUSD-OTC | Valor: $5.0 | Exp: 1min
2025-11-06 02:00:13,640 - WARNING -    ⚠️ Erro ao verificar disponibilidade: 'underlying'
2025-11-06 02:00:14,252 - INFO -    ✅ Binary Option executada | ID: 13272796751
2025-11-06 02:00:14,252 - INFO - ✅ Posição PUT aberta | ID: 13272796751
2025-11-06 02:01:08,626 - INFO - ✅ TRADE VENCEDOR | Lucro: $4.30
2025-11-06 02:01:08,626 - INFO - 📊 Win Rate: 66.7% (8/12)
2025-11-06 02:01:08,626 - INFO - 💰 Lucro Total: $14.15
2025-11-06 02:01:08,626 - INFO - 💰 Lucro Diário: $14.15
2025-11-06 02:04:18,495 - ERROR - Connection is already closed.
2025-11-06 20:18:50,230 - ERROR - **error** get_candles need reconnect
2025-11-06 20:18:53,757 - INFO - 📊 EST 3: Abrindo COMPRA | RSI: 23.85
2025-11-06 20:18:53,757 - INFO - 📈 Abrindo posição CALL
2025-11-06 20:18:53,757 - INFO -    Ativo: EURUSD-OTC | Valor: $5.0 | Exp: 1min
2025-11-06 20:18:55,740 - WARNING -    ⚠️ Erro ao verificar disponibilidade: 'underlying'
2025-11-06 20:18:56,351 - INFO -    ✅ Binary Option executada | ID: 13275721997
2025-11-06 20:18:56,352 - INFO - ✅ Posição CALL aberta | ID: 13275721997
2025-11-06 20:20:09,624 - INFO - ✅ TRADE VENCEDOR | Lucro: $4.30
2025-11-06 20:20:09,624 - INFO - 📊 Win Rate: 69.2% (9/13)
2025-11-06 20:20:09,624 - INFO - 💰 Lucro Total: $18.45
2025-11-06 20:20:09,624 - INFO - 💰 Lucro Diário: $18.45
2025-11-06 20:21:09,891 - INFO - 📊 EST 3: Abrindo COMPRA | RSI: 24.68
2025-11-06 20:21:09,891 - INFO - 📈 Abrindo posição CALL
2025-11-06 20:21:09,891 - INFO -    Ativo: EURUSD-OTC | Valor: $5.0 | Exp: 1min
2025-11-06 20:21:11,045 - WARNING -    ⚠️ Erro ao verificar disponibilidade: 'underlying'
2025-11-06 20:21:11,778 - INFO -    ✅ Binary Option executada | ID: 13275727991
2025-11-06 20:21:11,778 - INFO - ✅ Posição CALL aberta | ID: 13275727991
2025-11-06 20:22:09,378 - INFO - ✅ TRADE VENCEDOR | Lucro: $4.30
2025-11-06 20:22:09,378 - INFO - 📊 Win Rate: 71.4% (10/14)
2025-11-06 20:22:09,378 - INFO - 💰 Lucro Total: $22.75
2025-11-06 20:22:09,378 - INFO - 💰 Lucro Diário: $22.75
2025-11-06 20:54:52,695 - INFO - 📊 EST 3: Abrindo VENDA | RSI: 75.13
2025-11-06 20:54:52,695 - INFO - 📈 Abrindo posição PUT
2025-11-06 20:54:52,695 - INFO -    Ativo: EURUSD-OTC | Valor: $5.0 | Exp: 1min
2025-11-06 20:54:53,918 - WARNING -    ⚠️ Erro ao verificar disponibilidade: 'underlying'
2025-11-06 20:54:54,519 - INFO -    ✅ Binary Option executada | ID: 13275823315
2025-11-06 20:54:54,519 - INFO - ✅ Posição PUT aberta | ID: 13275823315
2025-11-06 20:56:09,385 - INFO - ✅ TRADE VENCEDOR | Lucro: $4.30
2025-11-06 20:56:09,385 - INFO - 📊 Win Rate: 73.3% (11/15)
2025-11-06 20:56:09,385 - INFO - 💰 Lucro Total: $27.05
2025-11-06 20:56:09,385 - INFO - 💰 Lucro Diário: $27.05
2025-11-06 20:56:12,103 - INFO - 📊 EST 3: Abrindo VENDA | RSI: 75.12
2025-11-06 20:56:12,103 - INFO - 📈 Abrindo posição PUT
2025-11-06 20:56:12,103 - INFO -    Ativo: EURUSD-OTC | Valor: $5.0 | Exp: 1min
2025-11-06 20:56:13,222 - WARNING -    ⚠️ Erro ao verificar disponibilidade: 'underlying'
2025-11-06 20:56:13,890 - INFO -    ✅ Binary Option executada | ID: 13275828064
2025-11-06 20:56:13,890 - INFO - ✅ Posição PUT aberta | ID: 13275828064
2025-11-06 20:57:09,169 - INFO - ❌ TRADE PERDEDOR | Prejuízo: $-5.00
2025-11-06 20:57:09,169 - INFO - 📊 Win Rate: 68.8% (11/16)
2025-11-06 20:57:09,169 - INFO - 💰 Lucro Total: $22.05
2025-11-06 20:57:09,169 - INFO - 💰 Lucro Diário: $22.05
2025-11-06 21:05:11,151 - INFO - 📊 EST 3: Abrindo VENDA | RSI: 80.53
2025-11-06 21:05:11,151 - INFO - 📈 Abrindo posição PUT
2025-11-06 21:05:11,151 - INFO -    Ativo: EURUSD-OTC | Valor: $5.0 | Exp: 1min
2025-11-06 21:05:12,097 - WARNING -    ⚠️ Erro ao verificar disponibilidade: 'underlying'
2025-11-06 21:05:12,728 - INFO -    ✅ Binary Option executada | ID: 13275857681
2025-11-06 21:05:12,728 - INFO - ✅ Posição PUT aberta | ID: 13275857681
2025-11-06 21:06:09,132 - INFO - ❌ TRADE PERDEDOR | Prejuízo: $-5.00
2025-11-06 21:06:09,132 - INFO - 📊 Win Rate: 64.7% (11/17)
2025-11-06 21:06:09,132 - INFO - 💰 Lucro Total: $17.05
2025-11-06 21:06:09,132 - INFO - 💰 Lucro Diário: $17.05
2025-11-06 21:11:31,738 - INFO - 📊 EST 3: Abrindo VENDA | RSI: 75.16
2025-11-06 21:11:31,738 - INFO - 📈 Abrindo posição PUT
2025-11-06 21:11:31,738 - INFO -    Ativo: EURUSD-OTC | Valor: $5.0 | Exp: 1min
2025-11-06 21:11:33,650 - WARNING -    ⚠️ Erro ao verificar disponibilidade: 'underlying'
2025-11-06 21:11:34,324 - INFO -    ✅ Binary Option executada | ID: 13275878034
2025-11-06 21:11:34,324 - INFO - ✅ Posição PUT aberta | ID: 13275878034
2025-11-06 21:13:09,090 - INFO - ❌ TRADE PERDEDOR | Prejuízo: $-5.00
2025-11-06 21:13:09,090 - INFO - 📊 Win Rate: 61.1% (11/18)
2025-11-06 21:13:09,090 - INFO - 💰 Lucro Total: $12.05
2025-11-06 21:13:09,090 - INFO - 💰 Lucro Diário: $12.05
2025-11-06 21:15:29,339 - INFO - 📊 EST 3: Abrindo VENDA | RSI: 75.61
2025-11-06 21:15:29,339 - INFO - 📈 Abrindo posição PUT
2025-11-06 21:15:29,339 - INFO -    Ativo: EURUSD-OTC | Valor: $5.0 | Exp: 1min
2025-11-06 21:15:30,567 - WARNING -    ⚠️ Erro ao verificar disponibilidade: 'underlying'
2025-11-06 21:15:31,138 - INFO -    ✅ Binary Option executada | ID: 13275890307
2025-11-06 21:15:31,139 - INFO - ✅ Posição PUT aberta | ID: 13275890307
2025-11-06 21:16:09,494 - INFO - ✅ TRADE VENCEDOR | Lucro: $4.30
2025-11-06 21:16:09,494 - INFO - 📊 Win Rate: 63.2% (12/19)
2025-11-06 21:16:09,494 - INFO - 💰 Lucro Total: $16.35
2025-11-06 21:16:09,494 - INFO - 💰 Lucro Diário: $16.35
2025-11-06 22:15:11,313 - INFO - 📊 EST 3: Abrindo COMPRA | RSI: 24.49
2025-11-06 22:15:11,313 - INFO - 📈 Abrindo posição CALL
2025-11-06 22:15:11,313 - INFO -    Ativo: EURUSD-OTC | Valor: $5.0 | Exp: 1min
2025-11-06 22:15:12,511 - WARNING -    ⚠️ Erro ao verificar disponibilidade: 'underlying'
2025-11-06 22:15:13,184 - INFO -    ✅ Binary Option executada | ID: 13276083014
2025-11-06 22:15:13,184 - INFO - ✅ Posição CALL aberta | ID: 13276083014
2025-11-06 22:16:09,318 - INFO - ✅ TRADE VENCEDOR | Lucro: $4.30
2025-11-06 22:16:09,318 - INFO - 📊 Win Rate: 65.0% (13/20)
2025-11-06 22:16:09,318 - INFO - 💰 Lucro Total: $20.65
2025-11-06 22:16:09,318 - INFO - 💰 Lucro Diário: $20.65
2025-11-06 22:20:11,030 - INFO - 📊 EST 3: Abrindo COMPRA | RSI: 20.71
2025-11-06 22:20:11,030 - INFO - 📈 Abrindo posição CALL
2025-11-06 22:20:11,030 - INFO -    Ativo: EURUSD-OTC | Valor: $5.0 | Exp: 1min
2025-11-06 22:20:12,279 - WARNING -    ⚠️ Erro ao verificar disponibilidade: 'underlying'
2025-11-06 22:20:12,882 - INFO -    ✅ Binary Option executada | ID: 13276099648
2025-11-06 22:20:12,883 - INFO - ✅ Posição CALL aberta | ID: 13276099648
2025-11-06 22:21:09,238 - INFO - ✅ TRADE VENCEDOR | Lucro: $4.30
2025-11-06 22:21:09,238 - INFO - 📊 Win Rate: 66.7% (14/21)
2025-11-06 22:21:09,238 - INFO - 💰 Lucro Total: $24.95
2025-11-06 22:21:09,238 - INFO - 💰 Lucro Diário: $24.95
2025-11-06 22:25:53,043 - INFO - 📊 EST 3: Abrindo COMPRA | RSI: 24.38
2025-11-06 22:25:53,043 - INFO - 📈 Abrindo posição CALL
2025-11-06 22:25:53,043 - INFO -    Ativo: EURUSD-OTC | Valor: $5.0 | Exp: 1min
2025-11-06 22:25:54,405 - WARNING -    ⚠️ Erro ao verificar disponibilidade: 'underlying'
2025-11-06 22:25:55,092 - INFO -    ✅ Binary Option executada | ID: 13276118602
2025-11-06 22:25:55,093 - INFO - ✅ Posição CALL aberta | ID: 13276118602
2025-11-06 22:27:09,503 - INFO - ❌ TRADE PERDEDOR | Prejuízo: $-5.00
2025-11-06 22:27:09,503 - INFO - 📊 Win Rate: 63.6% (14/22)
2025-11-06 22:27:09,503 - INFO - 💰 Lucro Total: $19.95
2025-11-06 22:27:09,503 - INFO - 💰 Lucro Diário: $19.95
2025-11-06 22:30:56,797 - INFO - 📊 EST 3: Abrindo COMPRA | RSI: 25.00
2025-11-06 22:30:56,797 - INFO - 📈 Abrindo posição CALL
2025-11-06 22:30:56,797 - INFO -    Ativo: EURUSD-OTC | Valor: $5.0 | Exp: 1min
2025-11-06 22:30:57,972 - WARNING -    ⚠️ Erro ao verificar disponibilidade: 'underlying'
2025-11-06 22:30:58,584 - INFO -    ✅ Binary Option executada | ID: 13276134563
2025-11-06 22:30:58,584 - INFO - ✅ Posição CALL aberta | ID: 13276134563
2025-11-06 22:32:09,516 - INFO - ✅ TRADE VENCEDOR | Lucro: $4.30
2025-11-06 22:32:09,516 - INFO - 📊 Win Rate: 65.2% (15/23)
2025-11-06 22:32:09,516 - INFO - 💰 Lucro Total: $24.25
2025-11-06 22:32:09,516 - INFO - 💰 Lucro Diário: $24.25
2025-11-06 22:38:49,313 - INFO - 📊 EST 3: Abrindo COMPRA | RSI: 24.83
2025-11-06 22:38:49,313 - INFO - 📈 Abrindo posição CALL
2025-11-06 22:38:49,313 - INFO -    Ativo: EURUSD-OTC | Valor: $5.0 | Exp: 1min
2025-11-06 22:38:50,297 - WARNING -    ⚠️ Erro ao verificar disponibilidade: 'underlying'
2025-11-06 22:38:50,960 - INFO -    ✅ Binary Option executada | ID: 13276160019
2025-11-06 22:38:50,960 - INFO - ✅ Posição CALL aberta | ID: 13276160019
2025-11-06 22:40:09,729 - INFO - ✅ TRADE VENCEDOR | Lucro: $4.30
2025-11-06 22:40:09,729 - INFO - 📊 Win Rate: 66.7% (16/24)
2025-11-06 22:40:09,729 - INFO - 💰 Lucro Total: $28.55
2025-11-06 22:40:09,729 - INFO - 💰 Lucro Diário: $28.55
2025-11-06 22:46:08,180 - INFO - 📊 EST 3: Abrindo COMPRA | RSI: 24.40
2025-11-06 22:46:08,180 - INFO - 📈 Abrindo posição CALL
2025-11-06 22:46:08,180 - INFO -    Ativo: EURUSD-OTC | Valor: $5.0 | Exp: 1min
2025-11-06 22:46:09,596 - WARNING -    ⚠️ Erro ao verificar disponibilidade: 'underlying'
2025-11-06 22:46:10,184 - INFO -    ✅ Binary Option executada | ID: 13276184377
2025-11-06 22:46:10,185 - INFO - ✅ Posição CALL aberta | ID: 13276184377
2025-11-06 22:47:09,681 - INFO - ✅ TRADE VENCEDOR | Lucro: $4.30
2025-11-06 22:47:09,681 - INFO - 📊 Win Rate: 68.0% (17/25)
2025-11-06 22:47:09,681 - INFO - 💰 Lucro Total: $32.85
2025-11-06 22:47:09,681 - INFO - 💰 Lucro Diário: $32.85
2025-11-06 22:54:57,754 - INFO - 📊 EST 3: Abrindo COMPRA | RSI: 24.91
2025-11-06 22:54:57,754 - INFO - 📈 Abrindo posição CALL
2025-11-06 22:54:57,754 - INFO -    Ativo: EURUSD-OTC | Valor: $5.0 | Exp: 1min
2025-11-06 22:54:58,867 - WARNING -    ⚠️ Erro ao verificar disponibilidade: 'underlying'
2025-11-06 22:54:59,561 - INFO -    ✅ Binary Option executada | ID: 13276214738
2025-11-06 22:54:59,561 - INFO - ✅ Posição CALL aberta | ID: 13276214738
2025-11-06 22:56:09,811 - INFO - ✅ TRADE VENCEDOR | Lucro: $4.30
2025-11-06 22:56:09,811 - INFO - 📊 Win Rate: 69.2% (18/26)
2025-11-06 22:56:09,811 - INFO - 💰 Lucro Total: $37.15
2025-11-06 22:56:09,811 - INFO - 💰 Lucro Diário: $37.15
2025-11-06 23:10:11,051 - INFO - 📊 EST 3: Abrindo VENDA | RSI: 75.45
2025-11-06 23:10:11,051 - INFO - 📈 Abrindo posição PUT
2025-11-06 23:10:11,051 - INFO -    Ativo: EURUSD-OTC | Valor: $5.0 | Exp: 1min
2025-11-06 23:10:12,941 - WARNING -    ⚠️ Erro ao verificar disponibilidade: 'underlying'
2025-11-06 23:10:13,539 - INFO -    ✅ Binary Option executada | ID: 13276266284
2025-11-06 23:10:13,539 - INFO - ✅ Posição PUT aberta | ID: 13276266284
2025-11-06 23:11:09,136 - INFO - ✅ TRADE VENCEDOR | Lucro: $4.30
2025-11-06 23:11:09,136 - INFO - 📊 Win Rate: 70.4% (19/27)
2025-11-06 23:11:09,136 - INFO - 💰 Lucro Total: $41.45
2025-11-06 23:11:09,136 - INFO - 💰 Lucro Diário: $41.45
2025-11-06 23:15:27,049 - INFO - 📊 EST 3: Abrindo VENDA | RSI: 75.36
2025-11-06 23:15:27,049 - INFO - 📈 Abrindo posição PUT
2025-11-06 23:15:27,049 - INFO -    Ativo: EURUSD-OTC | Valor: $5.0 | Exp: 1min
2025-11-06 23:15:28,123 - WARNING -    ⚠️ Erro ao verificar disponibilidade: 'underlying'
2025-11-06 23:15:28,761 - INFO -    ✅ Binary Option executada | ID: 13276283342
2025-11-06 23:15:28,761 - INFO - ✅ Posição PUT aberta | ID: 13276283342
2025-11-06 23:16:09,545 - INFO - ❌ TRADE PERDEDOR | Prejuízo: $-5.00
2025-11-06 23:16:09,545 - INFO - 📊 Win Rate: 67.9% (19/28)
2025-11-06 23:16:09,545 - INFO - 💰 Lucro Total: $36.45
2025-11-06 23:16:09,545 - INFO - 💰 Lucro Diário: $36.45
2025-11-06 23:25:11,329 - INFO - 📊 EST 3: Abrindo VENDA | RSI: 78.92
2025-11-06 23:25:11,329 - INFO - 📈 Abrindo posição PUT
2025-11-06 23:25:11,329 - INFO -    Ativo: EURUSD-OTC | Valor: $5.0 | Exp: 1min
2025-11-06 23:25:12,383 - WARNING -    ⚠️ Erro ao verificar disponibilidade: 'underlying'
2025-11-06 23:25:13,004 - INFO -    ✅ Binary Option executada | ID: 13276317399
2025-11-06 23:25:13,004 - INFO - ✅ Posição PUT aberta | ID: 13276317399
2025-11-06 23:26:09,230 - INFO - ❌ TRADE PERDEDOR | Prejuízo: $-5.00
2025-11-06 23:26:09,232 - INFO - 📊 Win Rate: 65.5% (19/29)
2025-11-06 23:26:09,232 - INFO - 💰 Lucro Total: $31.45
2025-11-06 23:26:09,232 - INFO - 💰 Lucro Diário: $31.45
2025-11-06 23:33:35,819 - INFO - 📊 EST 3: Abrindo VENDA | RSI: 76.65
2025-11-06 23:33:35,819 - INFO - 📈 Abrindo posição PUT
2025-11-06 23:33:35,819 - INFO -    Ativo: EURUSD-OTC | Valor: $5.0 | Exp: 1min
2025-11-06 23:33:37,075 - WARNING -    ⚠️ Erro ao verificar disponibilidade: 'underlying'
2025-11-06 23:33:37,682 - INFO -    ✅ Binary Option executada | ID: 13276348563
2025-11-06 23:33:37,683 - INFO - ✅ Posição PUT aberta | ID: 13276348563
2025-11-06 23:35:09,682 - INFO - ❌ TRADE PERDEDOR | Prejuízo: $-5.00
2025-11-06 23:35:09,682 - INFO - 📊 Win Rate: 63.3% (19/30)
2025-11-06 23:35:09,682 - INFO - 💰 Lucro Total: $26.45
2025-11-06 23:35:09,682 - INFO - 💰 Lucro Diário: $26.45
2025-11-06 23:43:48,978 - INFO - 📊 EST 3: Abrindo VENDA | RSI: 76.32
2025-11-06 23:43:48,978 - INFO - 📈 Abrindo posição PUT
2025-11-06 23:43:48,978 - INFO -    Ativo: EURUSD-OTC | Valor: $5.0 | Exp: 1min
2025-11-06 23:43:50,189 - WARNING -    ⚠️ Erro ao verificar disponibilidade: 'underlying'
2025-11-06 23:43:50,791 - INFO -    ✅ Binary Option executada | ID: 13276380768
2025-11-06 23:43:50,792 - INFO - ✅ Posição PUT aberta | ID: 13276380768
2025-11-06 23:45:09,952 - INFO - ✅ TRADE VENCEDOR | Lucro: $4.30
2025-11-06 23:45:09,952 - INFO - 📊 Win Rate: 64.5% (20/31)
2025-11-06 23:45:09,952 - INFO - 💰 Lucro Total: $30.75
2025-11-06 23:45:09,952 - INFO - 💰 Lucro Diário: $30.75
2025-11-07 00:05:11,267 - INFO - 📊 EST 3: Abrindo VENDA | RSI: 80.79
2025-11-07 00:05:11,267 - INFO - 📈 Abrindo posição PUT
2025-11-07 00:05:11,267 - INFO -    Ativo: EURUSD-OTC | Valor: $5.0 | Exp: 1min
2025-11-07 00:05:12,599 - WARNING -    ⚠️ Erro ao verificar disponibilidade: 'underlying'
2025-11-07 00:05:13,213 - INFO -    ✅ Binary Option executada | ID: 13276452394
2025-11-07 00:05:13,213 - INFO - ✅ Posição PUT aberta | ID: 13276452394
2025-11-07 00:06:09,588 - INFO - ❌ TRADE PERDEDOR | Prejuízo: $-5.00
2025-11-07 00:06:09,588 - INFO - 📊 Win Rate: 62.5% (20/32)
2025-11-07 00:06:09,588 - INFO - 💰 Lucro Total: $25.75
2025-11-07 00:06:09,588 - INFO - 💰 Lucro Diário: $25.75
2025-11-07 00:13:12,642 - INFO - 📊 EST 3: Abrindo VENDA | RSI: 75.09
2025-11-07 00:13:12,642 - INFO - 📈 Abrindo posição PUT
2025-11-07 00:13:12,642 - INFO -    Ativo: EURUSD-OTC | Valor: $5.0 | Exp: 1min
2025-11-07 00:13:13,905 - WARNING -    ⚠️ Erro ao verificar disponibilidade: 'underlying'
2025-11-07 00:13:14,494 - INFO -    ✅ Binary Option executada | ID: 13276481268
2025-11-07 00:13:14,494 - INFO - ✅ Posição PUT aberta | ID: 13276481268
2025-11-07 00:14:09,578 - INFO - ❌ TRADE PERDEDOR | Prejuízo: $-5.00
2025-11-07 00:14:09,578 - INFO - 📊 Win Rate: 60.6% (20/33)
2025-11-07 00:14:09,578 - INFO - 💰 Lucro Total: $20.75
2025-11-07 00:14:09,578 - INFO - 💰 Lucro Diário: $20.75
2025-11-07 00:15:59,167 - INFO - 📊 EST 3: Abrindo VENDA | RSI: 75.19
2025-11-07 00:15:59,167 - INFO - 📈 Abrindo posição PUT
2025-11-07 00:15:59,167 - INFO -    Ativo: EURUSD-OTC | Valor: $5.0 | Exp: 1min
2025-11-07 00:16:00,490 - WARNING -    ⚠️ Erro ao verificar disponibilidade: 'underlying'
2025-11-07 00:16:01,227 - INFO -    ✅ Binary Option executada | ID: 13276490210
2025-11-07 00:16:01,227 - INFO - ✅ Posição PUT aberta | ID: 13276490210
2025-11-07 00:17:09,347 - INFO - ✅ TRADE VENCEDOR | Lucro: $4.30
2025-11-07 00:17:09,347 - INFO - 📊 Win Rate: 61.8% (21/34)
2025-11-07 00:17:09,347 - INFO - 💰 Lucro Total: $25.05
2025-11-07 00:17:09,347 - INFO - 💰 Lucro Diário: $25.05
2025-11-07 00:21:10,183 - INFO - 📊 EST 3: Abrindo VENDA | RSI: 75.00
2025-11-07 00:21:10,183 - INFO - 📈 Abrindo posição PUT
2025-11-07 00:21:10,183 - INFO -    Ativo: EURUSD-OTC | Valor: $5.0 | Exp: 1min
2025-11-07 00:21:11,237 - WARNING -    ⚠️ Erro ao verificar disponibilidade: 'underlying'
2025-11-07 00:21:11,865 - INFO -    ✅ Binary Option executada | ID: 13276507100
2025-11-07 00:21:11,865 - INFO - ✅ Posição PUT aberta | ID: 13276507100
2025-11-07 00:22:09,438 - INFO - ❌ TRADE PERDEDOR | Prejuízo: $-5.00
2025-11-07 00:22:09,438 - INFO - 📊 Win Rate: 60.0% (21/35)
2025-11-07 00:22:09,438 - INFO - 💰 Lucro Total: $20.05
2025-11-07 00:22:09,438 - INFO - 💰 Lucro Diário: $20.05
2025-11-07 00:29:24,478 - INFO - 📊 EST 3: Abrindo VENDA | RSI: 77.18
2025-11-07 00:29:24,478 - INFO - 📈 Abrindo posição PUT
2025-11-07 00:29:24,478 - INFO -    Ativo: EURUSD-OTC | Valor: $5.0 | Exp: 1min
2025-11-07 00:29:25,640 - WARNING -    ⚠️ Erro ao verificar disponibilidade: 'underlying'
2025-11-07 00:29:26,275 - INFO -    ✅ Binary Option executada | ID: 13276532787
2025-11-07 00:29:26,275 - INFO - ✅ Posição PUT aberta | ID: 13276532787
2025-11-07 00:30:09,877 - INFO - ❌ TRADE PERDEDOR | Prejuízo: $-5.00
2025-11-07 00:30:09,877 - INFO - 📊 Win Rate: 58.3% (21/36)
2025-11-07 00:30:09,877 - INFO - 💰 Lucro Total: $15.05
2025-11-07 00:30:09,877 - INFO - 💰 Lucro Diário: $15.05
2025-11-07 00:36:48,018 - INFO - 📊 EST 3: Abrindo VENDA | RSI: 75.17
2025-11-07 00:36:48,018 - INFO - 📈 Abrindo posição PUT
2025-11-07 00:36:48,018 - INFO -    Ativo: EURUSD-OTC | Valor: $5.0 | Exp: 1min
2025-11-07 00:36:49,207 - WARNING -    ⚠️ Erro ao verificar disponibilidade: 'underlying'
2025-11-07 00:36:49,875 - INFO -    ✅ Binary Option executada | ID: 13276558831
2025-11-07 00:36:49,875 - INFO - ✅ Posição PUT aberta | ID: 13276558831
2025-11-07 00:38:09,486 - INFO - ❌ TRADE PERDEDOR | Prejuízo: $-5.00
2025-11-07 00:38:09,486 - INFO - 📊 Win Rate: 56.8% (21/37)
2025-11-07 00:38:09,486 - INFO - 💰 Lucro Total: $10.05
2025-11-07 00:38:09,486 - INFO - 💰 Lucro Diário: $10.05
2025-11-07 00:40:26,835 - INFO - 📊 EST 3: Abrindo VENDA | RSI: 75.37
2025-11-07 00:40:26,835 - INFO - 📈 Abrindo posição PUT
2025-11-07 00:40:26,835 - INFO -    Ativo: EURUSD-OTC | Valor: $5.0 | Exp: 1min
2025-11-07 00:40:27,967 - WARNING -    ⚠️ Erro ao verificar disponibilidade: 'underlying'
2025-11-07 00:40:28,633 - INFO -    ✅ Binary Option executada | ID: 13276571312
2025-11-07 00:40:28,634 - INFO - ✅ Posição PUT aberta | ID: 13276571312
2025-11-07 00:41:09,724 - INFO - ✅ TRADE VENCEDOR | Lucro: $4.30
2025-11-07 00:41:09,724 - INFO - 📊 Win Rate: 57.9% (22/38)
2025-11-07 00:41:09,724 - INFO - 💰 Lucro Total: $14.35
2025-11-07 00:41:09,724 - INFO - 💰 Lucro Diário: $14.35
2025-11-07 01:05:51,084 - INFO - 📊 EST 3: Abrindo COMPRA | RSI: 24.88
2025-11-07 01:05:51,084 - INFO - 📈 Abrindo posição CALL
2025-11-07 01:05:51,084 - INFO -    Ativo: EURUSD-OTC | Valor: $5.0 | Exp: 1min
2025-11-07 01:05:52,262 - WARNING -    ⚠️ Erro ao verificar disponibilidade: 'underlying'
2025-11-07 01:05:52,900 - INFO -    ✅ Binary Option executada | ID: 13276642788
2025-11-07 01:05:52,900 - INFO - ✅ Posição CALL aberta | ID: 13276642788
2025-11-07 01:07:09,442 - INFO - ✅ TRADE VENCEDOR | Lucro: $4.30
2025-11-07 01:07:09,442 - INFO - 📊 Win Rate: 59.0% (23/39)
2025-11-07 01:07:09,442 - INFO - 💰 Lucro Total: $18.65
2025-11-07 01:07:09,442 - INFO - 💰 Lucro Diário: $18.65
2025-11-07 01:15:14,600 - INFO - 📊 EST 3: Abrindo COMPRA | RSI: 24.62
2025-11-07 01:15:14,600 - INFO - 📈 Abrindo posição CALL
2025-11-07 01:15:14,600 - INFO -    Ativo: EURUSD-OTC | Valor: $5.0 | Exp: 1min
2025-11-07 01:15:15,723 - WARNING -    ⚠️ Erro ao verificar disponibilidade: 'underlying'
2025-11-07 01:15:16,298 - INFO -    ✅ Binary Option executada | ID: 13276667422
2025-11-07 01:15:16,299 - INFO - ✅ Posição CALL aberta | ID: 13276667422
2025-11-07 01:21:09,470 - WARNING - ⚠️ Timeout ao verificar resultado
2025-11-07 01:23:11,444 - INFO - 📊 EST 3: Abrindo COMPRA | RSI: 24.39
2025-11-07 01:23:11,444 - INFO - 📈 Abrindo posição CALL
2025-11-07 01:23:11,444 - INFO -    Ativo: EURUSD-OTC | Valor: $5.0 | Exp: 1min
2025-11-07 01:23:12,577 - WARNING -    ⚠️ Erro ao verificar disponibilidade: 'underlying'
2025-11-07 01:23:13,204 - INFO -    ✅ Binary Option executada | ID: 13276688094
2025-11-07 01:23:13,205 - INFO - ✅ Posição CALL aberta | ID: 13276688094
2025-11-07 01:24:09,549 - INFO - ✅ TRADE VENCEDOR | Lucro: $4.30
2025-11-07 01:24:09,549 - INFO - 📊 Win Rate: 60.0% (24/40)
2025-11-07 01:24:09,549 - INFO - 💰 Lucro Total: $22.95
2025-11-07 01:24:09,549 - INFO - 💰 Lucro Diário: $22.95
2025-11-07 01:39:10,219 - INFO - 📊 EST 3: Abrindo VENDA | RSI: 76.29
2025-11-07 01:39:10,219 - INFO - 📈 Abrindo posição PUT
2025-11-07 01:39:10,219 - INFO -    Ativo: EURUSD-OTC | Valor: $5.0 | Exp: 1min
2025-11-07 01:39:11,388 - WARNING -    ⚠️ Erro ao verificar disponibilidade: 'underlying'
2025-11-07 01:39:12,041 - INFO -    ✅ Binary Option executada | ID: 13276724555
2025-11-07 01:39:12,042 - INFO - ✅ Posição PUT aberta | ID: 13276724555
2025-11-07 01:40:09,391 - INFO - ✅ TRADE VENCEDOR | Lucro: $4.30
2025-11-07 01:40:09,392 - INFO - 📊 Win Rate: 61.0% (25/41)
2025-11-07 01:40:09,392 - INFO - 💰 Lucro Total: $27.25
2025-11-07 01:40:09,392 - INFO - 💰 Lucro Diário: $27.25
2025-11-07 01:42:42,979 - INFO - 📊 EST 3: Abrindo VENDA | RSI: 76.13
2025-11-07 01:42:42,979 - INFO - 📈 Abrindo posição PUT
2025-11-07 01:42:42,979 - INFO -    Ativo: EURUSD-OTC | Valor: $5.0 | Exp: 1min
2025-11-07 01:42:44,106 - WARNING -    ⚠️ Erro ao verificar disponibilidade: 'underlying'
2025-11-07 01:42:44,807 - INFO -    ✅ Binary Option executada | ID: 13276732557
2025-11-07 01:42:44,807 - INFO - ✅ Posição PUT aberta | ID: 13276732557
2025-11-07 01:44:09,605 - INFO - ❌ TRADE PERDEDOR | Prejuízo: $-5.00
2025-11-07 01:44:09,605 - INFO - 📊 Win Rate: 59.5% (25/42)
2025-11-07 01:44:09,605 - INFO - 💰 Lucro Total: $22.25
2025-11-07 01:44:09,605 - INFO - 💰 Lucro Diário: $22.25
2025-11-07 01:45:32,248 - INFO - 📊 EST 3: Abrindo VENDA | RSI: 75.85
2025-11-07 01:45:32,248 - INFO - 📈 Abrindo posição PUT
2025-11-07 01:45:32,248 - INFO -    Ativo: EURUSD-OTC | Valor: $5.0 | Exp: 1min
2025-11-07 01:45:33,477 - WARNING -    ⚠️ Erro ao verificar disponibilidade: 'underlying'
2025-11-07 01:45:34,150 - INFO -    ✅ Binary Option executada | ID: 13276738952
2025-11-07 01:45:34,150 - INFO - ✅ Posição PUT aberta | ID: 13276738952
2025-11-07 01:47:09,680 - INFO - ❌ TRADE PERDEDOR | Prejuízo: $-5.00
2025-11-07 01:47:09,680 - INFO - 📊 Win Rate: 58.1% (25/43)
2025-11-07 01:47:09,680 - INFO - 💰 Lucro Total: $17.25
2025-11-07 01:47:09,680 - INFO - 💰 Lucro Diário: $17.25
2025-11-07 02:33:20,021 - INFO - 📊 EST 3: Abrindo COMPRA | RSI: 24.73
2025-11-07 02:33:20,021 - INFO - 📈 Abrindo posição CALL
2025-11-07 02:33:20,021 - INFO -    Ativo: EURUSD-OTC | Valor: $5.0 | Exp: 1min
2025-11-07 02:33:21,123 - WARNING -    ⚠️ Erro ao verificar disponibilidade: 'underlying'
2025-11-07 02:33:21,721 - INFO -    ✅ Binary Option executada | ID: 13276851194
2025-11-07 02:33:21,722 - INFO - ✅ Posição CALL aberta | ID: 13276851194
2025-11-07 02:34:09,494 - INFO - ❌ TRADE PERDEDOR | Prejuízo: $-5.00
2025-11-07 02:34:09,494 - INFO - 📊 Win Rate: 56.8% (25/44)
2025-11-07 02:34:09,494 - INFO - 💰 Lucro Total: $12.25
2025-11-07 02:34:09,494 - INFO - 💰 Lucro Diário: $12.25
2025-11-07 02:35:11,515 - INFO - 📊 EST 3: Abrindo COMPRA | RSI: 23.72
2025-11-07 02:35:11,515 - INFO - 📈 Abrindo posição CALL
2025-11-07 02:35:11,515 - INFO -    Ativo: EURUSD-OTC | Valor: $5.0 | Exp: 1min
2025-11-07 02:35:12,773 - WARNING -    ⚠️ Erro ao verificar disponibilidade: 'underlying'
2025-11-07 02:35:13,421 - INFO -    ✅ Binary Option executada | ID: 13276855065
2025-11-07 02:35:13,421 - INFO - ✅ Posição CALL aberta | ID: 13276855065
2025-11-07 02:36:09,591 - INFO - ❌ TRADE PERDEDOR | Prejuízo: $-5.00
2025-11-07 02:36:09,592 - INFO - 📊 Win Rate: 55.6% (25/45)
2025-11-07 02:36:09,592 - INFO - 💰 Lucro Total: $7.25
2025-11-07 02:36:09,592 - INFO - 💰 Lucro Diário: $7.25
2025-11-07 02:45:11,782 - INFO - 📊 EST 3: Abrindo COMPRA | RSI: 24.88
2025-11-07 02:45:11,782 - INFO - 📈 Abrindo posição CALL
2025-11-07 02:45:11,782 - INFO -    Ativo: EURUSD-OTC | Valor: $5.0 | Exp: 1min
2025-11-07 02:45:12,957 - WARNING -    ⚠️ Erro ao verificar disponibilidade: 'underlying'
2025-11-07 02:45:13,590 - INFO -    ✅ Binary Option executada | ID: 13276875520
2025-11-07 02:45:13,590 - INFO - ✅ Posição CALL aberta | ID: 13276875520
2025-11-07 02:46:09,394 - INFO - ✅ TRADE VENCEDOR | Lucro: $4.30
2025-11-07 02:46:09,396 - INFO - 📊 Win Rate: 56.5% (26/46)
2025-11-07 02:46:09,396 - INFO - 💰 Lucro Total: $11.55
2025-11-07 02:46:09,396 - INFO - 💰 Lucro Diário: $11.55
2025-11-07 02:50:11,336 - INFO - 📊 EST 3: Abrindo COMPRA | RSI: 25.00
2025-11-07 02:50:11,336 - INFO - 📈 Abrindo posição CALL
2025-11-07 02:50:11,336 - INFO -    Ativo: EURUSD-OTC | Valor: $5.0 | Exp: 1min
2025-11-07 02:50:12,512 - WARNING -    ⚠️ Erro ao verificar disponibilidade: 'underlying'
2025-11-07 02:50:13,105 - INFO -    ✅ Binary Option executada | ID: 13276886044
2025-11-07 02:50:13,105 - INFO - ✅ Posição CALL aberta | ID: 13276886044
2025-11-07 02:51:09,343 - INFO - ❌ TRADE PERDEDOR | Prejuízo: $-5.00
2025-11-07 02:51:09,343 - INFO - 📊 Win Rate: 55.3% (26/47)
2025-11-07 02:51:09,343 - INFO - 💰 Lucro Total: $6.55
2025-11-07 02:51:09,343 - INFO - 💰 Lucro Diário: $6.55
2025-11-07 02:58:25,468 - INFO - 📊 EST 3: Abrindo COMPRA | RSI: 24.91
2025-11-07 02:58:25,468 - INFO - 📈 Abrindo posição CALL
2025-11-07 02:58:25,468 - INFO -    Ativo: EURUSD-OTC | Valor: $5.0 | Exp: 1min
2025-11-07 02:58:28,397 - WARNING -    ⚠️ Erro ao verificar disponibilidade: 'underlying'
2025-11-07 02:58:28,992 - INFO -    ✅ Binary Option executada | ID: 13276903706
2025-11-07 02:58:28,993 - INFO - ✅ Posição CALL aberta | ID: 13276903706
2025-11-07 02:59:09,518 - INFO - ✅ TRADE VENCEDOR | Lucro: $4.30
2025-11-07 02:59:09,518 - INFO - 📊 Win Rate: 56.2% (27/48)
2025-11-07 02:59:09,518 - INFO - 💰 Lucro Total: $10.85
2025-11-07 02:59:09,518 - INFO - 💰 Lucro Diário: $10.85
2025-11-07 03:00:29,207 - INFO - 📊 EST 3: Abrindo COMPRA | RSI: 24.76
2025-11-07 03:00:29,207 - INFO - 📈 Abrindo posição CALL
2025-11-07 03:00:29,207 - INFO -    Ativo: EURUSD-OTC | Valor: $5.0 | Exp: 1min
2025-11-07 03:00:30,379 - WARNING -    ⚠️ Erro ao verificar disponibilidade: 'underlying'
2025-11-07 03:00:31,049 - INFO -    ✅ Binary Option executada | ID: 13276907733
2025-11-07 03:00:31,050 - INFO - ✅ Posição CALL aberta | ID: 13276907733
2025-11-07 03:01:09,421 - INFO - ❌ TRADE PERDEDOR | Prejuízo: $-5.00
2025-11-07 03:01:09,421 - INFO - 📊 Win Rate: 55.1% (27/49)
2025-11-07 03:01:09,421 - INFO - 💰 Lucro Total: $5.85
2025-11-07 03:01:09,421 - INFO - 💰 Lucro Diário: $5.85
2025-11-07 03:17:15,844 - INFO - 📊 EST 3: Abrindo COMPRA | RSI: 24.37
2025-11-07 03:17:15,844 - INFO - 📈 Abrindo posição CALL
2025-11-07 03:17:15,844 - INFO -    Ativo: EURUSD-OTC | Valor: $5.0 | Exp: 1min
2025-11-07 03:17:17,119 - WARNING -    ⚠️ Erro ao verificar disponibilidade: 'underlying'
2025-11-07 03:17:17,751 - INFO -    ✅ Binary Option executada | ID: 13276938933
2025-11-07 03:17:17,752 - INFO - ✅ Posição CALL aberta | ID: 13276938933
2025-11-07 03:18:09,433 - INFO - ✅ TRADE VENCEDOR | Lucro: $4.35
2025-11-07 03:18:09,433 - INFO - 📊 Win Rate: 56.0% (28/50)
2025-11-07 03:18:09,433 - INFO - 💰 Lucro Total: $10.20
2025-11-07 03:18:09,433 - INFO - 💰 Lucro Diário: $10.20
2025-11-07 03:50:12,007 - INFO - 📊 EST 3: Abrindo VENDA | RSI: 81.93
2025-11-07 03:50:12,009 - INFO - 📈 Abrindo posição PUT
2025-11-07 03:50:12,009 - INFO -    Ativo: EURUSD-OTC | Valor: $5.0 | Exp: 1min
2025-11-07 03:50:13,322 - WARNING -    ⚠️ Erro ao verificar disponibilidade: 'underlying'
2025-11-07 03:50:13,945 - INFO -    ✅ Binary Option executada | ID: 13276997969
2025-11-07 03:50:13,946 - INFO - ✅ Posição PUT aberta | ID: 13276997969
2025-11-07 03:51:09,874 - INFO - ✅ TRADE VENCEDOR | Lucro: $4.35
2025-11-07 03:51:09,874 - INFO - 📊 Win Rate: 56.9% (29/51)
2025-11-07 03:51:09,874 - INFO - 💰 Lucro Total: $14.55
2025-11-07 03:51:09,874 - INFO - 💰 Lucro Diário: $14.55
2025-11-07 04:01:55,126 - INFO - 📊 EST 3: Abrindo VENDA | RSI: 75.30
2025-11-07 04:01:55,126 - INFO - 📈 Abrindo posição PUT
2025-11-07 04:01:55,126 - INFO -    Ativo: EURUSD-OTC | Valor: $5.0 | Exp: 1min
2025-11-07 04:01:56,193 - WARNING -    ⚠️ Erro ao verificar disponibilidade: 'underlying'
2025-11-07 04:01:56,961 - INFO -    ✅ Binary Option executada | ID: 13277019351
2025-11-07 04:01:56,961 - INFO - ✅ Posição PUT aberta | ID: 13277019351
2025-11-07 04:03:09,682 - INFO - ✅ TRADE VENCEDOR | Lucro: $4.35
2025-11-07 04:03:09,682 - INFO - 📊 Win Rate: 57.7% (30/52)
2025-11-07 04:03:09,682 - INFO - 💰 Lucro Total: $18.90
2025-11-07 04:03:09,682 - INFO - 💰 Lucro Diário: $18.90
2025-11-07 04:50:51,092 - INFO - 📊 EST 3: Abrindo VENDA | RSI: 75.32
2025-11-07 04:50:51,092 - INFO - 📈 Abrindo posição PUT
2025-11-07 04:50:51,092 - INFO -    Ativo: EURUSD-OTC | Valor: $5.0 | Exp: 1min
2025-11-07 04:50:52,316 - WARNING -    ⚠️ Erro ao verificar disponibilidade: 'underlying'
2025-11-07 04:50:52,916 - INFO -    ✅ Binary Option executada | ID: 13277105824
2025-11-07 04:50:52,917 - INFO - ✅ Posição PUT aberta | ID: 13277105824
2025-11-07 04:52:09,557 - INFO - ✅ TRADE VENCEDOR | Lucro: $4.35
2025-11-07 04:52:09,557 - INFO - 📊 Win Rate: 58.5% (31/53)
2025-11-07 04:52:09,557 - INFO - 💰 Lucro Total: $23.25
2025-11-07 04:52:09,557 - INFO - 💰 Lucro Diário: $23.25
2025-11-07 06:05:12,235 - INFO - 📊 EST 3: Abrindo VENDA | RSI: 77.69
2025-11-07 06:05:12,235 - INFO - 📈 Abrindo posição PUT
2025-11-07 06:05:12,235 - INFO -    Ativo: EURUSD-OTC | Valor: $5.0 | Exp: 1min
2025-11-07 06:05:13,453 - WARNING -    ⚠️ Erro ao verificar disponibilidade: 'underlying'
2025-11-07 06:05:14,041 - INFO -    ✅ Binary Option executada | ID: 13277230807
2025-11-07 06:05:14,042 - INFO - ✅ Posição PUT aberta | ID: 13277230807
2025-11-07 06:06:09,483 - INFO - ❌ TRADE PERDEDOR | Prejuízo: $-5.00
2025-11-07 06:06:09,484 - INFO - 📊 Win Rate: 57.4% (31/54)
2025-11-07 06:06:09,484 - INFO - 💰 Lucro Total: $18.25
2025-11-07 06:06:09,484 - INFO - 💰 Lucro Diário: $18.25
2025-11-07 06:14:28,676 - INFO - 📊 EST 3: Abrindo VENDA | RSI: 75.09
2025-11-07 06:14:28,676 - INFO - 📈 Abrindo posição PUT
2025-11-07 06:14:28,676 - INFO -    Ativo: EURUSD-OTC | Valor: $5.0 | Exp: 1min
2025-11-07 06:14:30,145 - WARNING -    ⚠️ Erro ao verificar disponibilidade: 'underlying'
2025-11-07 06:14:30,782 - INFO -    ✅ Binary Option executada | ID: 13277248073
2025-11-07 06:14:30,782 - INFO - ✅ Posição PUT aberta | ID: 13277248073
2025-11-07 06:15:10,001 - INFO - ✅ TRADE VENCEDOR | Lucro: $4.35
2025-11-07 06:15:10,001 - INFO - 📊 Win Rate: 58.2% (32/55)
2025-11-07 06:15:10,003 - INFO - 💰 Lucro Total: $22.60
2025-11-07 06:15:10,003 - INFO - 💰 Lucro Diário: $22.60
2025-11-07 06:26:09,858 - INFO - 📊 EST 3: Abrindo VENDA | RSI: 75.71
2025-11-07 06:26:09,858 - INFO - 📈 Abrindo posição PUT
2025-11-07 06:26:09,858 - INFO -    Ativo: EURUSD-OTC | Valor: $5.0 | Exp: 1min
2025-11-07 06:26:11,068 - WARNING -    ⚠️ Erro ao verificar disponibilidade: 'underlying'
2025-11-07 06:26:11,662 - INFO -    ✅ Binary Option executada | ID: 13277270668
2025-11-07 06:26:11,662 - INFO - ✅ Posição PUT aberta | ID: 13277270668
2025-11-07 06:27:09,533 - INFO - ✅ TRADE VENCEDOR | Lucro: $4.35
2025-11-07 06:27:09,533 - INFO - 📊 Win Rate: 58.9% (33/56)
2025-11-07 06:27:09,533 - INFO - 💰 Lucro Total: $26.95
2025-11-07 06:27:09,533 - INFO - 💰 Lucro Diário: $26.95
2025-11-07 06:33:46,590 - INFO - 📊 EST 3: Abrindo VENDA | RSI: 75.12
2025-11-07 06:33:46,590 - INFO - 📈 Abrindo posição PUT
2025-11-07 06:33:46,590 - INFO -    Ativo: EURUSD-OTC | Valor: $5.0 | Exp: 1min
2025-11-07 06:33:47,851 - WARNING -    ⚠️ Erro ao verificar disponibilidade: 'underlying'
2025-11-07 06:33:48,508 - INFO -    ✅ Binary Option executada | ID: 13277284837
2025-11-07 06:33:48,513 - INFO - ✅ Posição PUT aberta | ID: 13277284837
2025-11-07 06:35:10,073 - INFO - ✅ TRADE VENCEDOR | Lucro: $4.40
2025-11-07 06:35:10,073 - INFO - 📊 Win Rate: 59.6% (34/57)
2025-11-07 06:35:10,073 - INFO - 💰 Lucro Total: $31.35
2025-11-07 06:35:10,073 - INFO - 💰 Lucro Diário: $31.35
2025-11-07 06:35:16,521 - INFO - 📊 EST 3: Abrindo VENDA | RSI: 75.84
2025-11-07 06:35:16,521 - INFO - 📈 Abrindo posição PUT
2025-11-07 06:35:16,521 - INFO -    Ativo: EURUSD-OTC | Valor: $5.0 | Exp: 1min
2025-11-07 06:35:17,808 - WARNING -    ⚠️ Erro ao verificar disponibilidade: 'underlying'
2025-11-07 06:35:18,400 - INFO -    ✅ Binary Option executada | ID: 13277287889
2025-11-07 06:35:18,401 - INFO - ✅ Posição PUT aberta | ID: 13277287889
2025-11-07 06:36:09,735 - INFO - ❌ TRADE PERDEDOR | Prejuízo: $-5.00
2025-11-07 06:36:09,735 - INFO - 📊 Win Rate: 58.6% (34/58)
2025-11-07 06:36:09,735 - INFO - 💰 Lucro Total: $26.35
2025-11-07 06:36:09,735 - INFO - 💰 Lucro Diário: $26.35
2025-11-07 06:43:14,190 - INFO - 📊 EST 3: Abrindo VENDA | RSI: 76.43
2025-11-07 06:43:14,190 - INFO - 📈 Abrindo posição PUT
2025-11-07 06:43:14,190 - INFO -    Ativo: EURUSD-OTC | Valor: $5.0 | Exp: 1min
2025-11-07 06:43:15,620 - WARNING -    ⚠️ Erro ao verificar disponibilidade: 'underlying'
2025-11-07 06:43:16,320 - INFO -    ✅ Binary Option executada | ID: 13277303859
2025-11-07 06:43:16,320 - INFO - ✅ Posição PUT aberta | ID: 13277303859
2025-11-07 06:44:09,617 - INFO - ✅ TRADE VENCEDOR | Lucro: $4.40
2025-11-07 06:44:09,617 - INFO - 📊 Win Rate: 59.3% (35/59)
2025-11-07 06:44:09,617 - INFO - 💰 Lucro Total: $30.75
2025-11-07 06:44:09,617 - INFO - 💰 Lucro Diário: $30.75
2025-11-07 06:55:23,179 - INFO - 📊 EST 3: Abrindo VENDA | RSI: 75.27
2025-11-07 06:55:23,179 - INFO - 📈 Abrindo posição PUT
2025-11-07 06:55:23,179 - INFO -    Ativo: EURUSD-OTC | Valor: $5.0 | Exp: 1min
2025-11-07 06:55:24,400 - WARNING -    ⚠️ Erro ao verificar disponibilidade: 'underlying'
2025-11-07 06:55:25,036 - INFO -    ✅ Binary Option executada | ID: 13277330520
2025-11-07 06:55:25,037 - INFO - ✅ Posição PUT aberta | ID: 13277330520
2025-11-07 06:56:09,690 - INFO - ❌ TRADE PERDEDOR | Prejuízo: $-5.00
2025-11-07 06:56:09,691 - INFO - 📊 Win Rate: 58.3% (35/60)
2025-11-07 06:56:09,691 - INFO - 💰 Lucro Total: $25.75
2025-11-07 06:56:09,691 - INFO - 💰 Lucro Diário: $25.75
2025-11-07 07:04:12,997 - INFO - 📊 EST 3: Abrindo VENDA | RSI: 75.09
2025-11-07 07:04:12,997 - INFO - 📈 Abrindo posição PUT
2025-11-07 07:04:12,997 - INFO -    Ativo: EURUSD-OTC | Valor: $5.0 | Exp: 1min
2025-11-07 07:04:14,237 - WARNING -    ⚠️ Erro ao verificar disponibilidade: 'underlying'
2025-11-07 07:04:14,867 - INFO -    ✅ Binary Option executada | ID: 13277348442
2025-11-07 07:04:14,868 - INFO - ✅ Posição PUT aberta | ID: 13277348442
2025-11-07 07:05:09,595 - INFO - ❌ TRADE PERDEDOR | Prejuízo: $-5.00
2025-11-07 07:05:09,595 - INFO - 📊 Win Rate: 57.4% (35/61)
2025-11-07 07:05:09,595 - INFO - 💰 Lucro Total: $20.75
2025-11-07 07:05:09,595 - INFO - 💰 Lucro Diário: $20.75
2025-11-07 07:09:38,711 - INFO - 📊 EST 3: Abrindo VENDA | RSI: 75.00
2025-11-07 07:09:38,711 - INFO - 📈 Abrindo posição PUT
2025-11-07 07:09:38,711 - INFO -    Ativo: EURUSD-OTC | Valor: $5.0 | Exp: 1min
2025-11-07 07:09:40,064 - WARNING -    ⚠️ Erro ao verificar disponibilidade: 'underlying'
2025-11-07 07:09:40,740 - INFO -    ✅ Binary Option executada | ID: 13277359232
2025-11-07 07:09:40,740 - INFO - ✅ Posição PUT aberta | ID: 13277359232
2025-11-07 07:11:09,746 - INFO - ❌ TRADE PERDEDOR | Prejuízo: $-5.00
2025-11-07 07:11:09,746 - INFO - 📊 Win Rate: 56.5% (35/62)
2025-11-07 07:11:09,746 - INFO - 💰 Lucro Total: $15.75
2025-11-07 07:11:09,746 - INFO - 💰 Lucro Diário: $15.75
2025-11-07 07:11:36,368 - INFO - 📊 EST 3: Abrindo VENDA | RSI: 75.09
2025-11-07 07:11:36,368 - INFO - 📈 Abrindo posição PUT
2025-11-07 07:11:36,368 - INFO -    Ativo: EURUSD-OTC | Valor: $5.0 | Exp: 1min
2025-11-07 07:11:37,476 - WARNING -    ⚠️ Erro ao verificar disponibilidade: 'underlying'
2025-11-07 07:11:38,140 - INFO -    ✅ Binary Option executada | ID: 13277363081
2025-11-07 07:11:38,140 - INFO - ✅ Posição PUT aberta | ID: 13277363081
2025-11-07 07:13:09,857 - INFO - ❌ TRADE PERDEDOR | Prejuízo: $-5.00
2025-11-07 07:13:09,857 - INFO - 📊 Win Rate: 55.6% (35/63)
2025-11-07 07:13:09,857 - INFO - 💰 Lucro Total: $10.75
2025-11-07 07:13:09,857 - INFO - 💰 Lucro Diário: $10.75
2025-11-07 07:26:30,308 - INFO - 📊 EST 3: Abrindo VENDA | RSI: 75.93
2025-11-07 07:26:30,308 - INFO - 📈 Abrindo posição PUT
2025-11-07 07:26:30,308 - INFO -    Ativo: EURUSD-OTC | Valor: $5.0 | Exp: 1min
2025-11-07 07:26:31,730 - WARNING -    ⚠️ Erro ao verificar disponibilidade: 'underlying'
2025-11-07 07:26:32,364 - INFO -    ✅ Binary Option executada | ID: 13277397149
2025-11-07 07:26:32,364 - INFO - ✅ Posição PUT aberta | ID: 13277397149
2025-11-07 07:28:09,860 - INFO - ✅ TRADE VENCEDOR | Lucro: $4.40
2025-11-07 07:28:09,860 - INFO - 📊 Win Rate: 56.2% (36/64)
2025-11-07 07:28:09,860 - INFO - 💰 Lucro Total: $15.15
2025-11-07 07:28:09,860 - INFO - 💰 Lucro Diário: $15.15
2025-11-07 07:35:45,740 - INFO - 📊 EST 3: Abrindo VENDA | RSI: 75.37
2025-11-07 07:35:45,740 - INFO - 📈 Abrindo posição PUT
2025-11-07 07:35:45,740 - INFO -    Ativo: EURUSD-OTC | Valor: $5.0 | Exp: 1min
2025-11-07 07:35:47,090 - WARNING -    ⚠️ Erro ao verificar disponibilidade: 'underlying'
2025-11-07 07:35:47,739 - INFO -    ✅ Binary Option executada | ID: 13277417613
2025-11-07 07:35:47,739 - INFO - ✅ Posição PUT aberta | ID: 13277417613
2025-11-07 07:37:09,910 - INFO - ❌ TRADE PERDEDOR | Prejuízo: $-5.00
2025-11-07 07:37:09,910 - INFO - 📊 Win Rate: 55.4% (36/65)
2025-11-07 07:37:09,910 - INFO - 💰 Lucro Total: $10.15
2025-11-07 07:37:09,910 - INFO - 💰 Lucro Diário: $10.15
2025-11-07 07:43:33,993 - INFO - 📊 EST 3: Abrindo VENDA | RSI: 75.83
2025-11-07 07:43:33,993 - INFO - 📈 Abrindo posição PUT
2025-11-07 07:43:33,993 - INFO -    Ativo: EURUSD-OTC | Valor: $5.0 | Exp: 1min
2025-11-07 07:43:35,140 - WARNING -    ⚠️ Erro ao verificar disponibilidade: 'underlying'
2025-11-07 07:43:35,789 - INFO -    ✅ Binary Option executada | ID: 13277435031
2025-11-07 07:43:35,789 - INFO - ✅ Posição PUT aberta | ID: 13277435031
2025-11-07 07:45:10,224 - INFO - ✅ TRADE VENCEDOR | Lucro: $4.40
2025-11-07 07:45:10,224 - INFO - 📊 Win Rate: 56.1% (37/66)
2025-11-07 07:45:10,224 - INFO - 💰 Lucro Total: $14.55
2025-11-07 07:45:10,224 - INFO - 💰 Lucro Diário: $14.55
2025-11-07 07:48:35,071 - INFO - 📊 EST 3: Abrindo VENDA | RSI: 75.00
2025-11-07 07:48:35,071 - INFO - 📈 Abrindo posição PUT
2025-11-07 07:48:35,071 - INFO -    Ativo: EURUSD-OTC | Valor: $5.0 | Exp: 1min
2025-11-07 07:48:36,376 - WARNING -    ⚠️ Erro ao verificar disponibilidade: 'underlying'
2025-11-07 07:48:37,149 - INFO -    ✅ Binary Option executada | ID: 13277446747
2025-11-07 07:48:37,150 - INFO - ✅ Posição PUT aberta | ID: 13277446747
2025-11-07 07:50:10,165 - INFO - ✅ TRADE VENCEDOR | Lucro: $4.40
2025-11-07 07:50:10,165 - INFO - 📊 Win Rate: 56.7% (38/67)
2025-11-07 07:50:10,165 - INFO - 💰 Lucro Total: $18.95
2025-11-07 07:50:10,165 - INFO - 💰 Lucro Diário: $18.95
2025-11-07 07:53:29,688 - INFO - 📊 EST 3: Abrindo VENDA | RSI: 75.00
2025-11-07 07:53:29,688 - INFO - 📈 Abrindo posição PUT
2025-11-07 07:53:29,688 - INFO -    Ativo: EURUSD-OTC | Valor: $5.0 | Exp: 1min
2025-11-07 07:53:30,831 - WARNING -    ⚠️ Erro ao verificar disponibilidade: 'underlying'
2025-11-07 07:53:31,551 - INFO -    ✅ Binary Option executada | ID: 13277457662
2025-11-07 07:53:31,551 - INFO - ✅ Posição PUT aberta | ID: 13277457662
2025-11-07 07:54:09,949 - INFO - ✅ TRADE VENCEDOR | Lucro: $4.40
2025-11-07 07:54:09,949 - INFO - 📊 Win Rate: 57.4% (39/68)
2025-11-07 07:54:09,949 - INFO - 💰 Lucro Total: $23.35
2025-11-07 07:54:09,949 - INFO - 💰 Lucro Diário: $23.35
2025-11-07 09:48:41,062 - INFO - 📊 EST 3: Abrindo COMPRA | RSI: 25.00
2025-11-07 09:48:41,062 - INFO - 📈 Abrindo posição CALL
2025-11-07 09:48:41,062 - INFO -    Ativo: EURUSD-OTC | Valor: $5.0 | Exp: 1min
2025-11-07 09:48:42,846 - WARNING -    ⚠️ Erro ao verificar disponibilidade: 'underlying'
2025-11-07 09:48:43,459 - INFO -    ✅ Binary Option executada | ID: 13277764203
2025-11-07 09:48:43,459 - INFO - ✅ Posição CALL aberta | ID: 13277764203
2025-11-07 09:50:10,831 - INFO - ❌ TRADE PERDEDOR | Prejuízo: $-5.00
2025-11-07 09:50:10,831 - INFO - 📊 Win Rate: 56.5% (39/69)
2025-11-07 09:50:10,831 - INFO - 💰 Lucro Total: $18.35
2025-11-07 09:50:10,831 - INFO - 💰 Lucro Diário: $18.35
2025-11-07 09:51:56,392 - INFO - 📊 EST 3: Abrindo COMPRA | RSI: 25.00
2025-11-07 09:51:56,392 - INFO - 📈 Abrindo posição CALL
2025-11-07 09:51:56,392 - INFO -    Ativo: EURUSD-OTC | Valor: $5.0 | Exp: 1min
2025-11-07 09:51:57,763 - WARNING -    ⚠️ Erro ao verificar disponibilidade: 'underlying'
2025-11-07 09:51:58,449 - INFO -    ✅ Binary Option executada | ID: 13277775533
2025-11-07 09:51:58,450 - INFO - ✅ Posição CALL aberta | ID: 13277775533
2025-11-07 09:53:10,026 - INFO - ✅ TRADE VENCEDOR | Lucro: $4.40
2025-11-07 09:53:10,026 - INFO - 📊 Win Rate: 57.1% (40/70)
2025-11-07 09:53:10,026 - INFO - 💰 Lucro Total: $22.75
2025-11-07 09:53:10,026 - INFO - 💰 Lucro Diário: $22.75
2025-11-07 09:55:11,966 - INFO - 📊 EST 3: Abrindo COMPRA | RSI: 10.78
2025-11-07 09:55:11,966 - INFO - 📈 Abrindo posição CALL
2025-11-07 09:55:11,966 - INFO -    Ativo: EURUSD-OTC | Valor: $5.0 | Exp: 1min
2025-11-07 09:55:13,168 - WARNING -    ⚠️ Erro ao verificar disponibilidade: 'underlying'
2025-11-07 09:55:13,740 - INFO -    ✅ Binary Option executada | ID: 13277787424
2025-11-07 09:55:13,740 - INFO - ✅ Posição CALL aberta | ID: 13277787424
2025-11-07 09:56:09,712 - INFO - ✅ TRADE VENCEDOR | Lucro: $4.40
2025-11-07 09:56:09,712 - INFO - 📊 Win Rate: 57.7% (41/71)
2025-11-07 09:56:09,712 - INFO - 💰 Lucro Total: $27.15
2025-11-07 09:56:09,712 - INFO - 💰 Lucro Diário: $27.15
2025-11-07 10:18:39,653 - INFO - 📊 EST 3: Abrindo VENDA | RSI: 75.14
2025-11-07 10:18:39,653 - INFO - 🔄 Mercado aberto - Usando EURUSD
2025-11-07 10:18:39,653 - INFO - 📈 Abrindo posição PUT
2025-11-07 10:18:39,653 - INFO -    Ativo: EURUSD | Valor: $5.0 | Exp: 1min
2025-11-07 10:18:41,075 - WARNING -    ⚠️ Erro ao verificar disponibilidade: 'underlying'
2025-11-07 10:18:41,331 - WARNING -    ⚠️ Binary Option retornou | Check: False | ID: Cannot purchase an option (active is suspended)
2025-11-07 10:18:41,331 - WARNING -    🔄 Ativo suspenso! Tentando com EURUSD-OTC...
2025-11-07 10:18:41,960 - INFO -    ✅ Binary Option OTC executada | ID: 13277865608
2025-11-07 10:18:41,960 - INFO - ✅ Posição PUT aberta | ID: 13277865608
2025-11-07 10:20:12,412 - INFO - ✅ TRADE VENCEDOR | Lucro: $4.40
2025-11-07 10:20:12,412 - INFO - 📊 Win Rate: 58.3% (42/72)
2025-11-07 10:20:12,412 - INFO - 💰 Lucro Total: $31.55
2025-11-07 10:20:12,412 - INFO - 💰 Lucro Diário: $31.55
2025-11-07 10:21:55,185 - INFO - 📊 EST 3: Abrindo VENDA | RSI: 75.07
2025-11-07 10:21:55,185 - INFO - 🔄 Mercado aberto - Usando EURUSD
2025-11-07 10:21:55,185 - INFO - 📈 Abrindo posição PUT
2025-11-07 10:21:55,185 - INFO -    Ativo: EURUSD | Valor: $5.0 | Exp: 1min
2025-11-07 10:21:56,473 - WARNING -    ⚠️ Erro ao verificar disponibilidade: 'underlying'
2025-11-07 10:21:56,759 - WARNING -    ⚠️ Binary Option retornou | Check: False | ID: Cannot purchase an option (active is suspended)
2025-11-07 10:21:56,759 - WARNING -    🔄 Ativo suspenso! Tentando com EURUSD-OTC...
2025-11-07 10:21:57,451 - INFO -    ✅ Binary Option OTC executada | ID: 13277876274
2025-11-07 10:21:57,451 - INFO - ✅ Posição PUT aberta | ID: 13277876274
2025-11-07 10:23:09,768 - INFO - ❌ TRADE PERDEDOR | Prejuízo: $-5.00
2025-11-07 10:23:09,768 - INFO - 📊 Win Rate: 57.5% (42/73)
2025-11-07 10:23:09,768 - INFO - 💰 Lucro Total: $26.55
2025-11-07 10:23:09,768 - INFO - 💰 Lucro Diário: $26.55
2025-11-07 10:25:37,693 - INFO - 📊 EST 3: Abrindo VENDA | RSI: 75.20
2025-11-07 10:25:37,695 - INFO - 🔄 Mercado aberto - Usando EURUSD
2025-11-07 10:25:37,695 - INFO - 📈 Abrindo posição PUT
2025-11-07 10:25:37,695 - INFO -    Ativo: EURUSD | Valor: $5.0 | Exp: 1min
2025-11-07 10:25:39,127 - WARNING -    ⚠️ Erro ao verificar disponibilidade: 'underlying'
2025-11-07 10:25:39,366 - WARNING -    ⚠️ Binary Option retornou | Check: False | ID: Cannot purchase an option (active is suspended)
2025-11-07 10:25:39,366 - WARNING -    🔄 Ativo suspenso! Tentando com EURUSD-OTC...
2025-11-07 10:25:39,956 - INFO -    ✅ Binary Option OTC executada | ID: 13277888642
2025-11-07 10:25:39,957 - INFO - ✅ Posição PUT aberta | ID: 13277888642
2025-11-07 10:27:09,932 - INFO - ❌ TRADE PERDEDOR | Prejuízo: $-5.00
2025-11-07 10:27:09,932 - INFO - 📊 Win Rate: 56.8% (42/74)
2025-11-07 10:27:09,932 - INFO - 💰 Lucro Total: $21.55
2025-11-07 10:27:09,932 - INFO - 💰 Lucro Diário: $21.55
2025-11-07 10:31:13,058 - INFO - 📊 EST 3: Abrindo VENDA | RSI: 75.00
2025-11-07 10:31:13,058 - INFO - 🔄 Mercado aberto - Usando EURUSD
2025-11-07 10:31:13,058 - INFO - 📈 Abrindo posição PUT
2025-11-07 10:31:13,058 - INFO -    Ativo: EURUSD | Valor: $5.0 | Exp: 1min
2025-11-07 10:31:14,302 - WARNING -    ⚠️ Erro ao verificar disponibilidade: 'underlying'
2025-11-07 10:31:14,565 - WARNING -    ⚠️ Binary Option retornou | Check: False | ID: Cannot purchase an option (active is suspended)
2025-11-07 10:31:14,565 - WARNING -    🔄 Ativo suspenso! Tentando com EURUSD-OTC...
2025-11-07 10:31:15,223 - INFO -    ✅ Binary Option OTC executada | ID: 13277908143
2025-11-07 10:31:15,223 - INFO - ✅ Posição PUT aberta | ID: 13277908143
2025-11-07 10:32:09,782 - INFO - ❌ TRADE PERDEDOR | Prejuízo: $-5.00
2025-11-07 10:32:09,782 - INFO - 📊 Win Rate: 56.0% (42/75)
2025-11-07 10:32:09,782 - INFO - 💰 Lucro Total: $16.55
2025-11-07 10:32:09,782 - INFO - 💰 Lucro Diário: $16.55
2025-11-07 10:55:05,651 - INFO - 📊 EST 3: Abrindo VENDA | RSI: 75.40
2025-11-07 10:55:05,651 - INFO - 🔄 Mercado aberto - Usando EURUSD
2025-11-07 10:55:05,651 - INFO - 📈 Abrindo posição PUT
2025-11-07 10:55:05,651 - INFO -    Ativo: EURUSD | Valor: $5.0 | Exp: 1min
2025-11-07 10:55:07,355 - WARNING -    ⚠️ Erro ao verificar disponibilidade: 'underlying'
2025-11-07 10:55:07,591 - WARNING -    ⚠️ Binary Option retornou | Check: False | ID: Cannot purchase an option (active is suspended)
2025-11-07 10:55:07,591 - WARNING -    🔄 Ativo suspenso! Tentando com EURUSD-OTC...
2025-11-07 10:55:08,197 - INFO -    ✅ Binary Option OTC executada | ID: 13277992154
2025-11-07 10:55:08,197 - INFO - ✅ Posição PUT aberta | ID: 13277992154
2025-11-07 10:56:09,670 - INFO - ✅ TRADE VENCEDOR | Lucro: $4.40
2025-11-07 10:56:09,670 - INFO - 📊 Win Rate: 56.6% (43/76)
2025-11-07 10:56:09,670 - INFO - 💰 Lucro Total: $20.95
2025-11-07 10:56:09,670 - INFO - 💰 Lucro Diário: $20.95
2025-11-07 10:56:56,609 - INFO - 📊 EST 3: Abrindo VENDA | RSI: 75.36
2025-11-07 10:56:56,609 - INFO - 🔄 Mercado aberto - Usando EURUSD
2025-11-07 10:56:56,609 - INFO - 📈 Abrindo posição PUT
2025-11-07 10:56:56,609 - INFO -    Ativo: EURUSD | Valor: $5.0 | Exp: 1min
2025-11-07 10:56:58,204 - WARNING -    ⚠️ Erro ao verificar disponibilidade: 'underlying'
2025-11-07 10:56:58,484 - WARNING -    ⚠️ Binary Option retornou | Check: False | ID: Cannot purchase an option (active is suspended)
2025-11-07 10:56:58,484 - WARNING -    🔄 Ativo suspenso! Tentando com EURUSD-OTC...
2025-11-07 10:56:59,115 - INFO -    ✅ Binary Option OTC executada | ID: 13277999326
2025-11-07 10:56:59,115 - INFO - ✅ Posição PUT aberta | ID: 13277999326
2025-11-07 10:58:10,387 - INFO - ✅ TRADE VENCEDOR | Lucro: $4.40
2025-11-07 10:58:10,389 - INFO - 📊 Win Rate: 57.1% (44/77)
2025-11-07 10:58:10,389 - INFO - 💰 Lucro Total: $25.35
2025-11-07 10:58:10,389 - INFO - 💰 Lucro Diário: $25.35
2025-11-07 11:10:12,040 - INFO - 📊 EST 3: Abrindo COMPRA | RSI: 21.21
2025-11-07 11:10:12,040 - INFO - 🔄 Mercado aberto - Usando EURUSD
2025-11-07 11:10:12,040 - INFO - 📈 Abrindo posição CALL
2025-11-07 11:10:12,040 - INFO -    Ativo: EURUSD | Valor: $5.0 | Exp: 1min
2025-11-07 11:10:14,055 - WARNING -    ⚠️ Erro ao verificar disponibilidade: 'underlying'
2025-11-07 11:10:14,316 - WARNING -    ⚠️ Binary Option retornou | Check: False | ID: Cannot purchase an option (active is suspended)
2025-11-07 11:10:14,316 - WARNING -    🔄 Ativo suspenso! Tentando com EURUSD-OTC...
2025-11-07 11:10:14,930 - INFO -    ✅ Binary Option OTC executada | ID: 13278049404
2025-11-07 11:10:14,930 - INFO - ✅ Posição CALL aberta | ID: 13278049404
2025-11-07 11:11:10,006 - INFO - ❌ TRADE PERDEDOR | Prejuízo: $-5.00
2025-11-07 11:11:10,006 - INFO - 📊 Win Rate: 56.4% (44/78)
2025-11-07 11:11:10,006 - INFO - 💰 Lucro Total: $20.35
2025-11-07 11:11:10,006 - INFO - 💰 Lucro Diário: $20.35
2025-11-07 12:09:47,119 - INFO - 📊 EST 3: Abrindo COMPRA | RSI: 24.40
2025-11-07 12:09:47,119 - INFO - 🔄 Mercado aberto - Usando EURUSD
2025-11-07 12:09:47,119 - INFO - 📈 Abrindo posição CALL
2025-11-07 12:09:47,119 - INFO -    Ativo: EURUSD | Valor: $5.0 | Exp: 1min
2025-11-07 12:09:49,256 - WARNING -    ⚠️ Erro ao verificar disponibilidade: 'underlying'
2025-11-07 12:09:49,660 - WARNING -    ⚠️ Binary Option retornou | Check: False | ID: Cannot purchase an option (active is suspended)
2025-11-07 12:09:49,660 - WARNING -    🔄 Ativo suspenso! Tentando com EURUSD-OTC...
2025-11-07 12:09:50,313 - INFO -    ✅ Binary Option OTC executada | ID: 13278266535
2025-11-07 12:09:50,313 - INFO - ✅ Posição CALL aberta | ID: 13278266535
2025-11-07 12:16:10,473 - WARNING - ⚠️ Timeout ao verificar resultado
2025-11-07 13:05:11,640 - INFO - 📊 EST 3: Abrindo COMPRA | RSI: 21.13
2025-11-07 13:05:11,640 - INFO - 🔄 Mercado aberto - Usando EURUSD
2025-11-07 13:05:11,640 - INFO - 📈 Abrindo posição CALL
2025-11-07 13:05:11,640 - INFO -    Ativo: EURUSD | Valor: $5.0 | Exp: 1min
2025-11-07 13:05:13,127 - WARNING -    ⚠️ Erro ao verificar disponibilidade: 'underlying'
2025-11-07 13:05:13,547 - WARNING -    ⚠️ Binary Option retornou | Check: False | ID: Cannot purchase an option (active is suspended)
2025-11-07 13:05:13,547 - WARNING -    🔄 Ativo suspenso! Tentando com EURUSD-OTC...
2025-11-07 13:05:14,178 - INFO -    ✅ Binary Option OTC executada | ID: 13278465236
2025-11-07 13:05:14,178 - INFO - ✅ Posição CALL aberta | ID: 13278465236
2025-11-07 13:06:10,043 - INFO - ✅ TRADE VENCEDOR | Lucro: $4.40
2025-11-07 13:06:10,043 - INFO - 📊 Win Rate: 57.0% (45/79)
2025-11-07 13:06:10,043 - INFO - 💰 Lucro Total: $24.75
2025-11-07 13:06:10,043 - INFO - 💰 Lucro Diário: $24.75
2025-11-07 13:12:03,970 - INFO - 📊 EST 3: Abrindo COMPRA | RSI: 24.63
2025-11-07 13:12:03,970 - INFO - 🔄 Mercado aberto - Usando EURUSD
2025-11-07 13:12:03,970 - INFO - 📈 Abrindo posição CALL
2025-11-07 13:12:03,970 - INFO -    Ativo: EURUSD | Valor: $5.0 | Exp: 1min
2025-11-07 13:12:05,367 - WARNING -    ⚠️ Erro ao verificar disponibilidade: 'underlying'
2025-11-07 13:12:05,629 - WARNING -    ⚠️ Binary Option retornou | Check: False | ID: Cannot purchase an option (active is suspended)
2025-11-07 13:12:05,629 - WARNING -    🔄 Ativo suspenso! Tentando com EURUSD-OTC...
2025-11-07 13:12:06,238 - INFO -    ✅ Binary Option OTC executada | ID: 13278489561
2025-11-07 13:12:06,238 - INFO - ✅ Posição CALL aberta | ID: 13278489561
2025-11-07 13:13:10,457 - INFO - ✅ TRADE VENCEDOR | Lucro: $4.40
2025-11-07 13:13:10,457 - INFO - 📊 Win Rate: 57.5% (46/80)
2025-11-07 13:13:10,457 - INFO - 💰 Lucro Total: $29.15
2025-11-07 13:13:10,457 - INFO - 💰 Lucro Diário: $29.15
2025-11-07 14:06:36,718 - INFO - 📊 EST 3: Abrindo COMPRA | RSI: 24.86
2025-11-07 14:06:36,718 - INFO - 🔄 Mercado aberto - Usando EURUSD
2025-11-07 14:06:36,718 - INFO - 📈 Abrindo posição CALL
2025-11-07 14:06:36,718 - INFO -    Ativo: EURUSD | Valor: $5.0 | Exp: 1min
2025-11-07 14:06:38,303 - WARNING -    ⚠️ Erro ao verificar disponibilidade: 'underlying'
2025-11-07 14:06:38,535 - WARNING -    ⚠️ Binary Option retornou | Check: False | ID: Cannot purchase an option (active is suspended)
2025-11-07 14:06:38,535 - WARNING -    🔄 Ativo suspenso! Tentando com EURUSD-OTC...
2025-11-07 14:06:39,137 - INFO -    ✅ Binary Option OTC executada | ID: 13278673335
2025-11-07 14:06:39,137 - INFO - ✅ Posição CALL aberta | ID: 13278673335
2025-11-07 14:08:10,274 - INFO - ✅ TRADE VENCEDOR | Lucro: $4.40
2025-11-07 14:08:10,274 - INFO - 📊 Win Rate: 58.0% (47/81)
2025-11-07 14:08:10,274 - INFO - 💰 Lucro Total: $33.55
2025-11-07 14:08:10,274 - INFO - 💰 Lucro Diário: $33.55
2025-11-07 14:12:56,275 - INFO - 📊 EST 3: Abrindo COMPRA | RSI: 25.00
2025-11-07 14:12:56,276 - INFO - 🔄 Mercado aberto - Usando EURUSD
2025-11-07 14:12:56,276 - INFO - 📈 Abrindo posição CALL
2025-11-07 14:12:56,276 - INFO -    Ativo: EURUSD | Valor: $5.0 | Exp: 1min
2025-11-07 14:12:57,883 - WARNING -    ⚠️ Erro ao verificar disponibilidade: 'underlying'
2025-11-07 14:12:58,145 - WARNING -    ⚠️ Binary Option retornou | Check: False | ID: Cannot purchase an option (active is suspended)
2025-11-07 14:12:58,145 - WARNING -    🔄 Ativo suspenso! Tentando com EURUSD-OTC...
2025-11-07 14:12:58,851 - INFO -    ✅ Binary Option OTC executada | ID: 13278695237
2025-11-07 14:12:58,851 - INFO - ✅ Posição CALL aberta | ID: 13278695237
2025-11-07 14:14:10,258 - INFO - ❌ TRADE PERDEDOR | Prejuízo: $-5.00
2025-11-07 14:14:10,258 - INFO - 📊 Win Rate: 57.3% (47/82)
2025-11-07 14:14:10,258 - INFO - 💰 Lucro Total: $28.55
2025-11-07 14:14:10,258 - INFO - 💰 Lucro Diário: $28.55
2025-11-07 14:19:09,211 - INFO - 📊 EST 3: Abrindo COMPRA | RSI: 24.64
2025-11-07 14:19:09,211 - INFO - 🔄 Mercado aberto - Usando EURUSD
2025-11-07 14:19:09,211 - INFO - 📈 Abrindo posição CALL
2025-11-07 14:19:09,211 - INFO -    Ativo: EURUSD | Valor: $5.0 | Exp: 1min
2025-11-07 14:19:10,623 - WARNING -    ⚠️ Erro ao verificar disponibilidade: 'underlying'
2025-11-07 14:19:10,859 - WARNING -    ⚠️ Binary Option retornou | Check: False | ID: Cannot purchase an option (active is suspended)
2025-11-07 14:19:10,859 - WARNING -    🔄 Ativo suspenso! Tentando com EURUSD-OTC...
2025-11-07 14:19:11,523 - INFO -    ✅ Binary Option OTC executada | ID: 13278716268
2025-11-07 14:19:11,523 - INFO - ✅ Posição CALL aberta | ID: 13278716268
2025-11-07 14:20:10,036 - INFO - ✅ TRADE VENCEDOR | Lucro: $4.40
2025-11-07 14:20:10,036 - INFO - 📊 Win Rate: 57.8% (48/83)
2025-11-07 14:20:10,036 - INFO - 💰 Lucro Total: $32.95
2025-11-07 14:20:10,036 - INFO - 💰 Lucro Diário: $32.95
2025-11-07 14:22:19,382 - INFO - 📊 EST 3: Abrindo COMPRA | RSI: 24.79
2025-11-07 14:22:19,382 - INFO - 🔄 Mercado aberto - Usando EURUSD
2025-11-07 14:22:19,382 - INFO - 📈 Abrindo posição CALL
2025-11-07 14:22:19,382 - INFO -    Ativo: EURUSD | Valor: $5.0 | Exp: 1min
2025-11-07 14:22:21,137 - WARNING -    ⚠️ Erro ao verificar disponibilidade: 'underlying'
2025-11-07 14:22:21,388 - WARNING -    ⚠️ Binary Option retornou | Check: False | ID: Cannot purchase an option (active is suspended)
2025-11-07 14:22:21,390 - WARNING -    🔄 Ativo suspenso! Tentando com EURUSD-OTC...
2025-11-07 14:22:21,939 - INFO -    ✅ Binary Option OTC executada | ID: 13278726613
2025-11-07 14:22:21,939 - INFO - ✅ Posição CALL aberta | ID: 13278726613
2025-11-07 14:23:10,201 - INFO - ❌ TRADE PERDEDOR | Prejuízo: $-5.00
2025-11-07 14:23:10,201 - INFO - 📊 Win Rate: 57.1% (48/84)
2025-11-07 14:23:10,201 - INFO - 💰 Lucro Total: $27.95
2025-11-07 14:23:10,201 - INFO - 💰 Lucro Diário: $27.95
2025-11-07 14:29:46,746 - INFO - 📊 EST 3: Abrindo COMPRA | RSI: 24.87
2025-11-07 14:29:46,746 - INFO - 🔄 Mercado aberto - Usando EURUSD
2025-11-07 14:29:46,746 - INFO - 📈 Abrindo posição CALL
2025-11-07 14:29:46,746 - INFO -    Ativo: EURUSD | Valor: $5.0 | Exp: 1min
2025-11-07 14:29:48,245 - WARNING -    ⚠️ Erro ao verificar disponibilidade: 'underlying'
2025-11-07 14:29:48,476 - WARNING -    ⚠️ Binary Option retornou | Check: False | ID: Cannot purchase an option (active is suspended)
2025-11-07 14:29:48,476 - WARNING -    🔄 Ativo suspenso! Tentando com EURUSD-OTC...
2025-11-07 14:29:49,063 - INFO -    ✅ Binary Option OTC executada | ID: 13278748889
2025-11-07 14:29:49,063 - INFO - ✅ Posição CALL aberta | ID: 13278748889
2025-11-07 14:31:10,734 - INFO - ❌ TRADE PERDEDOR | Prejuízo: $-5.00
2025-11-07 14:31:10,734 - INFO - 📊 Win Rate: 56.5% (48/85)
2025-11-07 14:31:10,734 - INFO - 💰 Lucro Total: $22.95
2025-11-07 14:31:10,734 - INFO - 💰 Lucro Diário: $22.95
2025-11-07 14:36:47,418 - INFO - 📊 EST 3: Abrindo COMPRA | RSI: 24.83
2025-11-07 14:36:47,418 - INFO - 🔄 Mercado aberto - Usando EURUSD
2025-11-07 14:36:47,418 - INFO - 📈 Abrindo posição CALL
2025-11-07 14:36:47,418 - INFO -    Ativo: EURUSD | Valor: $5.0 | Exp: 1min
2025-11-07 14:36:49,107 - WARNING -    ⚠️ Erro ao verificar disponibilidade: 'underlying'
2025-11-07 14:36:49,371 - WARNING -    ⚠️ Binary Option retornou | Check: False | ID: Cannot purchase an option (active is suspended)
2025-11-07 14:36:49,371 - WARNING -    🔄 Ativo suspenso! Tentando com EURUSD-OTC...
2025-11-07 14:36:49,985 - INFO -    ✅ Binary Option OTC executada | ID: 13278771611
2025-11-07 14:36:49,985 - INFO - ✅ Posição CALL aberta | ID: 13278771611
2025-11-07 14:38:10,363 - INFO - ✅ TRADE VENCEDOR | Lucro: $4.40
2025-11-07 14:38:10,363 - INFO - 📊 Win Rate: 57.0% (49/86)
2025-11-07 14:38:10,363 - INFO - 💰 Lucro Total: $27.35
2025-11-07 14:38:10,363 - INFO - 💰 Lucro Diário: $27.35
2025-11-07 14:56:11,732 - INFO - ⚠️ Bot interrompido pelo usuário
2025-11-07 14:56:11,732 - INFO - 🔌 Desconectado da IQ Option
2025-11-07 14:56:11,732 - INFO - ============================================================
2025-11-07 14:56:11,732 - INFO - 📊 RESUMO FINAL
2025-11-07 14:56:11,732 - INFO - ============================================================
2025-11-07 14:56:11,732 - INFO - Total de Trades: 86
2025-11-07 14:56:11,732 - INFO - Trades Vencedores: 49
2025-11-07 14:56:11,732 - INFO - Win Rate: 57.0%
2025-11-07 14:56:11,732 - INFO - Lucro Total: $27.35
2025-11-07 14:56:11,732 - INFO - Lucro Diário: $27.35
2025-11-07 14:56:11,732 - INFO - ============================================================
2025-11-07 16:04:44,604 - INFO - 🤖 INICIANDO BOT...
2025-11-07 16:04:44,605 - INFO - ============================================================
2025-11-07 16:04:44,605 - INFO - INICIANDO CONEXÃO COM IQ OPTION
2025-11-07 16:04:44,605 - INFO - ============================================================
2025-11-07 16:04:47,763 - INFO - ✅ Modo: CONTA DEMO
2025-11-07 16:04:48,215 - INFO - 💰 Saldo disponível: $8129.74
2025-11-07 16:04:48,215 - INFO - ------------------------------------------------------------
2025-11-07 16:04:48,215 - INFO - 📊 Ativo: EURUSD
2025-11-07 16:04:48,215 - INFO - ⏱️ Timeframe: 5 minuto(s)
2025-11-07 16:04:48,215 - INFO - ⏳ Expiração: 1 minuto(s)
2025-11-07 16:04:48,215 - INFO - 💵 Valor por operação: $5.0
2025-11-07 16:04:48,215 - INFO - 🎯 Estratégia: 3
2025-11-07 16:04:48,215 - INFO - 🕒 Horário: 00:00 - 23:59
2025-11-07 16:04:48,215 - INFO - ------------------------------------------------------------
2025-11-07 16:04:48,215 - INFO - 🔍 Verificando disponibilidade do ativo...
2025-11-07 16:04:50,475 - WARNING - ⚠️ Erro ao verificar disponibilidade: 'underlying'
2025-11-07 16:04:50,475 - INFO - ============================================================
2025-11-07 16:04:50,475 - INFO - 🚀 Bot em execução!
2025-11-07 16:04:50,767 - INFO - 📊 EST 3: Abrindo COMPRA | RSI: 19.07
2025-11-07 16:04:50,767 - INFO - 📈 Abrindo posição CALL
2025-11-07 16:04:50,767 - INFO -    Ativo: EURUSD | Valor: $5.0 | Exp: 1min
2025-11-07 16:04:52,146 - WARNING -    ⚠️ Erro ao verificar disponibilidade: 'underlying'
2025-11-07 16:04:52,423 - WARNING -    ⚠️ Binary Option retornou | Check: False | ID: Cannot purchase an option (active is suspended)
2025-11-07 16:04:52,423 - WARNING -    🔄 Ativo suspenso! Tentando com EURUSD-OTC...
2025-11-07 16:04:53,094 - INFO -    ✅ Binary Option OTC executada | ID: 13279035004
2025-11-07 16:04:53,094 - INFO - ✅ Posição CALL aberta | ID: 13279035004
2025-11-07 16:06:10,173 - INFO - ❌ TRADE PERDEDOR | Prejuízo: $-5.00
2025-11-07 16:06:10,173 - INFO - 📊 Win Rate: 0.0% (0/1)
2025-11-07 16:06:10,173 - INFO - 💰 Lucro Total: $-5.00
2025-11-07 16:06:10,173 - INFO - 💰 Lucro Diário: $-5.00
2025-11-07 17:35:12,746 - INFO - 📊 EST 3: Abrindo VENDA | RSI: 76.56
2025-11-07 17:35:12,746 - INFO - 📈 Abrindo posição PUT
2025-11-07 17:35:12,746 - INFO -    Ativo: EURUSD-OTC | Valor: $5.0 | Exp: 1min
2025-11-07 17:35:14,077 - WARNING -    ⚠️ Erro ao verificar disponibilidade: 'underlying'
2025-11-07 17:35:14,674 - INFO -    ✅ Binary Option executada | ID: 13279301813
2025-11-07 17:35:14,675 - INFO - ✅ Posição PUT aberta | ID: 13279301813
2025-11-07 17:36:10,283 - INFO - ✅ TRADE VENCEDOR | Lucro: $4.40
2025-11-07 17:36:10,285 - INFO - 📊 Win Rate: 50.0% (1/2)
2025-11-07 17:36:10,285 - INFO - 💰 Lucro Total: $-0.60
2025-11-07 17:36:10,285 - INFO - 💰 Lucro Diário: $-0.60
2025-11-07 17:45:11,713 - INFO - 📊 EST 3: Abrindo VENDA | RSI: 79.73
2025-11-07 17:45:11,713 - INFO - 📈 Abrindo posição PUT
2025-11-07 17:45:11,713 - INFO -    Ativo: EURUSD-OTC | Valor: $5.0 | Exp: 1min
2025-11-07 17:45:13,307 - WARNING -    ⚠️ Erro ao verificar disponibilidade: 'underlying'
2025-11-07 17:45:13,956 - INFO -    ✅ Binary Option executada | ID: 13279332112
2025-11-07 17:45:13,956 - INFO - ✅ Posição PUT aberta | ID: 13279332112
2025-11-07 17:46:10,134 - INFO - ❌ TRADE PERDEDOR | Prejuízo: $-5.00
2025-11-07 17:46:10,134 - INFO - 📊 Win Rate: 33.3% (1/3)
2025-11-07 17:46:10,134 - INFO - 💰 Lucro Total: $-5.60
2025-11-07 17:46:10,134 - INFO - 💰 Lucro Diário: $-5.60
2025-11-07 18:12:24,868 - INFO - 📊 EST 3: Abrindo VENDA | RSI: 75.08
2025-11-07 18:12:24,868 - INFO - 📈 Abrindo posição PUT
2025-11-07 18:12:24,868 - INFO -    Ativo: EURUSD-OTC | Valor: $5.0 | Exp: 1min
2025-11-07 18:12:26,011 - WARNING -    ⚠️ Erro ao verificar disponibilidade: 'underlying'
2025-11-07 18:12:26,683 - INFO -    ✅ Binary Option executada | ID: 13279410060
2025-11-07 18:12:26,684 - INFO - ✅ Posição PUT aberta | ID: 13279410060
2025-11-07 18:13:10,277 - INFO - ❌ TRADE PERDEDOR | Prejuízo: $-5.00
2025-11-07 18:13:10,277 - INFO - 📊 Win Rate: 25.0% (1/4)
2025-11-07 18:13:10,277 - INFO - 💰 Lucro Total: $-10.60
2025-11-07 18:13:10,277 - INFO - 💰 Lucro Diário: $-10.60
2025-11-07 18:24:22,995 - INFO - 📊 EST 3: Abrindo VENDA | RSI: 76.47
2025-11-07 18:24:22,995 - INFO - 📈 Abrindo posição PUT
2025-11-07 18:24:22,995 - INFO -    Ativo: EURUSD-OTC | Valor: $5.0 | Exp: 1min
2025-11-07 18:24:24,013 - WARNING -    ⚠️ Erro ao verificar disponibilidade: 'underlying'
2025-11-07 18:24:24,617 - INFO -    ✅ Binary Option executada | ID: 13279446493
2025-11-07 18:24:24,618 - INFO - ✅ Posição PUT aberta | ID: 13279446493
2025-11-07 18:25:10,015 - INFO - ❌ TRADE PERDEDOR | Prejuízo: $-5.00
2025-11-07 18:25:10,015 - INFO - 📊 Win Rate: 20.0% (1/5)
2025-11-07 18:25:10,015 - INFO - 💰 Lucro Total: $-15.60
2025-11-07 18:25:10,015 - INFO - 💰 Lucro Diário: $-15.60
2025-11-07 19:15:13,476 - INFO - 📊 EST 3: Abrindo COMPRA | RSI: 24.16
2025-11-07 19:15:13,476 - INFO - 📈 Abrindo posição CALL
2025-11-07 19:15:13,476 - INFO -    Ativo: EURUSD-OTC | Valor: $5.0 | Exp: 1min
2025-11-07 19:15:14,348 - WARNING -    ⚠️ Erro ao verificar disponibilidade: 'underlying'
2025-11-07 19:15:14,957 - INFO -    ✅ Binary Option executada | ID: 13279595157
2025-11-07 19:15:14,957 - INFO - ✅ Posição CALL aberta | ID: 13279595157
2025-11-07 19:16:10,312 - INFO - ✅ TRADE VENCEDOR | Lucro: $4.40
2025-11-07 19:16:10,312 - INFO - 📊 Win Rate: 33.3% (2/6)
2025-11-07 19:16:10,312 - INFO - 💰 Lucro Total: $-11.20
2025-11-07 19:16:10,312 - INFO - 💰 Lucro Diário: $-11.20
2025-11-07 21:36:50,495 - INFO - 📊 EST 3: Abrindo COMPRA | RSI: 24.90
2025-11-07 21:36:50,495 - INFO - 📈 Abrindo posição CALL
2025-11-07 21:36:50,495 - INFO -    Ativo: EURUSD-OTC | Valor: $5.0 | Exp: 1min
2025-11-07 21:36:56,446 - WARNING -    ⚠️ Erro ao verificar disponibilidade: 'underlying'
2025-11-07 21:36:57,106 - INFO -    ✅ Binary Option executada | ID: 13280032606
2025-11-07 21:36:57,107 - INFO - ✅ Posição CALL aberta | ID: 13280032606
2025-11-07 21:43:10,937 - WARNING - ⚠️ Timeout ao verificar resultado
2025-11-07 22:05:12,230 - INFO - 📊 EST 3: Abrindo COMPRA | RSI: 20.60
2025-11-07 22:05:12,230 - INFO - 📈 Abrindo posição CALL
2025-11-07 22:05:12,230 - INFO -    Ativo: EURUSD-OTC | Valor: $5.0 | Exp: 1min
2025-11-07 22:05:18,327 - WARNING -    ⚠️ Erro ao verificar disponibilidade: 'underlying'
2025-11-07 22:05:19,026 - INFO -    ✅ Binary Option executada | ID: 13280124908
2025-11-07 22:05:19,026 - INFO - ✅ Posição CALL aberta | ID: 13280124908
2025-11-07 22:06:10,300 - INFO - ❌ TRADE PERDEDOR | Prejuízo: $-5.00
2025-11-07 22:06:10,302 - INFO - 📊 Win Rate: 28.6% (2/7)
2025-11-07 22:06:10,302 - INFO - 💰 Lucro Total: $-16.20
2025-11-07 22:06:10,302 - INFO - 💰 Lucro Diário: $-16.20
2025-11-07 22:11:41,037 - INFO - 📊 EST 3: Abrindo COMPRA | RSI: 24.84
2025-11-07 22:11:41,037 - INFO - 📈 Abrindo posição CALL
2025-11-07 22:11:41,037 - INFO -    Ativo: EURUSD-OTC | Valor: $5.0 | Exp: 1min
2025-11-07 22:11:45,217 - WARNING -    ⚠️ Erro ao verificar disponibilidade: 'underlying'
2025-11-07 22:11:45,831 - INFO -    ✅ Binary Option executada | ID: 13280146475
2025-11-07 22:11:45,831 - INFO - ✅ Posição CALL aberta | ID: 13280146475
2025-11-07 22:13:10,190 - INFO - ❌ TRADE PERDEDOR | Prejuízo: $-5.00
2025-11-07 22:13:10,190 - INFO - 📊 Win Rate: 25.0% (2/8)
2025-11-07 22:13:10,190 - INFO - 💰 Lucro Total: $-21.20
2025-11-07 22:13:10,190 - INFO - 💰 Lucro Diário: $-21.20
2025-11-08 00:35:13,324 - INFO - 📊 EST 3: Abrindo VENDA | RSI: 76.70
2025-11-08 00:35:13,324 - INFO - 📈 Abrindo posição PUT
2025-11-08 00:35:13,324 - INFO -    Ativo: EURUSD-OTC | Valor: $5.0 | Exp: 1min
2025-11-08 00:35:17,006 - WARNING -    ⚠️ Erro ao verificar disponibilidade: 'underlying'
2025-11-08 00:35:17,731 - INFO -    ✅ Binary Option executada | ID: 13280616404
2025-11-08 00:35:17,732 - INFO - ✅ Posição PUT aberta | ID: 13280616404
2025-11-08 00:36:10,700 - INFO - ❌ TRADE PERDEDOR | Prejuízo: $-5.00
2025-11-08 00:36:10,701 - INFO - 📊 Win Rate: 22.2% (2/9)
2025-11-08 00:36:10,701 - INFO - 💰 Lucro Total: $-26.20
2025-11-08 00:36:10,701 - INFO - 💰 Lucro Diário: $-26.20
2025-11-08 00:46:18,058 - INFO - 📊 EST 3: Abrindo VENDA | RSI: 75.24
2025-11-08 00:46:18,058 - INFO - 📈 Abrindo posição PUT
2025-11-08 00:46:18,058 - INFO -    Ativo: EURUSD-OTC | Valor: $5.0 | Exp: 1min
2025-11-08 00:46:21,412 - WARNING -    ⚠️ Erro ao verificar disponibilidade: 'underlying'
2025-11-08 00:46:22,093 - INFO -    ✅ Binary Option executada | ID: 13280652293
2025-11-08 00:46:22,094 - INFO - ✅ Posição PUT aberta | ID: 13280652293
2025-11-08 00:47:10,323 - INFO - ✅ TRADE VENCEDOR | Lucro: $4.40
2025-11-08 00:47:10,323 - INFO - 📊 Win Rate: 30.0% (3/10)
2025-11-08 00:47:10,323 - INFO - 💰 Lucro Total: $-21.80
2025-11-08 00:47:10,323 - INFO - 💰 Lucro Diário: $-21.80
2025-11-08 01:30:12,239 - INFO - 📊 EST 3: Abrindo COMPRA | RSI: 22.39
2025-11-08 01:30:12,239 - INFO - 📈 Abrindo posição CALL
2025-11-08 01:30:12,239 - INFO -    Ativo: EURUSD-OTC | Valor: $5.0 | Exp: 1min
2025-11-08 01:30:15,506 - WARNING -    ⚠️ Erro ao verificar disponibilidade: 'underlying'
2025-11-08 01:30:16,201 - INFO -    ✅ Binary Option executada | ID: 13280767290
2025-11-08 01:30:16,202 - INFO - ✅ Posição CALL aberta | ID: 13280767290
2025-11-08 01:31:10,664 - INFO - ❌ TRADE PERDEDOR | Prejuízo: $-5.00
2025-11-08 01:31:10,664 - INFO - 📊 Win Rate: 27.3% (3/11)
2025-11-08 01:31:10,664 - INFO - 💰 Lucro Total: $-26.80
2025-11-08 01:31:10,664 - INFO - 💰 Lucro Diário: $-26.80
2025-11-08 01:35:56,044 - INFO - 📊 EST 3: Abrindo COMPRA | RSI: 24.63
2025-11-08 01:35:56,044 - INFO - 📈 Abrindo posição CALL
2025-11-08 01:35:56,044 - INFO -    Ativo: EURUSD-OTC | Valor: $5.0 | Exp: 1min
2025-11-08 01:35:58,871 - WARNING -    ⚠️ Erro ao verificar disponibilidade: 'underlying'
2025-11-08 01:35:59,464 - INFO -    ✅ Binary Option executada | ID: 13280784233
2025-11-08 01:35:59,465 - INFO - ✅ Posição CALL aberta | ID: 13280784233
2025-11-08 01:37:10,711 - INFO - ❌ TRADE PERDEDOR | Prejuízo: $-5.00
2025-11-08 01:37:10,711 - INFO - 📊 Win Rate: 25.0% (3/12)
2025-11-08 01:37:10,711 - INFO - 💰 Lucro Total: $-31.80
2025-11-08 01:37:10,711 - INFO - 💰 Lucro Diário: $-31.80
2025-11-08 01:41:54,532 - INFO - 📊 EST 3: Abrindo COMPRA | RSI: 24.92
2025-11-08 01:41:54,532 - INFO - 📈 Abrindo posição CALL
2025-11-08 01:41:54,532 - INFO -    Ativo: EURUSD-OTC | Valor: $5.0 | Exp: 1min
2025-11-08 01:41:57,144 - WARNING -    ⚠️ Erro ao verificar disponibilidade: 'underlying'
2025-11-08 01:41:57,761 - INFO -    ✅ Binary Option executada | ID: 13280799223
2025-11-08 01:41:57,761 - INFO - ✅ Posição CALL aberta | ID: 13280799223
2025-11-08 01:43:10,578 - INFO - ❌ TRADE PERDEDOR | Prejuízo: $-5.00
2025-11-08 01:43:10,578 - INFO - 📊 Win Rate: 23.1% (3/13)
2025-11-08 01:43:10,578 - INFO - 💰 Lucro Total: $-36.80
2025-11-08 01:43:10,578 - INFO - 💰 Lucro Diário: $-36.80
2025-11-08 01:46:01,301 - INFO - 📊 EST 3: Abrindo COMPRA | RSI: 24.36
2025-11-08 01:46:01,301 - INFO - 📈 Abrindo posição CALL
2025-11-08 01:46:01,301 - INFO -    Ativo: EURUSD-OTC | Valor: $5.0 | Exp: 1min
2025-11-08 01:46:03,909 - WARNING -    ⚠️ Erro ao verificar disponibilidade: 'underlying'
2025-11-08 01:46:04,552 - INFO -    ✅ Binary Option executada | ID: 13280810355
2025-11-08 01:46:04,553 - INFO - ✅ Posição CALL aberta | ID: 13280810355
2025-11-08 01:47:10,660 - INFO - ✅ TRADE VENCEDOR | Lucro: $4.40
2025-11-08 01:47:10,660 - INFO - 📊 Win Rate: 28.6% (4/14)
2025-11-08 01:47:10,660 - INFO - 💰 Lucro Total: $-32.40
2025-11-08 01:47:10,660 - INFO - 💰 Lucro Diário: $-32.40
2025-11-08 04:03:53,201 - INFO - 📊 EST 3: Abrindo COMPRA | RSI: 24.73
2025-11-08 04:03:53,201 - INFO - 📈 Abrindo posição CALL
2025-11-08 04:03:53,201 - INFO -    Ativo: EURUSD-OTC | Valor: $5.0 | Exp: 1min
2025-11-08 04:03:56,255 - WARNING -    ⚠️ Erro ao verificar disponibilidade: 'underlying'
2025-11-08 04:03:56,935 - INFO -    ✅ Binary Option executada | ID: 13281083177
2025-11-08 04:03:56,935 - INFO - ✅ Posição CALL aberta | ID: 13281083177
2025-11-08 04:05:10,606 - INFO - ❌ TRADE PERDEDOR | Prejuízo: $-5.00
2025-11-08 04:05:10,606 - INFO - 📊 Win Rate: 26.7% (4/15)
2025-11-08 04:05:10,606 - INFO - 💰 Lucro Total: $-37.40
2025-11-08 04:05:10,607 - INFO - 💰 Lucro Diário: $-37.40
2025-11-08 04:05:13,187 - INFO - 📊 EST 3: Abrindo COMPRA | RSI: 22.22
2025-11-08 04:05:13,187 - INFO - 📈 Abrindo posição CALL
2025-11-08 04:05:13,187 - INFO -    Ativo: EURUSD-OTC | Valor: $5.0 | Exp: 1min
2025-11-08 04:05:16,056 - WARNING -    ⚠️ Erro ao verificar disponibilidade: 'underlying'
2025-11-08 04:05:16,691 - INFO -    ✅ Binary Option executada | ID: 13281085773
2025-11-08 04:05:16,692 - INFO - ✅ Posição CALL aberta | ID: 13281085773
2025-11-08 04:06:10,573 - INFO - ✅ TRADE VENCEDOR | Lucro: $4.40
2025-11-08 04:06:10,573 - INFO - 📊 Win Rate: 31.2% (5/16)
2025-11-08 04:06:10,573 - INFO - 💰 Lucro Total: $-33.00
2025-11-08 04:06:10,573 - INFO - 💰 Lucro Diário: $-33.00
2025-11-08 04:10:12,982 - INFO - 📊 EST 3: Abrindo COMPRA | RSI: 22.81
2025-11-08 04:10:12,983 - INFO - 📈 Abrindo posição CALL
2025-11-08 04:10:12,983 - INFO -    Ativo: EURUSD-OTC | Valor: $5.0 | Exp: 1min
2025-11-08 04:10:15,612 - WARNING -    ⚠️ Erro ao verificar disponibilidade: 'underlying'
2025-11-08 04:10:16,204 - INFO -    ✅ Binary Option executada | ID: 13281096130
2025-11-08 04:10:16,205 - INFO - ✅ Posição CALL aberta | ID: 13281096130
2025-11-08 04:11:10,541 - INFO - ✅ TRADE VENCEDOR | Lucro: $4.40
2025-11-08 04:11:10,542 - INFO - 📊 Win Rate: 35.3% (6/17)
2025-11-08 04:11:10,542 - INFO - 💰 Lucro Total: $-28.60
2025-11-08 04:11:10,544 - INFO - 💰 Lucro Diário: $-28.60
2025-11-08 05:10:13,969 - INFO - 📊 EST 3: Abrindo VENDA | RSI: 84.40
2025-11-08 05:10:13,969 - INFO - 📈 Abrindo posição PUT
2025-11-08 05:10:13,969 - INFO -    Ativo: EURUSD-OTC | Valor: $5.0 | Exp: 1min
2025-11-08 05:10:16,879 - WARNING -    ⚠️ Erro ao verificar disponibilidade: 'underlying'
2025-11-08 05:10:17,433 - WARNING -    ⚠️ Binary Option retornou | Check: False | ID: Cannot purchase an option (the asset is not available at the moment).
2025-11-08 05:10:17,434 - INFO -    📡 Tentando Digital Option...
2025-11-08 05:10:17,434 - INFO -       � Tentando expiração: 1 minuto(s)...
2025-11-08 18:32:31,765 - ERROR - Connection is already closed.
2025-11-08 18:34:02,184 - INFO - ⚠️ Bot interrompido pelo usuário
2025-11-08 18:34:02,184 - INFO - 🔌 Desconectado da IQ Option
2025-11-08 18:34:02,186 - INFO - ============================================================
2025-11-08 18:34:02,186 - INFO - 📊 RESUMO FINAL
2025-11-08 18:34:02,186 - INFO - ============================================================
2025-11-08 18:34:02,186 - INFO - Total de Trades: 17
2025-11-08 18:34:02,188 - INFO - Trades Vencedores: 6
2025-11-08 18:34:02,188 - INFO - Win Rate: 35.3%
2025-11-08 18:34:02,188 - INFO - Lucro Total: $-28.60
2025-11-08 18:34:02,188 - INFO - Lucro Diário: $-28.60
2025-11-08 18:34:02,188 - INFO - ============================================================
2025-11-08 18:34:21,606 - INFO - 🤖 INICIANDO BOT...
2025-11-08 18:34:21,608 - INFO - ============================================================
2025-11-08 18:34:21,608 - INFO - INICIANDO CONEXÃO COM IQ OPTION
2025-11-08 18:34:21,608 - INFO - ============================================================
2025-11-08 18:34:24,718 - INFO - ✅ Modo: CONTA DEMO
2025-11-08 18:34:25,155 - INFO - 💰 Saldo disponível: $8101.14
2025-11-08 18:34:25,155 - INFO - 🔄 Fim de semana detectado - Usando EURUSD-OTC
2025-11-08 18:34:25,155 - INFO - ------------------------------------------------------------
2025-11-08 18:34:25,155 - INFO - 📊 Ativo: EURUSD-OTC
2025-11-08 18:34:25,155 - INFO -    🌐 Modo OTC ativado (mercado 24/7)
2025-11-08 18:34:25,155 - INFO - ⏱️ Timeframe: 5 minuto(s)
2025-11-08 18:34:25,155 - INFO - ⏳ Expiração: 1 minuto(s)
2025-11-08 18:34:25,155 - INFO - 💵 Valor por operação: $5.0
2025-11-08 18:34:25,155 - INFO - 🎯 Estratégia: 3
2025-11-08 18:34:25,159 - INFO - 🕒 Horário: 00:00 - 23:59
2025-11-08 18:34:25,159 - INFO - ------------------------------------------------------------
2025-11-08 18:34:25,159 - INFO - 🔍 Verificando disponibilidade do ativo...
2025-11-08 18:34:28,148 - WARNING - ⚠️ Erro ao verificar disponibilidade: 'underlying'
2025-11-08 18:34:28,149 - INFO - ============================================================
2025-11-08 18:34:28,149 - INFO - 🚀 Bot em execução!
2025-11-08 18:34:28,394 - INFO - 📊 EST 3: Abrindo COMPRA | RSI: 21.05
2025-11-08 18:34:28,394 - INFO - 📈 Abrindo posição CALL
2025-11-08 18:34:28,394 - INFO -    Ativo: EURUSD-OTC | Valor: $5.0 | Exp: 1min
2025-11-08 18:34:30,084 - WARNING -    ⚠️ Erro ao verificar disponibilidade: 'underlying'
2025-11-08 18:34:30,785 - INFO -    ✅ Binary Option executada | ID: 13283448316
2025-11-08 18:34:30,785 - INFO - ✅ Posição CALL aberta | ID: 13283448316
2025-11-08 18:35:11,522 - INFO - ❌ TRADE PERDEDOR | Prejuízo: $-5.00
2025-11-08 18:35:11,522 - INFO - 📊 Win Rate: 0.0% (0/1)
2025-11-08 18:35:11,522 - INFO - 💰 Lucro Total: $-5.00
2025-11-08 18:35:11,522 - INFO - 💰 Lucro Diário: $-5.00
2025-11-08 19:35:13,491 - INFO - 📊 EST 3: Abrindo VENDA | RSI: 76.10
2025-11-08 19:35:13,491 - INFO - 📈 Abrindo posição PUT
2025-11-08 19:35:13,491 - INFO -    Ativo: EURUSD-OTC | Valor: $5.0 | Exp: 1min
2025-11-08 19:35:14,847 - WARNING -    ⚠️ Erro ao verificar disponibilidade: 'underlying'
2025-11-08 19:35:15,513 - INFO -    ✅ Binary Option executada | ID: 13283631817
2025-11-08 19:35:15,513 - INFO - ✅ Posição PUT aberta | ID: 13283631817
2025-11-08 19:36:11,114 - INFO - ✅ TRADE VENCEDOR | Lucro: $4.35
2025-11-08 19:36:11,114 - INFO - 📊 Win Rate: 50.0% (1/2)
2025-11-08 19:36:11,114 - INFO - 💰 Lucro Total: $-0.65
2025-11-08 19:36:11,114 - INFO - 💰 Lucro Diário: $-0.65
2025-11-08 20:58:05,748 - INFO - 📊 EST 3: Abrindo VENDA | RSI: 75.06
2025-11-08 20:58:05,748 - INFO - 📈 Abrindo posição PUT
2025-11-08 20:58:05,748 - INFO -    Ativo: EURUSD-OTC | Valor: $5.0 | Exp: 1min
2025-11-08 20:58:07,201 - WARNING -    ⚠️ Erro ao verificar disponibilidade: 'underlying'
2025-11-08 20:58:07,807 - INFO -    ✅ Binary Option executada | ID: 13283875428
2025-11-08 20:58:07,807 - INFO - ✅ Posição PUT aberta | ID: 13283875428
2025-11-08 20:59:11,494 - INFO - ❌ TRADE PERDEDOR | Prejuízo: $-5.00
2025-11-08 20:59:11,494 - INFO - 📊 Win Rate: 33.3% (1/3)
2025-11-08 20:59:11,494 - INFO - 💰 Lucro Total: $-5.65
2025-11-08 20:59:11,494 - INFO - 💰 Lucro Diário: $-5.65
2025-11-08 21:01:02,463 - INFO - 📊 EST 3: Abrindo VENDA | RSI: 75.06
2025-11-08 21:01:02,463 - INFO - 📈 Abrindo posição PUT
2025-11-08 21:01:02,463 - INFO -    Ativo: EURUSD-OTC | Valor: $5.0 | Exp: 1min
2025-11-08 21:01:04,035 - WARNING -    ⚠️ Erro ao verificar disponibilidade: 'underlying'
2025-11-08 21:01:04,651 - INFO -    ✅ Binary Option executada | ID: 13283883663
2025-11-08 21:01:04,651 - INFO - ✅ Posição PUT aberta | ID: 13283883663
2025-11-08 21:02:11,186 - INFO - ✅ TRADE VENCEDOR | Lucro: $4.35
2025-11-08 21:02:11,186 - INFO - 📊 Win Rate: 50.0% (2/4)
2025-11-08 21:02:11,186 - INFO - 💰 Lucro Total: $-1.30
2025-11-08 21:02:11,186 - INFO - 💰 Lucro Diário: $-1.30
2025-11-08 21:55:13,335 - INFO - 📊 EST 3: Abrindo VENDA | RSI: 75.25
2025-11-08 21:55:13,335 - INFO - 📈 Abrindo posição PUT
2025-11-08 21:55:13,347 - INFO -    Ativo: EURUSD-OTC | Valor: $5.0 | Exp: 1min
2025-11-08 21:55:15,380 - WARNING -    ⚠️ Erro ao verificar disponibilidade: 'underlying'
2025-11-08 21:55:15,979 - INFO -    ✅ Binary Option executada | ID: 13284039144
2025-11-08 21:55:15,979 - INFO - ✅ Posição PUT aberta | ID: 13284039144
2025-11-08 21:56:11,464 - INFO - ✅ TRADE VENCEDOR | Lucro: $4.35
2025-11-08 21:56:11,464 - INFO - 📊 Win Rate: 60.0% (3/5)
2025-11-08 21:56:11,464 - INFO - 💰 Lucro Total: $3.05
2025-11-08 21:56:11,464 - INFO - 💰 Lucro Diário: $3.05
2025-11-08 23:09:54,058 - INFO - 📊 EST 3: Abrindo VENDA | RSI: 75.23
2025-11-08 23:09:54,065 - INFO - 📈 Abrindo posição PUT
2025-11-08 23:09:54,066 - INFO -    Ativo: EURUSD-OTC | Valor: $5.0 | Exp: 1min
2025-11-08 23:09:56,300 - WARNING -    ⚠️ Erro ao verificar disponibilidade: 'underlying'
2025-11-08 23:09:56,903 - INFO -    ✅ Binary Option executada | ID: 13284264674
2025-11-08 23:09:56,904 - INFO - ✅ Posição PUT aberta | ID: 13284264674
2025-11-08 23:11:11,646 - INFO - ✅ TRADE VENCEDOR | Lucro: $4.35
2025-11-08 23:11:11,647 - INFO - 📊 Win Rate: 66.7% (4/6)
2025-11-08 23:11:11,647 - INFO - 💰 Lucro Total: $7.40
2025-11-08 23:11:11,647 - INFO - 💰 Lucro Diário: $7.40
2025-11-09 00:05:28,599 - ERROR - Connection is already closed.
2025-11-09 00:05:28,693 - ERROR - **error** get_candles need reconnect
2025-11-09 00:05:28,887 - ERROR - [Errno 11001] getaddrinfo failed
2025-11-09 00:05:28,939 - ERROR - **error** get_candles need reconnect
2025-11-09 00:05:29,038 - ERROR - [Errno 11001] getaddrinfo failed
2025-11-09 00:05:29,078 - ERROR - **error** get_candles need reconnect
2025-11-09 00:05:29,116 - ERROR - [Errno 11001] getaddrinfo failed
2025-11-09 00:05:29,149 - ERROR - **error** get_candles need reconnect
2025-11-09 00:05:29,172 - ERROR - [Errno 11001] getaddrinfo failed
2025-11-09 00:05:29,189 - ERROR - **error** get_candles need reconnect
2025-11-09 00:05:29,223 - ERROR - [Errno 11001] getaddrinfo failed
2025-11-09 00:05:29,250 - ERROR - **error** get_candles need reconnect
2025-11-09 00:05:29,279 - ERROR - [Errno 11001] getaddrinfo failed
2025-11-09 00:05:29,317 - ERROR - **error** get_candles need reconnect
2025-11-09 00:05:29,375 - ERROR - [Errno 11001] getaddrinfo failed
2025-11-09 00:05:29,394 - ERROR - **error** get_candles need reconnect
2025-11-09 00:05:29,425 - ERROR - [Errno 11001] getaddrinfo failed
2025-11-09 00:05:29,469 - ERROR - **error** get_candles need reconnect
2025-11-09 00:05:29,489 - ERROR - [Errno 11001] getaddrinfo failed
2025-11-09 00:05:29,516 - ERROR - **error** get_candles need reconnect
2025-11-09 00:05:29,530 - ERROR - [Errno 11001] getaddrinfo failed
2025-11-09 00:05:29,564 - ERROR - **error** get_candles need reconnect
2025-11-09 00:05:29,579 - ERROR - [Errno 11001] getaddrinfo failed
2025-11-09 00:05:29,612 - ERROR - **error** get_candles need reconnect
2025-11-09 00:05:29,625 - ERROR - [Errno 11001] getaddrinfo failed
2025-11-09 00:05:29,634 - ERROR - **error** get_candles need reconnect
2025-11-09 00:05:29,650 - ERROR - [Errno 11001] getaddrinfo failed
2025-11-09 00:05:29,675 - ERROR - **error** get_candles need reconnect
2025-11-09 00:05:29,690 - ERROR - [Errno 11001] getaddrinfo failed
2025-11-09 00:05:29,710 - ERROR - **error** get_candles need reconnect
2025-11-09 00:05:29,729 - ERROR - [Errno 11001] getaddrinfo failed
2025-11-09 00:05:29,748 - ERROR - **error** get_candles need reconnect
2025-11-09 00:05:29,762 - ERROR - [Errno 11001] getaddrinfo failed
2025-11-09 00:05:29,780 - ERROR - **error** get_candles need reconnect
2025-11-09 00:05:29,793 - ERROR - [Errno 11001] getaddrinfo failed
2025-11-09 00:05:29,826 - ERROR - **error** get_candles need reconnect
2025-11-09 00:05:29,841 - ERROR - [Errno 11001] getaddrinfo failed
2025-11-09 00:05:29,874 - ERROR - **error** get_candles need reconnect
2025-11-09 00:05:29,888 - ERROR - [Errno 11001] getaddrinfo failed
2025-11-09 00:05:29,920 - ERROR - **error** get_candles need reconnect
2025-11-09 00:05:29,936 - ERROR - [Errno 11001] getaddrinfo failed
2025-11-09 00:05:29,952 - ERROR - **error** get_candles need reconnect
2025-11-09 00:05:29,968 - ERROR - [Errno 11001] getaddrinfo failed
2025-11-09 00:05:29,975 - ERROR - **error** get_candles need reconnect
2025-11-09 00:05:29,992 - ERROR - [Errno 11001] getaddrinfo failed
2025-11-09 00:05:30,021 - ERROR - **error** get_candles need reconnect
2025-11-09 00:05:30,040 - ERROR - [Errno 11001] getaddrinfo failed
2025-11-09 00:05:30,056 - ERROR - **error** get_candles need reconnect
2025-11-09 00:05:30,064 - ERROR - [Errno 11001] getaddrinfo failed
2025-11-09 00:05:30,073 - ERROR - **error** get_candles need reconnect
2025-11-09 00:05:30,089 - ERROR - [Errno 11001] getaddrinfo failed
2025-11-09 00:05:30,106 - ERROR - **error** get_candles need reconnect
2025-11-09 00:05:30,119 - ERROR - [Errno 11001] getaddrinfo failed
2025-11-09 00:05:30,129 - ERROR - **error** get_candles need reconnect
2025-11-09 00:05:30,144 - ERROR - [Errno 11001] getaddrinfo failed
2025-11-09 00:05:30,161 - ERROR - **error** get_candles need reconnect
2025-11-09 00:05:30,184 - ERROR - [Errno 11001] getaddrinfo failed
2025-11-09 00:05:30,216 - ERROR - **error** get_candles need reconnect
2025-11-09 00:05:30,231 - ERROR - [Errno 11001] getaddrinfo failed
2025-11-09 00:05:30,249 - ERROR - **error** get_candles need reconnect
2025-11-09 00:05:30,263 - ERROR - [Errno 11001] getaddrinfo failed
2025-11-09 00:05:30,271 - ERROR - **error** get_candles need reconnect
2025-11-09 00:05:30,295 - ERROR - [Errno 11001] getaddrinfo failed
2025-11-09 00:05:30,319 - ERROR - **error** get_candles need reconnect
2025-11-09 00:05:30,335 - ERROR - [Errno 11001] getaddrinfo failed
2025-11-09 00:05:30,352 - ERROR - **error** get_candles need reconnect
2025-11-09 00:05:30,367 - ERROR - [Errno 11001] getaddrinfo failed
2025-11-09 00:05:30,390 - ERROR - **error** get_candles need reconnect
2025-11-09 00:05:30,405 - ERROR - [Errno 11001] getaddrinfo failed
2025-11-09 00:05:30,433 - ERROR - **error** get_candles need reconnect
2025-11-09 00:05:30,450 - ERROR - [Errno 11001] getaddrinfo failed
2025-11-09 00:05:30,466 - ERROR - **error** get_candles need reconnect
2025-11-09 00:05:30,474 - ERROR - [Errno 11001] getaddrinfo failed
2025-11-09 00:05:30,483 - ERROR - **error** get_candles need reconnect
2025-11-09 00:05:30,498 - ERROR - [Errno 11001] getaddrinfo failed
2025-11-09 00:05:30,533 - ERROR - **error** get_candles need reconnect
2025-11-09 00:05:30,547 - ERROR - [Errno 11001] getaddrinfo failed
2025-11-09 00:05:30,569 - ERROR - **error** get_candles need reconnect
2025-11-09 00:05:30,578 - ERROR - [Errno 11001] getaddrinfo failed
2025-11-09 00:05:30,595 - ERROR - **error** get_candles need reconnect
2025-11-09 00:05:30,610 - ERROR - [Errno 11001] getaddrinfo failed
2025-11-09 00:05:30,627 - ERROR - **error** get_candles need reconnect
2025-11-09 00:05:30,635 - ERROR - [Errno 11001] getaddrinfo failed
2025-11-09 00:05:30,660 - ERROR - **error** get_candles need reconnect
2025-11-09 00:05:30,675 - ERROR - [Errno 11001] getaddrinfo failed
2025-11-09 00:05:30,692 - ERROR - **error** get_candles need reconnect
2025-11-09 00:05:30,709 - ERROR - [Errno 11001] getaddrinfo failed
2025-11-09 00:05:30,725 - ERROR - **error** get_candles need reconnect
2025-11-09 00:05:30,733 - ERROR - [Errno 11001] getaddrinfo failed
2025-11-09 00:05:30,749 - ERROR - **error** get_candles need reconnect
2025-11-09 00:05:30,766 - ERROR - [Errno 11001] getaddrinfo failed
2025-11-09 00:05:30,792 - ERROR - **error** get_candles need reconnect
2025-11-09 00:05:30,806 - ERROR - [Errno 11001] getaddrinfo failed
2025-11-09 00:05:30,825 - ERROR - **error** get_candles need reconnect
2025-11-09 00:05:30,866 - ERROR - [Errno 11001] getaddrinfo failed
2025-11-09 00:05:30,895 - ERROR - **error** get_candles need reconnect
2025-11-09 00:05:30,915 - ERROR - [Errno 11001] getaddrinfo failed
2025-11-09 00:05:30,948 - ERROR - **error** get_candles need reconnect
2025-11-09 00:05:30,963 - ERROR - [Errno 11001] getaddrinfo failed
2025-11-09 00:05:30,995 - ERROR - **error** get_candles need reconnect
2025-11-09 00:05:31,012 - ERROR - [Errno 11001] getaddrinfo failed
2025-11-09 00:05:31,037 - ERROR - **error** get_candles need reconnect
2025-11-09 00:05:31,052 - ERROR - [Errno 11001] getaddrinfo failed
2025-11-09 00:05:31,063 - ERROR - **error** get_candles need reconnect
2025-11-09 00:05:31,068 - ERROR - [Errno 11001] getaddrinfo failed
2025-11-09 00:05:31,076 - ERROR - **error** get_candles need reconnect
2025-11-09 00:05:31,086 - ERROR - [Errno 11001] getaddrinfo failed
2025-11-09 00:05:31,093 - ERROR - **error** get_candles need reconnect
2025-11-09 00:05:31,101 - ERROR - [Errno 11001] getaddrinfo failed
2025-11-09 00:05:31,118 - ERROR - **error** get_candles need reconnect
2025-11-09 00:05:31,126 - ERROR - [Errno 11001] getaddrinfo failed
2025-11-09 00:05:31,144 - ERROR - **error** get_candles need reconnect
2025-11-09 00:05:31,151 - ERROR - [Errno 11001] getaddrinfo failed
2025-11-09 00:05:31,168 - ERROR - **error** get_candles need reconnect
2025-11-09 00:05:31,176 - ERROR - [Errno 11001] getaddrinfo failed
2025-11-09 00:05:31,184 - ERROR - **error** get_candles need reconnect
2025-11-09 00:05:31,192 - ERROR - [Errno 11001] getaddrinfo failed
2025-11-09 00:05:31,209 - ERROR - **error** get_candles need reconnect
2025-11-09 00:05:31,217 - ERROR - [Errno 11001] getaddrinfo failed
2025-11-09 00:05:31,233 - ERROR - **error** get_candles need reconnect
2025-11-09 00:05:31,241 - ERROR - [Errno 11001] getaddrinfo failed
2025-11-09 00:05:31,250 - ERROR - **error** get_candles need reconnect
2025-11-09 00:05:31,259 - ERROR - [Errno 11001] getaddrinfo failed
2025-11-09 00:05:31,275 - ERROR - **error** get_candles need reconnect
2025-11-09 00:05:31,283 - ERROR - [Errno 11001] getaddrinfo failed
2025-11-09 00:05:31,301 - ERROR - **error** get_candles need reconnect
2025-11-09 00:05:31,315 - ERROR - [Errno 11001] getaddrinfo failed
2025-11-09 00:05:31,335 - ERROR - **error** get_candles need reconnect
2025-11-09 00:05:31,364 - ERROR - [Errno 11001] getaddrinfo failed
2025-11-09 00:05:31,380 - ERROR - **error** get_candles need reconnect
2025-11-09 00:05:31,388 - ERROR - [Errno 11001] getaddrinfo failed
2025-11-09 00:05:31,406 - ERROR - **error** get_candles need reconnect
2025-11-09 00:05:31,412 - ERROR - [Errno 11001] getaddrinfo failed
2025-11-09 00:05:31,429 - ERROR - **error** get_candles need reconnect
2025-11-09 00:05:31,437 - ERROR - [Errno 11001] getaddrinfo failed
2025-11-09 00:05:31,456 - ERROR - **error** get_candles need reconnect
2025-11-09 00:05:31,462 - ERROR - [Errno 11001] getaddrinfo failed
2025-11-09 00:05:31,478 - ERROR - **error** get_candles need reconnect
2025-11-09 00:05:31,486 - ERROR - [Errno 11001] getaddrinfo failed
2025-11-09 00:05:31,495 - ERROR - **error** get_candles need reconnect
2025-11-09 00:05:31,503 - ERROR - [Errno 11001] getaddrinfo failed
2025-11-09 00:05:31,511 - ERROR - **error** get_candles need reconnect
2025-11-09 00:05:31,519 - ERROR - [Errno 11001] getaddrinfo failed
2025-11-09 00:05:31,529 - ERROR - **error** get_candles need reconnect
2025-11-09 00:05:31,543 - ERROR - [Errno 11001] getaddrinfo failed
2025-11-09 00:05:31,560 - ERROR - **error** get_candles need reconnect
2025-11-09 00:05:31,568 - ERROR - [Errno 11001] getaddrinfo failed
2025-11-09 00:05:31,584 - ERROR - **error** get_candles need reconnect
2025-11-09 00:05:31,592 - ERROR - [Errno 11001] getaddrinfo failed
2025-11-09 00:05:31,624 - ERROR - **error** get_candles need reconnect
2025-11-09 00:05:31,640 - ERROR - [Errno 11001] getaddrinfo failed
2025-11-09 00:05:31,656 - ERROR - **error** get_candles need reconnect
2025-11-09 00:05:31,665 - ERROR - [Errno 11001] getaddrinfo failed
2025-11-09 00:05:31,687 - ERROR - **error** get_candles need reconnect
2025-11-09 00:05:31,705 - ERROR - [Errno 11001] getaddrinfo failed
2025-11-09 00:05:31,723 - ERROR - **error** get_candles need reconnect
2025-11-09 00:05:31,730 - ERROR - [Errno 11001] getaddrinfo failed
2025-11-09 00:05:31,746 - ERROR - **error** get_candles need reconnect
2025-11-09 00:05:31,762 - ERROR - [Errno 11001] getaddrinfo failed
2025-11-09 00:05:31,780 - ERROR - **error** get_candles need reconnect
2025-11-09 00:05:31,795 - ERROR - [Errno 11001] getaddrinfo failed
2025-11-09 00:05:31,812 - ERROR - **error** get_candles need reconnect
2025-11-09 00:05:31,828 - ERROR - [Errno 11001] getaddrinfo failed
2025-11-09 00:05:31,845 - ERROR - **error** get_candles need reconnect
2025-11-09 00:05:31,861 - ERROR - [Errno 11001] getaddrinfo failed
2025-11-09 00:05:31,878 - ERROR - **error** get_candles need reconnect
2025-11-09 00:05:31,886 - ERROR - [Errno 11001] getaddrinfo failed
2025-11-09 00:05:31,902 - ERROR - **error** get_candles need reconnect
2025-11-09 00:05:31,910 - ERROR - [Errno 11001] getaddrinfo failed
2025-11-09 00:05:31,927 - ERROR - **error** get_candles need reconnect
2025-11-09 00:05:31,935 - ERROR - [Errno 11001] getaddrinfo failed
2025-11-09 00:05:31,951 - ERROR - **error** get_candles need reconnect
2025-11-09 00:05:31,959 - ERROR - [Errno 11001] getaddrinfo failed
2025-11-09 00:05:31,976 - ERROR - **error** get_candles need reconnect
2025-11-09 00:05:31,984 - ERROR - [Errno 11001] getaddrinfo failed
2025-11-09 00:05:32,000 - ERROR - **error** get_candles need reconnect
2025-11-09 00:05:32,016 - ERROR - [Errno 11001] getaddrinfo failed
2025-11-09 00:05:32,041 - ERROR - **error** get_candles need reconnect
2025-11-09 00:05:32,057 - ERROR - [Errno 11001] getaddrinfo failed
2025-11-09 00:05:32,073 - ERROR - **error** get_candles need reconnect
2025-11-09 00:05:32,091 - ERROR - [Errno 11001] getaddrinfo failed
2025-11-09 00:05:32,108 - ERROR - **error** get_candles need reconnect
2025-11-09 00:05:32,139 - ERROR - [Errno 11001] getaddrinfo failed
2025-11-09 00:05:32,156 - ERROR - **error** get_candles need reconnect
2025-11-09 00:05:32,171 - ERROR - [Errno 11001] getaddrinfo failed
2025-11-09 00:05:32,180 - ERROR - **error** get_candles need reconnect
2025-11-09 00:05:32,188 - ERROR - [Errno 11001] getaddrinfo failed
2025-11-09 00:05:32,196 - ERROR - **error** get_candles need reconnect
2025-11-09 00:05:32,214 - ERROR - [Errno 11001] getaddrinfo failed
2025-11-09 00:05:32,229 - ERROR - **error** get_candles need reconnect
2025-11-09 00:05:32,237 - ERROR - [Errno 11001] getaddrinfo failed
2025-11-09 00:05:32,246 - ERROR - **error** get_candles need reconnect
2025-11-09 00:05:32,254 - ERROR - [Errno 11001] getaddrinfo failed
2025-11-09 00:05:32,264 - ERROR - **error** get_candles need reconnect
2025-11-09 00:05:32,279 - ERROR - [Errno 11001] getaddrinfo failed
2025-11-09 00:05:32,297 - ERROR - **error** get_candles need reconnect
2025-11-09 00:05:32,312 - ERROR - [Errno 11001] getaddrinfo failed
2025-11-09 00:05:32,328 - ERROR - **error** get_candles need reconnect
2025-11-09 00:05:32,336 - ERROR - [Errno 11001] getaddrinfo failed
2025-11-09 00:05:32,344 - ERROR - **error** get_candles need reconnect
2025-11-09 00:05:32,352 - ERROR - [Errno 11001] getaddrinfo failed
2025-11-09 00:05:32,377 - ERROR - **error** get_candles need reconnect
2025-11-09 00:05:32,393 - ERROR - [Errno 11001] getaddrinfo failed
2025-11-09 00:05:32,410 - ERROR - **error** get_candles need reconnect
2025-11-09 00:05:32,426 - ERROR - [Errno 11001] getaddrinfo failed
2025-11-09 00:05:32,450 - ERROR - **error** get_candles need reconnect
2025-11-09 00:05:32,459 - ERROR - [Errno 11001] getaddrinfo failed
2025-11-09 00:05:32,475 - ERROR - **error** get_candles need reconnect
2025-11-09 00:05:32,483 - ERROR - [Errno 11001] getaddrinfo failed
2025-11-09 00:05:32,491 - ERROR - **error** get_candles need reconnect
2025-11-09 00:05:32,499 - ERROR - [Errno 11001] getaddrinfo failed
2025-11-09 00:05:32,516 - ERROR - **error** get_candles need reconnect
2025-11-09 00:05:32,532 - ERROR - [Errno 11001] getaddrinfo failed
2025-11-09 00:05:32,556 - ERROR - **error** get_candles need reconnect
2025-11-09 00:05:32,573 - ERROR - [Errno 11001] getaddrinfo failed
2025-11-09 00:05:32,606 - ERROR - **error** get_candles need reconnect
2025-11-09 00:05:32,622 - ERROR - [Errno 11001] getaddrinfo failed
2025-11-09 00:05:32,640 - ERROR - **error** get_candles need reconnect
2025-11-09 00:05:32,655 - ERROR - [Errno 11001] getaddrinfo failed
2025-11-09 00:05:32,680 - ERROR - **error** get_candles need reconnect
2025-11-09 00:05:32,688 - ERROR - [Errno 11001] getaddrinfo failed
2025-11-09 00:05:32,706 - ERROR - **error** get_candles need reconnect
2025-11-09 00:05:32,720 - ERROR - [Errno 11001] getaddrinfo failed
2025-11-09 00:05:32,744 - ERROR - **error** get_candles need reconnect
2025-11-09 00:05:32,761 - ERROR - [Errno 11001] getaddrinfo failed
2025-11-09 00:05:32,769 - ERROR - **error** get_candles need reconnect
2025-11-09 00:05:32,777 - ERROR - [Errno 11001] getaddrinfo failed
2025-11-09 00:05:32,802 - ERROR - **error** get_candles need reconnect
2025-11-09 00:05:32,810 - ERROR - [Errno 11001] getaddrinfo failed
2025-11-09 00:05:32,834 - ERROR - **error** get_candles need reconnect
2025-11-09 00:05:32,842 - ERROR - [Errno 11001] getaddrinfo failed
2025-11-09 00:05:32,859 - ERROR - **error** get_candles need reconnect
2025-11-09 00:05:32,866 - ERROR - [Errno 11001] getaddrinfo failed
2025-11-09 00:05:32,883 - ERROR - **error** get_candles need reconnect
2025-11-09 00:05:32,898 - ERROR - [Errno 11001] getaddrinfo failed
2025-11-09 00:05:32,923 - ERROR - **error** get_candles need reconnect
2025-11-09 00:05:32,931 - ERROR - [Errno 11001] getaddrinfo failed
2025-11-09 00:05:32,939 - ERROR - **error** get_candles need reconnect
2025-11-09 00:05:32,947 - ERROR - [Errno 11001] getaddrinfo failed
2025-11-09 00:05:32,963 - ERROR - **error** get_candles need reconnect
2025-11-09 00:05:32,972 - ERROR - [Errno 11001] getaddrinfo failed
2025-11-09 00:05:32,980 - ERROR - **error** get_candles need reconnect
2025-11-09 00:05:32,988 - ERROR - [Errno 11001] getaddrinfo failed
2025-11-09 00:05:33,004 - ERROR - **error** get_candles need reconnect
2025-11-09 00:05:33,013 - ERROR - [Errno 11001] getaddrinfo failed
2025-11-09 00:05:33,038 - ERROR - **error** get_candles need reconnect
2025-11-09 00:05:33,054 - ERROR - [Errno 11001] getaddrinfo failed
2025-11-09 00:05:33,080 - ERROR - **error** get_candles need reconnect
2025-11-09 00:05:33,087 - ERROR - [Errno 11001] getaddrinfo failed
2025-11-09 00:05:33,103 - ERROR - **error** get_candles need reconnect
2025-11-09 00:05:33,111 - ERROR - [Errno 11001] getaddrinfo failed
2025-11-09 00:05:33,127 - ERROR - **error** get_candles need reconnect
2025-11-09 00:05:33,135 - ERROR - [Errno 11001] getaddrinfo failed
2025-11-09 00:05:33,144 - ERROR - **error** get_candles need reconnect
2025-11-09 00:05:33,152 - ERROR - [Errno 11001] getaddrinfo failed
2025-11-09 00:05:33,168 - ERROR - **error** get_candles need reconnect
2025-11-09 00:05:33,176 - ERROR - [Errno 11001] getaddrinfo failed
2025-11-09 00:05:33,193 - ERROR - **error** get_candles need reconnect
2025-11-09 00:05:33,209 - ERROR - [Errno 11001] getaddrinfo failed
2025-11-09 00:05:33,243 - ERROR - **error** get_candles need reconnect
2025-11-09 00:05:33,251 - ERROR - [Errno 11001] getaddrinfo failed
2025-11-09 00:05:33,301 - ERROR - **error** get_candles need reconnect
2025-11-09 00:05:33,309 - ERROR - [Errno 11001] getaddrinfo failed
2025-11-09 00:05:33,326 - ERROR - **error** get_candles need reconnect
2025-11-09 00:05:33,351 - ERROR - [Errno 11001] getaddrinfo failed
2025-11-09 00:05:33,369 - ERROR - **error** get_candles need reconnect
2025-11-09 00:05:33,397 - ERROR - [Errno 11001] getaddrinfo failed
2025-11-09 04:40:08,690 - ERROR - **error** get_candles need reconnect
2025-11-09 04:40:08,788 - ERROR - [Errno 11001] getaddrinfo failed
2025-11-09 04:40:08,821 - ERROR - **error** get_candles need reconnect
2025-11-09 04:40:09,005 - ERROR - [Errno 11001] getaddrinfo failed
2025-11-09 04:40:09,055 - ERROR - **error** get_candles need reconnect
2025-11-09 04:40:09,164 - ERROR - [Errno 11001] getaddrinfo failed
2025-11-09 04:40:09,233 - ERROR - **error** get_candles need reconnect
2025-11-09 04:40:09,273 - ERROR - [Errno 11001] getaddrinfo failed
2025-11-09 04:40:09,290 - ERROR - **error** get_candles need reconnect
2025-11-09 04:40:09,338 - ERROR - [Errno 11001] getaddrinfo failed
2025-11-09 04:40:09,367 - ERROR - **error** get_candles need reconnect
2025-11-09 04:40:09,383 - ERROR - [Errno 11001] getaddrinfo failed
2025-11-09 04:40:09,399 - ERROR - **error** get_candles need reconnect
2025-11-09 04:40:09,429 - ERROR - [Errno 11001] getaddrinfo failed
2025-11-09 04:40:09,447 - ERROR - **error** get_candles need reconnect
2025-11-09 04:40:09,477 - ERROR - [Errno 11001] getaddrinfo failed
2025-11-09 04:40:09,506 - ERROR - **error** get_candles need reconnect
2025-11-09 04:40:09,523 - ERROR - [Errno 11001] getaddrinfo failed
2025-11-09 04:40:09,556 - ERROR - **error** get_candles need reconnect
2025-11-09 04:40:09,570 - ERROR - [Errno 11001] getaddrinfo failed
2025-11-09 04:40:09,593 - ERROR - **error** get_candles need reconnect
2025-11-09 04:40:09,633 - ERROR - [Errno 11001] getaddrinfo failed
2025-11-09 04:40:09,649 - ERROR - **error** get_candles need reconnect
2025-11-09 04:40:09,666 - ERROR - [Errno 11001] getaddrinfo failed
2025-11-09 04:40:09,696 - ERROR - **error** get_candles need reconnect
2025-11-09 04:40:09,712 - ERROR - [Errno 11001] getaddrinfo failed
2025-11-09 04:40:09,825 - ERROR - **error** get_candles need reconnect
2025-11-09 04:40:09,999 - ERROR - [Errno 11001] getaddrinfo failed
2025-11-09 04:40:10,030 - ERROR - **error** get_candles need reconnect
2025-11-09 04:40:12,169 - INFO - 📊 EST 3: Abrindo COMPRA | RSI: 13.52
2025-11-09 04:40:12,174 - INFO - 📈 Abrindo posição CALL
2025-11-09 04:40:12,176 - INFO -    Ativo: EURUSD-OTC | Valor: $5.0 | Exp: 1min
2025-11-09 04:40:15,525 - WARNING -    ⚠️ Erro ao verificar disponibilidade: 'underlying'
2025-11-09 04:40:16,162 - INFO -    ✅ Binary Option executada | ID: 13285021073
2025-11-09 04:40:16,165 - INFO - ✅ Posição CALL aberta | ID: 13285021073
2025-11-09 11:52:07,233 - ERROR - Connection is already closed.
2025-11-09 11:52:32,840 - INFO - ⚠️ Bot interrompido pelo usuário
2025-11-09 11:52:32,850 - INFO - 🔌 Desconectado da IQ Option
2025-11-09 11:52:32,850 - INFO - ============================================================
2025-11-09 11:52:32,850 - INFO - 📊 RESUMO FINAL
2025-11-09 11:52:32,850 - INFO - ============================================================
2025-11-09 11:52:32,850 - INFO - Total de Trades: 6
2025-11-09 11:52:32,852 - INFO - Trades Vencedores: 4
2025-11-09 11:52:32,853 - INFO - Win Rate: 66.7%
2025-11-09 11:52:32,853 - INFO - Lucro Total: $7.40
2025-11-09 11:52:32,853 - INFO - Lucro Diário: $7.40
2025-11-09 11:52:32,854 - INFO - ============================================================
2025-11-09 11:52:47,998 - INFO - 🤖 INICIANDO BOT...
2025-11-09 11:52:47,998 - INFO - ============================================================
2025-11-09 11:52:47,998 - INFO - INICIANDO CONEXÃO COM IQ OPTION
2025-11-09 11:52:47,998 - INFO - ============================================================
2025-11-09 11:52:50,486 - INFO - ✅ Modo: CONTA DEMO
2025-11-09 11:52:50,917 - INFO - 💰 Saldo disponível: $8103.54
2025-11-09 11:52:50,917 - INFO - 🔄 Fim de semana detectado - Usando EURUSD-OTC
2025-11-09 11:52:50,917 - INFO - ------------------------------------------------------------
2025-11-09 11:52:50,917 - INFO - 📊 Ativo: EURUSD-OTC
2025-11-09 11:52:50,917 - INFO -    🌐 Modo OTC ativado (mercado 24/7)
2025-11-09 11:52:50,917 - INFO - ⏱️ Timeframe: 5 minuto(s)
2025-11-09 11:52:50,917 - INFO - ⏳ Expiração: 1 minuto(s)
2025-11-09 11:52:50,917 - INFO - 💵 Valor por operação: $5.0
2025-11-09 11:52:50,917 - INFO - 🎯 Estratégia: 3
2025-11-09 11:52:50,917 - INFO - 🕒 Horário: 00:00 - 23:59
2025-11-09 11:52:50,917 - INFO - ------------------------------------------------------------
2025-11-09 11:52:50,917 - INFO - 🔍 Verificando disponibilidade do ativo...
2025-11-09 11:52:53,326 - WARNING - ⚠️ Erro ao verificar disponibilidade: 'underlying'
2025-11-09 11:52:53,366 - INFO - ============================================================
2025-11-09 11:52:53,367 - INFO - 🚀 Bot em execução!
2025-11-09 12:15:41,503 - INFO - 📊 EST 3: Abrindo COMPRA | RSI: 24.79
2025-11-09 12:15:41,503 - INFO - 📈 Abrindo posição CALL
2025-11-09 12:15:41,503 - INFO -    Ativo: EURUSD-OTC | Valor: $5.0 | Exp: 1min
2025-11-09 12:15:44,231 - WARNING -    ⚠️ Erro ao verificar disponibilidade: 'underlying'
2025-11-09 12:15:44,933 - INFO -    ✅ Binary Option executada | ID: 13286067937
2025-11-09 12:15:44,933 - INFO - ✅ Posição CALL aberta | ID: 13286067937
2025-11-09 12:17:10,612 - INFO - ❌ TRADE PERDEDOR | Prejuízo: $-5.00
2025-11-09 12:17:10,613 - INFO - 📊 Win Rate: 0.0% (0/1)
2025-11-09 12:17:10,613 - INFO - 💰 Lucro Total: $-5.00
2025-11-09 12:17:10,613 - INFO - 💰 Lucro Diário: $-5.00
2025-11-09 12:38:53,506 - INFO - 📊 EST 3: Abrindo COMPRA | RSI: 24.81
2025-11-09 12:38:53,522 - INFO - 📈 Abrindo posição CALL
2025-11-09 12:38:53,522 - INFO -    Ativo: EURUSD-OTC | Valor: $5.0 | Exp: 1min
2025-11-09 12:38:55,139 - WARNING -    ⚠️ Erro ao verificar disponibilidade: 'underlying'
2025-11-09 12:38:55,791 - INFO -    ✅ Binary Option executada | ID: 13286144367
2025-11-09 12:38:55,792 - INFO - ✅ Posição CALL aberta | ID: 13286144367
2025-11-09 12:40:10,339 - INFO - ❌ TRADE PERDEDOR | Prejuízo: $-5.00
2025-11-09 12:40:10,339 - INFO - 📊 Win Rate: 0.0% (0/2)
2025-11-09 12:40:10,339 - INFO - 💰 Lucro Total: $-10.00
2025-11-09 12:40:10,339 - INFO - 💰 Lucro Diário: $-10.00
2025-11-09 12:44:12,915 - INFO - 📊 EST 3: Abrindo COMPRA | RSI: 24.81
2025-11-09 12:44:12,915 - INFO - 📈 Abrindo posição CALL
2025-11-09 12:44:12,915 - INFO -    Ativo: EURUSD-OTC | Valor: $5.0 | Exp: 1min
2025-11-09 12:44:14,482 - WARNING -    ⚠️ Erro ao verificar disponibilidade: 'underlying'
2025-11-09 12:44:15,106 - INFO -    ✅ Binary Option executada | ID: 13286162047
2025-11-09 12:44:15,107 - INFO - ✅ Posição CALL aberta | ID: 13286162047
2025-11-09 12:45:10,556 - INFO - ❌ TRADE PERDEDOR | Prejuízo: $-5.00
2025-11-09 12:45:10,556 - INFO - 📊 Win Rate: 0.0% (0/3)
2025-11-09 12:45:10,556 - INFO - 💰 Lucro Total: $-15.00
2025-11-09 12:45:10,556 - INFO - 💰 Lucro Diário: $-15.00
2025-11-09 12:50:32,651 - INFO - 📊 EST 3: Abrindo COMPRA | RSI: 24.66
2025-11-09 12:50:32,651 - INFO - 📈 Abrindo posição CALL
2025-11-09 12:50:32,651 - INFO -    Ativo: EURUSD-OTC | Valor: $5.0 | Exp: 1min
2025-11-09 12:50:34,264 - WARNING -    ⚠️ Erro ao verificar disponibilidade: 'underlying'
2025-11-09 12:50:34,889 - INFO -    ✅ Binary Option executada | ID: 13286182845
2025-11-09 12:50:34,889 - INFO - ✅ Posição CALL aberta | ID: 13286182845
2025-11-09 12:52:10,151 - INFO - ✅ TRADE VENCEDOR | Lucro: $4.40
2025-11-09 12:52:10,151 - INFO - 📊 Win Rate: 25.0% (1/4)
2025-11-09 12:52:10,151 - INFO - 💰 Lucro Total: $-10.60
2025-11-09 12:52:10,151 - INFO - 💰 Lucro Diário: $-10.60
2025-11-09 13:05:12,381 - INFO - 📊 EST 3: Abrindo VENDA | RSI: 82.66
2025-11-09 13:05:12,381 - INFO - 📈 Abrindo posição PUT
2025-11-09 13:05:12,381 - INFO -    Ativo: EURUSD-OTC | Valor: $5.0 | Exp: 1min
2025-11-09 13:05:13,952 - WARNING -    ⚠️ Erro ao verificar disponibilidade: 'underlying'
2025-11-09 13:05:14,560 - INFO -    ✅ Binary Option executada | ID: 13286227683
2025-11-09 13:05:14,561 - INFO - ✅ Posição PUT aberta | ID: 13286227683
2025-11-09 13:06:10,266 - INFO - ❌ TRADE PERDEDOR | Prejuízo: $-5.00
2025-11-09 13:06:10,266 - INFO - 📊 Win Rate: 20.0% (1/5)
2025-11-09 13:06:10,266 - INFO - 💰 Lucro Total: $-15.60
2025-11-09 13:06:10,266 - INFO - 💰 Lucro Diário: $-15.60
2025-11-09 13:25:39,396 - INFO - 📊 EST 3: Abrindo VENDA | RSI: 75.39
2025-11-09 13:25:39,396 - INFO - 📈 Abrindo posição PUT
2025-11-09 13:25:39,396 - INFO -    Ativo: EURUSD-OTC | Valor: $5.0 | Exp: 1min
2025-11-09 13:25:40,946 - WARNING -    ⚠️ Erro ao verificar disponibilidade: 'underlying'
2025-11-09 13:25:41,586 - INFO -    ✅ Binary Option executada | ID: 13286288642
2025-11-09 13:25:41,586 - INFO - ✅ Posição PUT aberta | ID: 13286288642
2025-11-09 13:27:10,659 - INFO - ❌ TRADE PERDEDOR | Prejuízo: $-5.00
2025-11-09 13:27:10,659 - INFO - 📊 Win Rate: 16.7% (1/6)
2025-11-09 13:27:10,659 - INFO - 💰 Lucro Total: $-20.60
2025-11-09 13:27:10,659 - INFO - 💰 Lucro Diário: $-20.60
2025-11-09 13:31:02,977 - INFO - 📊 EST 3: Abrindo VENDA | RSI: 75.58
2025-11-09 13:31:02,977 - INFO - 📈 Abrindo posição PUT
2025-11-09 13:31:02,977 - INFO -    Ativo: EURUSD-OTC | Valor: $5.0 | Exp: 1min
2025-11-09 13:31:04,542 - WARNING -    ⚠️ Erro ao verificar disponibilidade: 'underlying'
2025-11-09 13:31:05,196 - INFO -    ✅ Binary Option executada | ID: 13286305410
2025-11-09 13:31:05,197 - INFO - ✅ Posição PUT aberta | ID: 13286305410
2025-11-09 13:32:10,597 - INFO - ❌ TRADE PERDEDOR | Prejuízo: $-5.00
2025-11-09 13:32:10,597 - INFO - 📊 Win Rate: 14.3% (1/7)
2025-11-09 13:32:10,597 - INFO - 💰 Lucro Total: $-25.60
2025-11-09 13:32:10,597 - INFO - 💰 Lucro Diário: $-25.60
2025-11-09 13:37:22,474 - INFO - 📊 EST 3: Abrindo VENDA | RSI: 75.12
2025-11-09 13:37:22,474 - INFO - 📈 Abrindo posição PUT
2025-11-09 13:37:22,474 - INFO -    Ativo: EURUSD-OTC | Valor: $5.0 | Exp: 1min
2025-11-09 13:37:23,977 - WARNING -    ⚠️ Erro ao verificar disponibilidade: 'underlying'
2025-11-09 13:37:24,617 - INFO -    ✅ Binary Option executada | ID: 13286326081
2025-11-09 13:37:24,618 - INFO - ✅ Posição PUT aberta | ID: 13286326081
2025-11-09 13:38:10,489 - INFO - ✅ TRADE VENCEDOR | Lucro: $4.45
2025-11-09 13:38:10,489 - INFO - 📊 Win Rate: 25.0% (2/8)
2025-11-09 13:38:10,489 - INFO - 💰 Lucro Total: $-21.15
2025-11-09 13:38:10,489 - INFO - 💰 Lucro Diário: $-21.15
2025-11-09 14:55:13,363 - INFO - 📊 EST 3: Abrindo COMPRA | RSI: 20.33
2025-11-09 14:55:13,366 - INFO - 📈 Abrindo posição CALL
2025-11-09 14:55:13,366 - INFO -    Ativo: EURUSD-OTC | Valor: $5.0 | Exp: 1min
2025-11-09 14:55:15,590 - WARNING -    ⚠️ Erro ao verificar disponibilidade: 'underlying'
2025-11-09 14:55:16,227 - INFO -    ✅ Binary Option executada | ID: 13286565168
2025-11-09 14:55:16,227 - INFO - ✅ Posição CALL aberta | ID: 13286565168
2025-11-09 14:56:10,347 - INFO - ✅ TRADE VENCEDOR | Lucro: $4.45
2025-11-09 14:56:10,347 - INFO - 📊 Win Rate: 33.3% (3/9)
2025-11-09 14:56:10,351 - INFO - 💰 Lucro Total: $-16.70
2025-11-09 14:56:10,351 - INFO - 💰 Lucro Diário: $-16.70
2025-11-09 15:51:59,081 - INFO - 📊 EST 3: Abrindo VENDA | RSI: 75.24
2025-11-09 15:51:59,081 - INFO - 📈 Abrindo posição PUT
2025-11-09 15:51:59,081 - INFO -    Ativo: EURUSD-OTC | Valor: $5.0 | Exp: 1min
2025-11-09 15:52:00,733 - WARNING -    ⚠️ Erro ao verificar disponibilidade: 'underlying'
2025-11-09 15:52:01,372 - INFO -    ✅ Binary Option executada | ID: 13286744023
2025-11-09 15:52:01,373 - INFO - ✅ Posição PUT aberta | ID: 13286744023
2025-11-09 15:53:10,539 - INFO - ❌ TRADE PERDEDOR | Prejuízo: $-5.00
2025-11-09 15:53:10,539 - INFO - 📊 Win Rate: 30.0% (3/10)
2025-11-09 15:53:10,539 - INFO - 💰 Lucro Total: $-21.70
2025-11-09 15:53:10,539 - INFO - 💰 Lucro Diário: $-21.70
2025-11-09 15:57:51,360 - INFO - 📊 EST 3: Abrindo VENDA | RSI: 75.00
2025-11-09 15:57:51,360 - INFO - 📈 Abrindo posição PUT
2025-11-09 15:57:51,360 - INFO -    Ativo: EURUSD-OTC | Valor: $5.0 | Exp: 1min
2025-11-09 15:57:52,982 - WARNING -    ⚠️ Erro ao verificar disponibilidade: 'underlying'
2025-11-09 15:57:53,576 - INFO -    ✅ Binary Option executada | ID: 13286763075
2025-11-09 15:57:53,577 - INFO - ✅ Posição PUT aberta | ID: 13286763075
2025-11-09 15:59:10,670 - INFO - ✅ TRADE VENCEDOR | Lucro: $4.45
2025-11-09 15:59:10,670 - INFO - 📊 Win Rate: 36.4% (4/11)
2025-11-09 15:59:10,670 - INFO - 💰 Lucro Total: $-17.25
2025-11-09 15:59:10,670 - INFO - 💰 Lucro Diário: $-17.25
2025-11-09 16:00:13,604 - INFO - 📊 EST 3: Abrindo VENDA | RSI: 81.50
2025-11-09 16:00:13,604 - INFO - 📈 Abrindo posição PUT
2025-11-09 16:00:13,604 - INFO -    Ativo: EURUSD-OTC | Valor: $5.0 | Exp: 1min
2025-11-09 16:00:15,432 - WARNING -    ⚠️ Erro ao verificar disponibilidade: 'underlying'
2025-11-09 16:00:16,041 - INFO -    ✅ Binary Option executada | ID: 13286770986
2025-11-09 16:00:16,042 - INFO - ✅ Posição PUT aberta | ID: 13286770986
2025-11-09 16:01:10,360 - INFO - ✅ TRADE VENCEDOR | Lucro: $4.50
2025-11-09 16:01:10,360 - INFO - 📊 Win Rate: 41.7% (5/12)
2025-11-09 16:01:10,360 - INFO - 💰 Lucro Total: $-12.75
2025-11-09 16:01:10,360 - INFO - 💰 Lucro Diário: $-12.75
2025-11-09 17:55:12,629 - INFO - 📊 EST 3: Abrindo COMPRA | RSI: 24.53
2025-11-09 17:55:12,629 - INFO - 📈 Abrindo posição CALL
2025-11-09 17:55:12,629 - INFO -    Ativo: EURUSD-OTC | Valor: $5.0 | Exp: 1min
2025-11-09 17:55:14,499 - WARNING -    ⚠️ Erro ao verificar disponibilidade: 'underlying'
2025-11-09 17:55:15,151 - INFO -    ✅ Binary Option executada | ID: 13287100608
2025-11-09 17:55:15,151 - INFO - ✅ Posição CALL aberta | ID: 13287100608
2025-11-09 17:56:10,563 - INFO - ✅ TRADE VENCEDOR | Lucro: $4.50
2025-11-09 17:56:10,563 - INFO - 📊 Win Rate: 46.2% (6/13)
2025-11-09 17:56:10,563 - INFO - 💰 Lucro Total: $-8.25
2025-11-09 17:56:10,563 - INFO - 💰 Lucro Diário: $-8.25
2025-11-09 18:05:13,429 - INFO - 📊 EST 3: Abrindo COMPRA | RSI: 23.66
2025-11-09 18:05:13,429 - INFO - 📈 Abrindo posição CALL
2025-11-09 18:05:13,429 - INFO -    Ativo: EURUSD-OTC | Valor: $5.0 | Exp: 1min
2025-11-09 18:05:15,293 - WARNING -    ⚠️ Erro ao verificar disponibilidade: 'underlying'
2025-11-09 18:05:15,949 - INFO -    ✅ Binary Option executada | ID: 13287127248
2025-11-09 18:05:15,949 - INFO - ✅ Posição CALL aberta | ID: 13287127248
2025-11-09 18:06:10,485 - INFO - ❌ TRADE PERDEDOR | Prejuízo: $-5.00
2025-11-09 18:06:10,485 - INFO - 📊 Win Rate: 42.9% (6/14)
2025-11-09 18:06:10,485 - INFO - 💰 Lucro Total: $-13.25
2025-11-09 18:06:10,485 - INFO - 💰 Lucro Diário: $-13.25
2025-11-09 18:15:13,181 - INFO - 📊 EST 3: Abrindo COMPRA | RSI: 19.91
2025-11-09 18:15:13,181 - INFO - 📈 Abrindo posição CALL
2025-11-09 18:15:13,181 - INFO -    Ativo: EURUSD-OTC | Valor: $5.0 | Exp: 1min
2025-11-09 18:15:15,093 - WARNING -    ⚠️ Erro ao verificar disponibilidade: 'underlying'
2025-11-09 18:15:15,722 - INFO -    ✅ Binary Option executada | ID: 13287155579
2025-11-09 18:15:15,723 - INFO - ✅ Posição CALL aberta | ID: 13287155579
2025-11-09 18:16:10,492 - INFO - ❌ TRADE PERDEDOR | Prejuízo: $-5.00
2025-11-09 18:16:10,492 - INFO - 📊 Win Rate: 40.0% (6/15)
2025-11-09 18:16:10,492 - INFO - 💰 Lucro Total: $-18.25
2025-11-09 18:16:10,492 - INFO - 💰 Lucro Diário: $-18.25
2025-11-09 18:20:55,361 - INFO - 📊 EST 3: Abrindo COMPRA | RSI: 24.79
2025-11-09 18:20:55,361 - INFO - 📈 Abrindo posição CALL
2025-11-09 18:20:55,361 - INFO -    Ativo: EURUSD-OTC | Valor: $5.0 | Exp: 1min
2025-11-09 18:20:57,375 - WARNING -    ⚠️ Erro ao verificar disponibilidade: 'underlying'
2025-11-09 18:20:58,003 - INFO -    ✅ Binary Option executada | ID: 13287172891
2025-11-09 18:20:58,004 - INFO - ✅ Posição CALL aberta | ID: 13287172891
2025-11-09 18:22:10,537 - INFO - ❌ TRADE PERDEDOR | Prejuízo: $-5.00
2025-11-09 18:22:10,537 - INFO - 📊 Win Rate: 37.5% (6/16)
2025-11-09 18:22:10,537 - INFO - 💰 Lucro Total: $-23.25
2025-11-09 18:22:10,537 - INFO - 💰 Lucro Diário: $-23.25
2025-11-09 18:25:38,421 - INFO - 📊 EST 3: Abrindo COMPRA | RSI: 24.61
2025-11-09 18:25:38,421 - INFO - 📈 Abrindo posição CALL
2025-11-09 18:25:38,421 - INFO -    Ativo: EURUSD-OTC | Valor: $5.0 | Exp: 1min
2025-11-09 18:25:40,315 - WARNING -    ⚠️ Erro ao verificar disponibilidade: 'underlying'
2025-11-09 18:25:40,979 - INFO -    ✅ Binary Option executada | ID: 13287187025
2025-11-09 18:25:40,980 - INFO - ✅ Posição CALL aberta | ID: 13287187025
2025-11-09 18:27:10,445 - INFO - ✅ TRADE VENCEDOR | Lucro: $4.50
2025-11-09 18:27:10,445 - INFO - 📊 Win Rate: 41.2% (7/17)
2025-11-09 18:27:10,445 - INFO - 💰 Lucro Total: $-18.75
2025-11-09 18:27:10,445 - INFO - 💰 Lucro Diário: $-18.75
2025-11-09 20:39:47,473 - INFO - 📊 EST 3: Abrindo COMPRA | RSI: 25.00
2025-11-09 20:39:47,481 - INFO - 📈 Abrindo posição CALL
2025-11-09 20:39:47,481 - INFO -    Ativo: EURUSD-OTC | Valor: $5.0 | Exp: 1min
2025-11-09 20:39:49,786 - WARNING -    ⚠️ Erro ao verificar disponibilidade: 'underlying'
2025-11-09 20:39:50,522 - INFO -    ✅ Binary Option executada | ID: 13287599200
2025-11-09 20:39:50,524 - INFO - ✅ Posição CALL aberta | ID: 13287599200
2025-11-09 20:41:10,925 - INFO - ❌ TRADE PERDEDOR | Prejuízo: $-5.00
2025-11-09 20:41:10,927 - INFO - 📊 Win Rate: 38.9% (7/18)
2025-11-09 20:41:10,927 - INFO - 💰 Lucro Total: $-23.75
2025-11-09 20:41:10,927 - INFO - 💰 Lucro Diário: $-23.75
2025-11-09 20:41:26,551 - INFO - 📊 EST 3: Abrindo COMPRA | RSI: 24.58
2025-11-09 20:41:26,551 - INFO - 📈 Abrindo posição CALL
2025-11-09 20:41:26,551 - INFO -    Ativo: EURUSD-OTC | Valor: $5.0 | Exp: 1min
2025-11-09 20:41:28,869 - WARNING -    ⚠️ Erro ao verificar disponibilidade: 'underlying'
2025-11-09 20:41:29,568 - INFO -    ✅ Binary Option executada | ID: 13287604318
2025-11-09 20:41:29,569 - INFO - ✅ Posição CALL aberta | ID: 13287604318
2025-11-09 20:42:10,694 - INFO - ✅ TRADE VENCEDOR | Lucro: $4.50
2025-11-09 20:42:10,694 - INFO - 📊 Win Rate: 42.1% (8/19)
2025-11-09 20:42:10,695 - INFO - 💰 Lucro Total: $-19.25
2025-11-09 20:42:10,695 - INFO - 💰 Lucro Diário: $-19.25
2025-11-09 20:45:36,567 - INFO - 📊 EST 3: Abrindo COMPRA | RSI: 24.46
2025-11-09 20:45:36,567 - INFO - 📈 Abrindo posição CALL
2025-11-09 20:45:36,567 - INFO -    Ativo: EURUSD-OTC | Valor: $5.0 | Exp: 1min
2025-11-09 20:45:39,331 - WARNING -    ⚠️ Erro ao verificar disponibilidade: 'underlying'
2025-11-09 20:45:40,055 - INFO -    ✅ Binary Option executada | ID: 13287617663
2025-11-09 20:45:40,056 - INFO - ✅ Posição CALL aberta | ID: 13287617663
2025-11-09 20:47:10,939 - INFO - ❌ TRADE PERDEDOR | Prejuízo: $-5.00
2025-11-09 20:47:10,939 - INFO - 📊 Win Rate: 40.0% (8/20)
2025-11-09 20:47:10,939 - INFO - 💰 Lucro Total: $-24.25
2025-11-09 20:47:10,939 - INFO - 💰 Lucro Diário: $-24.25
2025-11-09 21:06:52,960 - INFO - 📊 EST 3: Abrindo COMPRA | RSI: 24.33
2025-11-09 21:06:52,960 - INFO - 📈 Abrindo posição CALL
2025-11-09 21:06:52,960 - INFO -    Ativo: EURUSD-OTC | Valor: $5.0 | Exp: 1min
2025-11-09 21:06:55,216 - WARNING -    ⚠️ Erro ao verificar disponibilidade: 'underlying'
2025-11-09 21:06:56,405 - INFO -    ✅ Binary Option executada | ID: 13287679770
2025-11-09 21:06:56,405 - INFO - ✅ Posição CALL aberta | ID: 13287679770
2025-11-09 21:08:10,966 - INFO - ✅ TRADE VENCEDOR | Lucro: $4.50
2025-11-09 21:08:10,966 - INFO - 📊 Win Rate: 42.9% (9/21)
2025-11-09 21:08:10,966 - INFO - 💰 Lucro Total: $-19.75
2025-11-09 21:08:10,966 - INFO - 💰 Lucro Diário: $-19.75
2025-11-09 21:40:12,563 - INFO - 📊 EST 3: Abrindo VENDA | RSI: 79.50
2025-11-09 21:40:12,563 - INFO - 📈 Abrindo posição PUT
2025-11-09 21:40:12,563 - INFO -    Ativo: EURUSD-OTC | Valor: $5.0 | Exp: 1min
2025-11-09 21:40:14,614 - WARNING -    ⚠️ Erro ao verificar disponibilidade: 'underlying'
2025-11-09 21:40:15,297 - INFO -    ✅ Binary Option executada | ID: 13287780316
2025-11-09 21:40:15,297 - INFO - ✅ Posição PUT aberta | ID: 13287780316
2025-11-09 21:41:10,640 - INFO - ❌ TRADE PERDEDOR | Prejuízo: $-5.00
2025-11-09 21:41:10,640 - INFO - 📊 Win Rate: 40.9% (9/22)
2025-11-09 21:41:10,640 - INFO - 💰 Lucro Total: $-24.75
2025-11-09 21:41:10,640 - INFO - 💰 Lucro Diário: $-24.75
2025-11-09 21:48:55,042 - INFO - 📊 EST 3: Abrindo VENDA | RSI: 75.29
2025-11-09 21:48:55,042 - INFO - 📈 Abrindo posição PUT
2025-11-09 21:48:55,042 - INFO -    Ativo: EURUSD-OTC | Valor: $5.0 | Exp: 1min
2025-11-09 21:48:56,985 - WARNING -    ⚠️ Erro ao verificar disponibilidade: 'underlying'
2025-11-09 21:48:57,648 - INFO -    ✅ Binary Option executada | ID: 13287807538
2025-11-09 21:48:57,649 - INFO - ✅ Posição PUT aberta | ID: 13287807538
2025-11-09 21:50:10,705 - INFO - ❌ TRADE PERDEDOR | Prejuízo: $-5.00
2025-11-09 21:50:10,705 - INFO - 📊 Win Rate: 39.1% (9/23)
2025-11-09 21:50:10,705 - INFO - 💰 Lucro Total: $-29.75
2025-11-09 21:50:10,705 - INFO - 💰 Lucro Diário: $-29.75
2025-11-09 21:50:23,674 - INFO - 📊 EST 3: Abrindo VENDA | RSI: 75.79
2025-11-09 21:50:23,674 - INFO - 📈 Abrindo posição PUT
2025-11-09 21:50:23,674 - INFO -    Ativo: EURUSD-OTC | Valor: $5.0 | Exp: 1min
2025-11-09 21:50:25,541 - WARNING -    ⚠️ Erro ao verificar disponibilidade: 'underlying'
2025-11-09 21:50:26,219 - INFO -    ✅ Binary Option executada | ID: 13287812718
2025-11-09 21:50:26,220 - INFO - ✅ Posição PUT aberta | ID: 13287812718
2025-11-09 21:51:10,816 - INFO - ✅ TRADE VENCEDOR | Lucro: $4.50
2025-11-09 21:51:10,817 - INFO - 📊 Win Rate: 41.7% (10/24)
2025-11-09 21:51:10,817 - INFO - 💰 Lucro Total: $-25.25
2025-11-09 21:51:10,817 - INFO - 💰 Lucro Diário: $-25.25
2025-11-09 22:00:12,948 - INFO - 📊 EST 3: Abrindo VENDA | RSI: 78.76
2025-11-09 22:00:12,948 - INFO - 📈 Abrindo posição PUT
2025-11-09 22:00:12,948 - INFO -    Ativo: EURUSD-OTC | Valor: $5.0 | Exp: 1min
2025-11-09 22:00:15,342 - WARNING -    ⚠️ Erro ao verificar disponibilidade: 'underlying'
2025-11-09 22:00:15,971 - INFO -    ✅ Binary Option executada | ID: 13287844067
2025-11-09 22:00:15,971 - INFO - ✅ Posição PUT aberta | ID: 13287844067
2025-11-09 22:01:10,896 - INFO - ❌ TRADE PERDEDOR | Prejuízo: $-5.00
2025-11-09 22:01:10,896 - INFO - 📊 Win Rate: 40.0% (10/25)
2025-11-09 22:01:10,896 - INFO - 💰 Lucro Total: $-30.25
2025-11-09 22:01:10,896 - INFO - 💰 Lucro Diário: $-30.25
2025-11-09 22:08:06,984 - INFO - 📊 EST 3: Abrindo VENDA | RSI: 75.30
2025-11-09 22:08:06,984 - INFO - 📈 Abrindo posição PUT
2025-11-09 22:08:06,984 - INFO -    Ativo: EURUSD-OTC | Valor: $5.0 | Exp: 1min
2025-11-09 22:08:09,244 - WARNING -    ⚠️ Erro ao verificar disponibilidade: 'underlying'
2025-11-09 22:08:09,869 - INFO -    ✅ Binary Option executada | ID: 13287869988
2025-11-09 22:08:09,870 - INFO - ✅ Posição PUT aberta | ID: 13287869988
2025-11-09 22:09:11,066 - INFO - ❌ TRADE PERDEDOR | Prejuízo: $-5.00
2025-11-09 22:09:11,066 - INFO - 📊 Win Rate: 38.5% (10/26)
2025-11-09 22:09:11,066 - INFO - 💰 Lucro Total: $-35.25
2025-11-09 22:09:11,066 - INFO - 💰 Lucro Diário: $-35.25
2025-11-09 23:44:23,419 - ERROR - Connection is already closed.
